"No","","Account No","Name","Phone","Due Date - Payment Type","Tax","Register Date","Remark","Bill / Month","Status","Address","Action"
"1","","230202075941","DRE_Julius_Rosales","639384553534","28 - Prepaid","Non-Active","January 19, 2023","OLD DD:26
 DC-
 RC=DEC 12
 =====================
 OLD DD: 26
 DC: MARCH 31
 RC: APRIL 10 22026
 NEW DD: MAY 05 2026 DELETE MARCH BILL FOR RECONNECTION-CLARISSE
 old dd:5/ rc:29/new dd:29-darz","1,000","Active","Purok 3 Reynado Bayambang Pangasinan",""
"2","","230202082744","DRE_Jennifer_Garcia","639936639012","10 - Prepaid","Non-Active","January 10, 2023","","1,000","Active","Purok 5 Reynado Bayambang Pangasinan",""
"3","","230202082914","DRE_Jonathan_Garcia","639271898528","12 - Postpaid","Non-Active","January 12, 2023","","1,000","Active","Reynado Bayambang Pangasinan",""
"4","","230202090025","DRE_Joselito_Sabangan","639292655219","8 - Prepaid","Non-Active","October 08, 2022","Nap: 2
 Port: 1
 Technicians: Piolo/Jerome
 Assisted by: Edwin (repair)","1,000","Active","Reynado Bayambang Pangasinan
 OK",""
"5","","230202090646","DRE_Salvador_Ventura","639989173505","17 - Postpaid","Non-Active","February 11, 2024","========
 DC 10/15/25 - rqst Dante
 rc:jan.17,2026 new dd 17","1,000","Active","Reynado Bayambang Pangasinan
 OK",""
"6","","230202091507","DRE_Nesterlyn_Ramirez","639179301830","13 - Postpaid","Non-Active","October 13, 2022","","1,000","Active","41 Purok 2 Reynado Bayambang Pangasinan",""
"7","","230202091905","DAP_Marivel_Mendoza","639455668957","9 - Prepaid","Non-Active","January 09, 2023","OK","1,000","Active","98 Purok 2 Apalen Bayambang Pangasinan",""
"8","","230202092655","DAP_Edna_Evangelista","639065714586","27 - Postpaid","Non-Active","October 27, 2022","","1,000","Active","Purok 1 Apalen Bayambang Pangasinan",""
"9","","230202093133","DAP_maricel_canunizado","639665622123","18 - Postpaid","Non-Active","August 18, 2022","","1,000","Active","Purok 2 Apalen Bayambang pangasinan",""
"10","","230202093917","DAP_Maricel_Agudo","639608530795","27 - Postpaid","Non-Active","October 27, 2022","","1,000","Active","Purok 1 Apalen Bayambang Pangasinan",""
"11","","230202094135","DAP_ranier_miguel","639464566786","26 - Postpaid","Non-Active","August 19, 2022","","1,000","Active","Purok1 Apalen  Bayambang Pangasinan
 OK",""
"12","","230202094718","DAMN_Elizabeth_Perez","639304390043","15 - Postpaid","Non-Active","November 09, 2022","OLD DD 9 MOVED TO 15 REQUESTED BY SIR DANTE","1,000","Active","Purok 3 Amancosiling Bayambang Pangasinan",""
"13","","230202095805","DMA_Oscar_Padua","639070990009","14 - Postpaid","Non-Active","October 14, 2022","","1,000","Active","Malioer Bayambang Pangasinan",""
"14","","230202100700","DMA_Brgy_Malioer_Sk","639514438487","13 - Postpaid","Non-Active","October 13, 2022","","1,500","Active","Purok 3 Malioer Bayambang Pangasinan",""
"15","","230202101130","DMA_Sunshine_Valerio","639690024961","28 - Postpaid","Non-Active","October 28, 2022","","1,000","Active","Purok 3 Malioer Bayambang Pangasinan",""
"16","","230202101937","DDA_Orlando_Mejia","639278046832","26 - Postpaid","Non-Active","October 26, 2022","","1,000","Active","Darawey Dike Bayambang Pangasinan
 OK",""
"17","","230202104542","DIN_Jaymark_Caparros","639567139453","28 - Postpaid","Non-Active","October 28, 2022","","1,000","Active","Purok 7 Inirangan Bayambang Pangasinan",""
"18","","230202105332","DINI_Epifanie_Cayabyab","63916391014","12 - Postpaid","Non-Active","December 03, 2022","old dd: 3
 new dd: 12 -moved due date as per agent approved by Sir jay.","1,000","Active","Purok 7 Inirangan Bayambang Pangasinan",""
"19","","230202105629","DINI_Juvilyn_Turla","639952580718","9 - Prepaid","Non-Active","January 09, 2023","","1,000","Active","131 Inirangan Bayambang Pangasinan",""
"20","","230202110448","DIN_Stpeter_Pacubas","639482293922","28 - Postpaid","Non-Active","October 28, 2022","","1,000","Active","135 7 Inirangan Bayambang Pangasinan",""
"21","","230202110758","DINI_Daryl_Lapitan","639159841929","28 - Postpaid","Non-Active","October 28, 2022","sept 06- paid via cash remit (august bill)
 ==================
 JULY 9 2026
 SIR DANTE RQUESTED TO UNPAID THE JULY BILL ACCIDENTALLY PAID IT-CLARISSE","1,000","Active","Brgy Inirangan Bayambang Pangasinan",""
"22","","230202111142","DINI_Joan_Salvador","639488408854","9 - Postpaid","Non-Active","January 09, 2023","","1,000","Active","Inirangan Bayambang Pangasinan",""
"23","","230202111405","DINI_Estela_Gonzales","639096654259","7 - Postpaid","Non-Active","October 07, 2022","unpaid Sept
 
 DC OCT 14
 DELETE BILL, Sept And Oct  -jhay|
 rc 10/11/25
 RC 10/16/25
 N ew DD 11/1","1,000","Active","Purok 4 Inirangan Bayambang Pangasinan",""
"24","","230202112022","DINI_Romel_Bilaya","639692235344","22 - Postpaid","Non-Active","December 22, 2022","","1,000","Active","Inirangan Bayambang Pangasinan
 OK",""
"25","","230202112334","DPA_kayceelyn_rosario","639753961753","28 - Postpaid","Non-Active","September 28, 2022","","1,000","Active","133 Purok 2 Pangdel Bayambang Pangasinan",""
"26","","230202113104","DPA_Johnlord_Papio","639505079196","3 - Postpaid","Non-Active","December 03, 2022","Port 8
 Nap 8","1,500","Active","Pangdel Bayambang Pangasinan
 OK",""
"27","","230202113431","DPA_Arlene_Ballesteros","639705803728","9 - Postpaid","Non-Active","January 09, 2023","","1,000","Active","Purok 2 Pangdel Bayambang Pangasinan",""
"28","","230202113650","DPA_Dante_Papio","639105848062","25 - Postpaid","Non-Active","January 25, 2023","","1,000","Active","253 Purok 2 Pangdel Bayambang Pangasinan",""
"29","","230202113923","DPA_Jojo_Deguzman","639300514345","30 - Postpaid","Non-Active","January 24, 2023","","1,000","Active","255 Pangdel Bayambang Pangasinan",""
"30","","230202115104","DPA_Michelle_Penullar","639634008225","16 - Postpaid","Non-Active","January 09, 2023","04-26-25 - Agent requested to move due date.
 OLD DD: 9
 NEW DD: 16
 -clarisse","1,000","Active","Pangdel Bayambang Pangasinan",""
"31","","230202115352","DPA_Lormie_Carino","639972187878","14 - Postpaid","Non-Active","January 14, 2023","OK","1,000","Active","Purok 2 Pangdel Bayambang Pangasinan",""
"32","","230202115903","DPA_Tirso_Asuncion","639975282200","16 - Postpaid","Non-Active","November 09, 2022","04-26-25 - Agent requested to move due date.
 OLD DD: 9
 NEW DD: 16
 clarisse","1,000","Active","Pangdel Bayambang Pangasinan",""
"33","","230202120448","DPA_Benjie_Perida","639104744389","2 - Postpaid","Non-Active","October 02, 2023","","1,000","Active","Pangdel Bayambang Pangasinan",""
"34","","230202133326","DPA_Fernan_Macaso","639467336599","19 - Postpaid","Non-Active","September 19, 2022","","1,000","Active","Pangdel Bayambang Pangasinan",""
"35","","230202134110","DPA_Dominic_Junio","639634807076","19 - Postpaid","Non-Active","September 19, 2022","OK","1,000","Active","134 Purok 2 Pangdel Bayambang Pangasinan",""
"36","","230202134517","DPA_Edna_Cayabyab","639559289947","22 - Postpaid","Non-Active","September 22, 2022","","1,000","Active","16 Purok 1 Pangdel Bayambang Pangasinan",""
"37","","230202134958","DPA_Zenaida_Buena","639128993592","3 - Prepaid","Non-Active","December 03, 2022","","1,000","Active","Purok 3 Pangdel Bayambang Pangasinan",""
"38","","230202135647","DPA_Maricel_Beltran","639129185490","30 - Postpaid","Non-Active","January 24, 2023","June 05- edit unpaid, agent accidentally paid the client on the system (June bill)","1,000","Active","Pangdel Bayambang Pangasinan",""
"39","","230202135920","DPA_Laarni_Papio","639301002175","5 - Postpaid","Non-Active","December 05, 2022","OK
 Nap6 Port10","1,000","Active","Pangdel  Bayambang Pangasinan",""
"40","","230202142548","DDU_Evelyn_Romero","639262725753","3 - Postpaid","Non-Active","October 25, 2022","old dd: 25
 new dd: 30 -moved due date as per agent approved by Sir jay.
 ===========================================
 RC-JULY 04 2025 PAID VIA GCASH DIRECT SEND TO XPACS AGENT NO COMISSION
 ===================================================
 aug 30- paid via cash remit,
 
 Reconnection January 12, 2026
 Old DD: 28 to new DD: 12
 old dd:12/rc:29/new dd: 29
 ============
 September 3, 2026 RECONNECTION
 old dd 28
 new dd 3 - hans","1,000","Active","Purok 3 Dusoc Bayambang Pangasinan",""
"41","","230202143058","DDU_Eric_Romero","639652062372","25 - Postpaid","Non-Active","October 25, 2022","","1,000","Active","Purok 3 Dusoc Bayambang Pangasinan
 OK",""
"42","","230202143349","DDU_John_Torres","639281718536","23 - Postpaid","Non-Active","October 26, 2022","","1,000","Active","Purok 4 Dusoc Bayambang Pangasinan",""
"43","","230202144133","DCA_Jocelyn_Beltran","639294364406","22 - Postpaid","Non-Active","August 22, 2022","","1,000","Active","Carungay Bayambang Pangasinan",""
"44","","230202144819","DCA_Joel_Quijalvo","639468482445","17 - Postpaid","Non-Active","December 17, 2022","==============
 DC 10/25/25 - Ice (Dante rqst)
 RC 10/27/25 - Ice","1,000","Active","Carungay Bayambang Pangasinan",""
"45","","230202145038","DCA_Maximo_Rosales","639916003300","28 - Postpaid","Non-Active","August 30, 2022","","1,000","Active","Carungay Bayambang Pangasinan
 OK",""
"46","","230202145337","DCA_Elisa_Riodel","639516893959","5 - Postpaid","Non-Active","August 05, 2023","UNPAID MAY 
 DC MAY 18,2024","1,000","Active","Sitio Pacat Carungay Bayambang Pangasinan
 ok",""
"47","","230202145652","DCA_Siony_Ragasa","639289188248","17 - Postpaid","Non-Active","August 17, 2022","Nap2 Port1","1,000","Active","Carungay Bayambang Pangasinan",""
"48","","230202145949","DCA_Leo_Giron","639369049415","22 - Postpaid","Non-Active","August 22, 2022","","1,000","Active","Carungay Bayambang Pangasinan",""
"49","","230202150509","DCA_Sylvia_Asuncion","639159358539","28 - Postpaid","Non-Active","August 29, 2022","","1,000","Active","Carungay Bayambang Pangasinan",""
"50","","230202150818","DCA_Jane_Ansali","639071390893","28 - Postpaid","Non-Active","October 28, 2022","","1,000","Active","Purok 5 Carungay Bayambang Pangasinan",""
"51","","230202151108","DCA_Lito_Gloria","639486193195","1 - Postpaid","Non-Active","October 01, 2022","","1,000","Active","Carungay Bayambang Pangasinan",""
"52","","230202151749","DCA_Marlene_Quinit","639081546599","5 - Postpaid","Non-Active","October 05, 2022","","1,000","Active","Carungay Bayambang Pangasinan",""
"53","","230202152045","DCA_Jessalee_Rosales","639568726357","17 - Postpaid","Non-Active","August 17, 2022","OK
 NP8 (Port 5)","1,000","Active","PUROK 6 CARUNGAY BYB PNG",""
"54","","230202153151","DHE_Raquel_Manalang","639323461817","9 - Postpaid","Non-Active","January 09, 2023","","1,000","Active","Purok 4 Hermosa Bayambang Pangasinan",""
"55","","230202154214","DHE_Margie_Urbien","639472315721","30 - Postpaid","Non-Active","January 23, 2023","Nap 8 Port 1","1,000","Active","Purok 4 Hermosa Bayambang Pangasinan
 OK",""
"56","","230202155349","DHE_Morris_Camorongan","639701231485","16 - Postpaid","Non-Active","December 16, 2022","","1,000","Active","Hermosa Bayambang Pangasinan",""
"57","","230202155836","DHE_Roger_Abalos","639489083510","7 - Postpaid","Non-Active","November 07, 2022","","1,000","Active","Hermosa Bayambang Pangasinan",""
"58","","230202160124","DHE_Alfredo_Menez","639086717024","12 - Postpaid","Non-Active","November 12, 2022","","1,000","Active","Hermosa Bayambang Pangasinan",""
"59","","230202160354","DHE_Cecelia_Catalan","639504460208","17 - Postpaid","Non-Active","November 17, 2022","","1,000","Active","Hermosa Bayambang Pangasinan",""
"60","","230202161735","DHE_Jhonaliza_Mejia","639052934408","17 - Postpaid","Non-Active","November 17, 2022","OK
 Nap-N/A
 Port-7","1,000","Active","Hermosa Bayambang Pangasinan",""
"61","","230202162056","DHE_Analiza_Cantillo","639235416712","30 - Postpaid","Non-Active","November 24, 2022","","1,000","Active","Hermosa Bayambang Pangasinan",""
"62","","230202162342","DCA_Laurence_Quijalvo","639924118574","24 - Postpaid","Non-Active","November 24, 2022","","1,000","Active","Hermosa Bayambang Panggasinan",""
"63","","230202163111","DHE_Alicia_Abalos","639615799548","21 - Postpaid","Non-Active","October 21, 2022","","1,000","Active","Hermosa Bayambang Pangasinan",""
"64","","230202163620","DHE_Joahnaannemae_Mejia","639208643051","22 - Postpaid","Non-Active","October 22, 2022","","1,000","Active","Hermosa Bayambang Pangasinan",""
"65","","230202163959","DHE_Susan_Obenza","639684259157","22 - Postpaid","Non-Active","October 22, 2022","OK
 04/05/25- DC requested by S'Dante
 -Clarisse
 
 04/08/25
 PAID MARCH BILLING FOR RC
 GCASH REF#9027 569 467 307
 NEW DD: APRIL 21,2025-CLARISSE","1,000","Active","Hermosa Bayambang Pangasinan",""
"66","","230202164415","DHE_Emily_Felix","639307117333","30 - Postpaid","Non-Active","October 21, 2022","","1,000","Active","Hermosa Bayambang Pangasinan",""
"67","","230202164624","DHE_Marcelino_Baniqued","639815225227","28 - Postpaid","Non-Active","December 05, 2022","old dd: 5
 new dd: 12 -moved due date as per agent approved by Sir jay.
 
 ===============
 DC 10/9/2025
 ===================
 MAY 23 2026- NEW DD 28 PLUS 6 DAYS GRACE PERIOD CONFIRMED BY SIR DANTE-CLARISSE","1,000","Active","Hermosa Bayambang Pangasinan",""
"68","","230202165229","DPA_Jimuel_Quijano","639701191210","15 - Postpaid","Non-Active","November 09, 2022","OLD DD: 9 MOVED DUE DATE TO 15 REQUESTED BY SIR DANTE","1,000","Active","Hermosa Bayambang Pangasinan",""
"69","","230203081305","DHE_Kenneth_Serapion","639504177489","13 - Postpaid","Non-Active","October 13, 2022","","1,000","Active","Hermosa Bayambang Pangasinan",""
"70","","230203083205","DHE_Barbara_Catalan","639387755596","11 - Postpaid","Non-Active","October 11, 2022","","1,000","Active","Hermosa Bayambang Pangasinan",""
"71","","230203083431","DHE_Frankie_Catalan","639328743425","11 - Postpaid","Non-Active","October 11, 2022","","1,000","Active","Hermosa Bayambang Pangasinan",""
"72","","230203083751","DHE_Rita_Flores","639701130598","12 - Postpaid","Non-Active","October 11, 2022","port9
 04-22-25 Agent send payment via gcash ref#9027 974 050834 dated april 21 amounting 2,700 
 3 customer covered: DCA_Mellany_Ragasa
 DCA_Loreto_Aduca_Rosales
 DHE_Rita_Jimenez_Flores
 -Clarisse
 =====================
 5/21/2025-DC
 --------------------------
 old due date 14
 dc may 21 2025- 7 days consume
 rc June 19 2025
 new DD: JULY 12 2025","1,000","Active","Hermosa Bayambang Pangasinan
 OK",""
"73","","230203084227","DHE_Ranel_Sabangan","639164217444","16 - Postpaid","Non-Active","October 11, 2022","OK
 DEC 19 2025- OLD DD 11 MOVED TO 16 REQUESTED BY SIR DANTE","1,000","Active","Hermosa Bayambang Pangasinan",""
"74","","230203084910","DHE_Rea_Mejia","639128460459","13 - Postpaid","Non-Active","October 13, 2022","","1,000","Active","HErmosa Bayambang Pangasinan",""
"75","","230203090125","DHE_Claudine_Basina","639461995422","13 - Postpaid","Non-Active","October 13, 2022","","1,000","Active","Purok 4 Hermosa Bayambang Pangasinan",""
"76","","230203090432","DHE_Janet_Jimenez","639617539829","11 - Postpaid","Non-Active","October 11, 2022","","1,000","Active","Purok 3 Hermosa Bayambang Pangasinan",""
"77","","230203091212","DHE_Marilyn_Devera","639701934651","13 - Postpaid","Non-Active","October 11, 2022","OLD DD:11
 05/28/26( service interruption,2 days no connection) adjusted due date-new dd:13 -darz","1,000","Active","Hermosa Bayambang Pangasinan",""
"78","","230203092200","DPA_Ashley_Abalos","639561309548","28 - Postpaid","Non-Active","November 30, 2022","","1,000","Active","Pangdel Bayambang Pangasinan",""
"79","","230203092524","DPA_Jun_Concepcion","639507699432","28 - Postpaid","Non-Active","November 28, 2022","","1,000","Active","Pangdel Bayambang Pangasinan",""
"80","","230203092729","DPA_Salvacion_Gavino","639284945607","14 - Postpaid","Non-Active","November 14, 2022","","1,000","Active","Pangdel Bayambang Pangasinan",""
"81","","230203093200","DPA_Carmela_Viloria","639090203758","28 - Postpaid","Non-Active","November 30, 2022","","1,000","Active","Pangdel Bayambang Pangasinan",""
"82","","230203094215","XSG1_Theresa_Laza","639466321709","19 - Postpaid","Non-Active","December 17, 2022","5/23/2025-DC
 old due date 17 
 
 may 23 2025 dc-6 days
 june 25 2025 rc
 new DD: JULY 19","1,000","Active","San Gabriel 1st Bayambang Pangasinan",""
"83","","230203094707","XRE_Purita_Castro","639157146843","20 - Prepaid","Non-Active","December 20, 2022","Additional 3 days grace period due to 3 days no connection - hans","1,000","Active","Purok 1 Reynado Bayambang Pangasinan",""
"84","","230203095435","XAMN_Arcy_Tambuyat","639478726902","22 - Postpaid","Non-Active","December 20, 2022","==============
 DC 10/23/25 - Ice
 RC 10/23/25 - Ice
 ===========
 May 29, 2026 - Downtime
 OLD DD - 20
 NEW DD - 22
 NEXT DD - 06/22/2026
 ===========
 6/27/26 7 days adjusto isolir","1,000","Active","PUROK 3 AMANCOSILING NORTE BYB PNG
 OK",""
"85","","230203101424","XMP_Carina_Bugasto","639216086189","5 - Postpaid","Non-Active","December 05, 2022","","1,000","Active","MANAMBONG PARTE BYB PNG",""
"86","","230203101735","XPA_Juanita_Papio","639122944093","28 - Postpaid","Non-Active","January 28, 2023","","1,000","Active","Pangdel Purok 2 Bayambang Pangasinan",""
"87","","230203103054","XAM2_Maricris_Burbos","639301417042","3 - Postpaid","Non-Active","January 29, 2023","==========
 DC 11/3/25 - Ice
 RC 11/3/25 - Ice
 ============
 OLD DD: JUNE 28
 delete june bill
 RC- jULY 06
 New DD: August 3
 Paid = July 28
 New DD- SEPT 03 2026 DUE TO 2 DAYS NO CONNECTION-CLARISSE","1,000","Active","Purok 2nd Ambayat Bayambang Pangasinan
 OK",""
"88","","230203104435","XPA_Isagani_Abalos","639217357322","21 - Postpaid","Non-Active","December 21, 2022","May 29, 2026 - Downtime
 OLD DD - 21
 NEW DD - 23
 NEXT DD - 06/23/2026","1,000","Active","Pangdel Bayambang Pangasinan",""
"89","","230203105413","XAM2_Gemma_Basilio","639517338027","4 - Postpaid","Non-Active","February 01, 2023","MARCH 10 2025 DC
 MARCH 12 2025 RC
 
 XAM2_Gemma_Basilio
 26 OLD DUE DATE
 DISCONNECTED JULY 29 2025
 RECONNECTED AUGUST 8 2025
 NEW DUE DATE 4 of the month
 ================
 RC 10/15/25 - Ice
 ========
 DC 11/7/25 - Ice
 RC 11/7/25 - Ice","1,000","Active","PUROK 7 AMABAYAT 2ND BYB PNG",""
"90","","230203105822","XTA_Elsie_Pimentel","639197787632","23 - Postpaid","Non-Active","January 23, 2023","","1,000","Active","Barangay Tatarac Bayambang Pangasinan",""
"91","","230203111615","XSG1_Macario_Deguzman","639653588258","28 - Prepaid","Non-Active","January 28, 2023","Lcp:1
 Nap:5
 Port:3
 JULY 30 2025 RC ALDRIN","1,000","Active","San Gabriel 1st Bayambang Pangasinan
 OK",""
"92","","230203112035","XID_Realyn_Abalos","639512807838","28 - Postpaid","Non-Active","November 27, 2022","MAY 28- PAID MAY BILLING VIA CASH LATE PAID ON THE SYSTEM - JULY 28 CHECKED ON THE LOGBOOK. CONFIRMED
 ==========
 DC 10/30/25 - Ice
 RC 10/31/25 - Ice","1,000","Active","Idong Bayambang Pangasinan Purok 3",""
"93","","230203112310","XSG1_Vaneza_Dela_Cruz","639307504744","11 - Postpaid","Non-Active","April 01, 2023","OK
 Port5
 OLD DD: JAN 28
 DC: FEB01
 NEW DD: MARCH 09 2026-CLARISSE
 05/29/26( service interruption,2 days no connection) adjusted due date-new dd:11 -darz","1,000","Active","Purok 2 San Gabriel 1st Bayambang Pangasinan",""
"94","","230203112611","XAM2_Imelda_Donato","639317410513","6 - Postpaid","Non-Active","November 24, 2022","For active po maam and add billing po 
 24
 June 27 2025-dc 3 days consume
 June 30 2025-rc
 New dd: july 28
 ==========
 Old DD 28
 DC 11/3/25 - Ice
 6 days consumed
 RC 11/12
 New DD 12/6
 For Delete Nov. bill","1,000","Active","Ambayat 2nd Bayambang Pangasinan",""
"95","","230203113441","XAMN_Leihan_Manaios","639605298056","13 - Postpaid","Non-Active","December 13, 2022","==============
 DC 9/17/2025 - Xpacs""","1,000","Active","Purok 4 Amancosiling Bayambang Pangasinan",""
"96","","230203115028","XID_Mylene_Sabangan","639387764751","7 - Postpaid","Non-Active","November 25, 2022","11/12- no conenction due to typhoon
 11/22 restored connection 10 days adjustment
 old dd:27
 New DD: December 7 for delete of november bill-Clarisse
 ============
 Additional 3 days grace period due to 3 days no connection - hans","1,000","Active","Idong Bayambang Pangasinan",""
"97","","230203115312","XAMN_Niza_Julian","639187796296","28 - Postpaid","Non-Active","November 22, 2023","============
 DC 11/27/25 - Ice (DD of 23-24)
 RC 11/28/25 - Ice 
 old dd:24/adjusted 7 days/new dd: 1-darz","1,000","Active","Amancosiling Norte Bayambang Pangasinan",""
"98","","230203115955","XPA_Jerry_Abalos","639064265825","22 - Postpaid","Non-Active","December 21, 2022","","1,000","Active","Purok 2 Pangdel Bayambang Pangasinan
 OK",""
"99","","230203135438","XCB_Aljon_Domingo","639915319630","6 - Postpaid","Non-Active","August 18, 2023","DC MARCH 13 2025 ALDRIN
 
 04-09-25- PAID CASH FOR THE MONTH OF MARCH
 -CLARISSE
 
 04-29* SEND PAYMENT VIA BANK TRANSFER # BN-20250429-19809520
 NEW DD: MAY 29 2025-CLARISSE CUSTOMER IS AWARE WITH THE NEW DD.
 ==========
 old DD 29
 DC 11/3/25 - Ice
 5 days consumed
 RC 11/4
 New DD  11/29-ej
 ===============================================
 APRIL 8 2026
 OLD 29
 DC: 2
 RC: APRIL 8 2026
 NEW DD: MAY 05 2026-CLARISSE DELETE APRIL BILL
 ≠============
 June 10 2026
 Client reported via call that he paid via website last June 2 upon checking he paid the wrong month and it's reconnection. New DD: every 2 of the month.- Clarisse
 disconnected in july/ RC: August 6/ new dd: september 6-darz","1,000","Active","Purok 1 Cabayaosan Mangatarem Pangasinan",""
"100","","230203135726","XCB_Minerva_Laoag","639182181599","26 - Postpaid","Non-Active","January 26, 2023","","1,000","Active","Purok 2 Cabayaosan Mangatarem Pangasinan",""
"101","","230203140226","XAMN_Jose_Pacleb","639495902986","28 - Postpaid","Non-Active","October 14, 2022","=============
 DC 11/18/25 - Ice
 RC 11/18/25 - Ice
 old dd:25/adjusted 7 days -darz/ new dd:","1,000","Active","AMANCOSILING NORTE BYB PNG",""
"102","","230203141251","XPA_Jessie_Abalos","639751424187","28 - Postpaid","Non-Active","October 28, 2022","JULY 28 2025- Client confirmed to settle her bill on August 03 2025, 6pm Failure to comply with the mentioned time and date will lead to automatic disconnection of her account in our system.-JULY PAYMENT (Same due date every 28th no changes will be given)-Clarisse
 
 JULY 31 2025 DC ALDRIN
 AUGUST 1 2025 RC ALDRIN","1,000","Active","Pangdel Bayambang Pangasinan
 OK",""
"103","","230203141702","XMA_Donnamae_Magsigay","639451027680","28 - Postpaid","Non-Active","October 20, 2022","09063517622 secondary phone #
 ========
 Due date adjusted due to no connection, from every 20th of the month to every 28th of the month - hans","1,000","Active","Purok 4 Malioer Bayambang Pangasinan",""
"104","","230203143954","XPA_Jonalyn_Balmoja","639387733005","28 - Postpaid","Non-Active","November 05, 2022","04-10-25
 DC UNPAID MARCH 28 BILLING
 -CLARISSE
 
 march payment
 
  12 days use
 disconnected april 10 2025
 reconnected - may 14 2025
 new due date june 2 2025 -Clarisse
 
 
 ===============
 DC 10/8/2025
 RC 11/25/25 - Ice
 ========
 3 days due date adjustment - hans","1,000","Active","Pangdel Bayambang Pangasinan
 OK",""
"105","","230203144532","XRE_Nimpha_Rosales","639095068774","18 - Postpaid","Non-Active","November 03, 2022","OK
 DC JULY 17,2024 - DC
 RC JULY 8 2025 - PAID VIA CHAS CHECKED ON THE LOG BOOK ALSO CONFIRMED BY THE CLIENT.  PAID IN THE SYSTEM BY JULY 25 2025
 ============
 DC 10/14/25 - Ice
 RC 10/15/25 - Ice
 old dd= 11/8/25= 9 DAYS EXD.
 DC=11/17/25
 RC-11/18/25
 NEW DD: DEC 9 2025
 ==============
 OLD DD: JAN 09
 RC: JAN 16 2026
 NEW DD: FEB 16,2026
 ==================
 JULY 26- old dd: 16
 NEW DD: IS 18 PLUS 7 DAYS CAN SETTLE ON OR BEFORE ( AUG 25 2026)-CLARISSE","1,000","Active","PUROK 4 REYNADO BYB PNG",""
"106","","230203145044","XMA_Romy_Bataan","639457716831","28 - Postpaid","Non-Active","October 12, 2022","OK
 old dd: 22/new dd:29-darz","1,000","Active","Malioer Bayambang Pangasinan",""
"107","","230203145348","XSG1_Marjie_DeGuzman","639168876269","28 - Postpaid","Non-Active","December 29, 2022","","1,000","Active","Purok 3 San Gabriel 1st Bayambang Pangasinan",""
"108","","230203145724","XMS_Rachelle_Paed","639851874629","28 - Postpaid","Non-Active","December 28, 2022","JULY 31 2025 DC ALDRIN
 AUGUST 2 2025 RC ALDRIN
 OLD DUE DATE 28 NEW DUE DATE 30
 ==========
 DC 11/3/25 - Ice
 RC 11/3/25 - Ice","1,000","Active","Manambong Sur Bayambang Pangasinan",""
"109","","230203150316","XSG1_Elsie_Deguzman","639127869653","6 - Postpaid","Non-Active","December 06, 2022","OK
 Nap4 Port5
 Lester JOJO
 ===========
 DC 11/14/25 - Ice (Ma'amClarisse)
 =====================
 JULY 30 - LOS CONNECTION-CLARISSE","1,000","Active","San Gabriel 1st Bayambang Pangasinan",""
"110","","230203151301","XAM2_Emilyjoy_Gabriel","639509935447","13 - Postpaid","Non-Active","December 02, 2022","May 06 2025- Client paid via cash
 New DD: jUNE 06- Requested by the client .-Clarisse
 =============
 September 9, 2026 Due Date Adjustment
 additional 7 days due date adjustment due to almost 2 weeks power interruption
 old dd 6
 new dd 13 - hans","1,000","Active","Ambayat 2nd Bayambang Pangasinan",""
"111","","230203151826","XPA_Tita_Gabiola","639505060557","4 - Postpaid","Non-Active","December 04, 2022","===============
 DC 10/9/2025
 RC 10/10/2025
 ========
 DC 11/7/25 - Ice
 RC 11/8/25 - Ice","1,000","Active","PANGDEL BAYAMBANG PANGASINAN",""
"112","","230203152431","XHE_Edna_Mejia","639979356224","5 - Postpaid","Non-Active","November 05, 2022","","1,000","Active","Hermosa Bayambang Pangasinan",""
"113","","230203152704","XMS_Jenie_Flores","639509511893","5 - Postpaid","Non-Active","September 05, 2022","Port 4","1,000","Active","Purok 2 Manambong Sur Bayambang Pangasinan",""
"114","","230203152948","XPA_Dexter_Costales","639945450580","10 - Postpaid","Non-Active","April 19, 2022","Downgrade from 100mbps to 50mbps - Month of march
 =========
 Due date adjusted from 7 to 10 - hans","799","Active","Purok 1 Pangdel Bayambang Pangasinan",""
"115","","230203153243","AM1_Danica_Abalos","639098661423","16 - Postpaid","Non-Active","July 13, 2022","=============
 DC 11/18/25 - Ice
 adjusted DD for 3 days bec. of Typhoon
 Old DD 13-New DD 12/16-ej
 ===============================
 June 3, 2026
 Approved adjustment: 7 days isolation.
 Service interruption started on May 28, 2026 at approximately 7:00 PM and was restored on May 31, 2026 at approximately 7:00 AM.
 As compensation for the outage, a 7-day adjustment to the payment schedule has been approved.
 – Clarisse","1,000","Active","BRGY AMBAYAT 1ST BYB PNG
 OK",""
"116","","230203153947","XPA_Melody_Pardales","639951445404","21 - Postpaid","Non-Active","May 10, 2023","19
 June 23 2025 DC-5 days
 June 30 2025 RC 
 new dd: July 25,2025
 July 29 2025 DC ALDRIN- 4 DAYS EXCESS
 ==================
 AUG 15 PAID VIA GCASH- RC
 NEW DD: SEPT 11 2025 
 ============
 DC 11/25/25 - Ice(DC of DD 19 - 22)
 client request move due date 21
 RC 11/26/25 - Ice
 =========================
 JULY 26 2026 - RECONNECTION
 FOR DELETE OF JUNE BILL
 OLD DD:21
 NEW DD: 22","1,000","Active","Purok 2 Pangdel Bayambang Pangasinan",""
"117","","230203154246","XAP_Judelyn_Caniezo","639317411670","6 - Postpaid","Non-Active","January 05, 2023","OK
 RC- AUGUST 06 2025
 NEXT DD: SEPT 06 2025
 
 ==========
 DC 10/10/25
 RC 10/10/25","1,000","Active","Purok 3 Apalen Bayambang Pangasinan",""
"118","","230203154707","XAMS_Desiree_Benitez","639306926303","19 - Postpaid","Non-Active","January 04, 2023","OK
 june 13 new dd:
 Automatic DC ng June 16 client approved.
 --------------------------------
 Moved 1 day due date = OLD DD: 16, NEW DD: 17 Plus 7 days grace period - Clarisse","1,000","Active","Amancosiling Sur Bayambang Pangasinan",""
"119","","230203160416","XSG1_Korina_Roque","639271465650","9 - Postpaid","Non-Active","January 02, 2023","Oct bill was paid via cash last Oct 6-late paid to system-EJ
 Old DD:2
 Adjusted 7 days darz/ new DD: 9","1,000","Active","Purok 2 San Gabriel 1st Bayambang Pangasinan",""
"120","","230203161102","XMP_Cyril_Roco","639151451617","11 - Postpaid","Non-Active","January 04, 2023","Nap7 Port5
 ==========
 RC 10/14/25 - Ice
 old dd:4/ adjusted 7 days-darz/ new dd: 11","1,000","Active","Sitio Bukig Manambong Parte Bayambang Pangasinan
 OK",""
"121","","230203161632","XMP_Edilberto_Requiso","639508155269","22 - Postpaid","Non-Active","May 20, 2023","due date 22
 june 25 dc
 june 26 rc
 new dd: July 23 
 July 31 2025 DC ALDRIN-8 days
 
 Reconnected Aug 12 
 new dd:  September 04 2025
 =============
 RC 10/20/25 - Ice
 ========
 DC 11/7/25 - Ice
 RC 11/8/25 - Ice
 ===========
 RC 12/15/25 - Ice
 =========
 RC JAN 22 2026
 NEW DD: FEB 22 2026- CLARISSE.","1,000","Active","Purok 2 Manambong Bayambang Pangasinan",""
"122","","230203163902","XINI_Rolando_Abalos","639451321454","7 - Postpaid","Non-Active","January 07, 2023","04/07/25N - Ma'am Anabel accidently duplicate the GGcash reference number 3027 483 416944  with XBUA_Jasmine_Manzano 
 Correct Gcash Ref# for Abalos is : 7027 525 972238.
 -Clarisse","1,000","Active","PUROK 2 INIRANGAN BYB PNG",""
"123","","230203170045","XPA_Ronie_Padlan","639071500338","1 - Postpaid","Non-Active","October 01, 2022","===============
 DC 10/8/2025
 RC 10/8/2025","1,000","Active","Pangdel Bayambang Pangasinan",""
"124","","230203171755","XMS_Lilia_Palsimon","639677658791","26 - Postpaid","Non-Active","January 12, 2023","DC 18
 UNPAID FEB
 
 DC OCT 18
 reconnected oct 26","1,000","Active","Manambang Sur Bayambang Pangasinan
 OK",""
"125","","230203172042","XMS_Maricar_Balay","639271190030","28 - Postpaid","Non-Active","January 12, 2023","OK
 Port9
 
 Old DD 12
 DC 10/17/25 - Ice
 5 days consumed
 RC 10/30/25
 New DD 11/25
 
 ============
 DC 11/28/25 - Ice (DD of 25)
 ========
 DC 03/01/2026
 RC 03/02/2026
 OLD DD 25
 NEW DD 27
 NEXT DD 03/27/2026 - HANS","1,000","Active","Manambong Bayambang Pangasinan",""
"126","","230204081414","AM2_Vitaliano_Bondame","639652277465","25 - Postpaid","Non-Active","August 18, 2022","OK
 RC 10/29/25 - Ice
 ==============
 7/01/26 Due date adjusted 7days old18, new25 -lester","1,000","Active","Ambayat 2nd Bayambang Pangasinan",""
"127","","230204081935","XSG1_Criza_Tabora","639054548495","14 - Prepaid","Non-Active","December 17, 2022","RC-AUG 06 2025 PAID VIA CASH
 NEXT DDD: SEPT 06 2025
 
 ==========
 DC 10/10/25
 Done Pullout Modem/Unplug
 5/14/26 reconnection new dd 14 lester","1,000","Active","Purok 2 San Gabriel 1st Bayambang Pangasinan
 OK",""
"128","","230204082242","XMP_Gloria_Bancud","639511151954","28 - Postpaid","Non-Active","November 06, 2023","UNPAID JULY AND FAKE REFERENCE NUMBER FOR JUNE
 DC JULY 13,2024
 recon july 15,2024
 RC MARCH 18 2025
 ----------------------------------
 OLD DD: JULY 18 2025
 JULY 26 2025 DC- 8 DAYS EXCEED
 AUGUST 18 2025- RC PAID VIA GCASH 
 NEW DD: SEPT 10 2025.-CLARISSE
 
 ==============
 DC 9/12/2025 - Xpacs
 ==========
 DC 10/16/25 - Ice
 RC 10/16/25 - Ice
 ========
 DC 11/17/25 - Ice
 RC 11/17/25 - Ice
 ===================
 
 july 28 2026 transaction 8:47 am for recon
 OLD DD: june 10 2026
 DC"" JUNE 17 - HAS 7 DAYS ISOLIR
 delete june bill
 RC- July 28 2026
 new dd: 28 PLUS 4 DAYS GRACE PERIOD","1,000","Active","Sitio Sagur Purok 1 Manambong Parte Bayambang Pangasinan
 
 
 UNPAID JULY
 DC JULY 27",""
"129","","230204082544","XSG1_Julie_Almonte","639674900082","14 - Postpaid","Non-Active","January 22, 2023","==========
 DC 10/27/25 - Ice
 NOV 13 RESTORED CONNECTION
 UPON CHECKING WITH CLIENT TECH CONFIRMED TO HER THAT HER NEW DD IS NOV 26 2025
 INFORMED SIR ICE TO RECON. APOLOGIES TO CLIENT VIA PHONE=CLARISSE
 ============
 DC 11/25/25 - Ice(DC of DD 19 - 22)
 RC 11/25/25 - Ice
 ================
 RC FEB 28 2026
 NEW DD: MARCH 28 2026-CLARISSE
 =============================
 MARCH 29 2026- CLIENT IS NOT AARW WITH HER NEW DUE DATE SHE SAID ITS EVERY 2ND OF THE MONTH ADVISED BY THE TECH-CLARISSE
 ======================================================================================
 JUNE 02 23026- RECONNECTED
 FOR DELETE OF MARCH AND APRIL 2026
 -CLAISSE
 NEW DD:2
 --------------------------
 SEPT 14 2026
 Client reconnected and dowgrade to 799 
 New DD"" oct 14 2026 -Clarisse","800","Active","Purok 2 San Gabriel 1st Bayambang Pangasinan
 OK",""
"130","","230204090104","XAMN_Carlos_Gomez","639281724512","15 - Postpaid","Non-Active","November 15, 2022","OK
 Additional 3 days grace period due to 3 days no connection – hans","800","Active","Bayambang Pangasinan",""
"131","","230204090450","XID_Jayson_Peralta","639092783015","28 - Postpaid","Non-Active","November 14, 2022","MAY 29 2026
 DUE DATE : 28
 WITH 6 DAYS GRACE PERIOD -DUE TO 2 DAYS OF NO CONNECTION-CLARISSE","1,000","Active","Purok 1 Reynado Bayambang Pangasinan",""
"132","","230204090928","XDA_Edrick_Palaming","639303751321","13 - Postpaid","Non-Active","November 13, 2022","""
 ==============
 DC 9/17/2025 - Xpacs""
 ==============
 DC 10/20/25 - Ice
 7 days consumed
 RC 10/20/25
 New  DD  11/13/25-EJ
 
 =============
 DC 11/18/25 - Ice
 RC 11/18/25 - Ice
 ============
 Additional 3 days grace period due to 3 days no connection – hans","1,000","Active","Purok 3 Darawey Bayambang Pangasinan",""
"133","","230204091249","XAMN_Judith_DelaCruz","639208675437","28 - Postpaid","Non-Active","November 13, 2022","DC 9/8/2025
 
 SEPT 23 2026 - CLAIMED 3 DAYS REBATES - 100.00 - CLARISSE,","1,000","Active","Amancosiling Norte Bayambang Pangasinan",""
"134","","230204092530","XTA_Merrygrace_Favi","639164957262","11 - Postpaid","Non-Active","November 11, 2022","========
 DC 11/17/25 - Ice","1,000","Active","Rizal Tatarac Bayambang Pangasinan",""
"135","","230204092838","XPU_Khrizel_Tamondong","639157576785","9 - Postpaid","Non-Active","November 09, 2022","Port:16","1,000","Active","Purok 1 Pugo Bayambang Pangsinan",""
"136","","230204094943","XMA_Manny_Castro","639157458709","22 - Postpaid","Non-Active","November 06, 2022","need to pay 2months bill sept and Oct
 
 Delete Bill Oct And Sept.
 =================
 ============
 DC 11/25/25 - Ice(DC of DD 19 - 22)
 RC 11/25/25 - Ice","1,000","Active","Malioer Bayambang Pangasinan",""
"137","","230204102533","XDU_Edmer_Gloria","639954048917","25 - Postpaid","Non-Active","December 23, 2022","==========
 DC 10/27/25 - Ice
 RC 10/27/25 - Ice
 ==========
 6/26/26 isoler adjusted to 7days 
 ---------------
 JULY 29 RECON
 NEW DD: AUGUST 25 PLUS 7 DAYS ISOLIR -CLARISSE","1,000","Active","Dusoc Bayambang Pangasinan",""
"138","","230204103256","AM1_Arlyn_Cueva","639318281504","20 - Postpaid","Non-Active","August 20, 2022","","1,000","Active","AMBAYAT 1ST BYB PNG",""
"139","","230204104000","AM1_Adoracion_Collado","639635150250","25 - Postpaid","Non-Active","August 20, 2022","P: 16
 TECHNICIAN: John/Mike
 ==============
 DC 10/21/25 - Ice
 adjusted 3 days due to typhoon 
 Old dd 20-new DD 12/23
 NEW DD IS 25
 ==========================
 June 3, 2026
 Approved adjustment: 7 days isolation.
 Service interruption started on May 28, 2026 at approximately 7:00 PM and was restored on May 31, 2026 at approximately 7:00 AM.
 As compensation for the outage, a 7-day adjustment to the payment schedule has been approved.
 – Clarisse","1,000","Active","BRGY AMBAYAT 1ST BYB PNG",""
"140","","230204104415","XTA_Alma_Gabriel","639183054399","2 - Postpaid","Non-Active","August 02, 2022","","1,000","Active","Tatarac Bayambang Pangasinan",""
"141","","230204105300","XPA_Arnold_Aquino","639289997977","5 - Postpaid","Non-Active","December 18, 2024","OK
 04-28-25
 original due date 18
 CONSUME 5 DAYS
 DC APRIL 23 2025
 RC APRIL 26 2025
 NEW DD: MAY 21 2025 -CLARISSE
 ===========================
 OLDD DD: JUNE 21 2025
 June 24 2025 DC- 2 DAYS
 July 1 2025 RC
 DEC 26 2025- PAID NOV AND DEC 2025 RECON NEW DD IS 26- CLARISSE
 NEW DD: JULY 30
 DC 9/3/25
 RC-9/15/25
 New DD-16
 DC 11/19/25 - Ice
 ==================
 OLD DD: FEB 26 paid via website but wrong month paid., reprocessed (Feb bll) inform client about the issue and new due date.
 DC: MARCH 02
 RC: MARCH 03
 NEW DD: APRIL 03 INCLUDES GRACE PERIOD-CLARISSE
 =========================================
 MAY 29 2026
 OLD DD: 3
 NEW DD: 5 - ADJUSTED DUE TO 2 DAYS NO CONNECTION-CLARISSE","1,000","Active","Pangdel Bayambang Pangasinan",""
"142","","230204105819","XTA_Norma_Valdez","639667404007","12 - Postpaid","Non-Active","September 04, 2022","==========
 DC 10/17/25 - Ice
 RC 10/17/25 - Ice","1,000","Active","Ramon Tatarac Bayambang Pangsinan",""
"143","","230204111313","CA_Eric_Rebamontan","639989985957","14 - Postpaid","Non-Active","July 14, 2022","","1,000","Active","Carungay Bayambang Pangasinan",""
"144","","230204112345","DCA_Angelito_Lagasca","639957814826","14 - Postpaid","Non-Active","July 14, 2022","","1,000","Active","Purok 5 Carungay Bayambang Pangasinan",""
"145","","230204114828","XTA_Virgilio_Asuncion","639919386793","28 - Postpaid","Non-Active","August 12, 2022","old dd: 26
 new dd: 28 - moved 2 days due to no connection-clarisse","1,000","Active","Tatarac Bayambang Pangasinan",""
"146","","230204115039","XTA_katherine_alcala","639386888024","1 - Postpaid","Non-Active","September 01, 2022","===============
 DC 10/8/2025
 RC 10/8/2025
 ========
 DC 11/4/25 - Ice","1,000","Active","Tatarac Bayambang Pangasinan",""
"147","","230204115933","XAP_Roma_Castillo","639388589594","25 - Postpaid","Non-Active","August 25, 2022","OK
 DC MARCH 13 2025 ALDRIN
 04-25-25 - paid via cash need to add april billing- Clarise
 ============
 DC 11/28/25 - Ice (DD of 25)","1,000","Active","Apalen Bayambang Pangasinan",""
"148","","230204120212","XTA_Lany_Cabrera","639274159545","28 - Postpaid","Non-Active","August 25, 2022","old dd:24/adjusted 7 days/ new dd: 2-darz
 New DD: 2","1,000","Active","Agapito Tatarac Bayambang Pangasinan
 OK",""
"149","","230204120705","XPA_Rosalina_Balmoja","639383300097","28 - Postpaid","Non-Active","August 30, 2022","Lcp:1
 Port:11
 Nap:7
 =========
 RC 10/10/25
 dd:30-darz
 adjusted 7 days- new dd every 7","1,000","Active","Purok 2 Pangdel Bayambang Pangasinan
 OK",""
"150","","230204121015","XTA_Teddy_Ragot","639562837530","6 - Postpaid","Non-Active","April 20, 2022","reconnected april 20,2024
 JULY 05 2025- RC PAID VIA GCASH
 
 ==============
 DC-AUG 10
 RC- AUG 21
 NEW DD: SEPT 16
 DC 9/10/2025 - Xpacs
 SEPT 11- CLIENT WENT TO OFFICE TO CHECK THE CONNECTION, DOUBLE CHECK THE NEW DUE DATE BASED ON THE NO OF DAYS WITH NO CONNECTION ON THEIR PREVIOUS MONTH (AUGUST)
 ===================
 New Due Date: Sept 27 2025 (due to no connection for 10 days) August 11-19 reported by Sir Jhun-Clarisse
 
 11/21/2025- Upon checking, client had 9 days without connection. Therefore, his original due date of November 27 has been adjusted to December 6, 2025. new due date will now be every 6th of the month. -Clarisse","1,000","Active","Agapito Tatarac Bayambang Pangasinan",""
"151","","230204121603","XPA_Alejandro_Balmoja","639318400983","8 - Postpaid","Non-Active","September 01, 2022","===============
 DC 10/8/2025
 RC 10/10/2025
 ========
 DC 11/4/25 - Ice
 RC 11/5/25 - Ice
 ===========
 Plus 3 days grace period due to 3 days no conection - hans","1,000","Active","Pangdel Bayambang Pangasinan",""
"152","","230204131526","XAMN_Isidro_Orilla","639516902761","1 - Postpaid","Non-Active","October 01, 2022","","1,000","Active","PUROK 2 AMANCOSILING NORTE BYB PNG",""
"153","","230204131920","XPA_Jovita_Borgueta","639308664675","1 - Postpaid","Non-Active","October 01, 2022","Lcp:N/A
 Port:8
 Nap:N/A
 ========
 DC 11/4/25 - Ice","1,000","Active","Purok 2 Pangdel Bayambang Pangasinan",""
"154","","230204132220","XPA_Nidy_Carino","639562285703","8 - Postpaid","Non-Active","October 01, 2022","========
 DC 11/4/25 - Ice
 RC 11/4/25 - Ice
 ==========
 Additional 7 days due date adjustment - hans","1,000","Active","Pangdel Bayambang Pangasinan
 OK",""
"155","","230204132457","XMP_Merly_Sinampaga","639468603503","13 - Postpaid","Non-Active","January 15, 2023","UNPAID MAY
 DC MAY 20,2024
 RECON JULY 15,2024
 ====================
 5/19/2025-DC
 old DD: 15
 DC may 19 2025- 4 DAYS CONSUME
 Rc June 7 2025
 NEW DD: JULY 3
 ========
 DC 11/7/25 - Ice
 RC 11/8/25 - Ice
 ===========
 Reconnection: June 3 2026 - hans
 disconnected july/old dd:3/new dd :13 -darz","1,000","Active","Manambong Parte Bayambang pangasinan",""
"156","","230204133010","AM1_Edilyn_Laurel","639509522810","17 - Postpaid","Non-Active","March 14, 2024","OK
 Reconnected march 14
 ===============
 Recon 12/17/25 Tech-Daniel/renz
 UNPAID JULY
 DC AUGUST 6","1,000","Active","Ambayat 1st Bayambang Pangasinan",""
"157","","230204140146","XINI_Nimpha_Rosales","639095068774","10 - Prepaid","Non-Active","January 07, 2023","NAP 2 PORT 10
 JOHAN/PEDRO
 =========
 JULY 25 2025- RC PAID VIA GCASH
 NEW DD: AUG 25 2025
 
 
 ============
 DC 11/28/25 - Ice (DD of 25)
 =============
 old DD-25
 DC-29
 RC-FEB 06 2026
 NEW DD: MARCH 06 2026-CLARISSE
 =========
 DC 03/10/2026
 RC 03/16/2026
 OLD DD 6
 NEW DD 12
 NEXT DD 04/12/2026 - HANS
 ========
 DC 05/12/2026
 RC 06/08/2026
 OLD DD 12
 NEW DD 8 - HANS
 =====================
 AUG 13 2026
 Client request to transfer her payment from XRE Nimpha rosales to XINI Nimpha rosales ,
 wrong paid account , she paid last Aug 12 2026 , 
 Resolution: Transfer and reprocess -Clarisse","1,000","Active","PUROK 2 INIRANGAN BYB PNG",""
"158","","230204140501","XSG2_Glenda_Sarmiento","639667916722","15 - Postpaid","Non-Active","January 15, 2023","Port 9
 Nap 8
 DC 11/19/25 - Ice
 RC 11/19/25 - Ice","1,000","Active","San Gabriel 2nd Bayambang  Pangasinan
 OK",""
"159","","230204140838","XRE_Maricel_Soriano","639813217298","26 - Postpaid","Non-Active","January 05, 2023","RC PAID VIA CASH - JULY 18 2025
 NEXT DD: AUG 18 2025
 ==========
 DC 10/22/25 - Ice
 RC 10/23/25 - Ice
 =========
 DC 11/21/25 - Ice
 RC 11/21/25 - Ice
 =============
 DC JAN 22 2026
 ==========
 OLD DD: FEB 22
 DC: DEB 26
 NEW DD: MARCH 27-CLARISSE REMOVE 3 DAYS GRACE PERIOD
 ====================================
 OLD DD: MARCH 27
 RC: APRIL 01 NO GRACE PERIOD
 NEW DD: MAY 01 2026-CLARISSE DLETE APRIL BILL RECONENCTION
 ==========================================
 OLD DD: MAY 01
 RC: MAY 07 LESS 4 DAYS EXCEED
 NEW DD: JUNE 03 2026-CLARISSE
 ===========
 Additional 3 days grace period due to 3 days no connection - hans
 ======================
 old dd: 3
 rc: June 13 2026
 next dd: July 13 2026-clarisse
 ==========================
 OLD DD: JULY 13
 RC: JULY 26
 NEXT DD: AUG 26 2026-CLARISSE","1,000","Active","Purok 1 Reynado Bayambang Pangasinan",""
"160","","230204141132","XSG2_Rosita_Placido","639670229549","15 - Postpaid","Non-Active","January 15, 2023","DC 11/19/25 - Ice
 RC 11/19/25 - Ice
 ==========
 May 29, 2026 - Downtime
 Isolir date, 2 days adjusted
 2 days no Connection - hans","1,000","Active","San Gabriel 2nd Bayambang Pangasinan",""
"161","","230204142259","DCA_Gigi_Agudo","639091692151","16 - Postpaid","Non-Active","July 07, 2022","04-26-25 - Agent requested to move due date.
 OLD DD: 7
 NEW DD: 16
 -clarisse","1,000","Active","Sitio Pacak Carungay Bayambang Pangasinan",""
"162","","230204145147","XAMN_Conchita_Cayabyab","639092015135","16 - Postpaid","Non-Active","January 16, 2023","DC 11/19/25 - Ice
 RC 11/19/25 - Ice
 DC 12/31/25_RC 12/31/25 (DEC.31 PAID 1000 FOR DEC. BILL)","1,000","Active","PUROK 2 AMANCOSILING NORTE BYB PNG",""
"163","","230206170244","XMS_Jessa_Bautista","639618289510","1 - Postpaid","Non-Active","September 14, 2023","OLD DD: 14
 DC: APRIL 23
 9 DAYS
 RC-MAY 03,2025 SEND PAYMENT VIA GCASH REF#4028 323 275 079
 NEW DD: MAY 26 2025
 -CLARISSE
 July 29 2025 DC ALDRIN
 RC 9/30/25
 New DD Oct. 27, 2025
 ==========
 old DD 27
 DC 10/30/25 - Ice
 3 days consumed 
 Rc 11/22
 for delete Oct. Bill
 New DD  12/19-ej","800","Active","purok 3 Manambong Sur
 OK",""
"164","","230211113627","XAM2_Gary_Bautista","63910091827","7 - Postpaid","Non-Active","February 10, 2023","==========
 DC 10/10/25
 RC 10/10/25","1,000","Active","89 Ambayat 2nd bayambang pangasinan",""
"165","","230211122911","XCB_Zaldy_Espiritu","639425695863","20 - Postpaid","Non-Active","February 10, 2023","==========
 Old DD7
 DC 10/10/25
 3 days consumed
 RC 10/23/25
 New DD 11/20/25
 RC 10/23/25 - Ice","1,000","Active","124 Purok 4 Cabayaosan Mangatarem Pangasinan",""
"166","","230211123955","XAM1_Irvin_Manaug","639159337901","8 - Postpaid","Non-Active","February 08, 2023","","800","Active","PUROK 1 AMBAYAT 1ST BYB PNG",""
"167","","230211125123","XSV_Realie_Ragos","639308646635","15 - Postpaid","Non-Active","September 08, 2023","OK
 7/1/26 duedate adjusted 7days old8, new15 -lester","1,000","Active","134 San Vicente Bayambang Pangasinan",""
"168","","230211140304","XAM2_Gizzelle_Bautista","639338292029","11 - Postpaid","Non-Active","February 10, 2023","OK
 MARCH 23 NEED ULIT MAY PAY KASI FEB 23 UNPAID - MARCH 3 NA DISCONNECT AND RECONNECTED MARCH 15 2025 NEXT DUEDATE 23 
 ==========
 DC 10/27/25 - Ice
 Nov 05- Client sent payment last Nov 3 2025 via fb page late tag as paid in the system also late recon.- Clarisse
 RC-NOV 05 2025
 NEW DD- DEC 01 2025
 DC-DEC 4
 RC-DEC 15
 NEW DD: JAN 11 2026","1,000","Active","90 Ambayat 2nd Bayambang Pangasinan
 UNPAID FEB DC March 3",""
"169","","230211140613","XAM2_Warlita_Garcia","639507701622","10 - Postpaid","Non-Active","February 10, 2023","","1,000","Active","Purok 3 Ambayat 2nd Bayambang Pangasinan",""
"170","","230211140940","XCB_Laurence_Jalandoni","639760612422","14 - Postpaid","Non-Active","February 09, 2023","==============
 old DD 14
 DC 10/20/25 - Ice
 6 days consumed
 RC 10/20/25
 New DD 11/14/25
 =============
 DC 11/18/25 - Ice
 RC 11/18/25 - Ice","1,000","Active","120 Cabayaosan Mangatarem Pangasinan",""
"171","","230211141402","AM1_Novalyn_Manangan","639485100942","9 - Postpaid","Non-Active","February 09, 2023","June 3, 2026
 Approved adjustment: 7 days isolation.
 Service interruption started on May 28, 2026 at approximately 7:00 PM and was restored on May 31, 2026 at approximately 7:00 AM.
 As compensation for the outage, a 7-day adjustment to the payment schedule has been approved.
 – Clarisse","1,000","Active","Purok 1 Ambayat 1st Bayambang Pangasinan",""
"172","","230211141748","XSV_Rachel_Deguzman","639636115818","11 - Postpaid","Non-Active","February 06, 2023","==============
 DC 9/16/2025 - Xpacs","1,000","Active","Purok 3 San Vicente Bayambang Pangasinan",""
"173","","230211144746","XMP_Paula_Bulaun","639104742430","8 - Postpaid","Non-Active","February 06, 2023","==========
 DC 10/10/25
 RC 10/10/25
 ===========
 DC 11/14/25 - Ice (Ma'amClarisse)
 ==============================
 may 29 2026
 OLD DD:6
 NEW DD: 8 - 2 DAYS NO CONNECTION -CLARISSE","1,000","Active","Sagur Manambong Parte Bayambang Pangasinan
 OK",""
"174","","230211150735","XCB_Jamela_Bulatao","639954283937","15 - Postpaid","Non-Active","February 10, 2023","OK
 DC 11/19/25 - Ice
 RC 11/19/25 - Ice","1,000","Active","Cabayaosan Mangatarem Pangasinan",""
"175","","230211152056","XID_Evelyn_Sabangan","639605566609","18 - Postpaid","Non-Active","February 18, 2023","Additional 3 days grace period due to 3 days no connection - hans","1,000","Active","Purok 2 Idong Bayambang PAngasinan",""
"176","","230211152339","XDU_Sheila_Eduque","639173959456","4 - Postpaid","Non-Active","February 04, 2023","Port11","1,000","Active","117 Purok 5 Dusoc Bayambang Pangasinan",""
"177","","230211152841","XAP_Nena_Valdez","639092015357","5 - Postpaid","Non-Active","February 03, 2023","August 0 5 2025- Due to no connection of 2 days based on Job order records, Client's new due date is every 5th of the Month.
 OLD DD: 3
 NEW DD: 5
 -Clarisse
 
 ===============
 DC 10/9/2025
 RC 10/9/2025","1,000","Active","Purok 1 Apalen Bayambang Pangasinan",""
"178","","230211153606","XRE_Lani_Delacruz","639544629133","3 - Postpaid","Non-Active","February 03, 2023","==============
 DC 9/10/2025 - Xpacs","1,000","Active","Renado bayambang Pangasinan",""
"179","","230211155605","XHE_Remirose_Gascon","639317132651","1 - Postpaid","Non-Active","February 23, 2023","reconnected May 23,2024
 
 ===========
 old dd 23
 DC 11/3/25 
 RC 11/6/25
 new dd: 27
 old dd: 27/new dd/ sept: 1-darz
 ==========
 August 1 Reconnection
 New dd 1 - hans","1,000","Active","Purok 4 Hermoza Bayambang Pangasinan",""
"180","","230211155807","XHE_Gludilla_Gascon","639667709822","14 - Postpaid","Non-Active","February 02, 2023","===============
 DC 10/8/2025
 RC 10/9/2025
 ========
 DC 11/7/25 - Ice
 RC 11/8/25 - Ice
 ========
 DC 02/06/2026
 RC 02/10/2026
 OLD DD - Every 2nd of the month
 New DD - Every 10th of the month
 Next DD - March 10, 2026 - HANS
 ========
 old dd:10/new dd: 14-darz","1,000","Active","330 Purok 4 hermoza Bayambang Pangasinan",""
"181","","230211173335","XTA_Glaiza_Galsim","639461967495","6 - Postpaid","Non-Active","July 27, 2022","===========
 DC 11/14/25 - Ice (Ma'amClarisse)
 RC 11/15/25 - Ice","1,000","Active","18 brgy tatarac bayambang pangasinan",""
"182","","230211173336","XAMN_Beth_Todio","639850751336","18 - Postpaid","Non-Active","February 06, 2023","OK
 old dd: 6
 DC- APRIL 10
 RC- APRIL 23
 
 new dd: 14 -Clarisse
 
 ==============
 DC 10/20/25 - Ice
 
 RC 10/20/25 - Ice","1,000","Active","24 AMANGCOSILING NORTE BYB PNG",""
"183","","230211173337","XAMN_Ginalyn_DelosSantos","639123456789","13 - Postpaid","Non-Active","November 13, 2022","=========
 DC 10/20/25 - Ice
 old DD 13
 RC 10/20/25 - Ice
 7 days consume
 new DD 11/13/25
 =============
 DC 11/18/25 - Ice
 RC 11/18/25 - Ice","1,000","Active","Amangcosiling norte",""
"184","","230211175959","XAMS_Juanito_Lanorio","639466003183","13 - Postpaid","Non-Active","September 06, 2022","old dd: 6 adjusted 7 days-darz/new dd 13","1,000","Active","Amangcosiling Sur Bayambang Pangasinan
 OK",""
"185","","230211175962","AM2_Marygrace_Papa","639504157122","17 - Postpaid","Non-Active","August 17, 2022","","1,000","Active","PUROK 1 AMBAYAT 2ND BYB PNG",""
"186","","230211175963","XPA_Paulino_Carino","639123456789","28 - Prepaid","Non-Active","August 29, 2022","DD:29 CHANGED TO 28-DARZ","1,000","Active","Purok 3 Brgy Pangdel Bayambang Pangasinan",""
"187","","230211175964","XPA_Nenita_Magno","639509502224","1 - Postpaid","Non-Active","August 01, 2022","========
 DC 11/4/25 - Ice
 RC 11/7/25 - Ice","1,000","Active","Dike Road Brgy Pangdel",""
"188","","230211175966","XPA_alvin_balmoja","639108007161","1 - Postpaid","Non-Active","September 01, 2022","========
 DC 11/4/25 - Ice
 RC 11/4/25 - Ice
 =========
 Additional grace period due to 3 days no connection - hans","1,000","Active","Purok 2 Brgy Pangdel Bayambang Pangasinan
 OK",""
"189","","230211175967","XPA_Adrian_Balmoja","639267322951","21 - Postpaid","Non-Active","February 01, 2023","========
 DC 11/4/25 - Ice
 RC 11/4/25 - Ice
 ==========
 5/15/26 Done pullout modem/Unplugged nap7 port4 -ivan/jojo
 ==========
 5/19/26 Reconnect new DD. 19
 ===================================
 MAY 29 2026
 OLD DD: 19
 NEW DD: 21
 2 DAYS NO CONNECTION-CLARISSE","1,000","Active","Brgy Pangdel Bayambang PAngasinan",""
"190","","230211175970","XTA_jerson_fajardo","639123456789","28 - Postpaid","Non-Active","August 31, 2022","DC MARCH 17 2025 ALDRIN
 RC MARCH 17 2025 ALDRIN
 ===========
 May 29, 2026 - Downtime
 Isolir date is 2 days adjusted
 2 days no Connection - hans","1,000","Active","13 Patricio tatarac Bayambang Pangasinan",""
"191","","230211175971","XAM2_Abegail_Maranion","639812748703","5 - Postpaid","Non-Active","February 11, 2023","OK
 September 9, 2026 RECONNECTION
 old dd 28
 new dd 5 - hans","1,000","Active","Purok 1 Brgy Ambayat 2nd Bayambang Pangasinan",""
"192","","230211175972","XSG1_Melissa_Abalos","639092154335","11 - Postpaid","Non-Active","February 11, 2023","","1,000","Active","Purok 1 San Gabriel 1st Bayambang Pangasinan
 
 UNPAID FEB 
 DC 18",""
"193","","230211175974","XSV_Michelle_Delacruz","639075190982","17 - Postpaid","Non-Active","February 10, 2023","==========
 DC 10/16/25 - Ice
 RC 10/16/25 - (CASH-Jhun)Ice 
 11/15- remit by Sir jhun , november payment
 old: 10/ adjusted 7 days-darz/ new DD: 17","1,000","Active","Purok 1 Capantulan San Vicente Bayambang Pangasinan
 OK",""
"194","","230211175975","TPU_Maryrose_Delosantos","639123456789","10 - Postpaid","Non-Active","February 10, 2023","JHUN TORRES","1,000","Active","PUROK 2 PUGO BAYAMBANG PANGASINAN",""
"195","","230211175980","TWA_Arjay_Junio","639123456789","12 - Postpaid","Non-Active","March 12, 2024","","1,000","Active","Brgy Wawa Bayambang Pangasinan",""
"196","","230211175981","TWA_Marlo_Delacruz","639075190982","19 - Postpaid","Non-Active","October 09, 2022","LCP:1
 NAP:
 PORT:7
 ===========
 OLD DD:9
 December 15 2025 -MOVED DUE DATE TO  12th of the month requested by sir Jhun =Clarisse
 OLD DD: 12 (05/28/26= 3 DAYS NO INTERNET/ NEW DD: 19     -DARZ)","1,000","Active","Brgy Wawa Bayambang Pangasinan
 OK",""
"197","","230211175985","TWA_Harold_Dumapit","639123456789","11 - Postpaid","Non-Active","October 11, 2022","","1,000","Active","BRGY WAWA BYB PNG
 OK",""
"198","","230211175987","XTE_Jerilyn_Pinto","639685116745","8 - Postpaid","Non-Active","February 08, 2023","============
 DC 10/14/25 - Ice","800","Active","BRGY TELBANG BYB PNG",""
"199","","230211175988","XSC_Rowena_Landas","639076710607","15 - Postpaid","Non-Active","February 15, 2023","Change VLAN 888/ 
 Change PPOE Gysier Flores to Rowena Landas 
 READING NAP: 
 READING MODEM:17.27 
 TECHNICIAN:Marvin V / Ma king D","1,000","Active","Brgy San Cagulis Bayambang  Pangasinan",""
"200","","230211175989","XBUA_Christopher_Palacpac","639626197547","3 - Postpaid","Non-Active","February 03, 2023","","1,000","Active","PALACPAC BRGY BUAYAEN BYB PNG",""
"201","","230212110426","XTE_JennyAnn_Mindanao","639076436967","3 - Postpaid","Non-Active","February 03, 2023","Additional 3 days grace period due to 3 days no connection - hans","799","Active","BRGY TELBANG BYB PNG",""
"202","","230211175990","XTE_Melanie_Junio","639484533925","23 - Postpaid","Non-Active","February 03, 2023","04-04-25
 Paid via pay&go gcash.
 AR#0224- 82016-8000014829
 TOTAL OF 2,000
 PSU_Melanie_Junio -1K (March)
 XCS_Melanie_Junio-1k (April)
 -Clarisse
 12/23/25 RC","1,000","Active","KAMANGAHAN CADRE SITE BOUNDARY TELBANG BYB PNG",""
"203","","230211175991","XTE_Aprilyn_Serran","639087166237","4 - Postpaid","Non-Active","February 03, 2023","NAPBOX: 6
 LCP: 1
 PORT: 9","1,000","Active","Brgy Telbang
 OK",""
"204","","230211175995","XTA_Giezel_Asuncion","639956456100","15 - Postpaid","Non-Active","February 15, 2023","DC 11/19/25 - Ice
 RC 11/19/25 - Ice","1,000","Active","Brgy Tatarac Bayambang Pangasinan",""
"205","","230211175998","XDA_arlene_estrada","639123456789","8 - Postpaid","Non-Active","September 08, 2022","========
 DC 11/17/25 - Ice
 RC 11/18/25 - Ice
 tagged as paid in the system sir jhun will remit the payment on saturday Nov 22 2025
 -----------------------
 DEC 23 2025 PAID AT WAWA","1,000","Active","Brgy Darawey Bayammbang Pangasinan",""
"206","","230211176000","XPA_marianne_delacruz","639091823789","10 - Postpaid","Non-Active","September 08, 2022","============
 DC 10/14/25 - Ice","1,000","Active","Brgy Pangdel",""
"207","","230211176001","XPA_Regie/Lotus_Libao","639123456789","10 - Postpaid","Non-Active","September 08, 2022","============
 DC 10/14/25 - Ice","2,000","Active","Brgy Pangdel",""
"208","","230211176003","XPA_Roda_Resoso","639123456789","10 - Postpaid","Non-Active","September 08, 2022","============
 DC 10/14/25 - Ice","1,000","Active","Brgy Pangdel",""
"209","","230211176004","XAMS_Rufina_Rafael","639273575520","3 - Postpaid","Non-Active","February 03, 2023","===============
 DC 10/9/2025
 RC 10/10/2025","2,000","Active","Brgy Amangcosiling Sur
 OK",""
"210","","230211176006","XID_Camel_Mandapat","639668433799","20 - Postpaid","Non-Active","November 20, 2022","OK
 ==============
 DC 10/23/25 - Ice
 RC 10/23/25 - Ice","1,000","Active","Brgy Idong Bayambang Pangasinan",""
"211","","230211176007","XMP_Roberto_Macaraeg","639067246016","22 - Postpaid","Non-Active","December 22, 2022","Nap7 Port 4
 Technicians: Lester/Jerome","1,000","Active","24 Bukig Road Manambong Parte Bayambang Pangasinan",""
"212","","230211176008","XMS_AprilJohn_Mejia","639388988642","20 - Postpaid","Non-Active","February 20, 2023","============
 OLD DD:20
 DC 11/25/25 - Ice(DC of DD 19 - 22)
 RC 11/25/25 - Ice 5 DAYS","1,000","Active","Manambong Sur Bayambang Pangasinan",""
"213","","230211176009","XMP_Eddie_Sabado","639451489589","5 - Postpaid","Non-Active","February 05, 2023","OK","1,000","Active","Manambong Parte",""
"214","","230211176010","DMA_Luz_Torres","639097016849","28 - Postpaid","Non-Active","December 12, 2022","","1,000","Active","Malioer Bayambang Pangasinan",""
"215","","230211176011","XMP_Ranie_Macaraeg","639324281358","21 - Postpaid","Non-Active","December 03, 2022","OK
 Nap7 Port 16
 Technicians: Lester/Jerome
 ========
 DC 11/7/25 - Ice
 RC 11/17/25 - Ice
 NEW DD"" DEC 13
 =============
 OLD DD: 13
 NEW DD: 15
 MAY 29 2026- PLUS 2 DAYS MOVEMENT OF DUE DATE DUE TO SERVICE PROVIDER DPWNTIME-CLARISSE
 ---------------------------
 August 20 2026 - Client called and complained about the date on the payment method he taught that the date showing on the website payment method is his due date as he was disconnected,
 NEW DD: 21 PLUS 4 DAYS GRACE PERIOD-CLARISSE
 AUG 21 2026","1,000","Active","SITIO BUKEG PUROK 3 MANAMBONG PARTE BYB PNG",""
"216","","230211176014","XTA_Genaline_Gabriel","639107096215","27 - Postpaid","Non-Active","July 27, 2022","==========
 DC 10/30/25 - Ice","500","Active","24 Tatarac Bayambang Pangasinan
 OK",""
"217","","230211176016","XHE_Carmela_Sabado","639090305611","25 - Postpaid","Non-Active","February 24, 2023","09851318892
 old dd-25
 new dd: dec 25 due to 1 day fibercut last dec 08 2025","1,000","Active","Brgy Hermosa Bayambang Pangasinan",""
"218","","230211176018","XSA_Raynard_Rozada","639695593393","13 - Postpaid","Non-Active","November 13, 2022","UPAID SEPT
 DC SEPT 30
 
 Reconnected ON OCt 2 Paid Via Gcash  Ref. #: 3021389397441","1,000","Active","SITIO SAMON BRGY SANLIBO BYB PNG",""
"219","","230211176019","XID_Joshua_Mendoza","639122573722","16 - Postpaid","Non-Active","October 28, 2022","old dd:9/adjusted 7 days-darz/ new dd:16","1,000","Active","Purok 1 Renado Bayambang Pangasinan",""
"220","","230214104501","MTA_Lorena_Ajal","639123456789","16 - Postpaid","Non-Active","January 09, 2023","old dd:9/ adjusted 7 days darz/ new dd: 16","1,000","Active","Brgy Tatarac Bayambang Pangasinan",""
"221","","230214104502","MTA_Arilda_Rolloque","639123456789","8 - Postpaid","Non-Active","January 01, 2023","may 31- paid via cash remit for June payment (for paid in the system)
 ====================================================
 June 2, 2026
 Approved adjustment: 7 days isolation.
 Service interruption started on May 28, 2026 at approximately 7:00 PM and was restored on May 31, 2026 at approximately 7:00 AM.
 As compensation for the outage, a 7-day adjustment to the payment schedule has been approved.
 OLD DD: 1
 NEW DD:8
 CASH REMITTED BY MAM MINDA
 – Clarisse","1,000","Active","BRGY TATARAC BAYAMBANG PANGASINAN",""
"222","","230214104503","MTA_Fredie_Romano","639815213494","4 - Postpaid","Non-Active","January 01, 2023","NAPBOX:6
 LCP:1
 PORT:10
 TECHNICIAN:John and Jeff
 
 June 1, 2026
 Approved adjustment: 7 days DUEDATE 
 Service interruption started on May 28, 2026 at approximately 7:00 PM and was restored on May 31, 2026 at approximately 7:00 AM.
 As compensation for the outage, a 7-day adjustment to the payment schedule has been approved.
 OLD DD: 28
 NEW DD: 4
 – Clarisse","1,500","Active","Brgy Tatarac Bayambang Pangasinan
 OK",""
"223","","230214104504","MTA_Rodrigo_Aquino","639123456789","10 - Postpaid","Non-Active","January 01, 2023","MAY 31- PAID VIA CASH REMIT ( FOR JUNE PAYMENT)
 =======================
 June 2  2026
 Approved adjustment: 7 days DUE
 Service interruption started on May 28, 2026 at approximately 7:00 PM and was restored on May 31, 2026 at approximately 7:00 AM.
 As compensation for the outage, a 7-day adjustment to the payment schedule has been approved.
 OLD DD: 1
 NEW DD:8
 – Clarisse","1,000","Active","Brgy Tatarac Bayambang Pangasinan",""
"224","","230214104505","MTA_Beverly_Roxas","639682609003","6 - Postpaid","Non-Active","January 01, 2023","May 02,2025 - moved due date to everu 30th of the month, client is aware with the new due date. -Clarisse
 12/18 moved due date to Jan 3 due to no connection for 3 days.-Clarisse
 Next DD: January 3 2026
 Dec 26 2025 - restored 3 days no connection NEW DD: 6","1,000","Active","Brgy Tatarac Bayambang Pangasinan",""
"225","","230214104506","MTA_Lourdes_Gloria","639763160638","27 - Postpaid","Non-Active","January 20, 2023","may 29 2026
 old DD: 20
 NEW DD: 22","1,000","Active","Brgy Tatarac Bayambang Pangasinan
 OK",""
"226","","230214104507","MTA_Julieta_Asuncion","639123456789","20 - Postpaid","Non-Active","January 17, 2023","REMMIT 1/20/26 - Late Paid as tagged 1/23/26
 ===========
 New due date 10 - hans","1,000","Active","Brgy Tatarac Bayambang Pangasinan",""
"227","","230214104508","MTA_Ramil_Santos","639123456789","27 - Postpaid","Non-Active","January 20, 2023","old dd:20/adjusted 7 days-darz/new dd: 27","1,000","Active","Brgy Tatarac Bayambang Pangasinan",""
"228","","230214104509","XTA_Alexismae_Navelgas","639567204662","20 - Postpaid","Non-Active","May 20, 2023","DC: 10/21/25 - Ice
 RC 11/3/25 - Ice","1,000","Active","Purok 2 Brgy Tatarac Bayambang Pangasinan
 OK",""
"229","","230214104511","MTA_Deokit_Dulay","639454954312","1 - Postpaid","Non-Active","January 26, 2023","DC MAY 2.
 PAID CASH VUA GANET M'MINDA APRIL 28 SEND PROOF OF PAYMENT VIA FB PAGE-CLARISSE
 RC-MAY 02 2025
 
 OLD DD""26
 5 DAYS ADJUSTMENT DUE TO TYPHOON UWAN
 NO CONNECTION NOV 13
 RESTORED NOV 18
 NEW DD"" JANUARY 1","1,000","Active","Brgy Tatarac Bayambang Pangasinan",""
"230","","230214104512","MTA_Elmer_Corpuz","639123456789","8 - Postpaid","Non-Active","January 01, 2023","BEFORE SCHOOL
 ====================
 June 1, 2026
 Approved adjustment: 7 days due
 Service interruption started on May 28, 2026 at approximately 7:00 PM and was restored on May 31, 2026 at approximately 7:00 AM.
 As compensation for the outage, a 7-day adjustment to the payment schedule has been approved.
 OLD DD: 30
 NEW DD: 8
 – Clarisse","1,000","Active","PUROK 3 TATARAC BYB PNG",""
"231","","230214104513","MTA_Marlene_Sabado","639123456789","27 - Postpaid","Non-Active","January 10, 2023","REMMIT 1/20/26 - Late Paid as tagged 1/23/26
 old dd:20/ adjusted 7 days/ new dd:27 -darz","1,000","Active","Brgy Tatarac Bayambang Pangasinan
 OK",""
"232","","230214104514","MTA_Trisha_Calderon","639123456789","25 - Postpaid","Non-Active","January 20, 2023","REMMIT 1/20/26 - Late Paid as tagged 1/23/26
 ========
 Due date adjusted - hans","1,000","Active","Brgy Tatarac Bayambang Pangasinan
 OK",""
"233","","230214104515","XPA_Mario_Abalos/Primitiva_Abalos","639128117143","3 - Postpaid","Non-Active","July 03, 2023","========
 old DD 3
 DC 11/7/25 - Ice","1,000","Active","Purok III Brgy Pangdel Bayambang Pangasinan",""
"234","","230214104516","MPA_Marlyn_Kan","639123456789","15 - Postpaid","Non-Active","January 08, 2023","old dd: 8/adjusted 7 days darz- new dd : 15","1,000","Active","Brgy Pangdel Bayambang Pangasinan",""
"235","","230214104517","MTA_RoseAnn_Asuncion","639123456789","28 - Postpaid","Non-Active","January 26, 2023","MAY 29 2026
 OLD DD: 26
 NEW DD: 28 - DUE TO NO CONNECTION-CLARISSE","1,000","Active","Brgy Tatarac Bayambang Pangasinan
 OK",""
"236","","230214104518","MTA_Diana_Joice_Aquino","639918668229","7 - Postpaid","Non-Active","January 01, 2023","June 1, 2026
 Approved adjustment: 7 days DUE DATE
 Service interruption started on May 28, 2026 at approximately 7:00 PM and was restored on May 31, 2026 at approximately 7:00 AM.
 As compensation for the outage, a 7-day adjustment to the payment schedule has been approved.
 old dd:30
 new dd: 7
 – Clarisse","1,000","Active","Brgy Tatarac Bayambang Pangasinan",""
"237","","230214104519","MPA_Christian_DelosReyes","639123456789","8 - Postpaid","Non-Active","January 08, 2023","==============
 DC 10/27/25 - Ice","1,500","Active","Brgy Pangdel Bayambang Pangasinan
 OK",""
"238","","230214104520","MTA_Rj_Chico","639123456789","25 - Postpaid","Non-Active","January 20, 2023","REMMIT 1/20/26 - Late Paid as tagged 1/23/26","1,000","Active","Brgy Tatarac Bayambang Pangasinan",""
"239","","230214104522","XAMS_Sharmay_Malazo","639123456789","5 - Postpaid","Non-Active","January 05, 2023","===============
 DC 10/9/2025
 RC 10/9/2025
 =============
 DC 11/14/25 - Ice (Ma'amClarisse)
 RC 11/14/25 - Ice","1,000","Active","Bgyr Amangcosiling Sur Bayambang Pangasinan",""
"240","","230214104524","XAMS_Ricky_Erguiza","639504942041","6 - Postpaid","Non-Active","May 10, 2024","JAN UNPAID
 
 JAN 18 DC
 
 ===============
 DC 10/9/2025.
 RC 10/10/2025.
 old DD:5 /New dd:6 -dars","1,000","Active","Brgy Amangcoisling Sur Bayambang Pangasinan",""
"241","","230214104525","XAMS_Gina_Ogario","639693032651","10 - Postpaid","Non-Active","September 05, 2022","DC 11/14/25 - Ice (Ma'amClarisse)
 11/15- client called she has no connection she paid last oct 27 for reconnection, next due date is Nov 28 2025.= Clarisse
 RC 11/15/25
 ==========
 DC 03/04/2026
 RC 06/10/2026 FOR DELETE MARCH TO MAY 2026
 OLD DD 28
 NEW DD 10 - HANS","1,000","Active","Brgy Amangcoisling Sur",""
"242","","230214104530","XTE_Aida_Delrosario","639076436979","3 - Postpaid","Non-Active","February 03, 2023","Additional 3 days grace period due to 3 days no connection - hans","799","Active","BRGY TELBANG BYB PNG",""
"243","","230214104531","XSC_Efren_Gayosa","639678202296","5 - Postpaid","Non-Active","January 05, 2023","","1,000","Active","Brgy San Cagulis Bayambang Pangasinan",""
"244","","230214104534","XPA_Joseph_Mallonga","639123456789","1 - Postpaid","Non-Active","February 08, 2023","========
 DC 11/4/25 - Ice
 RC 12/1/25
 NEW DD: JANUARY 1 2026","1,000","Active","Brgy Pangdel  Bayambang Pangasinan
 OK",""
"245","","230214104539","XAM2_Narcisa_Pinera","639677922738","5 - Postpaid","Non-Active","February 15, 2023","======
 DC 11/19/25 - Ice
 RC 11/20/25 - Ice
 old dd: 15/adjusted 7 days - darz/ new dd 22
 ============
 September 9, 2026 RECONNECTION
 old dd 22
 new dd 5 - hans","1,000","Active","Purok 1 Brgy Ambayat 2nd Bayambang Pangasinan",""
"246","","230214104542","XAMS_Thelma_Torres","639469596683","9 - Postpaid","Non-Active","February 15, 2023","MAY 24- PAID VIA GCASH RECON REF#2028996834301
 NXT DD: JUNE 24
 ==========
 ol dd:24
 DC 10/28/25 - Ice 4 days
 RC 11/4/25 - Ice
 new DD: 30
 ====================
 june 04 recon
 for delete of may
 next dd: July 4 plus 7 days grace period due to affected fiber break-clarisse
 new dd-9-dars","1,000","Active","Purok 3 Amangcosiling Sur Bayambang Pangasinan",""
"247","","230214104543","TSV_Ruby_Orena","639274262744","17 - Postpaid","Non-Active","April 17, 2024","","1,000","Active","Brgy Bungkulan San Vicente Bayambang Pangasinan",""
"248","","230214104548","TWA_Ronald_Delacruz","639567949968","28 - Postpaid","Non-Active","July 31, 2022","OLD DD: 28 (05/28/26= 3 DAYS NO INTERNET/ NEW DD:    2  -DARZ)
 ==========================================
 JULY 13 2026
 AGENT CONFIRMED DD IS EVERY 28-CLARISSE","1,000","Active","PUROK 4 BRGY WAWA BYB PNG",""
"249","","230214104552","TWA_Jhaps_Junio","639467688999","13 - Postpaid","Non-Active","March 12, 2024","OK
 DC FEB 28 2025 
 RECONNECTED MARCH 1 2025
 ========================
 27 old 
 may 29 2025 dc-2 days
 june 23 2025 rc 
 new dd: july 21
 DC 11/26/25 - Ice (Jhun rqst)
 RC 11/28/25 - Ice 
 =======================
 OLD DD: 21
 DC: 8
 RC"" JUNE 05
 NEW DD:5 PLUS 4 DAYS ISOLIR =CLARISSE
 ==========================
 OLD DD: 5
 DC: 4
 RC: JULY 17
 NEXT DD:  AUG 13 2026-CLARISSE","1,000","Active","Purok 4 Brgy Wawa Bayambang Pangasinan",""
"250","","230214104554","TWA_Kagawad_Mando","639285399882","3 - Postpaid","Non-Active","August 03, 2022","","800","Active","Purok 1 Brgy Wawa Bayambang Pangasinan
 OK",""
"251","","230214104556","TWA_Michael_Cervantes","639690567224","27 - Postpaid","Non-Active","August 03, 2022","==========
 RC 10/18/25 - Ice
 ========
 old DD 10- confirmed by Sir Jhun
 DC 11/17/25 - Ice
 7  days consumed
 RC 11/24/25 - Ice (Jhun rqst)
 New DD 12/17
 ===========
 DC 05/21/2026
 RC 06/27/2026
 OLD DD 17
 NEW DD 27 - HANS","1,000","Active","Purok 4 Brgy Wawa Bayambang Pangasinan",""
"252","","230214104557","TWA_Benigna_Clemente","639494248006","28 - Postpaid","Non-Active","July 30, 2022","","1,000","Active","Purok 4 Brgy Wawa Bayambang Pangasinan",""
"253","","230214104558","TWA_Melody_Beltran","639663178639","28 - Postpaid","Non-Active","September 30, 2022","","1,000","Active","Purok 4 Brgy Wawa Bayambang Pangasinan",""
"254","","230217090109","TWA_Emerson_Simpliciano","639174619812","13 - Postpaid","Non-Active","December 13, 2022","","1,000","Active","BRGY. WAWA BYB PNG",""
"255","","230217090846","TDA_Egay_Masiglat","639631428330","1 - Postpaid","Non-Active","September 01, 2022","Port2","900","Active","Brgy. Wawa Bayambang Pangasinan
 OK",""
"256","","230217092509","TPU_Alma_Torres","639157580362","28 - Postpaid","Non-Active","September 28, 2022","","1,000","Active","Brgy Pugo Bayambang Pangasinan",""
"257","","230217092740","TPU_Reuwena_Junio","639568805993","28 - Postpaid","Non-Active","September 28, 2022","","1,000","Active","Pugo Bayambang Pangasinan
 OK",""
"258","","230217093410","TPU_Delia_Junio","639082702848","28 - Postpaid","Non-Active","September 30, 2022","","1,000","Active","Brgy Pugo Bayambang Pangsinan",""
"259","","230217093617","TPU_Gilbert_Uy","639464268542","4 - Postpaid","Non-Active","October 04, 2022","","1,000","Active","Brgy Pugo Bayambang Pangasinan",""
"260","","230217093918","TPU_Regine_Pregosa","639279318995","4 - Postpaid","Non-Active","October 04, 2022","","1,000","Active","Brgy Pugo Bayambang Pangasinan",""
"261","","230217094215","TPU_Esther_Arriesgado","639459921161","4 - Postpaid","Non-Active","October 04, 2022","OK
 Nap2 Port6
 TECHNICIAN: Jeff,John
 
 11/20- 8x33 rebates due to Typhoon Uwan confirmed by Sir jhun . =Clarisse","1,000","Active","Brgy Pugo Bayambang Pangasinan",""
"262","","230217094645","TPU_Reymund_Millora","639302094834","25 - Postpaid","Non-Active","October 25, 2022","","1,000","Active","Brgy Pugo Bayambang Pangasinan",""
"263","","230217095146","TPU_Glydel_Bautista","639368420305","28 - Postpaid","Non-Active","October 30, 2022","NAPBOX:5
 LCP:1
 PORT:6
 TECHNICIAN: Jeff,John","1,000","Active","Brgy Pugo Bayambang Pangsinan
 OK",""
"264","","230217095743","TPU_Nida_Villon","639156650899","21 - Prepaid","Non-Active","October 26, 2022","Old DD:23
 DC 8/28/25
 RC 9/23/25
 new DD  10/21/25","1,000","Active","Brgy Pugo Bayambang Pangasinan",""
"265","","230217100232","TPU_Lilibeth_Menor","639773368935","28 - Postpaid","Non-Active","October 30, 2022","","1,000","Active","Brgy Pugo Bayambang Pangasinan",""
"266","","230217100831","TPU_Virgilio_Sabado","639668091675","5 - Postpaid","Non-Active","November 05, 2022","OK","1,000","Active","Brgy Pugo Bayambang Pangasinan",""
"267","","230217101220","TPU_Marvin_Vargas","639914752043","5 - Postpaid","Non-Active","November 05, 2022","REQUESTED DC TUTURUAN DAW MGA ANAK MUNA KASI PURO CP
 JULY 23 2025 DC ALDRIN","1,000","Active","Brgy Pugo Bayambang Pangasinan",""
"268","","230217101754","TPU_Jackelyn_Deleon","639453395259","10 - Postpaid","Non-Active","November 25, 2022","Nap2 Port2","1,000","Active","Brgy Pugo Bayambang Pangasinan",""
"269","","230217102134","TPU_Harbrink_Carsten","639566759216","26 - Postpaid","Non-Active","November 26, 2022","","1,000","Active","Brgy Pugo Bayambang Pangasinan",""
"270","","230217102408","TPU_Caselyn_Arriesgado","639099547071","15 - Postpaid","Non-Active","September 15, 2022","NAPBOX:4
 LCP:1
 PORT:1
 TECHNICIAN: Jeff,John","1,000","Active","Brgy Pugo Bayambang Pangasinan
 OK",""
"271","","230217102808","TPU_Rhoffer_Arriesgado","639460677209","14 - Postpaid","Non-Active","September 14, 2022","","1,000","Active","Brgy Pugo Bayambang Pangasinan",""
"272","","230217103651","TPU_Denver_Macalloc","639485301195","14 - Postpaid","Non-Active","October 14, 2022","","1,000","Active","Brgy Pugo Bayambang Pangasinan",""
"273","","230217104016","TPU_Jack_Manzano","639235409296","21 - Postpaid","Non-Active","October 21, 2022","","1,500","Active","Brgy Pugo Bayambang Pangasinan",""
"274","","230217104345","TPU_Lilia_Pontawe","639466058842","12 - Postpaid","Non-Active","November 12, 2022","","1,000","Active","Brgy Pugo Bayambang Pangasinan",""
"275","","230217104658","TPU_Farida_Tambuyat","639275079262","12 - Postpaid","Non-Active","November 12, 2022","","1,000","Active","Brgy Pugo Bayambang Pangasinan",""
"276","","230217105042","TPU_Evangeline_Tambuyat","639958604321","12 - Postpaid","Non-Active","November 12, 2022","","1,000","Active","Brgy Pugo Bayambang Pangasinan",""
"277","","230214104565","TPU_Bernard_Tambuyat","639277417633","12 - Postpaid","Non-Active","November 12, 2022","Nap 4 port 5","1,000","Active","Brgy Pugo Bayambang Pangasinan",""
"278","","230217105852","TPU_Jefferson_Solis","639667993233","17 - Postpaid","Non-Active","December 17, 2022","","1,000","Active","Brgy Pugo Bayambang Pangasinan",""
"279","","230217110239","TPU_Rose_Solis","639952323916","11 - Postpaid","Non-Active","January 11, 2023","","1,000","Active","Brgy Pugo Bayambang Pangasinan",""
"280","","230217111149","TPU_Janette_Veloria","639174025652","26 - Postpaid","Non-Active","January 24, 2023","DC 11/29/25 - Ice (Jhun rqst)","1,000","Active","Brgy Pugo Bayambang Pangasinan",""
"281","","230217111446","TPU_Marjorie_Lopez","639355746741","24 - Postpaid","Non-Active","January 24, 2023","","1,000","Active","Brgy Pugo Bayambang Pangasinan",""
"282","","230217112034","TPU_Dante_Solomon","639152317118","25 - Postpaid","Non-Active","January 25, 2023","","1,000","Active","Brgy Pugo Bayambang Pangasinan",""
"283","","230217112717","TPU_Noel_Abalos","639166439677","5 - Postpaid","Non-Active","February 05, 2023","","1,000","Active","Brgy Pugo Bayambang Pangasinan",""
"284","","230217112942","TDA_Jocelyn_Napuli","639666640009","28 - Postpaid","Non-Active","November 30, 2022","DC 10/06/25 By: Sir JHAY
 Deleted Sept Bill 10/6/25  BY: Sir jay
 UNPAID SETP BILL
 RC 10/31/25 - Ice (Jhun rqst)
 OLD DD: 28 (05/28/26= 3 DAYS NO INTERNET/ NEW DD:   2   -DARZ)
 ===============================
 JULY 13 2026
 AGENT CONFIRMED DD IS EVERY 28TH-CLARISSE","1,000","Active","Brgy Darawey Bayambang Pangasinan",""
"285","","230217113402","TDA_Cynthia_Todio","639947159228","1 - Postpaid","Non-Active","December 01, 2022","","900","Active","Brgy Darawey Bayambang Pangasinan",""
"286","","230217114329","TSG1_Romel_DelaCruz","63927357409","17 - Postpaid","Non-Active","December 17, 2022","","1,000","Active","San gabriel 1st Bayambang Pangasinan
 OK",""
"287","","230217114628","TSG_Sarah_Cayabyab","639273768128","28 - Postpaid","Non-Active","December 28, 2022","","1,000","Active","San Gabriel 1st Bayambang pangasinan",""
"288","","230217115110","TAMS_Agnes_Erguiza","639924195294","28 - Postpaid","Non-Active","December 28, 2022","OK
 DC 10/28/25 - Jhun rqst (Ice)
 RC 10/31/25 -Jhun rqst (Ice)","1,000","Active","Amancosiling Bayambang Pangasinan",""
"289","","230217115356","TSG1_Victor_Paningbatan","6397064442438","21 - Postpaid","Non-Active","January 21, 2023","","1,000","Active","San Gabriel 1st Bayambang Pnagsinan",""
"290","","230217115930","TAM1_Pearl_Bugarin","639063769737","6 - Postpaid","Non-Active","October 06, 2022","639063769737","1,000","Active","BRGY AMABYAT 1ST BYB PNG",""
"291","","230217120155","TAM1_Ronald_Manangan","639302188793","27 - Postpaid","Non-Active","February 27, 2023","","1,000","Active","Ambayat 1st Bayambang Pangasinan",""
"292","","230217120409","TAM2_Leonilla_Guillermo","639107234548","13 - Postpaid","Non-Active","December 13, 2022","","1,000","Active","AMBAYAT 2ND BYB PNG",""
"293","","230217121622","TAM1_Rustom_Manalang","639917119184","21 - Postpaid","Non-Active","January 21, 2023","","1,000","Active","AMBAYAT 1ST BYB PNG",""
"294","","230217133117","TINI_Jhun_Torres","639338235086","28 - Postpaid","Non-Active","October 30, 2022","","1,000","Active","Iniringan Bayambang Pangasinan",""
"295","","230217134513","TINI_Harlene_Rilveria","639317413159","26 - Postpaid","Non-Active","January 26, 2023","","1,000","Active","Inirangan Bayambang Pangasinan",""
"296","","230217134803","TTA_Lilia_Asuncion","639919379942","4 - Postpaid","Non-Active","January 25, 2023","july 26 2025 - DC requested by the agent","1,000","Active","Tatarac Bayambang Pangasinan",""
"297","","230217135231","TSV_Imelda_Cuison","639460840416","4 - Postpaid","Non-Active","July 04, 2023","","1,000","Active","San Vicente Bayambang Pangasinan",""
"298","","230217135852","TSV_Jonnalyn_Cabral","639451801651","1 - Postpaid","Non-Active","January 01, 2023","","900","Active","San Vicente Bayambang Pangasinan",""
"299","","230217140132","TSV_Gerardo_Cuison","639954369311","1 - Postpaid","Non-Active","June 01, 2021","","900","Active","San Vicente   Bayambang Pangasinan",""
"300","","230217141913","TSV_Mercy_Cuison","639156652629","13 - Postpaid","Non-Active","January 13, 2022","","1,000","Active","San Vicente Bayambang Pangasinan",""
"301","","230217142414","TSV_Marvin_Flores","639155065404","13 - Postpaid","Non-Active","January 13, 2022","","1,000","Active","San Vicente Bayambang Pangasinan",""
"302","","230217142654","TSV_Chona_Bumalay","639074232245","13 - Postpaid","Non-Active","January 13, 2022","","1,000","Active","San Vicente Bayambang Pangasinan",""
"303","","230217143414","TSV_Dennis_Cabral","639270857295","15 - Postpaid","Non-Active","March 15, 2022","","1,000","Active","San Vicente Bayambang Pangasinan",""
"304","","230217144619","TSV_Ricamae_Flores","639208610706","26 - Postpaid","Non-Active","September 24, 2021","05-02-25 - Requested to moved due date
 from 24 to 15th of the month-Clarisse","1,000","Active","San Vicente Bayambang Pangasinan",""
"305","","230217144917","TSV_Ivy_Macaryola","639673002770","26 - Postpaid","Non-Active","September 24, 2021","05-02-25 - Requested to moved due date
 from 24 to 15th of the month-Clarisse
 
 15
 June 28 2025 DC- 13 DAYS
 July 26 2025 RC
 ===================
 NEW DD: AUG 14 2025
 DC 11/28/25 - Ice
 RC 11/28/25 - Ice (Jhun Remmit 11/29/25)","1,000","Active","SAN VICENTE BYB PNG",""
"306","","230217150039","TSV_Vilma_Sison","639262759500","28 - Postpaid","Non-Active","September 24, 2021","OLD DD: 24
 DC: AUG 30 (for unpaid of August) accidentally paid by Sir Ej
 DC 11/3
 10 days consumed
 RC 11/3 (Jhun rqst)
 New DD  11/23 
 ===========
 rqst dd: 28 
 =================
 MAY 4 2026- ADJUST ISOLIR DAT TO 4 DAYS REQUESTED BY SIR JHUN-CLARISSE","1,000","Active","San Vicente bayambang Pangasinan",""
"307","","230218121339","XMP_Mario_Bruzon","639939364536","22 - Postpaid","Non-Active","September 04, 2023","DC - JULY 21 2025
 PAID - JULY 24
 RC - JULY 26 2025
 ============
 DC 11/25/25 - Ice(DC of DD 19 - 22)
 RC 11/25/25 - Ice","1,000","Active","Purok 2 Manambong Parte Bayambang Pangasinan
 OK",""
"308","","230214104566","TPU_Eugene_Monterico","639123456789","29 - Postpaid","Non-Active","February 18, 2023","JHUN - CONFIRM 29 OF THE MONTH","900","Active","Brgy Pugo Bayambang Pangasinan",""
"309","","230214104567","XSG2_Mhay_Dereal","639770592625","24 - Postpaid","Non-Active","February 18, 2023","OLD DD: 18
 NEXT DD: AUG 22 2025- MOVED DUE DATE DUE TO 4 DAYS OF NO CONNECTION CAUSED BY THE TYPHOON 
 
 ============
 DC 11/25/25 - Ice(DC of DD 19 - 22)
 new dd:24-darz","1,000","Active","Boto San Gabriel 2nd Bayambang Pangasinan",""
"310","","230214104568","XAM2_John_Dancel","639487623381","18 - Postpaid","Non-Active","February 18, 2023","June 3, 2026
 Approved adjustment: 7 days isolation.
 Service interruption started on May 28, 2026 at approximately 7:00 PM and was restored on May 31, 2026 at approximately 7:00 AM.
 As compensation for the outage, a 7-day adjustment to the payment schedule has been approved.
 – Clarisse","1,000","Active","Purok 1 Ambayat 2nd Bayambang Pangasinan
 OK",""
"311","","230214104569","XAM2_Jovelyn_Epistola","639469518609","18 - Postpaid","Non-Active","March 18, 2024","==========
 DC 11/21/25 - Ice
 RC 11/21/25 - Ice","1,000","Active","6 Purok 6 Ambayat 2nd Bayambang Pangasinan",""
"312","","230214104572","XPA_Renylle_Herrera","639519923962","18 - Prepaid","Non-Active","February 18, 2023","","1,000","Active","283 Dike Road Pangdel Bayambang Pangasinan
 OK",""
"313","","230214104573","DCA_dovie_lisa_quijalvo","639123456789","13 - Postpaid","Non-Active","February 13, 2023","","1,000","Active","Brgy Carungay Bayambang Pangasinan",""
"314","","230214104574","DCA_Mellany_Ragasa","639123456789","13 - Postpaid","Non-Active","February 13, 2023","","1,000","Active","Brgy Carungay Bayambang Pangasinan",""
"315","","230214104575","DCA_Maria_Ragasa","639123456789","20 - Postpaid","Non-Active","February 13, 2023","","1,000","Active","Brgy Carungay Bayambang Pangasinan",""
"316","","230214104577","DCA_Maria_Palacio","639123456789","13 - Postpaid","Non-Active","February 13, 2023","","1,000","Active","Brgy Carungay Bayambang Pangasinan",""
"317","","230214104578","DCA_Mario/rovelyn Canlas","639123456789","13 - Postpaid","Non-Active","February 13, 2023","","1,000","Active","Brgy Carungay Bayambang Pangasinan",""
"318","","230214104579","CA_Corazon_Page","639123456789","22 - Postpaid","Non-Active","February 15, 2023","old dd:15  moved to 22 rqstd by Sir Dante","1,000","Active","Brgy Carungay Bayambang Pangasinan",""
"319","","230214104580","CA_Elsie_Rosales","639123456789","15 - Postpaid","Non-Active","February 15, 2023","","1,000","Active","Brgy Carungay Bayambang Pangasinan",""
"320","","230214104583","CA_Karyll_Dizon","639123456789","15 - Postpaid","Non-Active","February 15, 2023","","1,000","Active","Brgy Carungay Bayambang Pangasinan",""
"321","","230214104584","CA_Johnpaul_Romano","639123456789","15 - Postpaid","Non-Active","February 15, 2023","","1,000","Active","Brgy Carungay Bayambang Pangasinan",""
"322","","230214104585","DSC_Raquel_Curameng","639770855385","13 - Postpaid","Non-Active","February 13, 2023","","1,000","Active","Brgy Carungay Bayambang Pangasinan",""
"323","","230214104586","DPA_Marissa_Dumlao","639123456789","16 - Postpaid","Non-Active","February 16, 2023","","1,000","Active","Brgy Pangdel Bayambang Pangasinan",""
"324","","230214104587","DAM2_Katrina_Tobias","639195157053","18 - Postpaid","Non-Active","February 18, 2023","","1,000","Active","Purok 1 Ambayat 2nd",""
"325","","230214104589","DCA_rea_alonso","639388133510","12 - Postpaid","Non-Active","February 01, 2023","old dd: 1
 new dd: 12 -moved due date as per agent approved by Sir jay.","1,000","Active","Brgy Carungay
 OK",""
"326","","230214104590","DCA_Romulo_Alonzo","639123456789","1 - Postpaid","Non-Active","February 01, 2023","","1,000","Active","Brgy Carungay Bayambang Pangasinan",""
"327","","230214104591","DCA_Fillealssein_Marcelo","639123456789","1 - Postpaid","Non-Active","February 01, 2023","Nap: 3
 Port: 8
 RECABLE-Ivan/jojo","1,000","Active","Brgy Carungay Bayambang Pangasinan",""
"328","","230214104592","DCA_Marcelina_Flores","639123456789","1 - Postpaid","Non-Active","February 01, 2023","","1,000","Active","Brgy Carungay Bayambang Pangasinan",""
"329","","230214104593","DCA_Naida_Flores","639123456789","1 - Postpaid","Non-Active","February 01, 2023","OK
 Nap4 Port10","1,000","Active","Brgy Carungay Bayambang Pangasinan",""
"330","","230214104594","DCA_Christoper_Abalos","639123456789","15 - Postpaid","Non-Active","February 01, 2023","OLD DD:1
 DC;7
 RC JAN 22 2026-Less 7 days
 NEW DD: 15-clarisse","1,000","Active","Brgy Carungay",""
"331","","230214104595","DCA_Janmarru_Alonzo","639123456789","1 - Postpaid","Non-Active","February 01, 2023","","1,000","Active","Brgy Carungay Bayambang Pangasian",""
"332","","230214104596","DCA_Felomina_Alonzo","639123456789","10 - Postpaid","Non-Active","February 01, 2023","old dd 1 new dd 10","1,000","Active","Bgry Carungay Bayambang Pangasinan",""
"333","","230214104597","DCA_Genirose_Matabang","639639870439","12 - Postpaid","Non-Active","February 01, 2023","old dd 1 new dd 12","1,000","Active","Brgy Carungay Bayambang Pangasinan
 OK",""
"334","","230214104598","DCA_Naymart_Quijalvo","639123456789","4 - Postpaid","Non-Active","February 04, 2023","","1,000","Active","Brgy Carungay Bayambang Pangasinan",""
"335","","230214104599","DCA_Levita_Barcelon","639353972349","12 - Postpaid","Non-Active","February 05, 2023","old dd: 5
 new dd: 12 -moved due date as per agent approved by Sir jay.","1,500","Active","Brgy Carungay Bayambang Pangasinan
 OK",""
"336","","230214104600","DCA_George_Vitacion","639939423972","16 - Postpaid","Non-Active","February 07, 2023","old dd: 7
 new dd: 16-moved due date as per agent approved by Sir jay.","1,000","Active","Brgy Carungay Bayambang Pangasinan
 OK",""
"337","","230214104602","DCA_Patrick_Salvio","639123456789","16 - Postpaid","Non-Active","February 09, 2023","04-26-25 - Agent requested to move due date.
 OLD DD: 9
 NEW DD: 16
 -clarisse
 ========================================
 jUNE 14- dc requested by the agent
 RC-9/6/25","1,000","Active","Brgy Carungay Bayambang Pangasinan",""
"338","","230214104604","CA_Armilyn_Navarro","639123456789","10 - Postpaid","Non-Active","February 10, 2023","","1,000","Active","Brgy Carungay Bayambang Pangasinan",""
"339","","230214104605","DAP_Jiane_Alonzo","639661568454","15 - Postpaid","Non-Active","February 01, 2023","old dd: 1
 new dd: 15-moved due date as per agent approved by Sir jay.","1,000","Active","Brgy Carungay Bayambang Pangasinan
 OK",""
"340","","230214104606","DAP_Owen_Delacruz","639123456789","1 - Postpaid","Non-Active","February 01, 2023","","1,000","Active","Brgy Apalen Bayambang Pangasinan",""
"341","","230214104608","DAP_bhoy_corpuz","639123456789","4 - Postpaid","Non-Active","February 04, 2023","","1,000","Active","Brgy Apalen Bayambang Pangasinan",""
"342","","230214104611","DINI_Jezter_Pacubas","639123456789","12 - Postpaid","Non-Active","February 05, 2023","old dd: 5
 new dd: 12 -moved due date as per agent approved by Sir jay.","1,000","Active","Brgy Inirangan Bayambang Pangasinan",""
"343","","230214104612","DINI_Liza_Peralta","639303002006","16 - Postpaid","Non-Active","February 07, 2023","old dd 7 moved to 16 - requested by Sir Dante
 ===========
 NAPBOX:8
 LCP:1
 Port:1
 recable
 TECHNICIAN:piolo/boss dong","1,000","Active","Brgy Iniranangan Bayambang Pangasinan",""
"344","","230214104613","DINI_Lourdes_Palaming","639959053523","16 - Postpaid","Non-Active","February 02, 2023","OLD DD 7 MOVE TO 16 REQUESTED BY SIR DANTE","1,000","Active","Brgy Inirangan Bayambang Pangasinan
 OK",""
"345","","230214104614","XAM1_Andrea_Villanueva","639506848954","27 - Postpaid","Non-Active","February 06, 2023","==========
 DC 10/10/25
 ================
 June 3, 2026
 Approved adjustment: 7 days isolation.
 Service interruption started on May 28, 2026 at approximately 7:00 PM and was restored on May 31, 2026 at approximately 7:00 AM.
 As compensation for the outage, a 7-day adjustment to the payment schedule has been approved.
 – Clarisse","1,000","Active","BRGY AMBAYAT 1ST BYB PNG",""
"346","","230214104615","XAM1_Rence_Lucero","639702918386","6 - Postpaid","Non-Active","February 06, 2023","","1,000","Active","BRGY AMBAYAT 1ST BYB PNG",""
"347","","230214104616","AM1_Maricel_Bugarin","639399498891","6 - Postpaid","Non-Active","February 06, 2023","","1,000","Active","BRGY AMBAYAT 1ST BYB PNG",""
"348","","230214104617","AM1_Gedion_Naron","639302844282","20 - Postpaid","Non-Active","February 06, 2023","old dd:6/ adjusted 7 days -darz/ new dd: 13
 ===================
 Additional 3 days grace period due to 3 days no connection - hans
 ========
 September 10, 2026 Due Date Adjustment
 additional 7 days due date adjustment due to almost 2 weeks power interruption
 old dd 13
 new dd 20 - hans","1,000","Active","BRGY AMBAYAT 1ST BYB PNG",""
"349","","230214104618","XAM1_Frederick_Delacruz","639082044381","28 - Postpaid","Non-Active","February 06, 2023","","1,000","Active","Purok 3 Brgy Ambayat 1st Bayambang Pangasinan
 OK",""
"350","","230214104619","AM1_Vilma_Fabian","639307204167","4 - Postpaid","Non-Active","February 04, 2023","June 3, 2026
 Approved adjustment: 7 days isolation.
 Service interruption started on May 28, 2026 at approximately 7:00 PM and was restored on May 31, 2026 at approximately 7:00 AM.
 As compensation for the outage, a 7-day adjustment to the payment schedule has been approved.
 – Clarisse","1,000","Active","BRGY AMBAYAT 1ST BYB PNG",""
"351","","230214104620","AM1_Sharon_Laurel","639395229632","14 - Postpaid","Non-Active","February 07, 2023","September 10, 2026 Due Date Adjustment
 additional 7 days due date adjustment due to almost 2 weeks power interruption
 old dd 7
 new dd 14 - hans","800","Active","BRGY AMABYAT 1ST BYB PNG",""
"352","","230214104621","XAM1_Ligaya_Gonzales","639666273579","10 - Postpaid","Non-Active","February 10, 2023","June 3, 2026
 Approved adjustment: 7 days isolation.
 Service interruption started on May 28, 2026 at approximately 7:00 PM and was restored on May 31, 2026 at approximately 7:00 AM.
 As compensation for the outage, a 7-day adjustment to the payment schedule has been approved.
 – Clarisse","1,000","Active","BRGY AMBAYAT 1ST BYB PNG
 OK",""
"353","","230214104622","AM1_Gracelou_Malveda","639070992072","11 - Postpaid","Non-Active","February 11, 2023","OK","800","Active","BRGY AMBAYAT 1ST BYB PNG",""
"354","","230214104623","XMS_Veronica_Masiglat","639563543632","21 - Postpaid","Non-Active","February 05, 2023","OK
 OLD DD: JULY 20
 JULY 23 2025 DC
 rc paid via gcash - AUG 16 2025
 NEW DD:  SEPT 13 2025
 moved due date due to late repair
 NEW DD: SEPT 18 2025
 ==========
 DC 10/22/25 - Ice
 RC 10/23/25 - Ice
 --------------
 JAN 6 2026-CLIENT PAID FOR THE MONTH OF DECEMBER - LATE PAID IN THE SYSTEM ALSO CHECK ON JAN 6 2026 COLLECTION-CLARISSE
 ATTACHED THE ACKNOWLEDGEMENT RECEIPT AS PROOF .
 ----------------------------------
 SEPTEMBER 16 2026 -
 OLD DD: SEPT 20 2026 - ONE DAY NO CONNECTION
 NEW DD:  OCT 21 2026 WITH 4 DAYS GRACE PERIOD  REPAIRED BY TECH NOMEL -CLARISSE","1,000","Active","Manambong Sur Bayambang Pangasinan",""
"355","","230214104627","DPA_Mia_Herrera","639983618175","20 - Postpaid","Non-Active","February 20, 2023","","1,000","Active","295 Purok 3 Brgy Pangdel Bayambang Pangasinan",""
"356","","230214104628","DINI_Boy_Bilaya","639123456789","20 - Postpaid","Non-Active","February 20, 2023","","1,000","Active","Brgy Inirangan Bayambang Pangasinan",""
"357","","230214104629","DPA_Gimmalyn_Fernandez","639664362316","20 - Postpaid","Non-Active","February 20, 2023","OK","1,000","Active","Purok 3 Brgy Pangdel Bayambang Pangasinan",""
"358","","230214104630","DCA_Jovita_Santos","639124535958","29 - Postpaid","Non-Active","February 20, 2023","DC 11/29/25 - Ice (dante rqst)
 RC NOV 29 2025
 NEXT DD DEC 29 2025","1,000","Active","Purok 3 Brgy Carungay Bayambang Pangasinan",""
"359","","230221182960","AM_Icelyn_Garcia","639123456789","16 - Postpaid","Non-Active","February 12, 2023","OK
 old dd : 12 --> new dd: 16
 =======================
 June 3, 2026
 Approved adjustment: 7 days isolation.
 Service interruption started on May 28, 2026 at approximately 7:00 PM and was restored on May 31, 2026 at approximately 7:00 AM.
 As compensation for the outage, a 7-day adjustment to the payment schedule has been approved.
 – Clarisse","1,000","Active","BRGY AMBAYAT 1ST BYB PNG",""
"360","","230221182961","AM1_Ellyniel_Ancheta","639123456789","12 - Postpaid","Non-Active","February 12, 2023","Agent requested to disconnect dated August 18, 2025- EJ
 Agent requested to RC dated August 19, 2025-EJ
 RC- 9/19/25 via gcash
 RC 10/28/25 - Ice
 =============
 DC 11/18/25 - Ice
 RC 11/18/25 - Ice
 ==================================
 June 3, 2026
 Approved adjustment: 7 days isolation.
 Service interruption started on May 28, 2026 at approximately 7:00 PM and was restored on May 31, 2026 at approximately 7:00 AM.
 As compensation for the outage, a 7-day adjustment to the payment schedule has been approved.
 – Clarisse","800","Active","Brgy Ambayat 1st Bayambang Pangasinan",""
"361","","230221182962","AM_Lourdes_Ducusin","639453740133","25 - Postpaid","Non-Active","February 25, 2023","MARCH 23 2026- MAAM SHEI CONFIRMED THAT SHE ONLY PAID 300 FOR LOURDES DUCUSIN ACCOUNT, IT SHOULD BE 1200, DELETE BILL AND REGENERATED THEN ADD 900 BILL TO COMPLETE THE 1200 PAYMENT-CLARISSE","1,500","Active","Brgy Ambayat 1st Bayambang Pangasinan",""
"362","","230221182963","XAM1_Cathy_Pablo","639484343292","19 - Postpaid","Non-Active","February 19, 2023","","1,000","Active","Brgy Ambayat 1st Bayambang Pangasinan",""
"363","","230221182964","AM1_Leizel_Eliang","6396394552416","14 - Postpaid","Non-Active","February 19, 2023","DC MARCH 17 2025 ALDRIN
 RC MARCH 18 2025 ALDRIN
 
 ===============
 DC 10/18/25 - Ma'am She rqst (Ice)
 ==================
 OLD DD: JAN 19 
 DC: JAN 23 2026
 RC- FEB 17 2026
 NEW DD: MARCH 14 2026-CLARISSE","800","Active","BRGY AMBAYAT 1ST BYB PNG",""
"364","","230221182965","XAM1_Alfie_Aquino","639455625300","28 - Postpaid","Non-Active","January 29, 2023","DC MARCH 4 2025
 ==========
 DC 11/3/25 - Ice
 RC 11/3/25 - Ice
 ====================
 June 4,, 2026
 Approved adjustment: 7 days isolation.
 Service interruption started on May 28, 2026 at approximately 7:00 PM and was restored on May 31, 2026 at approximately 7:00 AM.
 As compensation for the outage, a 7-day adjustment to the payment schedule has been approved.
 – Clarisse","1,000","Active","BRGY AMBAYAT 1ST BYB PNG",""
"365","","230221182966","AM1_Tessie_Pablo","639515405741","28 - Postpaid","Non-Active","February 28, 2023","Nap:N/A
 Port:6
 Lcp:N/A
 TECHNICIAN:Marvin V / Ma king D","1,000","Active","BRGY AMBAYAT 1ST BYB PNG",""
"366","","230221182968","AM1_Danilo_Bugarin","639518896652","16 - Postpaid","Non-Active","February 16, 2023","NAPBOX: 8
 LCP:1
 P:6
 TECHNICIAN: Freddie /Aljhan","1,000","Active","Brgy Ambayat 1st Bayambang Pangasinan",""
"367","","230221182970","AM1_Arjean_Deguzman","639468850887","24 - Postpaid","Non-Active","February 24, 2023","June 3, 2026
 Approved adjustment: 7 days isolation.
 Service interruption started on May 28, 2026 at approximately 7:00 PM and was restored on May 31, 2026 at approximately 7:00 AM.
 As compensation for the outage, a 7-day adjustment to the payment schedule has been approved.
 – Clarisse","1,000","Active","Brgy Ambayat 1st Bayambang Pangasinan",""
"368","","230221182972","AM1_Lope_Lucero","639959400880","16 - Postpaid","Non-Active","February 16, 2023","DC 11/19/25 - Ice
 RC 11/19/25 - Ice
 =========================
 June 3, 2026
 Approved adjustment: 7 days isolation.
 Service interruption started on May 28, 2026 at approximately 7:00 PM and was restored on May 31, 2026 at approximately 7:00 AM.
 As compensation for the outage, a 7-day adjustment to the payment schedule has been approved.
 – Clarisse","1,000","Active","BRGY AMBAYAT 1ST BYB PNG",""
"369","","230221182973","AM1_Edwin_Mari","639959405096","16 - Postpaid","Non-Active","February 16, 2023","June 3, 2026
 Approved adjustment: 7 days isolation.
 Service interruption started on May 28, 2026 at approximately 7:00 PM and was restored on May 31, 2026 at approximately 7:00 AM.
 As compensation for the outage, a 7-day adjustment to the payment schedule has been approved.
 – Clarisse","1,000","Active","Brgy Ambayat 1st Bayambang Pangasinan",""
"370","","230221182974","AM1_Mark_Amos","639385629475","20 - Postpaid","Non-Active","February 16, 2023","OK
 PORT: 3
 ==========
 RC 11/20/25 - Ice
 adjusted dd for 3 days due to typhoon
 Old DD 16 new DD 19-ej
 =============================
 June 3, 2026
 Approved adjustment: 7 days isolation.
 Service interruption started on May 28, 2026 at approximately 7:00 PM and was restored on May 31, 2026 at approximately 7:00 AM.
 As compensation for the outage, a 7-day adjustment to the payment schedule has been approved.
 – Clarisse
 ==========================
 September 11 2026
 moved 1 day client repaired by Jeff OLD DD: September 19 2026
 new DD: September 20 2026-Clarisse","1,000","Active","BRGY AMABYAT 1ST BYB PNG",""
"371","","230221182975","AM1_Fredierick_Francisco","639196144574","16 - Postpaid","Non-Active","February 16, 2023","","1,000","Active","BRGY AMBAYAT 1ST BYB PNG",""
"372","","230221182978","XAM2_Ryan_Devera","639152442144","26 - Postpaid","Non-Active","February 19, 2023","September 19, 2026 Due Date Adjustment
 additional 7 days due date adjustment due to almost 2 weeks power interruption
 old dd 19
 new dd 26 - hans","800","Active","AMBAYAT 2ND BYB PNG / 15.772499 120.403197",""
"373","","230221182979","XAM2_Adrian_Ibana","639108091290","28 - Postpaid","Non-Active","December 27, 2023","old due date May 28
 dc june 2 2025- 5 days consume
 rc june 3 2025
 next dd: June 28 2025
 ===============
 RC 10/9/25
 ========
 7/1/26 Isolir adjusted to 7days -lester","1,000","Active","Brgy Ambayat 2nd Bayambang Pangasinan
 OK",""
"374","","230221182980","XAM2_Lanierose_Cayabyab","639517352847","5 - Postpaid","Non-Active","February 05, 2023","04-21-25 - received payment via gcash ref# 3027 957 748 106 for RC-Clarisse
 
 ===============
 DC 10/9/2025
 RC 10/10/2025","1,000","Active","BRGY AMBAYAT 2ND BYB PNG",""
"375","","230221182981","XAM2_Marissa_Balneg","639127222205","12 - Postpaid","Non-Active","February 05, 2023","OK
 September 10, 2026 Due Date Adjustment
 additional 7 days due date adjustment due to almost 2 weeks power interruption
 old dd 5
 new dd 12 - hans","1,000","Active","Brgy Ambayat 2nd Bayambang Pangasinan
 landmark: Malapit sa Amabayat 2nd Chapel di nalalampas ng Elementary School kulay green ang bahay with 2nd floor",""
"376","","230221182982","XAM2_Margarita_Asuncion","639687233390","17 - Postpaid","Non-Active","February 15, 2023","OLD DD: JUNE 15
 DC: JULY 17 2025
 RC:JULY 19 2025
 NEW DD: AUG 17 2025
 ==========
 DC 10/22/25 - Ice
 RC 10/23/25 - Ice
 =====
 old DD 17
 DC 11/20/25 - Ice
 RC 11/20/25-EJ","1,000","Active","BRGY AMBAYAT 2ND BYB PNG",""
"377","","230221182987","XAM1_Merry_Naron","639123456789","8 - Postpaid","Non-Active","February 15, 2023","DC MARCH 17 2025 ALDRIN
 RC MARCH 17 2025 ALDRIN 
 04-21-25 
 client requested to DC her account. - Clarisse
 
 9 DUE DATE
 april 21 2025 DC
 may 11 2025 RC
 NEXT DD: JUNE 01
 ===============================
 une 3, 2026
 Approved adjustment: 7 days isolation.
 Service interruption started on May 28, 2026 at approximately 7:00 PM and was restored on May 31, 2026 at approximately 7:00 AM.
 As compensation for the outage, a 7-day adjustment to the payment schedule has been approved.
 – Clarisse
 =============
 September 10, 2026 Due Date Adjustment
 additional 7 days due date adjustment due to almost 2 weeks power interruption
 old dd 1
 new dd 8 - hans","800","Active","Brgy Ambayat 1st Bayambang Pangasinan",""
"378","","230221182988","AM1_Vangie_Ferrer","639123456789","10 - Postpaid","Non-Active","February 06, 2023","April 03 2025- DC
 April 04-RC
 APRIL 04- RECEIVED MARCH PAYMENT VIA GCASH.
 -CLARISSE
 ==========
 NOV 6 OLD DD
 DELETE NOV,DEC AND JAN BILL FOR UPDATE
 RC JAN 13 2026
 NEW DD: FEB 13 2026- Clarisse
 =================================
 June 3, 2026
 Approved adjustment: 7 days isolation.
 Service interruption started on May 28, 2026 at approximately 7:00 PM and was restored on May 31, 2026 at approximately 7:00 AM.
 As compensation for the outage, a 7-day adjustment to the payment schedule has been approved.
 – Clarisse
 ==============
 September 14, 2026 RECONNECTION
 old dd 13
 new dd 10 - Hans","1,000","Active","BRGY AMBAYAT 1ST BYB PNG",""
"379","","230221182991","XAMS_Shiryl_Pinto","639123456789","15 - Postpaid","Non-Active","February 15, 2023","","1,000","Active","Brgy Amangcosiling Sur Bayambang Pangasinan",""
"380","","230221182992","XAMS_Weng_Cayabyab","639123456789","15 - Prepaid","Non-Active","February 15, 2023","11/16= paid via cash sa head office received by Darwin mali ang account name na naibigay kaya late tagged ng payment sa system already verified kay client =Clarisse
 RECON. DEC 20, 2025-DARZ","2,000","Active","Brgy Amangcosiling Sur Bayambang Pangasinan",""
"381","","230221182993","XAMS_arlene_favi","639300204225","10 - Postpaid","Non-Active","February 15, 2023","RC 10/27/25 - Ice from (Clearing)
 ========
 DC 04/19/2026
 RC 05/14/2026
 OLD DD 14
 NEW DD 10
 NEXT DD 06/10/2026 - HANS","1,000","Active","Brgy Amangcosiling Sur Bayambang Pangasinan",""
"382","","230221182994","XAMS_Aila_Favi","639123456789","15 - Postpaid","Non-Active","February 15, 2023","==============
 DC 11/19/25 - Ice
 RC 11/19/25 - Ice","1,000","Active","Brgy Amangcosiling Sur Bayambang Pangasinan
 OK",""
"383","","230221182998","XAMS_Conrado_Junio","639924259425","1 - Postpaid","Non-Active","February 20, 2023","==============
 OLD DD:20
 DC 10/23/25 - Ice
 RC 11/3/25 - Ice
 NEW DD: NOVEMBER 30
 ============
 DC 11/25/25 - Ice
 RC 11/25/25 - Ice
 ==============
 APRIL 30 RC
 FOR DELETE FEB AND MARCH 
 NEW DD MAY 26 2026-CLARISSE
 =====================
 June 1, 2026
 Approved adjustment: 7 days isolation.
 Service interruption started on May 28, 2026 at approximately 7:00 PM and was restored on May 31, 2026 at approximately 7:00 AM.
 As compensation for the outage, a 7-day adjustment to the payment schedule has been approved.
 – Clarisse
 ==========
 DC 05/30/2026
 RC 06/08/2026
 OLD DD 26
 =================
 R-JULY 28 2026
 NEW DD: AUGUST 28 2026-CLARISSE
 ==========
 September 4, 2026 RECONNECTION
 old dd 28
 new dd 1 - hans","1,000","Active","Brgy Amangcosiling Sur Bayambang Pangasinan",""
"384","","230221182999","XAMS_Agnes_Pinto","639563587490","1 - Postpaid","Non-Active","February 26, 2023","==========
 DC 10/29/25 - Ice
 RC 10/29/25 - Ice
 -------------------
 12/1/25 CLIENT PAID 1165 FOR ADJUSTMENT OF NEW DD
 NEXT DD:JAN 01 2025
 ===========
 Additional 3 days grace period due to 3 days no connection- hans","1,000","Active","Brgy Amangcosiling Sur Bayambang Pangasinan",""
"385","","230221183000","XAMS_Ronald_Junio","639937360791","28 - Postpaid","Non-Active","February 18, 2023","Every 30 Payment.
 ==========
 DC 11/3/25 - Ice
 RC 11/3/25 - Ice
 ----------
 6/30/26 Isolir Adjusted to 7days -lester","1,000","Active","Brgy Amangcosiling Sur Bayambang Pangasinan",""
"386","","230221183001","XAMS_Corazon_Barrameda","639294503795","28 - Postpaid","Non-Active","February 25, 2023","August 21 2026 - Repaired adjusted 2 days -
 New DD"" sEPTEMBER 28 2026-cLARISSE","1,000","Active","Brgy Amangcosiling Sur Bayambang Pangasinan
 OK",""
"387","","230221183002","XAMS_Joselyn_Pascual","639123456789","3 - Postpaid","Non-Active","February 26, 2023","OLD DD 26
 
 DC 26
 RC JAN 3 2026
 NEW DD IS 3
 NEXR DD FEB 3 2026-CLARISSE
 ==========
 Grace period adjusted - hans","1,000","Active","Brgy Amangcosiling Sur Bayambang Pangasinan",""
"388","","230221183003","XAMS_Ofelia_Gomez","639217071728","26 - Postpaid","Non-Active","February 26, 2023","","1,000","Active","Brgy Amangcosiling Sur Bayambang Pangasinan",""
"389","","230221183004","XAMS_Joshua_Pinto","639123456789","9 - Postpaid","Non-Active","February 01, 2023","========
 DC 12/5/25 - Ice
 RC 12/5/25 - Ice
 ------------------------
 SEPT 23 2026
 old dd: 6
 OCT 9 2026 - NEW DD OF THE CLIENT-CLARISSE","1,000","Active","Brgy Amangcosiling Sur Bayambang Pangasinan",""
"390","","230221183005","XAMS_Ernesto_Ocampo","639633745499","8 - Postpaid","Non-Active","May 28, 2024","OK
 29 old due date
 august 1 2025 dc
 august 5 2025 rc
 new due date september 3 
 FOR DELETE OF AUG.BILLING
 
 ===============
 new dd:30
 ===========
 OLD DD 28
 New DD 1 - hans","1,000","Active","Brgy Amangcosiling Sur Bayambang Pangasinan",""
"391","","230221183006","XAMS_Baby_Erguiza","639099671063","8 - Postpaid","Non-Active","February 08, 2023","Nap3 Port11","500","Active","Brgy Amangcosiling Sur Bayambang Pangasinan",""
"392","","230221183008","XCS_Gwen_Abagat","639218690364","28 - Postpaid","Non-Active","February 15, 2023","04-08-25
 Client provide a payment amounting 2000 Gcash ref#9025394768645 dated Feb 05 2025. (2 months coverage)
 for verification before recon.
 -Clarisse
 old DD 19
 =========
 DC 11/19/25 - Ice
 RC 11/19/25 - Ice
 old dd:23/adjusted 7 days/ new dd: 30 - darz","1,000","Active","Brgy Cadre Bayambang Pangasinan",""
"393","","230221183009","DCA_magdalena_alonzo","639123456789","22 - Postpaid","Non-Active","February 22, 2023","","1,000","Active","Brgy Carungay Bayambang Pangasinan",""
"394","","230221183010","DCA_Marilou_Publico","639123456789","7 - Postpaid","Non-Active","February 27, 2023","September 11, 2026 Reconnection
 old dd 27
 new dd 7 - hans","1,000","Active","Brgy Carungay Bayambang Pangasinan",""
"395","","230221183011","DCA_kris_reyes","639123456789","28 - Postpaid","Non-Active","February 27, 2023","OLD DD: 27 (05/28/26= 3 DAYS NO INTERNET/ NEW DD:   4   -DARZ)
 
 July 9 2026
 Agent requested to bring back the old DD of the client which is every 28th of the month then unpaid the july bill-Clarisse","1,000","Active","Brgy Carungay Bayambang Pangasinan",""
"396","","230221183012","DCA_Cherry_Opena","639123456789","27 - Postpaid","Non-Active","February 27, 2023","","1,000","Active","Brgy Carungay Bayambang Pangasinan",""
"397","","230221183013","DCA_wilma_laresma","639123456789","11 - Postpaid","Non-Active","February 11, 2023","","1,000","Active","Brgy Carungay Bayambang Pangasinan
 OK",""
"398","","230221183014","DCA_Teresita_Parana","639123456789","21 - Postpaid","Non-Active","February 21, 2023","OK
 04-26-25 - Agent requested to move due date.
 OLD DD: 21
 NEW DD: 30","1,000","Active","Brgy Carungay Bayambang Pangasinan",""
"399","","230221183015","Carungay_Elementary_School","639123456789","25 - Postpaid","Non-Active","February 25, 2023","","1,500","Active","Brgy Carungay Bayambang Pangasinan",""
"400","","230221183016","DAP_Jomar_Evangelista","639081959798","25 - Postpaid","Non-Active","February 10, 2023","Feb 28 2026- upgarde from 1500 to 2000 plan- clarisse","2,000","Active","Brgy Apalen Bayambang Pangasinan",""
"401","","230221183017","DCA_Cathjay_Aquino","639123456789","28 - Postpaid","Non-Active","February 07, 2023","","1,000","Active","Brgy Carungay Bayambang Pangasinan",""
"402","","230221183018","CA_Lloyd_Angelo_Alonzo","639123456789","28 - Postpaid","Non-Active","September 23, 2022","","1,000","Active","Brgy Carungay Bayambang Pangasinan",""
"403","","230221183019","DCA_Richard_Alonzo","639123456789","21 - Postpaid","Non-Active","October 21, 2022","MARCH 10 2025 DC","1,000","Active","Brgy Carungay Bayambang Pangasinan",""
"404","","230221183020","DCA_Jenny_Asuncion","639123456789","30 - Postpaid","Non-Active","October 21, 2022","","1,000","Active","Brgy Carungay Bayambang Pangasinan",""
"405","","230221183023","DSG1_Rea_Gomez","639661420794","21 - Postpaid","Non-Active","February 21, 2023","RC 10/25/25 - Ice","1,000","Active","PUROK 5 BRGY SANGABRIEL 1ST BYB PNG",""
"406","","230221183024","DCA_johnnalyn_naranja","639123456789","17 - Postpaid","Non-Active","November 17, 2022","Nap: 6
 Port: 3
 Technicians: Piolo/Jerome
 Assisted by: Edwin (repair)","1,000","Active","Brgy Carungay Bayambang Pangasinan",""
"407","","230221183025","DCA_Tito_Parana","639567454184","24 - Postpaid","Non-Active","November 24, 2022","Nap: 6
 Port: 4
 Technicians: Piolo/Jerome
 Assisted by: Edwin (repair)","1,000","Active","Brgy Carungay Bayambang Pangasinan",""
"408","","230221183026","DAM1_Frederic_Manalang","639123456789","28 - Postpaid","Non-Active","November 21, 2022","Unpaid Oct Bill..
 Delete oct Bill: Nov 4, 2025..
 DC Nov 4, 2025..","1,000","Active","BRGY AMBAYAT 1ST BYB PNG
 
 
 
 .....",""
"409","","230221183027","DCA_Beatriz_Bacuno","639123456789","30 - Postpaid","Non-Active","December 20, 2022","","1,000","Active","Brgy Carungay Bayambang Pangasinan",""
"410","","230221183028","DAP_Arturo_Lapitan","639123456789","26 - Postpaid","Non-Active","January 26, 2023","","1,000","Active","Brgy Carungay Bayambang Pangasinan",""
"411","","230221183029","DAP_Renor_Arenas","639123456789","26 - Postpaid","Non-Active","January 22, 2023","","1,000","Active","Brgy Apalen Bayambang Pangasinan",""
"412","","230221183030","DCA_Grace_Garcia","639123456789","27 - Postpaid","Non-Active","January 27, 2023","Lcp:1
 Nap:3
 Port:3","1,000","Active","Brgy Carungay Bayambang Pangasinan
 OK",""
"413","","230221183031","DCA_Reyvilyne_Buraga","639123456789","25 - Postpaid","Non-Active","January 25, 2023","","1,000","Active","Brgy Carungay Bayambang Pangasinan",""
"414","","230221183032","DCA_Joshua_Corpuz","639123456789","18 - Postpaid","Non-Active","February 20, 2023","OK
 DC 03/10/2026
 RC 03/24/2026
 OLD DD 30
 NEW DD 15
 NEXT DD 04/15/2026 - HANS
 ========================
 may 29 2026
 OLD DD: 15
 NEW DD: 17
 2 DAYS NO CONNECTION-CLARISSE","1,000","Active","Brgy Carungay Bayambang Pangasinan",""
"415","","230221183033","DCA_Jojo_Asuncion","639123456789","30 - Postpaid","Non-Active","February 20, 2023","OL DD 20 MOVED TO 30","1,000","Active","Brgy Carungay Bayambang Pangasinan",""
"416","","230221183034","DCA_noel_andres","639123456789","29 - Postpaid","Non-Active","February 20, 2023","","1,000","Active","Brgy Carungay Bayambang Pangasinan",""
"417","","230221183036","DCA_Joy_Quinit","639123456789","22 - Postpaid","Non-Active","April 22, 2022","","1,000","Active","Brgy Carungay Bayambang Pangasinan",""
"418","","230221183038","DHE_Elvie_Gascon","639123456789","25 - Postpaid","Non-Active","November 25, 2022","","1,000","Active","Brgy Hermosa Bayambang Pangasinan",""
"419","","230221183039","XID_Arlene_Valenzuela","639695796346","22 - Postpaid","Non-Active","February 22, 2023","============
 DC 11/25/25 - Ice(DC of DD 19 - 22)
 RC 11/25/25 - Ice","1,000","Active","Brgy Idong Bayambang Pangasinan",""
"420","","230221183041","DAP_Sonia_Mangampat","639279871164","30 - Postpaid","Non-Active","February 22, 2023","","1,000","Active","Purok 3 Brgy Apalen Bayambang Pangasinan",""
"421","","230221183042","XPA_Pina_Cervantes","639451260146","23 - Postpaid","Non-Active","November 01, 2023","============
 DC 11/27/25 - Ice (DD of 23-24)
 RC 11/27/25 - Ice","1,000","Active","Purok 2 Brgy Pangdel Bayambang Pangasinan",""
"422","","230221183047","XMS_Wilma_Lasquite","639757207163","6 - Postpaid","Non-Active","August 05, 2023","OK
 Feb 9- client resoled the 1 day no conenction new DD is every 6th of the month-Clarisse","1,000","Active","Brgy Manambong Sur Bayambang Pangasinan",""
"423","","230221183049","XID_Luisito_Baula","639392074180","15 - Postpaid","Non-Active","February 15, 2023","==============
 DC 10/21/25 - Ice
 RC 10/21/25 - Ice","1,000","Active","Brgy Idong Bayambang Pangasinan
 OK",""
"424","","230221183050","XSV_Meilyn_Delacruz","639369049617","24 - Postpaid","Non-Active","February 24, 2023","==========
 DC 10/28/25 - Ice
 RC 10/28/25 - Ice","1,000","Active","Purok 1 San Vicente Bayambang Pangasinan",""
"425","","230221183051","TPU_Hazel_Catabay","639123456789","30 - Postpaid","Non-Active","February 22, 2023","","1,000","Active","Brgy Pugo Bayambang Pangasinan",""
"426","","230221183052","TPU_Loida_Laza","639123456789","25 - Postpaid","Non-Active","February 25, 2023","Nap7 Port8","1,000","Active","Brgy Pugo Bayambang Pangasinan
 OK",""
"427","","230221183053","TSV_Lyka_Sison","639123456789","24 - Postpaid","Non-Active","September 24, 2022","","1,000","Active","Brgy Bungkulan San Vicente BAyambang Pangasinan",""
"428","","230221183054","XID_Grace_Derit","639100171313","23 - Postpaid","Non-Active","February 23, 2023","","1,000","Active","Brgy Idong Bayambang Pangasinan",""
"429","","230221183056","XAM1_Jonalyn_Dioquino","639922488424","27 - Postpaid","Non-Active","February 27, 2023","","1,000","Active","Ambayat 1st Bayambang Pangasinan
 OK",""
"430","","230221183057","DSV_Ernesto_Balderas","639958254855","28 - Postpaid","Non-Active","February 27, 2023","","1,000","Active","Purok 2 Brgy San Vicente Bayambang Pangasinan",""
"431","","230221183058","XTA_Paulino_Baldelomar","639297063758","28 - Postpaid","Non-Active","December 17, 2023","DC MARCH 14 2025  ALDRIN
 RC MARCH 16 2025 ALDRIN
 
 XTA_Paulino_Baldelomar
 27 OLD DUE DATE
 JULY 30 2025 DISCONNECTED
 AUGUST 3 2025 RECONNECTED
 
 new due date 30 please note thank you
 ==========
 DC 11/3/25 - Ice
 RC 11/4/25 - Ice","1,000","Active","Purok 1 Brgy Tatarac Bayambang Pangasinan",""
"432","","230228204202","AM1_Glyza_Ancheta","639123456789","26 - Postpaid","Non-Active","March 26, 2023","","800","Active","BRGY AMBAYAT 1ST BYB PNG",""
"433","","230228204203","DDU_Angelito_Gozum","639276335623","28 - Postpaid","Non-Active","February 28, 2023","","1,000","Active","#6 Dumlao St Brgy Dusoc Bayambang Pangasinan",""
"434","","230228204204","DAM1_Francisco_Manalang","639127219899","28 - Postpaid","Non-Active","February 28, 2023","7/12/26 Done Pullou Modem/Unpluged port12 -piolo/marvin
 ==========
 Reconnection July 28, 2026 - hans","1,000","Active","11 PUROK 2 BRGY AMBAYAT BYB PNG
 OK",""
"435","","230301193433","MTA_Sabina_Asuncion","639386890346","4 - Postpaid","Non-Active","March 01, 2023","OK
 old dd: 1/new dd:4/ 3 days no internet-darz","1,000","Active","Patri ST Brgy Tatarac Bayambang Pangasinan",""
"436","","4900002","XTAN_Florencia_Espanto","639097603013","28 - Postpaid","Non-Active","March 20, 2023","adjusted 5 days dd due to typhoon old DD 11/20 new DD 11/25-ej
 =========
 3 days due date adjusted - hans","1,000","Active","1 centro Tanolong Bayambang Pangasinan",""
"437","","4900004","XPA_Rowena_Duenas","639927147033","2 - Postpaid","Non-Active","March 02, 2023","Nap 4 Port 16
 ========
 DC 11/7/25 - Ice
 RC 11/8/25 - Ice","1,000","Active","Purok 2 Brgy Pangdel Bayambang Pangasinan",""
"438","","4300001","XMN_Marlyn_Diaz_House","639100091531","10 - Postpaid","Non-Active","March 04, 2023","Nap1 Port 14
 RC- 9/10/25
 New DD- 10/10/25
 ==========
 DC 10/16/25 - Ice
 RC 10/17/25 - Ice
 =================
 APRIL 11 2026 - THIS IS THE CLIENTS ACTIVE ACCOUNT AS OF THE MOMENT CONFIRMED VIA FB PAGE.","1,000","Active","106 Brgy Manambong Norte Bayambang Pangasinan
 
 UNPAID MARCH
 DC 21
 RECON DEC 4,2024",""
"439","","230301193436","XAM1_Yvonne_Sison","639086738854","1 - Prepaid","Non-Active","March 04, 2023","RE-Installation 10/1/25
 ===================
 June 3, 2026
 Approved adjustment: 7 days isolation.
 Service interruption started on May 28, 2026 at approximately 7:00 PM and was restored on May 31, 2026 at approximately 7:00 AM.
 As compensation for the outage, a 7-day adjustment to the payment schedule has been approved.
 – Clarisse","800","Active","Purok 1 Brgy Ambayat 1st Bayambang Pangasinan
 ==================",""
"440","","2000001","XBUA_Alfredo_Mangrobang","639295659654","15 - Postpaid","Non-Active","March 15, 2023","","600","Active","BRGY BUAYAEN BYB PNG",""
"441","","2000002","XBUA_Michael_Malicdem","639100829720","28 - Postpaid","Non-Active","March 15, 2023","June 09 2026
 - start of 1500 payment from Month of May to July 2026,
 August - back to normal 799 plan-clarisse
 OLD DD: 15
 NEW DD: 28","799","Active","BRGY BUAYAEN BYB PNG",""
"442","","230301193437","AM1_Analyn_Alejo_Jepa","639666452735","6 - Postpaid","Non-Active","March 06, 2023","June 3, 2026
 Approved adjustment: 7 days isolation.
 Service interruption started on May 28, 2026 at approximately 7:00 PM and was restored on May 31, 2026 at approximately 7:00 AM.
 As compensation for the outage, a 7-day adjustment to the payment schedule has been approved.
 – Clarisse","1,000","Active","PUROK 1 BRGY AMBAYAT 1ST BYB PNG",""
"443","","2600001","TDA_Kathrina_Cayabyab","639929124028","27 - Postpaid","Non-Active","February 27, 2023","OK
 Port-7","1,000","Active","45 Purok 1 Brgy Darawey Bayambang Pangasinan",""
"444","","4100001","TPU_Ruby_Torres","639664022739","27 - Postpaid","Non-Active","February 27, 2023","","1,000","Active","Brgy Pugo Bayambang Pangasinan",""
"445","","600001","XAM2_Daniel_Basilio","639307207847","11 - Postpaid","Non-Active","March 11, 2023","OK
 09517352847","1,000","Active","Ambayat 2nd",""
"446","","4900007","XPA_Jonalyn_Libao","63939481806","12 - Postpaid","Non-Active","March 12, 2023","LCP1NP3P5
 =============
 DC 11/18/25 - Ice
 ==========
 Additional 3 days grace period due to 3 days no connection - hans","1,000","Active","DIKE ROAD BRGY PANGDEL BYB PNG",""
"447","","7000002","XWA_Lolita_Todio","639457965071","21 - Postpaid","Non-Active","March 14, 2023","==============
 DC 10/20/25 - Ice
 RC 10/20/25 - Ice
 old dd:14/adjusted 7 days/ new dd: 21-darz","1,000","Active","Wawa Bayambang Pangasinan",""
"448","","2400001","DCA_Chona_Quijano","639927009052","14 - Postpaid","Non-Active","March 14, 2023","OK
 Port 12","1,000","Active","Purok 6 Carungay Bayambang Pangasinan",""
"449","","2400002","DCA_Loreto_Rosales","639300563580","28 - Postpaid","Non-Active","March 14, 2023","OK
 Nap8 port11
 04-22-25- Agent send payment via gcash ref#9027 974 050834 amounting 2,700 
 3 customer covered: DCA_Mellany_Ragasa
 DCA_Loreto_Aduca_Rosales
 DHE_Rita_Jimenez_Flores
 -Clarisse
 
 04-26-25 - Agent requested to move due date. DCA_Loreto_Aduca_Rosales
 OLD DD: 14
 NEW DD: 23 -Clarisse","1,000","Active","Purok 6 Brgy Carungay Bayambang Pangasinan",""
"450","","230217144157","XSV_Estrella_Arenas","639663356870","26 - Postpaid","Non-Active","March 15, 2023","DC 10/21/25 - Ice (late Remarks)
 old dd""15
 11/15- remit by Sir Jhun november payment
 11/15 no connection
 11/22 restored 7 days
 next dd""December 22 2025
 ============================
 MARCH 27,2026- Client knew that his due date is every 26th of the month- Clarisse","1,000","Active","10 Purok 3 Brgy San Vicente Bayambang Pangasinan",""
"451","","600002","XCB_Joy_German","639300005644","10 - Postpaid","Non-Active","March 28, 2024","Lcp:1
 Nap:7
 Port:1
 TECHNICIAN:Jeff / Ma king D - 04/22/2026
 =====
 OLD DD: 16
 Days exceed  17 18 19 20 21 22 = 6days
 DISCONNECTED APRIL 23 2025
 RECONNECTED MAY 18 2025
 NEW DD: JUNE 13
 =============
 DC 11/18/25 - Ice
 RC 11/22/25 - Ice
 ---------------
 RC 12/23/25
 =========
 DC 01/27/2026
 RC 04/22/2026
 OLD DD 23
 NEW DD 22
 NEXT DD 05/22/2026 - HANS
 =============
 july 10 2026- recon for delete of MAY AND JUNE 2026 BILL
 NEW DD: EVERY 10TH OF THE MONTH-CLARISSE","1,000","Active","Purok 1 Brgy Cabayaosan Mangatarem Pangasinan
 
 UNPAID SEPT 
 DC OCT 10
 Recon OCT 10",""
"452","","4300003","XMN_Magelyn_Junio","639511788879","24 - Postpaid","Non-Active","March 16, 2023","DC:MARCH 20-RC:MARCH 22- NEW DD:18 - DARZ
 DC:22/RC:24/NEW DD: 21-DARZ
 May 18 2026- client knows that her Due date is every 24th-Clarisse","1,000","Active","MANAMBONG NORTE BYB PNG",""
"453","","3000001","XID_Jamaica_Junio","639211530808","2 - Postpaid","Non-Active","March 30, 2023","DC MARCH 13 2025 ALDRIN
 
 =====================
 OLD DUE DATE 24
 DC-04-28-25-DC- 4 days
 AUGUST 1 2025 RC ALDRIN 
 NEW DUE DATE  AUGUST 28 
 ==========
 Old 10/28
 DC 11/3/25 - Ice
 5 days consumed
 RC 6
 New DD 12/1-EJ
 for Delete Oct. Bill
 DC:DEC.1,2025/RECON DEC.31,2025/ NEW DD:DEC.31 CHANGED TO 28-DARZ
 =========
 DC 01/29/2026
 RC 03/12/2026
 OLD DD 25
 NEW DD 8
 NEXT DUE 04/12/2026 - HANS
 =========
 DC 04/16/2026
 RC 06/06/2026
 OLD DD 12
 NEW DD 2 - Hans","1,000","Active","Brgy Idong Bayambang Pangasinan",""
"454","","400001","XAMS_Lorenzo_Ventura","639123456789","10 - Postpaid","Non-Active","March 31, 2023","DC MARCH 13 2025 ALDRIN
 OLD DD: MAY 30
 NO DC- 2 DAYS CONSUME
 NEW DD: JUNE 30
 ======================
 pa dc july 2 july 3 rc 
 due date 30
 
 ==========
 DC 11/3/25 - Ice
 RC 11/4/25 - Ice
 =========================
 June 4, 2026
 Approved adjustment: 7 days isolation.
 Service interruption started on May 28, 2026 at approximately 7:00 PM and was restored on May 31, 2026 at approximately 7:00 AM.
 As compensation for the outage, a 7-day adjustment to the payment schedule has been approved.
 – Clarisse
 ==========================
 July 09, 2026
 -update due date due 28-clarisse
 =======================
 JULY 27 2026
 - NEW DUE DATE IS AUGUST 10 2026  as the client keep on claiming the no of days that needs to be compensated during the service interruption -CLARISSE CONFIRMED VIA CALL 3:59PM.","1,000","Active","Brgy Amangcosiling Sur Bayambang Pangasinan",""
"455","","400002","XAMS_Madel_Pinto","639209637976","15 - Postpaid","Non-Active","March 15, 2023","04-29-25- PAID until DEC 2025-CLARISSE","2,000","Active","Brgy Amangcosiling Sur Bayambang Pangasinan",""
"456","","400003","XAMS_Meriam_Erguiza","639706450482","20 - Postpaid","Non-Active","March 20, 2023","DC MARCH 13 2025 ALDRIN
 
 ============
 DC 11/25/25 - Ice
 RC 11/25/25 - Ice","1,000","Active","Brgy Amangcosiling Sur Bayambang Pangasinan",""
"457","","230301193438","XAM1_Maricel_Manalang","639995804250","5 - Postpaid","Non-Active","September 05, 2022","Port:14","1,000","Active","Brgy Amabayat 1st Bayambang Pangasinan
 OK",""
"458","","7000003","TWA_Sandy_Devera","639123456789","21 - Postpaid","Non-Active","March 15, 2023","OLD DD: 9
 NEW DD: 21 DUE TO TYPHOON UWAN CONFIRMED BY SIR JHUN=CLARISSE","800","Active","Brgy Wawa Bayambang Pangasinan",""
"459","","5400001","TRE_Jhun_Torres","639123456789","28 - Prepaid","Non-Active","March 15, 2023","Nap: 5
 Port: 2
 Technicians: Piolo/Jerome","1,000","Active","reynado bayambang pangasinan",""
"460","","4900008","MPA_Virginia_Abalos","639487338787","27 - Postpaid","Non-Active","March 18, 2023","NAP 4
 LCP 1
 PORT 7
 old dd:20/ adjusted 7 days/ new dd: 27 -darz","1,000","Active","#270 Brgy Pangdel Bayambang Pangasinan
 OK",""
"461","","6500002","MTA_Felix_Corpuz","639503344880","9 - Postpaid","Non-Active","March 15, 2023","nap8 port1
 MAY 31- PAID VIA CASH REMIT (FOR PAID MONTH OF JUNE) 
 every 30th of the month ang Due date.
 
 AUGUST 29-NWLAN NG CONNECTION Upon checking bayad sya ng August 02 2025- via cash remit moved due date due to early dc. 
 new dd: Sept 02 2025
 =============================================
 June 1, 2026
 Approved adjustment: 7 days 
 Service interruption started on May 28, 2026 at approximately 7:00 PM and was restored on May 31, 2026 at approximately 7:00 AM.
 As compensation for the outage, a 7-day adjustment to the payment schedule has been approved.
 old dd: 1
 newdd: 9
 – Clarisse","1,000","Active","Brgy Tatarac Bayambang Pangasinan
 OK",""
"462","","2400003","DCA_kritoffer_abalos","639123456789","21 - Postpaid","Non-Active","March 21, 2023","","1,000","Active","Carungay Bayambang Pangasinan",""
"463","","2900002","DHE_Elma_Solis","639070527900","30 - Prepaid","Non-Active","February 23, 2023","","1,000","Active","Brgy Hermoza Bayambang Pangasinan",""
"464","","4900010","DPA_Teresita_Abalos","639517351540","25 - Prepaid","Non-Active","March 25, 2023","","1,000","Active","Dike Road Pangdel Bayambang Pangasinan",""
"465","","4900011","DPA_Feliciano_Asuncion","639161577926","25 - Prepaid","Non-Active","March 25, 2023","","1,000","Active","129 Pangdel Bayambang Pangasinan",""
"466","","4900012","DPA_Antonio_Junio","639934564297","25 - Prepaid","Non-Active","March 25, 2023","","1,000","Active","328 Pangdel Bayambang Pangasinan",""
"467","","2900003","DHE_Dennis_Carolino","639276463144","25 - Prepaid","Non-Active","March 25, 2023","OK","1,000","Active","Purok 5 Brgy Hermoza Bayambang Pangasinan",""
"468","","6400001","DTN_Michelle_Martinez","639706468857","25 - Prepaid","Non-Active","March 25, 2023","OK","1,000","Active","147 centro tanolong bayambang pangasinan",""
"469","","5300005","TPU_Milania_Piol","639994161059","21 - Prepaid","Non-Active","March 21, 2023","OK","1,000","Active","105 Purok 3 Brgy Pugo Bayambang Pangasinan",""
"470","","5300006","TPU_Agnes_Torres","639452301175","25 - Prepaid","Non-Active","March 25, 2023","05-02-25 - Requested to moved due date
 from 25 to 15th of the month-Clarisse","1,000","Active","Purok 3 Brgy Pugo Bayambang Pangasinan",""
"471","","3300001","XIT_Edison_Casingal","639301466990","6 - Prepaid","Non-Active","March 25, 2023","port 3
 nap 5
 
 OLD DD:  mARCH 25.2025
 APRIL 09 DC-CLARISSE
 Consume days: 15
 APRIL 23 PAID VIA CASH
 delete april billing
 Need to adjust New DD: May 09 2025, -Clarisse
 ============
 DC 10/14/25 - Ice
 RC 10/16/25 - Ice
 ========
 DC 11/17/25 - Ice
 RC- DEC 05 2025 paid the adjustment fee NEW DD= JANUARY 5 2025
 new dd:6-darz","1,000","Active","Brgy Iton Bayambang Pangasinan
 OK",""
"472","","5100001","XPAR_Benjamin_Bautista","639770864058","25 - Prepaid","Non-Active","March 25, 2023","","1,000","Active","#2 Paragos Bayambang Pangasinan",""
"473","","230327180710","XTE_Rolando_Fausto","639465035271","1 - Prepaid","Non-Active","March 27, 2023","NAPBOX: 2
 LCP: 1
 PORT:1
 TECHNICIAN: Jeff,John
 =============
 September 24, 2026
 Instead of rebates client choose to move his due date
 old dd 27
 new dd 1
 next payment November 1, 2026 - hans","1,000","Active","PUROK 4 TELBANG BYB PNG",""
"474","","230327180711","XTE_Helen_Diaz","639487457207","24 - Prepaid","Non-Active","March 24, 2023","","1,000","Active","192 PUROK 4 TELBANG BYB PNG",""
"475","","600003","XAM2_Aiko_Transfiguracion","639674702290","27 - Prepaid","Non-Active","March 24, 2023","april 29- DC
 
 Client paid last April 24,2025
 NEW DD: MAY 27 2025 -CLARISSE
 ==========
 DC 10/30/25 - Ice","1,000","Active","Ambayat 2nd Bayambang Pangasinan",""
"476","","600004","XAM2_Ricky_Isip","639859075480","21 - Prepaid","Non-Active","March 24, 2023","OK
 Nap 7
 OLD DD: MARCH 24
 APRIL 09- DC -CLARISSE- 16 DAYS
 NEED TO SETTLE 1,528 
 RC-JUNE 10 PAID VIA GCASH
 NEW DD: JULY 10,2025
 ---------------------
 old dd:10
 dc 20
 rc 25
 new dd:15
 DC: March 19/RC: April 23/ NEW DD: 23 (Downgrade from 1000 to 800) - darz
 ==========
 Reconnection July 2, 2026
 New DD: 2 - hans
 ==========
 August 22, 2026 RECONNECTION
 Old dd 2
 new dd 18 - hans
 ===============
 August 23 2026
 OLD DD"" 18
 NEW DD: 21  moved 1 day due date due to repair - Clarisse
 ---------------------|","799","Active","PUROK 3 AMBAYAT 2ND BYB PNG",""
"477","","2900004","DHE_Miralyn_Abalos","639070523048","24 - Prepaid","Non-Active","March 24, 2023","","1,000","Active","Purok 3 Brgy Hermoza Bayambang Pangasinan",""
"478","","5400003","DRE_Romeo_Ventura","639123456789","28 - Prepaid","Non-Active","March 28, 2023","","1,000","Active","Purok 2 Brgy Reynado Bayambang Pangasinan
 OK",""
"479","","2900006","DHE_Liza_Giron","639507201293","28 - Prepaid","Non-Active","March 30, 2023","","1,000","Active","264 Purok 4 Brgy Hermoza Bayambang Pangasinan",""
"480","","2900007","DHE_Jovita_Mamongay","639384364218","28 - Prepaid","Non-Active","March 30, 2023","","1,000","Active","Purok 4 Brgy Hermoza Bayambang Pangasinan",""
"481","","2900008","DHE_Romeo_Castro","639482193523","28 - Prepaid","Non-Active","March 30, 2023","Port11","1,000","Active","Purok 4 Brgy Hermoza Bayambang Pangasinan
 OK",""
"482","","2900009","DHE_Zeny_Mananzan","639464602603","28 - Prepaid","Non-Active","March 30, 2023","","1,000","Active","240 purok 4 hermoza Bayambang Pangasinan",""
"483","","4900014","DPA_Irene_Abalos","639090642577","28 - Prepaid","Non-Active","March 30, 2023","","1,000","Active","Purok 3 Pangdel Bayambang Pangasinan",""
"484","","2000003","XBUA_Lisa_Sarmiento","639123456789","21 - Prepaid","Non-Active","March 15, 2023","04-29-25 rcvd payment via gcash ref#0028180299214
 
 old dd: 15
 DC: APRIL 23
 rc- aPRIL 29
 NEW dd: May 21 -Clarisse","799","Active","BRGY BUAYAEN BYB PNG",""
"485","","6500006","MTA_Alejandro_Asuncion","639123456789","4 - Prepaid","Non-Active","March 15, 2023","5/28/2025-DC
 ======================
 June 1, 2026
 Approved adjustment: 7 days due date
 Service interruption started on May 28, 2026 at approximately 7:00 PM and was restored on May 31, 2026 at approximately 7:00 AM.
 As compensation for the outage, a 7-day adjustment to the payment schedule has been approved.
 OLD DD: 28
 NEW DD: 4
 – Clarisse","1,000","Active","Brgy Tatarac Bayambang PAngasinan
 OK",""
"486","","6400004","XTAN_Jorous_Benitez","639167732516","1 - Prepaid","Non-Active","April 01, 2023","========
 DC 11/4/25 - Ice
 
 RC 11/4/25 - Ice","1,500","Active","381 Purok 3 Brgy Tanolong Bayambang Pangasinan",""
"487","","6400005","XTAN_Victor_Zamora","639192158888","3 - Prepaid","Non-Active","April 01, 2023","OK
 MAY 29 2026
 OLD DD: 1
 NEW DD: 3
 ADJUSTED 2 DAYS DUE TO NO CONNECTION - Lester
 =======================================
 JULY 11 2026
 CLIENT COMPLAINED THEY GOT DISCONNECTED THEIR NEXT DD: IS AUG 10 2026
 UPDATE BILLING- FOR DELETE OF JULY-CLARISSE","1,500","Active","377 Brgy Tanolong Bayambang Panasinan",""
"488","","1700006","XBS_Nerissa_Parairo","639470981872","27 - Prepaid","Non-Active","April 02, 2023","NapBox: 5
 LCP: 1
 Port: 14
 ===============
 Old dd 2
 DC 10/8/2025
 6 days Consumed
 RC 10/24/25
 New DD 18
 DC 11/21/25 - Ice
 adjust due date on Nov. 24  client will pay 1,198-ej
 DC 11/24/25 - Ice (di nag settle si client ng 1198)
 RC:FEB.5: NEW DD: 5 - DARZ
 DC:MARCH 9/ RC:MARCH 11/ NEW DD: APRIL 8-DARZ
 ===================================
 
 JUNE 19 2026
 OLD DD: JUNE 8
 RC: JUNE 19
 NEW DD: 15 PLUS 7 DAYS GRACE PERIOD-CLARISSE","1,000","Active","Purok 1 Bical Sur Bayambang Pangasinan
 OK",""
"489","","230402204014","XSC_Lydia_Garcia","639458127878","2 - Prepaid","Non-Active","April 02, 2023","===============
 DC 10/8/2025
 RC 10/10/2025
 ========
 DC 11/7/25 - Ice
 RC 11/7/25 - Ice","1,000","Active","Purok San Cagulis Bayambang Pangasinan",""
"490","","4200001","TMG_Noemer_Ocampo","639933753304","13 - Prepaid","Non-Active","February 12, 2024","07/26- requested to DC by the agent
 -----------------------------
 RC JAN 13 2026
 NEW DD: FEB 13 2026","1,000","Active","281 Purok 6 Brgy Managos Bayambang Pangasinan",""
"491","","230217144159","XSV_Trenz_Trinidad","639455007724","28 - Prepaid","Non-Active","March 30, 2023","June 1, 2026
 Approved adjustment: 7 days isolation.
 Service interruption started on May 28, 2026 at approximately 7:00 PM and was restored on May 31, 2026 at approximately 7:00 AM.
 As compensation for the outage, a 7-day adjustment to the payment schedule has been approved.
 – Clarisse","1,000","Active","Purok 2 Brgy SanVicente Bayambang Pangasinan",""
"492","","1300002","XBA_Vilma_Sanchez","639458126838","3 - Prepaid","Non-Active","April 03, 2023","OK","1,000","Active","Centro 1 Bani Bayambang Pangasinan",""
"493","","6400006","DTAN_Rowena_Palaming","639307718731","1 - Prepaid","Non-Active","April 01, 2023","04/05/25
 DC requested by Sir Dante.
 -Clarisse
 
 05/03/25- paid via cash remit MAY BILLING-CLARISSE","1,000","Active","24 Tanolong Bayambang Pangasinan",""
"494","","6400007","DTN_Primo_Cayabyab","639386993455","12 - Prepaid","Non-Active","April 12, 2023","JULY 18 2025 DC - ALDRIN
 JULY 19 2025 RC - ALDRIN","1,000","Active","51 Bakante Tanulung Bayambang Pangasinan",""
"495","","6400009","DTAN_Dante_Deguzman","639098006706","28 - Prepaid","Non-Active","April 01, 2023","","1,000","Active","Purok 1 Bakante Tanolong Bayambang Pangasinan",""
"496","","230217144160","DSV_Maryjane_Junio","639272270624","1 - Prepaid","Non-Active","April 01, 2023","Port 16","1,000","Active","Brgy SanVicente Bayambang Pangasinan
 OK",""
"497","","2800002","DDU_Melanie_Flores","639695258555","3 - Prepaid","Non-Active","April 03, 2023","","1,000","Active","#76 Purok 2 Brgy Dusoc Bayambang Pangasinan",""
"498","","2800005","DDU_Michael_Abalos","639557802952","3 - Prepaid","Non-Active","April 03, 2023","","1,000","Active","46 Brgy Dusoc Bayambang Pangasinan
 OK",""
"499","","2800006","DDU_Mely_Garcia","639123782512","3 - Prepaid","Non-Active","April 03, 2023","","1,000","Active","Purok 7 Brgy Dusoc Bayambang Pangasinan",""
"500","","2800007","DDU_Felicidad_Aquino","639208948158","13 - Prepaid","Non-Active","April 03, 2023","OK
 NAPBOX: 5
 LCP: 1
 PORT: 7
 recable
 TECHNICIAN: Edward / Jeff","1,000","Active","Purok 7 Dusoc Bayambang Pangasinan",""
"501","","2800008","DDU_Mandy_Tamondong","639380691720","25 - Prepaid","Non-Active","April 06, 2023","","1,000","Active","Puro 7 Dusoc Bayambang Pangasinan",""
"502","","6400011","DTAN_Joseph_Abalos","639954379699","4 - Prepaid","Non-Active","April 04, 2023","","1,000","Active","Centro 1 Tanolong Bayambang Pangasinan",""
"503","","2800009","DDU_Teresita_Ferber","639074775667","4 - Prepaid","Non-Active","April 04, 2023","","1,000","Active","7 Dusoc Bayambang Pangasinan",""
"504","","4400004","XMP_Jojo_Jimenez","639916184085","8 - Prepaid","Non-Active","April 05, 2023","Old DD 5
 RC 10/24/25 - Ice
 19 days consumed
 RC 10/24/25
 New DD  6
 ===========
 DC 11/14/25 - Ice (Ma'amClarisse)
 RC 11/14/25 - Ice
 
 OLD DD: 6
 DC 12/10
 RC/12/12
 NEW DD JAN 8","1,000","Active","Kanyogan Manambong Parte Bayambang Pangasinan",""
"505","","2800010","DDU_Angieline_Dionisio","639480787944","14 - Prepaid","Non-Active","April 05, 2023","old dd""5
 NEW DD=14 due to typhoon uwan","1,000","Active","Purok 7 Brgy Dusoc Bayambang Pangasinan",""
"506","","2800011","DDU_Rowena_Barrogo","639460296149","5 - Prepaid","Non-Active","April 05, 2023","","1,000","Active","Purok 7 Brgy Bayambang Pangasinan",""
"507","","6400013","XTAN_Pablo_Casillan","639361033502","22 - Prepaid","Non-Active","April 10, 2023","========
 DC 11/17/25 - Ice
 RC 11/19/25 - Ice
 AFFECTED BY THE TYPHOON, OLD DD is 10 -> NEW DD is 17
  RC DEC 22-2026
 NEW DDJAN 22 2026-CLARISSE","1,000","Active","Tanolong Bayambang Pangasinan",""
"508","","4100002","DMA_Sheena_Chato","639308389786","10 - Prepaid","Non-Active","April 10, 2023","","1,000","Active","Purok 2 Maliuer Bayambang Pangasinan",""
"509","","6400019","DTAN_Johnrey_Mina","639467503501","11 - Prepaid","Non-Active","April 11, 2023","","1,000","Active","02 Brgy Tanolong  Bayambang Pangasinan",""
"510","","230330081957","DTE_Nicomedes_Ferrer","639489827854","11 - Prepaid","Non-Active","April 11, 2023","","1,000","Active","Brgy Telbang Bayambang Pangasinan",""
"511","","4100003","DMA_Hilda_Dancel","639517350048","13 - Prepaid","Non-Active","April 13, 2023","","1,000","Active","Brgy Malioer Bayambang Pangasinan",""
"512","","6400020","XTAN_MariaSherlene_Siacon","639190018310","28 - Prepaid","Non-Active","April 14, 2023","OLD NAME - XTAN_Eugenio_Terrado_Deleon
 NEW NAME - XTAN_MariaSherlene_Siacon
 
 04-30-25- Client send payment via gcash ref #3028 234 348 792
 OLD DD: APRIL 14
 DC: APRIL 24
 10 DAYS CONSUME
 NEW DD: MAY 22,2025-CLARISSE
 
 ===============
 RC 10/11/25 
 ==========
 Old DD 22
 DC 10/27/25 - Ice
 5 days consume
 RC 10/27/25
 New DD 11/24","1,000","Active","Sitio Pangdel Brgy Tanolong Bayambang Pangasinan",""
"513","","400008","XAMS_Marilou_Benitez","639958112210","19 - Prepaid","Non-Active","April 19, 2023","","1,000","Active","Purok 5 Amangcosiling Sur Bayambang Pangasinan
 OK",""
"514","","6400021","XTAN_Beljohn_Barte","639517453397","18 - Prepaid","Non-Active","April 18, 2023","Port 1
 ========
 Additional 3 days grace period due to 3 days no connection - hans","1,500","Active","Purok 2 Brgy Tanulong bayambang Pangasinan",""
"515","","400009","XAMS_Jomar_Lorenzana","639050249103","16 - Prepaid","Non-Active","April 16, 2023","","1,000","Active","Purok 6 Amangcosiling Sur Bayambang Pangasinan
 
 Port 2",""
"516","","2000006","XBU_Randy_Cayabyab","639395459423","16 - Prepaid","Non-Active","April 16, 2023","DC MARCH 13 2025 ALDRIN
 AUG 20- PAID VIA CASH LOGBOOK- CLARISSE
 
 ==============
 DC 11/19/25 - Ice
 RC 11/20/25 - Ice","1,000","Active","155 BUAYAEN BAYAMBANG PANGASINAN",""
"517","","230402204015","XSC_Rhodalyn_Ravina","639936202904","16 - Prepaid","Non-Active","April 16, 2023","Port 5
 DC 11/19/25 - Ice
 RC 11/20/25 - Ice","1,000","Active","Purok 2 Brgy Sancagulis Bayambang Pangasinan",""
"518","","5500001","XSG1_Charito_Maregmen","639073190492","28 - Prepaid","Non-Active","April 22, 2023","port 4
 old dd:23/adjusted 7 days/new dd:30 - darz","1,000","Active","Purok 2 San Gabriel 1st Bayambang Pangasinan",""
"519","","6300004","XTAM_Dharine_Fernandez","639516893797","22 - Prepaid","Non-Active","April 22, 2023","","1,000","Active","Purok 3 Brgy Tampog Bayambang Pangasinan",""
"520","","6400023","XTAN_Jomari_Matabang_Malicdem","639318412447","28 - Prepaid","Non-Active","April 23, 2023","old dd: 23/adjusted 7 days/ new dd:30","1,000","Active","Purok 3 nibaliw Tanolong Bayambang Pangasinan",""
"521","","5100002","XPAR_Elena_Prestoza","639666493726","10 - Prepaid","Non-Active","April 23, 2023","============
 RC 10/14/25 - Ice
 ==========
 DC 10/27/25 - Ice
 RC 10/27/25 - Ice
 ============
 RC-FEB 07 2026
 NEXT DD: MARCH 07 2026-CLARISSE
 ================
 APRIL 13 2026
 CLIENT FOR RECON
 OLD DD: 7
 DC: 11
 RC: APRIL 13 2026
 NEW DD: MAY 09 2026-CLARISSE
 ===========
 August 10, 2026 Reconnection
 old dd 7
 new dd 10 - hans","1,000","Active","Purok 2 Paragos Bayambang Pangasinan",""
"522","","4400005","XMP_Lani_Delossantos","639453469711","27 - Prepaid","Non-Active","April 23, 2023","DC- APRIL 29
 
 due date 23
 Disconnected april 29 2025 - 6 days
 Reconnected May 19 2025
 New DD: jUNE: 13,2025
 DC-8/19/25
 RC-9/3
 New DD 
 ===========
 Additional 3 days grace period due to 3 days no connection - hans","1,000","Active","Caniugan St Manambong Parte Bayambang Pangasinan",""
"523","","3200002","DINI_Angelica_Agustin","639484374242","25 - Prepaid","Non-Active","April 25, 2023","","1,000","Active","Purok 3 Inirangan Bayambang Pangasinan",""
"524","","4100005","DMA_Ofelia_Castillo","639065654682","28 - Prepaid","Non-Active","April 25, 2023","Port 3","1,000","Active","Purok 2 Brgy Malioer Bayambang Pangasinan",""
"525","","4900020","DPA_James_Niepes_Torres","639512794505","26 - Prepaid","Non-Active","April 26, 2023","","1,000","Active","Purok 2 Brgy Pangdel Bayambang Pangasinan",""
"526","","2900010","DHE_Angelito_Urbien","639395012550","3 - Prepaid","Non-Active","April 26, 2023","old dd: 10
 new dd: 26 -moved due date as per agent approved by Sir jay.
 ==================
 MARCH 05- SIR DANTED CALL VIA MESSENGER
 OLD DD: FEB 26 
 DC:DEB 28
 RC- MARCH 05 2026
 NEW DD: APRIL 03 DELETE MARCH BILL
 RECONENCTION-CLARISSE","1,000","Active","Purok 2 Brgy Hermoza Bayambang Pangasinan",""
"527","","230427090328","XTAN_Leandro_Castro","639664500523","28 - Prepaid","Non-Active","April 27, 2023","Port 4
 
 04-10-25 DC CLARISSE
 ------------------------","1,000","Active","Zone 3 Brgy Tanolong Bayambang Pangasinan",""
"528","","230427090329","TTAN_Rebecca_Martinez","639481153322","26 - Prepaid","Non-Active","April 21, 2023","MAY 26- DC Clients account requested by the Agent
 due date 21
 dc may 26 - 5 days  consume
 rc may 30 2025
 new  dd: june 25
 =======================================
 6/29/2025-dc
 =======================================
 Deleted Sept Bill 10/6/25  BY: Sir jay
 ==============
 RC 10/30/25 - Ice (Jhun rqst)","1,000","Active","Purok 1 Tanolong Bayambang Pangasinan",""
"529","","4900021","XPA_Nestor_Gloria","639708327876","28 - Prepaid","Non-Active","April 28, 2023","OK
 Port 2","1,000","Active","138 Purok 2 Pangdel Bayambang Pangasinan",""
"530","","230427090330","DTAN_Michael_Miranda","639460313628","28 - Prepaid","Non-Active","April 28, 2023","","1,000","Active","Bakante Tanolong Bayambang Pangasinan",""
"531","","4900022","DPA_Elvira_Penullar","639859768909","28 - Prepaid","Non-Active","April 28, 2023","","1,000","Active","Purok 1 Pangdel Bayambang Pangasinan",""
"532","","230430081429","DAP_Celia_Carmisis","639395039961","27 - Prepaid","Non-Active","April 28, 2023","","1,000","Active","Brgy Apalen Bayambang Pangasinan",""
"533","","600006","XCB_Roly_tomas","639207766720","28 - Prepaid","Non-Active","April 30, 2023","DC MARCH 14 2025  ALDRIN
 04-15-25 - RCVD GCASH PAYMENT DATED MARCH 29 REF#4027 222 4888 95 RC-CLARISSE","1,000","Active","Purok 1 Brgy Cabayaosan Mangatarem Pangasinan",""
"534","","5600002","XSG2_Gloria_Campos","639389725838","28 - Prepaid","Non-Active","April 30, 2023","Port 1","1,000","Active","Purok 1 San Gabriel 2nd Bayambang Pangasinan",""
"535","","230402204017","XSC_Johny_Justo","639923009125","28 - Prepaid","Non-Active","April 30, 2023","","1,000","Active","San Cagulis Bayambang Pangasinan",""
"536","","7400001","XZ4_Ismael_Malicdem","639399358699","16 - Prepaid","Non-Active","May 03, 2023","Client Request every 16 Sisingilin.","1,500","Active","#6 Bonifacio ST, Brgy Zone IV Bayambang Pangasinan
 LONG:120.456136
 LAT: 15.813181",""
"537","","7600001","XZ6_Joel_Deguzman","639501071250","15 - Prepaid","Non-Active","May 15, 2023","","1,000","Active","119 Zone VI Bayambang Pangasinan
 OK",""
"538","","5400004","DRE_Marygrace_Matin","639638580121","3 - Prepaid","Non-Active","May 03, 2023","","1,000","Active","Purok 3 Reynado Bayambang Pangasinan",""
"539","","3100002","XINA_Joshua_Cayabyab","639270776317","26 - Prepaid","Non-Active","February 19, 2024","Raul Cayabyab
 DC MARCH 13 2025 ALDRIN
 
 DUE DATE 19 
 APRIL 29 2025 DC -
 10 DAYS
 MAY 3 2025 RC PAID VIA PAY MAYA
 NEW DD: MAY 24 -CLARISSE
 =======================
 JULY 14- RC
 DC-8/19/25
 NEW DD: AUG 07 2025 - CLIENT IS AWARE AND AGREED/ MOVED DUE DATE BECAUSE OF LATE PAYMENT.
 DC-AUG 19
 RC PAID VIA MAYA - 08/28
 NEXT DD: SEPT 16 
 ==============
 OLD DD: 16
 DC 11/19/25 - Ice
 RC 11/20/25 - Ice
 NEW DD: DECEMBER 17 2025
 DC:21/RC:22/ NEW DD:19-DARZ
 old dd: 19/ adjusted 7 days/ new dd: 26-darz","1,000","Active","INANLORENZA BAYAMBANG PANGASINAN",""
"540","","2900011","XHE_Gossie_Prado","639915839274","19 - Prepaid","Non-Active","May 11, 2023","DC- APRIL 15 2025 CLARISSE
 RC-APRIL 14
 5 DAYS CONSUMED
 NEW DD: MAY 19 -CLARISSE","1,000","Active","Sitio Jimenez Brgy Hermoza Bayambang Pangasinan
 OK",""
"541","","230402204021","XSC_Jonathan_Natividad","639919379862","3 - Prepaid","Non-Active","May 09, 2023","OLD DD: 9 - 6 DAYS CONSUME)
 DC- APRIL 15 2025 CLARISSE
 rc may 29
 new dd: JUNE 23  
 adjusted 10 days due to typhoon Old dd 23 new DD Dec. 3, 2025-ej
 ===============================================
 June 1, 2026
 Approved adjustment: 7 days isolation.
 Service interruption started on May 28, 2026 at approximately 7:00 PM and was restored on May 31, 2026 at approximately 7:00 AM.
 As compensation for the outage, a 7-day adjustment to the payment schedule has been approved.
 – Clarisse","1,000","Active","Purok 1 Brgy San Cagulis Bayambang Pangasinan",""
"542","","230402204022","XSC_Remedios_Fernandez","639368886847","14 - Prepaid","Non-Active","May 09, 2023","5 days dd adjustment due to typhoon old dd 9-new dd Dec. 14-ej
 ==========
 Additional 3 days grace period due to 3 days no connection - hans","1,000","Active","Puro 1 Brgy San Cagulis Bayambang Pangasinan
 OK",""
"543","","7600003","XZ6_Raquel_Palisoc","639638592552","10 - Prepaid","Non-Active","May 03, 2023","===============
 DC 10/9/2025
 RC 10/9/2025
 old dd: 3/ adjusted 7 days-darz/ new dd:10","799","Active","Zone 6 Aquino Apartment Bayambang Pangasinan",""
"544","","1600003","XBN_Clarita_Cayabyab","639513093651","28 - Prepaid","Non-Active","May 05, 2023","==============
 DC 9/10/2025 - Xpacs
 RC 10/8/25 gcash
 New DD Oct. 29
 old dd:29/adjusted 7 days -darz/ new dd: 6","1,000","Active","Mangga St Brgy Bical Norte Bayambang Pangasinan",""
"545","","2300003","XCS_Carlito_Macayana","639129073175","8 - Prepaid","Non-Active","May 08, 2023","","1,000","Active","Cadre Site Bayambang Pangasinan",""
"546","","2800015","DDU_Mark_Barrogo","639614284730","6 - Prepaid","Non-Active","May 06, 2023","","1,000","Active","Purok 7 Brgy Dusoc Bayambang Pangasinan
 OK",""
"547","","2900012","DHE_Ehriec_Mejia","639108705815","15 - Prepaid","Non-Active","May 06, 2023","old dd: 6
 new dd: 15 -moved due date as per agent approved by Sir jay.","1,000","Active","Purok 1 Brgy Hermoza Bayambang Pangasinan
 OK",""
"548","","3100004","DINA_Fred_Peralta","639183044204","14 - Prepaid","Non-Active","May 06, 2023","old dd 6 moved to 14 Rqstd by Sir Dante Dec 19 2025","1,000","Active","Purok 2 Inanlorenza Byaambang Pnagasinan",""
"549","","400011","XAMS_Marites_Ferrer","639975279557","13 - Prepaid","Non-Active","March 15, 2025","""
 ==============
 DC 9/17/2025 - Xpacs""
 ===========
 DC 10/20/25 - Ice
 RC 10/20/25 - Ice","1,000","Active","AMANGCOSILING SUR PUROK 6 BAYAMBANG PANGASINAN",""
"550","","5500003","XSG1_Sonny_Capulong","639514421449","14 - Prepaid","Non-Active","May 13, 2023","""
 ==============
 DC 9/17/2025 - Xpacs""
 ==============
 DC 10/20/25 - Ice
 RC 10/20/25 - Ice
 =============
 DC 11/18/25 - Ice
 =============
 May 30, 2026 - Downtime
 Isolir date, 2 days adjusted
 2 days no Connection - hans","1,000","Active","Purok 3 San Gabriel 1st Bayambang Pangasinan",""
"551","","5300008","TWA_Celia_Iling","639279126560","13 - Prepaid","Non-Active","May 13, 2023","RC 11/12/25 - Jhun rqst bayad inabot kay jojo","1,000","Active","Purok 4 Brgy Pugo Bayambang Pangasinan
 OK",""
"552","","230217144161","TSV_Jefrey_Pichay","639813081296","20 - Prepaid","Non-Active","May 11, 2023","Nap: 7
 Port: 3
 july 9- panote po eto saturday ko ibgy nanditop bayad nya po kasi july 6 nya po naibayad sunday kaya di naihabol last saturday pero grace epriod nmn nya gang 8 po, cash po binayad ,
 ------------------------------------------------------
 11/8/25- Agent requested to DC Clients account.-Clarisse
 ---------------------
 12/20 RC  AND NEW DD- 20","1,000","Active","Purok 5 Brgy San Vicente BAyambang Pangasinan",""
"553","","6900001","TWAR_Allan_Juaquin","639504470358","13 - Prepaid","Non-Active","May 13, 2023","","1,000","Active","Purok 2 Brgy Warding Bayambang Pangasinan
 OK",""
"554","","6500007","XTA_Ramon_Maranon","639215759359","25 - Prepaid","Non-Active","May 15, 2023","Nap8 Port8
 OLD DD: 15 --> NEW DD: 20","1,000","Active","Rizal ST Brgy Tatarac Bayambang Pangasinan
 Ok",""
"555","","5200002","XPS_CarlDaryl_Santiago_Ramirez","639703847089","18 - Prepaid","Non-Active","May 17, 2023","==========
 DC 10/22/25 - Ice
 RC 10/23/25 - Ice
 DC 11/20/25 - Ice
 RC 11/20/25 - Ice
 DC:march 21-RC:march22- new DD:18-darz","1,000","Active","Poblacion Sur Bayambang Pangasinan Tagay Buddy shop",""
"556","","1700009","XBS_Dick_Solomon","639502910092","6 - Prepaid","Non-Active","May 17, 2023","","1,000","Active","Port 5 Nap 5
 UNPAID OCT 
 DC OCT 21",""
"557","","2800016","DDU_Jessica_Valdez","639065918583","22 - Prepaid","Non-Active","May 18, 2023","==============
 18 old DD
 DC 10/23/25 - Dante rqst (Ice)
 5 days consumed
 RC 10/24/25
 New DD 11/21/25","1,000","Active","Purok 1 Brgy Dusoc Bayambang Pangasinan",""
"558","","230330081960","DTE_Aris_Constantino","639477925906","19 - Prepaid","Non-Active","May 19, 2023","","1,000","Active","PUROK 5 BRGY TELBANG BYB PNG",""
"559","","1700010","DBS_Joanne_Pili_Bendol","639387813995","25 - Prepaid","Non-Active","May 19, 2023","NAPBOX:1
 LCP:1
 Port:12","1,000","Active","Mangga St Bical Norte Bayambang Pangasinan",""
"560","","230301193440","AM1_Judith_Vargas","63964063410","21 - Prepaid","Non-Active","May 18, 2023","OK
 Port:14
 Nap:3
 
 June 29 2025 DC
 6/30/2025-RC
 NEW DD: JULY 30
 ============
 DC 11/21/25 - Ice
 RC 11/22/25
 adjusted due date  for 3  days bec. of typoon. 
 old DD 18-New DD 12/21/25-ej
 ===============================
 June 3, 2026
 Approved adjustment: 7 days isolation.
 Service interruption started on May 28, 2026 at approximately 7:00 PM and was restored on May 31, 2026 at approximately 7:00 AM.
 As compensation for the outage, a 7-day adjustment to the payment schedule has been approved.
 – Clarisse","1,000","Active","BRGY AMBAYAT 1ST BYB PNG",""
"561","","230427090332","XTAN_Minerva_Xavier","639478586474","23 - Prepaid","Non-Active","May 18, 2023","OLD DD: 18
 RECON - AUGUST 23 2026 
 NEW DD: SEPTEMBER 23 2026-CLARISSE","1,000","Active","Sitio Pangdel Brgy Tanolong Bayambang Pangasinan",""
"562","","230427090334","XTAN_Adela_Manesia","639467503717","17 - Prepaid","Non-Active","May 28, 2023","OK
 Old DD:6 new DD:13 -darz
 ============
 August 17, 2026 Reconnection 
 old dd 13
 new dd 17- hans","1,000","Active","Sitio Bengal Brgy Tanolong Bayambang Pangasinan",""
"563","","230529204208","XPA_Jennifer_Aquino","639557670349","14 - Prepaid","Non-Active","May 25, 2023","==========
 Old DD 22
 DC 10/27/25 - Ice
 5 days consumed
 RC 11/6
 New dd 12/1
 For delete Nov. Bill-EJ
 nov 12 no connection
 11/25 restored
 NEW DD: DEC 14 CLARISSE
 ============
 DC 11/25/25 - Ice(DC of DD 19 - 22)
 RC 11/25/25 - Ice
 ========
 DC 04/18/2026
 RC 05/16/2026
 OLD DD 14
 NEW DD 12
 NEXT DD 06/12/2026 - HANS","1,000","Active","77 Purok 1 Brgy Pangdel Bayambang Pangasinan",""
"564","","7000008","TWA_Ruvi_Favi","639994313836","26 - Prepaid","Non-Active","May 26, 2023","","1,000","Active","Purok 4 Tangal Brgy Wawa Bayambang Pangasinan",""
"565","","230402204024","XSC_Leonora_Castillo","639561309460","23 - Prepaid","Non-Active","May 23, 2023","july 23- paid via cash checked on log book wrong spelling of name
 ==========
 Old DD 23
 DC 10/27/25 - Ice
 4 days consumed
 Rc 11/4","1,000","Active","75 San Cagulis Bayambang Pangasinan",""
"566","","6300005","XTAM_Lyndonmark_Velasco","639462896023","1 - Prepaid","Non-Active","July 05, 2023","Lyndon mark velasco 
 JUNE 07,2025
 moved due date to June 15,2025
 total amount need to settle, 1,330 on June 15
 Client agreed, and approved moved due date.
 JUNE 19-RC MOVED DUE DATE TO JULY 11, DUE TO CLIENT DIDNT PAY THE EXTENSION FEE. 
 ========
 DC 11/17/25 - Ice
 ========
 4/16/26 Done pullout modem/Unplugged port8 nap5 -renz/june
 ===========
 Reconnection 
 NapBox:5
 LCP:1
 Port:8
 Technicians:piolo/Alfredo
 old dd:18/dc:22/rc:28/new dd:28 - darz
 ============================
 AUG 5 2026 - ADJUST BILLING FOR RECON -CLARISSE","1,000","Active","Purok 6 Brgy Tampog Bayambang Pangasinan",""
"567","","6300006","XTAM_Frenjelyn_Junio","639107278931","11 - Prepaid","Non-Active","July 05, 2023","04-11-25
 Gcash ref # 8027 668 499 275 2000.00
 same with XTAM_Lyndonmark_Velasco. RC
 -CLARISSE
 june 07 2025
 moved due date to June 15,2025
 total amount need to settle, 1,330 on June 15
 Client agreed, and approved moved due date.
 JUNE 19-RC MOVED DUE DATE TO JULY 11, DUE TO CLIENT DIDNT PAY THE EXTENSION FEE. 
 
 
 
 ==========
 DC 10/16/25 - Ice
 RC 10/17/25 - Ice
 ========
 DC 11/17/25 - Ice
 RC 11/17/25 - Ice
 ========
 Additional 3 days grace period due to 3 days no connection - hans","1,000","Active","Brgy Tampog Bayambang Pangasinan
 
 RECON AUG 12 REF # : 2019 930 959450",""
"568","","6500008","XTA_Grace_Romano","639380938214","6 - Prepaid","Non-Active","July 06, 2023","","1,000","Active","Purok 3 Miguel St, Brgy Tatarac Bayambang Pangasinan",""
"569","","6500009","XTA_Cindy_Grospe","639708317506","6 - Prepaid","Non-Active","July 06, 2023","==========
 DC 10/10/25
 RC 10/11/25","1,000","Active","Miguel St, Purok 3 Brgy Tatarac Bayambang Pangasinan",""
"570","","700001","XAP_Richel_Agustin","639124243240","19 - Prepaid","Non-Active","July 05, 2023","","1,000","Active","Purok 3 Brgy Apalen Bayambang Pangasinan",""
"571","","5800001","XSC_Melencia_Papio","639956326830","7 - Prepaid","Non-Active","July 07, 2023","","1,000","Active","brgy SanCagulis Bayambang Pangasinan",""
"572","","400014","XAMS_Lyka_Pinto","639151709715","7 - Prepaid","Non-Active","July 07, 2023","===========
 DC 11/14/25 - Ice (Ma'amClarisse)
 RC 11/15/25 - Ice","1,000","Active","Brgy Amangcosiling Sur Bayambang Pangasinan",""
"573","","5500005","XSG1_Edwin_Lorenzana","639777549961","8 - Prepaid","Non-Active","March 08, 2024","OK
 11/15/25= remit by Sir jhun via cash, November payment
 12/22 PAID AT WAWA","1,000","Active","164 Purok 6 Brgy San Gabriel 1st Bayambang Pangasinan",""
"574","","5700002","XSV_Sandy_Laban","639052268189","15 - Prepaid","Non-Active","August 08, 2023","feb 13 2026- clients not aware with this new dd , he/she knoiw every 15th of the month- adjusted the bill to acknowledge customers concern and lessen complain- Clarisse
 OLD DD:8
 NEW DD:15","1,000","Active","Purok 2, Brgy San Vicente BAyambang Pangasinan
 OK",""
"575","","4900023","XPA_Henry_Delapasion","639164035702","8 - Prepaid","Non-Active","August 08, 2023","April 13 2026 client paid (Rowena delapacion's Account last april 09 2026) REPROCESS and explain to client. Issue resolved-Clarisse","1,000","Active","Purok 1 Brgy Pangdel Bayambang Pangasinan",""
"576","","6300007","XTAM_Oscar_Hipolito","639981595855","16 - Prepaid","Non-Active","August 08, 2023","Reconnection 12/16/25 - Ice
 ===========
 Additional 3 days no grace period due to 3 no connection - hans
 no connection july 12-17/new dd 16-darz","1,000","Active","Brgy Tampog Bayambang Pangasinan
 OK",""
"577","","600008","XCB_Gomer_Garcia","639914730662","5 - Prepaid","Non-Active","August 08, 2023","ol dd:8
 RC:FEB 13
 NEWW DD: MARCH 13 2026-CLARISSEE
 DC:17/RC:19/NEW DD:16-DARZ
 ==========
 May 29, 2026 - Downtime
 OLD DD - 16
 NEW DD - 18
 NEXT DD - 06/18/2026
 =========
 September 9, 2026 Reconnection
 old dd 27
 new dd 9 - hans","799","Active","Purok 4 Brgy Cabayaosan Mangatarem Pangasinan",""
"578","","6600001","XTE_Benjanina_Talinio","639707273782","25 - Prepaid","Non-Active","August 08, 2023","============
 DC 11/28/25 - Ice (DD of 25)
 RC 11/28/25 - Ice","1,000","Active","Purok 6 Brgy Telbang Bayambang Pangasinan",""
"579","","3100005","XINA_Anamarie_Delacruz","639933752803","15 - Prepaid","Non-Active","August 08, 2023","============
 old DD  8
 DC 10/23/25 - Ice
 15 days Consumed
 RC 10/23/25 - Ice
 New DD 11/8/25 
 ========
 DC 11/17/25 - Ice
 RC 11/17/25 - Ice
 old dd: 8/ adjusted 7 days-darz/ new dd: 15","1,000","Active","Purok 1 Brgy Inanlorenza Bayambang Pangasinan
 OK",""
"580","","2900015","XHE_Miguelito_Abalos","639653953443","9 - Prepaid","Non-Active","August 09, 2023","old dd: june 08- PULL OUT MODEM
 RC-July 09
 NEXT DD: AUGUST 09 2025
 ============
 DC 10/14/25 - Ice
 RC 10/15/25 - Ice","1,000","Active","Purok 3 Brgy Hermosa Bayambang Pangasinan",""
"581","","4100007","XMA_Mercy_Peralta","639307433242","12 - Prepaid","Non-Active","August 09, 2023","DC MARCH 18 2025 ALDRIN
 RC MARCH 19 2025 ALDRIN
 Adjusted 4 days due to typoon next due date 12/12-ej","1,000","Active","Purok 6 Brgy Malioer Bayambang Pangasinan",""
"582","","4400006","XMP_Joseph_Devera","639754233383","4 - Prepaid","Non-Active","August 09, 2023","==============
 DC 9/12/2025 - Xpacs
 RC 9/17/25
 New DD  10/8/25
 ========
 DC 11/7/25 - Ice
 RC 11/7/25 - Ice","1,000","Active","Purok 1 Brgy Manambong Parte Bayambang Pangasinan",""
"583","","5700003","XSV_Odisy_Orena","639124253750","18 - Prepaid","Non-Active","August 11, 2023","NAP6 PORT4
 
 
 ==========
 DC 10/16/25 - Ice
 RC 10/17/25 - Ice
 ========
 DC 11/17/25 - Ice
 new dd: 18 client is not aware with the DD explain to them the 3 days grace period-Clarisse","1,000","Active","PUROK 4 BRGY SAN VICENTE BYB PNG",""
"584","","5700004","XSV_Jeffrey_Masiglat","639482064079","12 - Prepaid","Non-Active","August 12, 2023","=============
 DC 11/18/25 - Ice
 RC 11/19/25 - Ice","1,000","Active","Purok 7 Brgy Sanvicente Bayambang Pangasinan",""
"585","","5700005","XSV_Salvie_Masiglat","639289374671","12 - Prepaid","Non-Active","August 12, 2023","=============
 DC 11/18/25 - Ice
 RC 11/19/25 - Ice","1,000","Active","Purok 7 Brgy SanVicente Bayambang Pangasinan",""
"586","","300004","XAMN_Kevin_Junio","639859897227","28 - Prepaid","Non-Active","August 29, 2023","==========
 DC 11/3/25 - Ice
 Old DD:28/adjusted 7 days/ new DD: 5","1,000","Active","Purok 4 Brgy Amangcosiling Norte Bayambang Pangasinan",""
"587","","1300005","XBA_Nicole_Manikan","639919583574","28 - Prepaid","Non-Active","August 29, 2023","==========
 DC 11/3/25 - Ice
 RC 11/4/25 - Ice","1,000","Active","Don Pascual Brgy Bani Bayambang Pangasinan",""
"588","","3200003","XINI_Mila_Bautista","639515423156","5 - Prepaid","Non-Active","September 05, 2023","===============
 DC 10/9/2025
 RC 10/9/2025
 =======================
 June 3, 2026
 Approved adjustment: 7 days isolation.
 Service interruption started on May 28, 2026 at approximately 7:00 PM and was restored on May 31, 2026 at approximately 7:00 AM.
 As compensation for the outage, a 7-day adjustment to the payment schedule has been approved.
 – Clarisse","1,000","Active","Purok 6 Brgy Inirangan Bayambang Pangasinan",""
"589","","4900024","XPA_Annie_Balais","639509292406","5 - Postpaid","Non-Active","September 05, 2023","201-1BYB26LCP1NP1 (Port 8)
 ===========
 DC 11/14/25 - Ice (Ma'amClarisse)
 RC 11/15/25 - Ice
 ======================================
 June 1, 2026
 Approved adjustment: 7 days isolation.
 Service interruption started on May 28, 2026 at approximately 7:00 PM and was restored on May 31, 2026 at approximately 7:00 AM.
 As compensation for the outage, a 7-day adjustment to the payment schedule has been approved.
 – Clarisse","1,000","Active","PUROK 2 BRGY PANGDEL BYB PNG",""
"590","","5700006","XSV_Ruel_Espiritu","639065598416","3 - Prepaid","Non-Active","September 03, 2023","========
 DC 11/7/25 - Ice
 RC 11/7/25 - Ice","1,000","Active","Purok 1 Brgy San Vicente Bayambang Pangasinan",""
"591","","2800020","XDU_Raquel_Cutamora","639150465611","5 - Prepaid","Non-Active","September 05, 2023","","1,000","Active","Purok 6 Brgy Dusoc Bayambang Pangasinan",""
"592","","4300006","XPAR_Gabrielle_Gabriel","639452447825","8 - Prepaid","Non-Active","September 06, 2023","==========
 DC 10/10/25
 RC 10/10/25
 ========
 May 29, 2026 - Downtime
 OLD DD - 6
 NEW DD - 8
 2 days no Connection - hans","799","Active","Purok 1 Brgy Paragos Bayambang Pangasinan
 OK",""
"593","","2900017","XHE_Joy_Abalos","639197697837","21 - Prepaid","Non-Active","September 06, 2023","==========
 DC 10/30/25 - Ice
 11 days dd adjustment due to typhoon Old DD 11/27 new DD 12/8-ej
 ------------------
 SEPT 21 2026 - RECONNECTED
 NEW DD: 21 2026 -CLARISSE","1,000","Active","Purok 5 Brgy Hermoza Bayambang Pangasinan",""
"594","","6500011","XTA_Kenjie_DeGuzman","639917144468","3 - Prepaid","Non-Active","September 07, 2023","==========
 old dd: OCT 07
 DC 10/10/25
 RC 10/11/25
 NEW DD: NOV 08 2025= CLARISSE
 
 OLD DD- 8
 RC- DEC 18 2025
 NEW DD- JAN.15 2026-CLARISSE
 ===========
 DC 03/19/2026
 RC 03/31/2026
 OLD DD 19
 NEW DD 27
 NEXT DD 04/27/2026 - HANS
 ===================
 MAY 5 2026- CLIENT COMPLAINED WITH 2OUTSNDING BILL\OLDD DD: 27
 PLUS 4 DAYS GRACE PERIOD DC: MAY 01 2026
 RC- MAY 05 2026
 UPDATE BILL (DELETE APRIL BILL, ADJUST DD TO MAY )
 NEXT DD: JUNE 01 2026-CLARISSE
 ==============
 May 29, 2026 - Downtime
 OLD DD - June 1
 NEW DD - June 3
 2 days no Connection - hans","1,000","Active","Brgy Tatarac Bayambang Pangasinan",""
"595","","6400024","XTAN_Melinda_Mendoza","639305342276","7 - Prepaid","Non-Active","September 07, 2023","==========
 DC 10/10/25
 RC 10/10/25","1,000","Active","222 Brgy Tanolong Bayambang Pangasinan",""
"596","","6400025","XTAN_Vicente_Suria","639317793084","7 - Prepaid","Non-Active","September 07, 2023","","1,000","Active","246 Bunga Brgy Tanolong Bayambang Pangasinan",""
"597","","4900025","XPA_Judelyn_Ferrer","639154215257","14 - Prepaid","Non-Active","September 07, 2023","===========
 DC 11/14/25 - Ice (Ma'amClarisse)
 RC 11/14/25 - Ice
 ==========
 7/1/26 duedate adjusted 7days old7, new14 -lester","1,000","Active","Purok 2 Brgy Pangdel Bayambang Pangasinan
 OK",""
"598","","2900018","XHE_Maryden_Camorongan","639951289310","17 - Prepaid","Non-Active","October 17, 2023","DC 11/20/25 - Ice
 RC 11/20/25 - Ice","1,000","Active","Purok 2 Brgy Hermosa Bayambang Pangasinan",""
"599","","600009","XAM2_Ruel_Espiritu","639055048415","14 - Prepaid","Non-Active","March 26, 2024","===============
 DC 10/9/2025
 RC 10/11/2025
 ===========
 OLD DD""4
 11/12=NO CONNECTION DUE TO TYPHOON UWAN 10 DAYS ADJUSTMENT
 11/22 RESTORED
 NEW DD- DEC 14 2025-CLARISSE","1,000","Active","Purok 2 Brgy Ambayat 2nd Bayambang Pangasinan
 2 months",""
"600","","600011","XAM2_Willy_Esteron","639287506590","16 - Prepaid","Non-Active","September 09, 2023","old dd: 9/adjusted 7 days-darz/ new dd: 16","1,000","Active","Purok 1 Brgy Ambayat Bayambang Pangasinan",""
"601","","400015","XAMS_Avelina_Alanzalon","639196173949","9 - Prepaid","Non-Active","September 09, 2023","Additional 3 days grace period due to 3 days no connection - hans","799","Active","Purok 6 Brgy Amangcosiling Bayambang Pangasinan",""
"602","","6400027","XTAN_Babylyn_Fernandez","639480367762","16 - Prepaid","Non-Active","September 09, 2023","============
 DC 10/14/25 - Ice
 RC 10/17/25 - Ice
 old dd:9/adjusted 7 days-darz/ new dd: 16","1,000","Active","Purok 3 Sitio Pangdel Bayambang Pangasinan",""
"603","","2800021","XDU_Wilson_Herrera","639663504277","9 - Prepaid","Non-Active","September 08, 2023","========
 DC 11/17/25 - Ice
 RC 11/17/25 - Ice","1,000","Active","Purok 6 Brgy Dusoc Bayambang Pangasinan",""
"604","","4900026","XPA_Aurelia_Herrera","639124584880","17 - Prepaid","Non-Active","September 08, 2023","OK
 Nap 4 Port 8
 FOC:180 meters
 
 ============
 DC 10/14/25 - Ice
 RC 10/14/25 - Ice
 9 days dd adjustment due to typhoon old DD 12/8 new DD 12/17-ej","1,000","Active","299 DIKE BRGY ROAD BRGY PANGDEL BYB PNG",""
"605","","4400007","XMP_Jengky_Cayabyab","639062482589","20 - Prepaid","Non-Active","September 09, 2023","========
 old DD 9
 DC 11/17/25 - Ice
 8 days consumed 
 RC 11/28
 New DD 12/20-ej","1,000","Active","Sagur Manambong Parte Bayambang Pangasinan",""
"606","","600012","XAM2_Araceli_Devera","639467503077","15 - Prepaid","Non-Active","September 15, 2023","June 3, 2026
 Approved adjustment: 7 days isolation.
 Service interruption started on May 28, 2026 at approximately 7:00 PM and was restored on May 31, 2026 at approximately 7:00 AM.
 As compensation for the outage, a 7-day adjustment to the payment schedule has been approved.
 – Clarisse","1,000","Active","Purok 2 Brgy Ambayat 2nd Bayambang Pangasinan",""
"607","","7000009","TWA_Marinelle_Talino","639123456789","5 - Prepaid","Non-Active","September 05, 2023","","1,000","Active","Purok 4 Brgy Tanggal Brgy Wawa Bayambang Pangasinan",""
"608","","7000010","TWA_Marivic_Junio","639153021951","15 - Prepaid","Non-Active","September 08, 2023","OLD DD: AUG 8 2025
 DC- AUG 13 2025- REQUESTED BY THE AGENT -5 DAYS EXCEES
 RC-AUG 16 2025
 NEW DD: SEPT 11, 2025
 =====================
 feb 17- agent req change of dd: 
 OLD DD:11 NEW DD:15-CLARISSE","1,000","Active","Purok 4 Brgy Tanggal Bayambang Pangasinan",""
"609","","2800022","XDU_Marilou_Mendoza","639702830984","16 - Prepaid","Non-Active","September 09, 2023","OK
 DC MARCH 18 2025 ALDRIN
 DC- APRIL 16 2025 CLARISSE
 RC-JUNE 25
 NEW DD: JULY 7
 
 ==========
 OLD DD: OCT 07 2025
 DC 10/10/25
 RC 10/11/25
 new dd: nov 08 2025- CLARISSE
 ====================
 OLD DD: MARCH 08 2026
 DC: MARCH 12 2026
 RC- MARCH 20 2026
 NEW DD: APRIL 16 2026-CLARISSE","1,000","Active","Brgy Dusoc Bayambang Pangasinan",""
"610","","5300011","TPU_Mariechar_Estrada","63","4 - Prepaid","Non-Active","September 04, 2023","","1,000","Active","Brgy Pugo Bayambang Pangasinan",""
"611","","5300012","TPU_Renato_Bato","63","3 - Prepaid","Non-Active","September 04, 2023","RC MARCH 17 2025 ALDRIN
 
 ====================
 4/11/2025- DC
 LCP:1
 NAP:N/A
 Port:5
 TECHNICIAN:piolo/boss dong","1,000","Active","Brgy Pugo Bayambang Pangasinan
 OK",""
"612","","5400008","XRE_Remedios_Garcia","639355142371","17 - Prepaid","Non-Active","September 10, 2023","OLD DD:10
 MOVED DUE DATE - NEW DD: 17 DUE TO NO CONNECTION LAST NOV CAUSE BY THE TYPHOON UWAN","1,000","Active","Purok 5 Brgy Reynado Bayambang Pangasinan",""
"613","","3000005","XID_Jumar_Deleon","639123456789","10 - Prepaid","Non-Active","September 10, 2023","==========
 DC 10/16/25 - Ice
 RC 10/16/25 - Ice","1,000","Active","Purok 3 Brgy Idong Bayambang Pangasinan",""
"614","","1700011","XBS_Nelie_Payomo","639465722460","11 - Prepaid","Non-Active","September 11, 2023","==========
 DC 10/16/25 - Ice
 RC 10/16/25 - Ice
 ========
 DC 11/17/25 - Ice
 RC 11/17/25 - Ice","1,000","Active","Purok 3 Brgy Bical Sur Bayambang Pangasinan",""
"615","","7600005","XZ6_Karla_Anasco","639666273631","16 - Prepaid","Non-Active","September 11, 2023","DC- APRIL 15 2025 CLARISSE
 RC- APRIL 23
 CONSUME DAYS: 7
 NEW DD: MAY 16","1,000","Active","Brgy Zone VI Bayambang Pangasinan
 
 2months unpaid
 dc feb 11
 RECON MARCH 8 2025",""
"616","","5600003","XSG2_Divina_Perez","639123891675","1 - Prepaid","Non-Active","September 11, 2023","DC DEC 19
 RECON APRIL 5 2025
 new dd: June 11,2025
 ====================
 11 Due date
 DC JUNE 16-5 days
 RC JUNE 20
 Next DD: JULY 15,2025.
 ==========================
 NEXT DD: AUGUST 19 2025- MOVED DUE DATE DUE TO 4 DAYS OF NO CONNECTION CAUSE BY THE TYPHOON. 
 ===========
 RC 10/11/25
 ==============
 DC 10/23/25 - Ice
 RC 10/31/25 - Ice
 ============
 DC 11/25/25 - Ice
 DC Jan.23.: new DD: 26-darz
 ==========
 September 3, 2026
 old dd 28
 new dd 1
 Late payment si client nung July, nagbayad siya August 4 kaya inadjust ang due date niya ng every 1st of the month - hans","1,000","Active","Brgy San Gabriel 2nd Bayambang Pangasinan",""
"617","","600013","XAM2_Edralyn_Rosete","639385615664","21 - Prepaid","Non-Active","September 11, 2023","Nap8 Port2
 
 JULY 15 2025 DC - ALDRIN
 JULY 18 2025 RC - ALDRIN
 NEW DUE DATE 14
 =============
 DC 11/18/25 - Ice
 RC 11/19/25 - Ice
 =========================
 sept 18 23026
 Client message via fb page for availment of compensation that will take effect on October Bill
 OLD DD: OCT 14 2026
 NEW DD: OCT 21 2026 PLUS 4 DYS GRACE PERIOD-CLARISSE","1,000","Active","Purok 3 Brgy Ambayat Bayambang Pangasinan",""
"618","","7600006","XZ6_Jetanee_Delfin","639365060409","9 - Prepaid","Non-Active","August 09, 2023","Nap2 Port3","1,000","Active","Purok 3 Brgy Zone VI bayambang pangasinan
 OK",""
"619","","3200004","XINI_Brenda_Bautista","639324820613","15 - Prepaid","Non-Active","July 15, 2023","==============
 DC 10/21/25 - Ice
 RC 10/22/25 - Ice","1,000","Active","137 Purok 7 Brgy Inirangan Bayambang Pangasinan",""
"620","","4100010","XMA_Raymart_Padua","639919719978","15 - Prepaid","Non-Active","July 08, 2023","old dd:8/ adjusted 7 days-darz/ new dd: 15","1,000","Active","Purok II Brgy Malioer Bayambang Pangasinan",""
"621","","6500013","XTA_Rosemarie_Balmoja","639690196683","15 - Prepaid","Non-Active","August 02, 2023","04-02-25 - Old DD
 04-08- DC
 CONSUMED 8 DAYS
 04-22-25- RECIEVED PAYMENT VIA GCASH REF#3027 987 817 380. 
 Next DD: mAY 15,2025
 -CLARISSE","1,000","Active","3 Brgy Tatarac Bayambang Pangasinan",""
"622","","300005","XAMN_Gemer_Junio","639701130624","4 - Prepaid","Non-Active","July 04, 2023","===============
 Old DD 4
 DC 10/9/2025
 5 days consumed
 RC 10/9/2025
 New DD 11/4-Sir EJ
 ========
 DC 11/7/25 - Ice
 =========
 Additional 3 days grace period due to 3 days no connection - hans","1,000","Active","Brgy Amancosiling Norte, Bayambang Pangasinan",""
"623","","300006","XAMN_Jelyn_Lajera","639182730401","18 - Prepaid","Non-Active","June 08, 2023","NAPBOX:7
 LCP:1
 PORT:16
 TECHNICIAN: Jeff,John
 
 04-16-25- due to late update of payment in the system client's account accidentally DC twice, She requested to moved the due date , since she has no connection for 2 days also paid on time, sent proof of payment. 
 Moved due date from 8th to 10th of the month. - Client acknowledged.
 Next DD: may 10,2025
 -Clarisse 
 ==========
 DC 10/16/25 - Ice
 RC 10/16/25 - Ice
 ========
 OLD DD:10
 DC 11/17/25 - Ice
 DC 11/24/25 - Ice
 RC-11/24
 NEW DD"" 18","1,000","Active","Purok 4 Amangcosiling Norte Bayambang Pangasinan
 OK",""
"624","","6300008","XDU_Jeramie_Agustin","639707737971","28 - Prepaid","Non-Active","August 07, 2023","04-10-25
 DC UNPAID MARCH 28 BILLING
 -CLARISSE. 
 APRIL 14
 RECIEVED PAYMENT VIA GCASH REF#2027 7499 785 311 MARCH PAYMENT 
 
 Old DD 28
 DC 11/3
 6 days consumed
 RC 11/4
 New DD 28-EJ","1,000","Active","128 Brgy Dusoc Bayambang Pangasinan",""
"625","","400017","XAMS_Dante_Bato","639151709715","29 - Prepaid","Non-Active","June 05, 2023","OLD DD: AUG 5
 RC-AUG 18 2025
 NEW DD: SEPT 18
 ==========
 DC 10/22/25 - Ice
 RC 10/29/25 - Ice
 ==========
 Old DD 18
 DC 11/21/25 - Ice
 3 days consumed
 RC 12/1
 New DD 29-ej","1,000","Active","Purok 1 Amangcosiling Sur Bayambang Pangasinan",""
"626","","400018","XAMS_Ricky_Mangande","639123456789","12 - Prepaid","Non-Active","June 05, 2023","===============
 DC 10/9/2025
 RC 10/10/2025
 ==========
 7/1/26 duedate adjusted 7days old5, new12 -lester","1,000","Active","Amangcosiling Sur Bayambang Pangasinan
 OK",""
"627","","500002","AM1_Mark_Bugarin","639914730678","28 - Prepaid","Non-Active","May 31, 2023","June 3, 2026
 Approved adjustment: 7 days isolation.
 Service interruption started on May 28, 2026 at approximately 7:00 PM and was restored on May 31, 2026 at approximately 7:00 AM.
 As compensation for the outage, a 7-day adjustment to the payment schedule has been approved.
 – Clarisse
 OLD DD: 29
 NO 29 ON THE SYSTEM
 NEW DD: 28 PLUS 8 DAYS GRACE PERIOD – Clarisse","1,000","Active","Purok 1, Ambayat 1st Bayambang Pangasinan",""
"628","","1600008","XBN_Criselda_Dinong","639503344842","16 - Prepaid","Non-Active","June 02, 2023","Port 13
 ===============
 DC 10/8/2025
 RC 10/8/2025
 ========
 DC 11/7/25 - Ice
 RC 11/7/25 - Ice
 -------------------
 OLD DD:2
 NEW DD: 9
 JAN 7 CLIENT REQUESTED TO MOVE DUE DATE DUE TO HER CHILDREN REMITTANCE
 APPROVE SINCE 1ST TIME, TO REQUEST BUT FOR THE 2ND TIME NEED TO CHARGE 33 PER DAY CLIENT AGREED.  NEED TO DELET AND ADD BILL-CLARISSE
 old dd:9/adjusted 7 days -darz/ new dd: 16","1,000","Active","Manga St, Brgy Bical Norte Bayambang Pangasinan",""
"629","","1600009","XBN_Feby_Mejia","639106012908","2 - Prepaid","Non-Active","June 02, 2023","========
 DC 11/7/25 - Ice
 RC 11/7/25 - Ice","1,000","Active","Manga ST, Bical Norte Bayambang Pangasinan",""
"630","","5500007","XSG1_Remedios_Baligad","639958119085","1 - Prepaid","Non-Active","July 01, 2023","Port14
 ===============
 DC 10/8/2025
 RC 10/8/2025","1,000","Active","PUROK 3 SAN GABRIEL 1ST BYB PNG
 OK",""
"631","","1600011","XBN_Neren_Dinong","639706450923","2 - Prepaid","Non-Active","June 02, 2023","05/06/2025- Client send payment via gcash ref # 8028 415 158 680 amounting 2k :
 XBN_Virgilio_C_Cayabyab 
 XBN_Neren_Dinong 
 MAY PAYMENT - CLARISSE
 ========
 DC 11/7/25 - Ice
 RC 11/7/25 - Ice","1,000","Active","Bical Norte Bayambang Pangasinan",""
"632","","5800004","DSC_Jerome_Sambile","639319414545","2 - Prepaid","Non-Active","June 02, 2023","","1,000","Active","Brgy Sancagulis Bayambang Pangasinan",""
"633","","4200002","XMAN_Julie_Mejia","639305483381","14 - Prepaid","Non-Active","September 12, 2023","=============
 OLD DD:12
 DC 11/18/25 - Ice
 RC 11/20/25 - Ice
 NEW DD: DEC 14 2025","1,000","Active","Purok 1 Brgy Managos Bayambang Pangasinan",""
"634","","4200003","XMG_Zarrahjane_Manuel","639772573338","22 - Prepaid","Non-Active","September 12, 2023","Upgraded to Plan 1500(May 11,2024)
 =============
 DC 11/18/25 - Ice
 RC 11/18/25 - Ice
 =========
 August 26, 2026 Downgrade from 100mbps to 50mbps - hans","799","Active","Purok 1 Brgy Managos Bayambang Pangasinan",""
"635","","4400008","XMP_Jean_Iglesias","639454166750","5 - Prepaid","Non-Active","September 12, 2023","RC MARCH 14 2025
 ================
 20
 DC June 27 2025-7 days consume
 RC July 1 2025
 new dd: july 25,2025
 ==========
 Old DD 25
 DC 10/28/25 - Ice
 3 days consumed
 RC 11/8/25 - Ice
 New DD 12/5
 For   delete Nov. Bill","1,000","Active","Sitio Caniogan Purok 1 Bayambang Pangasinan",""
"636","","2600002","TPA_Conrado_Limson","639635184914","1 - Prepaid","Non-Active","June 01, 2023","OLD DD: 1 (05/28/26= 3 DAYS NO INTERNET/ NEW DD:  5    -DARZ)
 Binalik ko sa 1 hindi naman daw affected ng no connection by siy jhun -lester","1,000","Active","Purok 2 Brgy Pangdel Bayambang Pangasinan
 OK",""
"637","","5500008","TSG1_Kervy_Paa","639635209829","29 - Prepaid","Non-Active","May 29, 2023","OK","1,000","Active","Purok IV San Gabriel 1st Bayambang Pangasinan",""
"638","","7000011","TWA_Judilyn_Beltran","639812675880","3 - Prepaid","Non-Active","May 30, 2023","","1,000","Active","Purok 4 Brgy Wawa Bayambang Pangasinan",""
"639","","7000012","TWA_Dermalin_Salvador","639919370617","2 - Prepaid","Non-Active","May 19, 2023","","1,000","Active","Purok IV Brgy Wawa Bayambang Pangasinan",""
"640","","5300015","TPU_Jasmine_Reyes","639635184923","23 - Prepaid","Non-Active","May 23, 2023","","1,000","Active","Purok II Brgy Wawa Bayambang Pangasinan",""
"641","","5500009","TSG1_Josefa_Reloza","639667697790","25 - Prepaid","Non-Active","May 25, 2023","NAPBOX:8
 LCP:1
 PORT:15
 TECHNICIAN:John and Renz","1,000","Active","San Gabriel 1st Bayambang Pangasinan
 OK",""
"642","","400020","XAMS_Romel_Mangande","639466766926","13 - Prepaid","Non-Active","September 13, 2023","","1,000","Active","Purok 4 Brgy Amangcosiling Sur Bayambang Pangasinan",""
"643","","5500010","XSG1_Jayr_Maregmen","639064243671","1 - Prepaid","Non-Active","August 04, 2023","for Delete June Billing  LAST PAYMENT IS MAY
 17 OLD DUE DATE
 June 20 2025 DISCONNECTED
 AUGUST 5 2025 RECONNECTED
 NEW DUE DATE september 3 
 
 
 ==============
 DC 9/10/2025 - Xpacs
 rc-9/11/25-EJ
 =============
 Old DD 3
 DC 11/7/25 - Ice
 4 days consumed
 RC 11/9
 New DD  12/5
 ----------------------
 old dd:5
 DC""12/10
 RC""12/12
 NEW DD:7
 ==================
 4/10/26 change pppoe XSG1_Maribel_Patungan to XSG1_Jayr_Maregmen
 ============
 DC 06/11/2026
 RC 06/18/2026
 OLD DD 7
 NEW DD 14 - HANS
 ===========
 September 5, 2026 RECONNECTION
 Old dd 14
 new dd 1 - hans","1,000","Active","PUROK 7 San Gabriel 1st BYB PNG",""
"644","","4100011","XMA_Merriam_Rey","639092186016","1 - Prepaid","Non-Active","August 01, 2023","========
 DC 11/4/25 - Ice
 RC 11/4/25 - Ice","1,000","Active","Purok 2 Brgy Malioer Bayambang Pangasinan",""
"645","","2900024","XHE_Alfredo_Giron","639075825330","24 - Prepaid","Non-Active","July 24, 2023","==========
 DC 10/28/25 - Ice
 RC 10/29/25 - Ice
 
 ============
 DC 11/27/25 - Ice (DD of 23-24)
 RC 11/28/25 - Ice","1,000","Active","Hermoza Bayambang Pangasinan",""
"646","","2800024","XDU_Monica_Dinong","639090078182","9 - Prepaid","Non-Active","August 09, 2023","","799","Active","Purok 7, Brgy Dusoc Bayambang Pangasinan",""
"647","","2600004","XDA_Julius_Beltran","639157733351","21 - Prepaid","Non-Active","July 24, 2023","OK
 May 14 - client requested next billing date is June 05 2025 amounting 1,396.00 is approved.  (Moved due date with additional cost) -Clarisse
 
 Feb 06 2026-Client downgraded from 100-799-Clarisse
 =========
 RECONNECTION 05/23/2026
 DC 04/09/2026
 OLD DD 5
 NEW DD 19
 NEXT DD 06/19/2026 - HANS
 old dd: 19/new dd:21-darz","799","Active","84, Purok 2 Brgy Darawey Bayambang Pangasinan",""
"648","","300007","XAMN_Ajja_Serafica","639635219408","30 - Prepaid","Non-Active","July 30, 2023","","1,000","Active","87 Amangcosiling Norte Bayambang Pangasinan",""
"649","","4900029","XPA_CherryAnne_Caragan","639923557662","17 - Prepaid","Non-Active","July 12, 2023","OK
 DC 9/16/2025 - Xpacs
 August 30,2026 - old DD 12 New DD SEPT 15 2026
 ADJUST 3 DAYS DUE TO NO CONNECTION-CLARISSE
 ADJUST 2 DAYS DUE TO NO CONNECTION 
 New dd 17 - hans","1,000","Active","Purok 1 Brgy Pangdel Bayambang Pangasinan",""
"650","","5500012","XSG1_Luisa_Maregmen","639156878080","18 - Prepaid","Non-Active","July 11, 2023","==========
 DC 10/16/25 - Ice
 RC 10/16/25 - Ice
 =========
 7/2/25 Duedate adjusted 7days old11, new18 -lester","1,000","Active","5 San Gabriel 1st Bayambang Pangasinan
 OK",""
"651","","6900005","XWAR_Lucita_Santos_Banaga","639293433397","16 - Prepaid","Non-Active","September 14, 2023","UNPAID JAN
 DC JAN 16
 ==============
 DC 10/20/25 - Ice
 RC 10/20/25 - Ice","1,000","Active","Purok 2 Brgy Warding Bayambang Pangasinan",""
"652","","400021","XAMS_Leah_Pinto","639460798286","28 - Prepaid","Non-Active","September 14, 2023","NAPBOX: 8
 LCP:
 Port: 12
 OLD DD: 2
 MAy 05- DC
 mAY 09- RC PAID VIA GCASH
 NEW DD: JUNE 07 -CLARISSE
 OLD: DD : 7
 rc: May 25
 New DD: June 21 2026-Clarisse
 ==============
 MAY 30
 3 DAYS NO CONNECTION MOVED 3 DAYS GRACE PERIOD-CLARISSE
 new dd: 2-darz","1,000","Active","Purok 5 Brgy Amangcosiling Sur Bayambang Pangasinan
 OK",""
"653","","400022","XAMS_Francisco_Maniling","639667283634","3 - Prepaid","Non-Active","August 03, 2023","===============
 DC 10/9/2025
 RC 10/9/2025
 no need adjustment .consume rebate 99","1,000","Active","Brgy Amangcosiling Sur Bayambang Pangasinan
 OK",""
"654","","400023","XAMS_Rowena_Cayabyab","639922390739","20 - Prepaid","Non-Active","July 20, 2023","============
 DC 11/25/25 - Ice(DC of DD 19 - 22)
 RC 11/25/25 - Ice","1,000","Active","Purok 4 Amangcosiling Sur Bayambang Pangasinan",""
"655","","1600015","XBN_Maila_Perez","639054406431","27 - Prepaid","Non-Active","June 15, 2023","==============
 Old DD 15
 DC 10/21/25 - Ice
 6 days consumed
 RC 11/3
 New DD  11/27-EJ
 DC 11/19/25 - Ice
 RC 11/19/25 - Ice adjusted DD","1,000","Active","Dalandan st. Bical Norte,Baymabang,Pangasinan",""
"656","","600014","AM2_Erlinda_Valenzuela","639081568005","28 - Prepaid","Non-Active","August 02, 2023","June 3, 2026
 Approved adjustment: 7 days isolation.
 Service interruption started on May 28, 2026 at approximately 7:00 PM and was restored on May 31, 2026 at approximately 7:00 AM.
 As compensation for the outage, a 7-day adjustment to the payment schedule has been approved.
 old dd: 29
 no 29 on the system
 NEW DD: 28 PLUS 8 DAYS GRACE PERIOD – Clarisse","1,000","Active","Ambayat 2nd Bayambang Pangasinan",""
"657","","4900030","XPA_Marites_Tabios","639109690250","15 - Prepaid","Non-Active","September 15, 2023","September 15 2026
 RECON
 For Delete of August 2026 Bill
 Next DD: oCTOBER 15 2026-CLARISSE","1,000","Active","140 Purok 2 Brgy Pangdel Bayambang Pangasinan",""
"658","","4900031","XPA_Veronica_Celajes","639352104844","23 - Prepaid","Non-Active","September 15, 2023","DC 11/19/25 - Ice
 RC 11/19/25 - Ice
 -------------------
 OLD DD: FEB 15
 DC""FEB 19
 RC: FEB 22
 NEW DD: MARCH 18 2026-CLARISSE
 old dd:18/dc:22/new dd:23-darz","1,000","Active","Purok 1 Brgy Pangdel Bayambang Pangasinan",""
"659","","5500014","XSG1_Almira_Marcos","639661508793","15 - Prepaid","Non-Active","September 15, 2023","OK
 Nap:5 Port:6","1,000","Active","Purok 3 Brgy San Gabriel 1st Bayambang Pangasinan",""
"660","","1700012","XBS_Villa_Canonizado","639082530285","16 - Prepaid","Non-Active","September 16, 2023","Nap 3 Port 3","1,000","Active","Purok 4 Brgy Bical Sur Bayambang Pangasinan
 OK",""
"661","","4400010","XMP_Reynaldo_Macaraeg","639555785521","16 - Prepaid","Non-Active","September 16, 2023","Nap7 Port9
 Piolo/Alfredo","1,000","Active","Purok 3 Brgy Manambong Bayambang Pangasinan
 OK",""
"662","","6900006","TWAR_Jake_Esteban","639483546179","1 - Prepaid","Non-Active","September 10, 2023","NAP 4 Port 1","900","Active","Purok 2 Brgy Warding Bayambang Pangasinan",""
"663","","4200004","TMG_Giselle_Mananzan","639073300391","16 - Prepaid","Non-Active","June 16, 2023","OK","1,000","Active","Purok 3 Managos ,Bayambang,Pangasinan",""
"664","","4900032","XPA_LovelyJoy_Fabian","639563459134","10 - Prepaid","Non-Active","July 30, 2023","Lcp:1
 Nap:6
 Port:8
 August 8, 2026 Reconnection
 Old dd 25
 new dd 8 - hans
 FB: Lo Ve Ly
 Alternative contact #: 09857541394 Sir Cedric
 =======================
 August 13 2026
 OLD DD: 8 moved due date due to 2 days no connection
 New DD: EVERY 10 OF THE Month-Clarisse","1,000","Active","Purok 1 Brgy Pangdel Bayambang Pangasinan
 OK",""
"665","","300008","XAMN_Leonardo_Prado","639217684313","16 - Prepaid","Non-Active","August 16, 2023","","1,000","Active","Purok 4 Brgy Amangcosiling Norte Bayambang Pangasinan",""
"666","","5500016","XSG1_Delfina_Gallardo","639055594192","16 - Prepaid","Non-Active","August 16, 2023","DC 11/19/25 - Ice
 RC 11/19/25 - Ice","1,000","Active","Purok 7 Brgy San Gabriel 1st Bayambang Pangasinan",""
"667","","600015","XAM2_Jocelyn_Paningbatan","639815917535","14 - Prepaid","Non-Active","August 14, 2023","OK
 Nap8 Port5","1,000","Active","Purok 3 Ambayat 2nd Bayambang Pangasinan",""
"668","","600016","XAM2_Kristinemia_Balneg","639810144569","19 - Prepaid","Non-Active","August 01, 2023","==========
 DC 10/22/25 - Ice
 RC 10/23/25 - Ice
 ==========
 OLD DD:18
 DC 11/21/25 - Ice
 RC 11/22/25
 NEW DD:19","1,000","Active","Purok 1 Brgy Ambayat Bayambang Pangasinan",""
"669","","4100012","XMA_Vilma_Padua","639099547061","8 - Prepaid","Non-Active","July 08, 2023","============
 DC 10/14/25 - Ice
 RC 10/16/25 - Ice
 -----------
 update coordinates 12/10/25","1,000","Active","124 Malioer Bayambang Pangasinan",""
"670","","2900026","XHE_Marites_Giron","639517173445","16 - Prepaid","Non-Active","August 16, 2023","DC 11/19/25 - Ice","1,000","Active","301 Purok 4 Brgy Hermoza Bayambang Pangasinan
 OK",""
"671","","3100009","XINA_Rowena_Javier","639207976461","16 - Prepaid","Non-Active","August 16, 2023","OK
 DC 11/19/25 - Ice
 RC 11/19/25 - Ice","1,000","Active","Purok 2 Inanlorenza Bayambang Pangasinan",""
"672","","5500017","XSG1_Jeffrey_Manangan","639567211853","12 - Prepaid","Non-Active","August 16, 2023","DC 11/19/25 - Ice
 RC 11/19/25 - Ice
 Old DD:17 /DC 21/RC :July 5/new DD:10 --darz
 ==============
 SEPTEMBER 16, 2026 LATE PAYMENT
 OLD DD 10
 NEW DD 12 - HANS","1,000","Active","Purok 1 Brgy Sangabriel 1st Bayambang Pangasinan
 OK",""
"673","","5500018","XSG1_Bonifacio_Laza","639216688543","19 - Prepaid","Non-Active","June 17, 2023","OK
 Nap8 Port8
 RC 11/19/25 - Ice
 -----------------------
 OLD DD: 17
 NEW DD: SEPT 19,2026 MOVED 2 DAYS WITH NO CONNECTION
 REPAIRED BY JOHN AND RENZ -CLARISSE","1,000","Active","Purok 7 San Gabriel 1st Baymabang, Pangasinan",""
"674","","5700009","XSV_Gellian_Prestoza","639155807377","16 - Prepaid","Non-Active","July 16, 2023","","1,000","Active","Purok 3 Brgy Sanvicente Bayambang Pangasinan",""
"675","","5700010","XSV_George_Ventura","639300779058","17 - Prepaid","Non-Active","July 17, 2023","RC 11/19/25 - Ice","1,000","Active","Purok 3 Brgy San Vicente Bayambang Pangsasinan",""
"676","","5700011","XSV_Norelyn_Diones","639123456789","17 - Prepaid","Non-Active","July 17, 2023","==========
 DC 10/22/25 - Ice
 RC 10/22/25 - Ice","1,000","Active","Purok 3 Brgy San Vicente Bayambang Pangasinan",""
"677","","5700012","XSV_Arjay_Perez","639467317002","19 - Prepaid","Non-Active","July 19, 2023","==============
 DC 10/23/25 - Ice","1,000","Active","Purok 5 San vicente Bayambang Pangasinan",""
"678","","6300014","XTAM_Zaldy_Flores","639500649815","21 - Prepaid","Non-Active","February 21, 2024","","1,500","Active","Brgy Tampog Bayambang Pangasinan",""
"679","","6300016","XTAM_Anita_Mejia","639184647457","25 - Prepaid","Non-Active","June 18, 2023","DC 11/21/25 - Ice
 RC 11/21/25 - Ice
 ===========
 7/1/26 duedate adjusted 7days old18, new25 -lester","1,000","Active","Purok 5 Tampog Bayambang Pangasinan
 OK",""
"680","","600017","XAM2_Venus_Basilio","639708002147","18 - Prepaid","Non-Active","June 18, 2023","OK
 ==========
 DC 10/22/25 - Ice
 RC 10/22/25 - Ice
 ============= 
 Additional 3 days grace period due to 3 days no connection - hans","1,000","Active","PUROK 1 AMBAYAT 2ND BYB PNG",""
"681","","5400009","XRE_Pearljoy_Navarro","639460300793","18 - Prepaid","Non-Active","July 18, 2023","","1,000","Active","Purok 1 Brgy Reynado, Bayambang Pangasinan",""
"682","","3000008","XID_Jaime_Agcaoile","639336432824","28 - Prepaid","Non-Active","August 17, 2023","============
 
 DC 9/25
 RC 9/25
 new DD Oct. 24
 RC 10/24/25 - Ice
 ======
 DC 02/28/2026
 RC 03/02/2026
 OLD DD 24
 NEW DD 28
 NEXT DD 03/28/2026 -HANS","1,000","Active","Brgy Idong Bayambang Pangasinan",""
"683","","2900028","XHE_Jay_Catalan","639096406587","18 - Prepaid","Non-Active","July 18, 2023","","1,000","Active","110 Purok 2, Brgy Hermoza Bayambang Pangasinan",""
"684","","2800028","XDU_Jeannerose_Soriano","639155814873","11 - Prepaid","Non-Active","August 17, 2023","==========
 17 old DD
 DC 10/22/25 - Ice
 5 days consumed
 RC 10/24/25
 new DD  19
 ============
 DC 11/25/25 - Ice
 RC-12/17 LESS 6 DAYS - JAN 11","1,000","Active","Purok 5 Brgy Dusoc Bayambang Pangasinan",""
"685","","2800029","XDU_Jacquelyn_Jose","639453173316","18 - Prepaid","Non-Active","August 18, 2023","Additional 3 days grace period due to 3 days no connection – hans","1,000","Active","Purok 6 Brgy Dusoc Bayambang Pangasinan",""
"686","","2800030","XBUA_Quennie_Perez","639504156987","28 - Prepaid","Non-Active","August 10, 2023","Reconnection 12/6/25 
 NAPBOX: 6
 LCP: 1
 PORT: 16 
 TECHNICIAN: Marvin / Jeff
 ------------------------
 RC 12/6
 ================
 OLD DD: 6
 DC-10
 RC-FEB 13 2026
 NEW DD:MARCH 13 2026-CLARISSE
 ==================
 OLD DD: MARCH 13
 DC: MARCH 17
 RC- MARCH 20
 NEW DD: APRIL 16 2026-CLARISSE
 ============
 Reconnection 06/29/2026
 NapBox:6
 LCP:1
 Port:16
 Technicians: Ma king/ edward","1,000","Active","Purok 6, Brgy Buayaen/buayaen Bayambang Pangasinan
 OK",""
"687","","6300018","XTAM_John_Odon","639339962845","18 - Prepaid","Non-Active","June 18, 2023","DC 11/21/25 - Ice
 
 12/19 paid at wawa","1,000","Active","Purok 2 Tampg Bayambang Pangasinan",""
"688","","4500004","XMS_Rosemarie_Camacho_Laza","639457551982","27 - Prepaid","Non-Active","September 18, 2023","OK
 NAPBOX: n/a
 LCP: n/a
 PORT: 8
 recable TECHNICIAN: Jojo/Edward 
 
 Adjusted due date due to typhoon-8 days  from DD 11/18 to 11/27-ej","1,000","Active","Purok 1 Brgy Manambong Sur Bayambang Pangasinan",""
"689","","4900033","XPA_Olive_Herrera","639938834873","16 - Prepaid","Non-Active","August 16, 2023","==============
 DC 10/21/25 - Ice
 RC 10/21/25 - Ice","1,000","Active","Purok 3 Brgy Pangdel Bayambang Pangasinan",""
"690","","5500019","XSG1_Lani_Delacruz","639563552689","19 - Prepaid","Non-Active","July 19, 2023","","1,000","Active","Purok 1 Brgy San Gabriel Bayambang Pangasinan",""
"691","","5700013","XSV_Manilyn_Fernandez","639518896630","19 - Prepaid","Non-Active","August 19, 2023","","1,000","Active","Purok 3 Brgy SanVicente Bayambang Pangasinan",""
"692","","2400004","XCA_Daisie_Barrameda","639124749926","19 - Prepaid","Non-Active","August 19, 2023","","1,000","Active","Purok 1 Brgy Carungay Bayambang Pangasinan",""
"693","","2400005","XCA_Letecia_Romeo","639481667790","19 - Prepaid","Non-Active","August 19, 2023","APRIL 21- FOR PAID SA SYSTEM, VIA CASH -CLARISE
 MAY 19- FOR PAID SA SYSTEM PAID VIA CASH -CLARISSE","1,000","Active","Purok 1Brgy Carungay Bayambang Pangasinan",""
"694","","4500005","XMS_Janet_Magsano","639052925191","9 - Prepaid","Non-Active","August 15, 2023","ADJUSTMENT AUGUST 5 NEW DD / FOR DELETE JULY
 AUGUST 07 2025- MOVED DUE DATE FROM AUG 05 TO AUG 22, DUE TO HEAVY RAIN AND FLOOD CUSTOMER HAS NO CONNECTION FROM JULY 20 TO AUGUST 06 2025-18 DAYS.  
 
 
 ==============
 DC 11/19/25 - Ice","1,000","Active","295 SITIO MANAMBONG BYB PNG",""
"695","","4400011","XMP_Jeremy_Sinampaga","639154621801","16 - Prepaid","Non-Active","August 24, 2023","04-28-25-DC
 
 DUE DATE 24
 APRIL 28 2025 DC
 MAY 3 2025 RC
 NEW DD: MAY 30
 ==============
 30 old due date
 june 3 2025 dc -4 days
 june 9 2025 rc
 new dd: july 5 2025
 Old dd 5
 DC 10/14/25
 9 days consumed
 RC 10/25/25 - Ice
 New DD 11/16/25","1,000","Active","Centro Manambong Parte Bayambang Pangasinan",""
"696","","6400029","XTAN_Roberto_Perez","639231028346","23 - Prepaid","Non-Active","June 23, 2023","08-26-27 - PAID 2K VIA CASH FOR AUGUST AND SEPTEMBER.","1,000","Active","Sitio Pangdel Brgy Tanolong Bayambang Pangasinan",""
"697","","5800006","XSC_Alex_Rabang","639464379358","10 - Prepaid","Non-Active","June 06, 2023","nap6 port7
 ==========
 DC 10/10/25
 RC 10/13/25","1,000","Active","Purok 2 San Cagulis Bayambang Pangasinan",""
"698","","600019","XAM2_Nestor_Domingo","639603469048","20 - Prepaid","Non-Active","July 20, 2023","","1,000","Active","133 Purok 2 Brgy Ambayat 2nd Bayambang Pangasinan",""
"699","","5300016","TPU_Ronnie_Tamondong","639127220608","17 - Prepaid","Non-Active","August 17, 2023","NAPBOX:5
 LCP:1
 Port:10
 TECHNICIAN:piolo/Alfredo","1,000","Active","Purok 1 Brgy Pugo Bayambang Pangasinan",""
"700","","400027","XAMS_Juvelyn_Benitez","639636319199","28 - Prepaid","Non-Active","August 24, 2023","==========
 DC 10/28/25 - Ice
 RC 10/28/25 - Ice
 =============================
 June 1, 2026
 Approved adjustment: 7 days isolation.
 Service interruption started on May 28, 2026 at approximately 7:00 PM and was restored on May 31, 2026 at approximately 7:00 AM.
 As compensation for the outage, a 7-day adjustment to the payment schedule has been approved.
 – Clarisse","1,000","Active","Purok 3 Amangcosiling Sur Bayambang Pangasinan",""
"701","","6900008","XWAR_JudyAnn_Grospe","639120823081","28 - Prepaid","Non-Active","September 21, 2023","OLD DD: 21
 DC-APRIL 24
 RC-APRIL 28 PAID VIA GCASH REF# '8028138534902
 NEW DD: MAY 25 -CLARISSE
 =====================================
 Due date 25
 Dc May 28 2025
 Rc June 1 2025
 NEW DD: JUNE 28","1,000","Active","Purok 2 Brgy Warding Bayambang Pangasinan",""
"702","","4200005","XMAN_Anarose_Naval","639063638487","20 - Prepaid","Non-Active","July 20, 2023","PPPOE : XMG_Ana_Naval
 ==============
 DC 10/23/25 - Ice
 RC 10/23/25 - Ice","1,000","Active","Brgy Managos Bayambang Pangasinan",""
"703","","300009","XAMN_Angie_Baratang_Cayabyab","639469706410","21 - Prepaid","Non-Active","July 21, 2023","9/29/2025 - DC 
 ==============
 DC 10/24/25 - Ice
 RC 10/24/25 - Ice","1,000","Active","2 BRGY AMANGCOSILING NORTE BYB PNG",""
"704","","5800008","XSC_Rosemarie_Ortiz","639124673688","9 - Prepaid","Non-Active","August 21, 2023","old DD: mARCH 21
 APRIL 08-DC -CLARISSE
 CONSUME DAYS: 18
 APRIL 22-RC
 NEW DD: MAY 09 - CLARISSE","1,000","Active","Purok 1 Brgy SanCagulis Bayambang Pangasinan
 OK",""
"705","","2600006","XDA_Luisito_Rio","639124927271","25 - Prepaid","Non-Active","August 19, 2023","old dd:23
 05/28/26( service interruption,2 days no connection) adjusted due date-new dd:25 -darz","1,000","Active","Brgy Darawey Bayambang Pangasinan
 OK",""
"706","","5300017","TPU_Violeta_Banbalan","639123456789","9 - Prepaid","Non-Active","May 09, 2023","Nap2 Port9","1,000","Active","Brgy Pugo Bayambang Pangasinan",""
"707","","2800031","DDU_Lea_Bugayong","639163516765","16 - Prepaid","Non-Active","June 16, 2023","","1,000","Active","Purok 6 Dusoc ,Bayambang,Pangasinan",""
"708","","7600012","XZ6_Leuwin_Rosales","639271917548","3 - Prepaid","Non-Active","August 25, 2023","DC MARCH 4 2025
 RC MARCH 14 2025
 
 APRIL 05 2025
 FEB PAYMENT RECEIVED - BN-20250314-86096556 (1,000)
 -CLARISSE
 
 Due date 25
 4 DAYS CONSUME
 DC april 29 2025
 RC may 6 2025 paid via gcash ref# 8028 425 237 139 may 06
 New DD: jUNE 3 -Clarisse
 ========
 DC 11/7/25 - Ice
 RC 11/7/25 - Ice
 ------------
 OLD DD IS 3
 RC 12/27/25
 NEW DD: JAN.27 2026
 ==============================
 June 1, 2026
 Approved adjustment: 7 days isolation.
 Service interruption started on May 28, 2026 at approximately 7:00 PM and was restored on May 31, 2026 at approximately 7:00 AM.
 As compensation for the outage, a 7-day adjustment to the payment schedule has been approved.
 – Clarisse
 =============
 new due date every 3rd of the month - hans","1,000","Active","Zone VI Poblacion  Bayambang Pangasinan
 OK",""
"709","","4500006","XMS_Gessiel_Pagungayen_Flores","639123782477","28 - Prepaid","Non-Active","July 21, 2023","============
 DC 11/25/25 - Ice(DC of DD 19 - 22)
 RC 11/25/25 - Ice","1,000","Active","Purok 3 Brgy Manambong Sur Bayambang Pangasinan
 OK",""
"710","","2800032","XDU_MaryAnn_Tabora","639667012680","28 - Prepaid","Non-Active","August 26, 2023","OK
 old dd:26/ adjusted 7 days-darz/ new dd:3","1,000","Active","127 Dusoc Bayambang Pangasinan",""
"711","","4200007","XMG_Zenaida_Bueno","639305483280","22 - Prepaid","Non-Active","July 20, 2023","5/26/2025-DC
 ==============
 DUE DATE 20
 DC MAY 26 2025
 RC MAY 28 2025
 NEW DD: JUNE 22
 =================
 DC 11/25/25 - Ice(DC of DD 19 - 22)
 RC 11/26/25 - Ice
 ==========
 Additional 3 days grace period due to 3 days no connection - hans","1,000","Active","Purok 3 Brgy Managos Bayambang Pangasinan",""
"712","","1700014","XBS_Virgie_Amancio","639430604772","3 - Prepaid","Non-Active","August 18, 2023","DC 11/21/25 - Ice
 old dd:18 
 11/24 restored connection
 11/10 to 11/18 no connection
 delete nov bill
 New DD: December 2 =Clarisse due to typhoon UWAN
 =========
 DC 02/06/2026
 RC 03/28/2026
 OLD DD 2
 NEW DD 31
 NEXT DD 05/01/2026 - HANS
 =======================
 may 02- CLIENT PAID AND DOWNGRADE FROM 1K TO 799 
 NEW DD: JUNE 1 2026-CLARISSE
 =========================
 may 29 2026
 OLD DD: 1
 NEW DD: 3
 2 DAYS NO CONNECTION-CLARISSE
 ===========
 July 7, 2026
 Upgrade from 50mbps to 100 Mbps - hans","1,000","Active","Purok 2 Brgy Bical Sur Bayambang Pangasinan",""
"713","","6400030","XTAN_MhelCrissa_Fernandez","639274735035","22 - Prepaid","Non-Active","July 11, 2023","OK
 
 April payment same with gcash reference number of March payment.
 Gcash REF #3027433284589.
 
 Client paid 1400.00 for the 2 months billing (March-april) 
 -Clarisse
 
 ==============
 DC 11/7/25 - Ice
 RC 11/8/25 - Ice
 ===============
 OLD DD IS 11
 NEW DD IS DEC 14 DUE TO 3 DAYS MAINTENANCE STARTS AT DEC 8-10. -Clarisse
 =======
 Additional 3 days due date due to outage - hans","700","Active","379 sitio Pangdel Brgy Tanolong Bayambang Pangasinan",""
"714","","4200008","XMG_Karen_Aglanao","639302065832","6 - Prepaid","Non-Active","August 04, 2023","MAY 29 2026
 OLD DD: 4
 NEW DD: 6 - MOVED 2 DAYS DUE TO NO CONNECTION-CLARISSE","1,000","Active","Purok 2 Brgy Managos Bayambang Pangasinan",""
"715","","5500021","XSG1_Hanna_Rabang","639758056478","14 - Prepaid","Non-Active","August 04, 2023","DC- APRIL 08
 NO MARCH PAYMENT
 -CLARISSE","1,000","Active","51 Purok 3 Brgy San Gabriel 1st Bayambang Pangasinan",""
"716","","4400012","XMP_Rizza_Devera","639707935433","27 - Prepaid","Non-Active","August 23, 2023","july 24- client requested to DC account to evacuate due to typhoon
 =============
 May 29, 2026 - Downtime
 OLD DD - 27
 NEW DD - 28
 2 days no Connection - hans","1,000","Active","Purok 1 Kaniogan Brgy Manambong Parte Bayambang Pangasinan",""
"717","","6900010","XWAR_Gilbert_Lorenzana","639661796941","28 - Prepaid","Non-Active","August 30, 2023","","1,000","Active","Purok 5 Brgy Warding Bayambang Pangasinan",""
"718","","4900036","XPA_Jake_Labrador","639064082951","27 - Prepaid","Non-Active","July 25, 2023","OK
 NAPBOX:N/A
 LCP:N/A
 Port:1
 =========
 May 29, 2026 - Downtime
 OLD DD - 25
 NEW DD - 27
 2 days no Connection - hans","1,000","Active","PUROK 1 BRGY PANGDEL BYB PNG",""
"719","","4900037","XPA_Marian_Poblete","639155469684","25 - Prepaid","Non-Active","July 25, 2023","============
 DC 11/28/25 - Ice (DD of 25)
 RC 11/28/25 - Ice 
 ---------
 12/24/25 PAID AT WAWA","1,000","Active","183 Purok 2 Brgy Pangdel Bayambang Pangasinan",""
"720","","1300006","XBA_Melody_Santiago","639318640695","30 - Prepaid","Non-Active","August 26, 2023","NAPBOX: 3
 LCP: 1
 PORT: 1
 
 TECHNICIAN: LESTER/JEFF
 June 26 2025-old dd
 June 30 2025-4 days
 July 5 2025
 july 30 new dd
 
 ==========
 DC 11/3/25 - Ice
 RC 11/4/25 - Ice","1,000","Active","Don Pascual Bani Bayambang Pangasinan",""
"721","","5300018","TPU_Fatima_Junio","639567950744","17 - Prepaid","Non-Active","June 05, 2023","DC MARCH 24 2025 ALDRIN
 RC- APRIL 26 2025 -PAID VIA CASH FOR ADD BILLING APRIL -CLARISSE
 ===============================================
 OLD  DD: 17
 june 25- DC- 8 DAYS EXCEED
 JULY 01- RC 
 NEW DD: JULY 25 
 ==============
 RC 10/17/25 - Jhun
 ===========
 Sir Jhun requested to adjust the Isolir date from 9 days to 4 days. - hans","1,000","Active","176 Purok 1 Brgy Pugo Bayambang Pangasinan
 OK",""
"722","","2400009","XCA_Jonathan_Mina","639277792379","4 - Prepaid","Non-Active","August 23, 2023","Dc 8/26/25-Ice 
 RC 9/1/25
 New DD 9/16/25
 ==============
 
 DC 11/19/25 - Ice
 RC 11/19/25 - Ice
 old dd:16
 05/28/26( service interruption,2 days no connection) adjusted due date-new dd:18 -darz
 ==========
 July 4, 2026 reconnection
 new dd every 4th of the month - hans","1,000","Active","Purok 6 Carungay Bayambang Pangasinan
 OK",""
"723","","6500014","XTA_Antonio_Dumlao","639662666932","26 - Prepaid","Non-Active","March 26, 2024","","1,000","Active","Ramon St, Purok 2 Brgy Tatarac Bayambang Pangasinan",""
"724","","4900038","DPA_Jean_Magallones","639922487712","21 - Prepaid","Non-Active","June 21, 2023","port4","1,000","Active","PANGDEL BAYAMBANG PANGASINAN",""
"725","","6300020","XTAM_Grace_Ragos","639100022926","20 - Prepaid","Non-Active","June 16, 2023","==============
 DC 10/21/25 - Ice
 RC 10/22/25 - Jhun Cash (Ice)
 
 OLD DD: 16
 NEW DD: 20 late update in the system this was implemented during Aldrins time. Clarisse
 ============
 May 29, 2026 - Downtime
 OLD DD - 20
 NEW DD - 22
 NEXT DD - 06/22/2026","1,000","Active","69 Purok 3 Tampog Bayambang Pangasinan",""
"726","","5600005","XSG2_Shiela_Gabriel","639959461871","17 - Prepaid","Non-Active","August 17, 2023","DC 11/20/25
 RC 11/20/25","1,000","Active","Baltazar St, Brgy San Gabriel 2nd Bayambang Pangasinan",""
"727","","6300021","XTAM_Merly_Primero_Asendido","639569905784","21 - Prepaid","Non-Active","August 21, 2023","============
 DC 11/25/25 - Ice(DC of DD 19 - 22)
 RC 11/25/25 - Ice","1,000","Active","19 Purok 3 Brgy Tampog Bayambang Pangasinan
 OK",""
"728","","2900029","XHE_Anita_Deguzman","639071554541","15 - Prepaid","Non-Active","August 15, 2023","","1,000","Active","Brgy Hermoza Bayambang Pangasinan",""
"729","","4200011","XMAN_Maragel_Lopez","639569479671","21 - Prepaid","Non-Active","July 21, 2023","OK
 JULY 23 2025 - Client request to updated account name and number  XMG_Judith_Lopez
 change name to
 XMG_MaraGel_Lopez","1,000","Active","Purok 1 Brgy Managos Bayambang Pangasinan",""
"730","","5500022","XSG1_Rosemarie_Gallardo/Erguiza","639532293872","23 - Prepaid","Non-Active","September 23, 2023","","1,000","Active","Brgy SanGabriel 1st Bayambang Pangasinan",""
"731","","4200013","XMAN_Joel_Valdoz","639516767591","28 - Prepaid","Non-Active","July 22, 2023","Nap 6 Port 2
 ============
 
 DC 11/25/25 - Ice(DC of DD 19 - 22)
 RC 11/25/25 - Ice
 old dd:22/ adjusted 7 days - darz/ new dd: 29","1,000","Active","Brgy Managos Bayambang Pangasinan",""
"732","","4900039","XPA_Aris_Herrera","639923557662","20 - Prepaid","Non-Active","July 20, 2023","============
 DC 11/25/25 - Ice(DC of DD 19 - 22)","1,000","Active","Purok 1 Brgy Pangdel Bayambang Pangasinan",""
"733","","2300009","XCS_Reginald_Austria","639817615075","11 - Prepaid","Non-Active","July 22, 2023","==============
 DC 10/23/25 - Ice
 RC 10/24/25 - Ice
 =================
 JULY 11 2026
 OLD DD:  20
 RC- JULY 11 2026
 NEW DD: 11-CLARISE","1,000","Active","Old Cemetery Brgy Cadre Site Bayambang Pangasinan",""
"734","","4200014","XMAN_June_Eser","639388133231","21 - Prepaid","Non-Active","July 21, 2023","OK","1,000","Active","Purok 1 Brgy Managos Bayambang Pangasinan",""
"735","","4200015","XMG_Rey_Burbos","639385606081","28 - Prepaid","Non-Active","July 22, 2023","==========
 DC 10/27/25 - Ice
 RC 10/29/25 - Ice
 old dd:: 26/adjusted 7 days/new dd: 3-darz","1,000","Active","Purok 4 Brgy Managos Bayambang Pangasinan",""
"736","","7400008","XZ6_Merlyn_Magalong","639940134626","9 - Prepaid","Non-Active","August 24, 2023","","1,000","Active","Perez St, Zone 7 Bayambang Pangasinan
 OK",""
"737","","4200016","XMG_Paulino_Madarang","639273583483","22 - Prepaid","Non-Active","July 22, 2023","============
 DC 11/25/25 - Ice(DC of DD 19 - 22)","1,000","Active","Purok 4 Brgy Managos Bayambang Pangasinan",""
"738","","4200017","XMG_Jovelyn_Alabaso","639504786361","21 - Prepaid","Non-Active","July 21, 2023","============
 DC 11/25/25 - Ice(DC of DD 19 - 22)
 RC 11/25/25 - Ice","1,000","Active","Purok 4 Brgy Managos Bayambang Pangasian",""
"739","","4200018","XMAN_Raquel_Bandola","639517617937","22 - Prepaid","Non-Active","July 22, 2023","","1,000","Active","Purok 5 Brgy Managos Bayambang Pangasinan
 OK",""
"740","","4200019","XMAN_Marrose_Tomas","639706486351","28 - Prepaid","Non-Active","July 29, 2023","February 03, 2026 - Client paid the wrong month billing (February) It should be January 2026. Delete paid Feb Bill then paid january bill, regenerate feb bill. - Hans
 DD:29 CHANGED TO 28 - DARZ
 ==================================
 marc 03 client paid the feb bill but didnt delete the old worng bill which is feb next dd is MARCH 28-Clarisse","1,000","Active","Purok 3 Brgy Managos Bayambang Pangasinan",""
"741","","4200020","XMAN_Bernie_Ancho","639927964894","29 - Prepaid","Non-Active","July 22, 2023","Nap 6 Port 4
 09634343454
 
 
 
 July 28 2025 DC ALDRIN
 24 old due date
 disconnected july 28 2025
 reconnected august 2 2025
 
 new due date 29 
 DC SEPT 6
 DELETE AUG BILL
 UNPAID AUG
 ==========
 DC 11/3/25 - Ice
 RC 11/4/25 - Ice","1,000","Active","Purok4 Managos Bayambang Pangasinan",""
"742","","2800033","XDU_Eufemia_Sone","639163359821","27 - Prepaid","Non-Active","August 22, 2023","JULY 23 - CLIENT REQUESTED TO ADJUST DUE DATE ON JULY 25 , THEY WILL SEND THE PAYMENT VIA GCASH AND CONFIRM THE ADDITIONAL PAYMENT ON JULY 25 IF THEY WILL PROCEED ON THE MOVEMENT OF THEIR DUE DATE (JULY 30 22025) WITH ADDITIONAL COST OF 231 ON TOP OF THEIR BILLING DATE.
 
 next dd; aug 25 2025
 ==========
 DC 10/28/25 - Ice
 RC 10/29/25 - Ice
 
 ============
 DC 11/28/25 - Ice (DD of 25)
 RC 11/28/25 - Ice 
 ==============
 old dd: 25
 DC: 29
 RC: MARCH 31
 NEW DD: APRIL 27 2026-Clarisse
 ====================
 cLIENT PAID THE WRONG MONTH (APRIL) IT SHOULD BE MARCH- REPROCESSED PAYMENT (MARCH 31 2026)-CLARISSE","1,000","Active","218 Purok 2 Brgy Dusoc Bayambang Pangasinan",""
"743","","5800011","XSC_Lorymay_Bautista","639508300439","26 - Prepaid","Non-Active","September 22, 2023","Nap 4
 ==========
 Old dd 22
 DC 10/27/25 - Ice
 4 days consumed
 RC 10/30
 New DD 11/26
 ===============
  05/02/26- paid the wrong bill reprocessed nxt due is month of may -Clarisse","1,000","Active","Purok 1 Brgy San Cagulis Bayambang Pangasinan",""
"744","","500004","XAM1_Virginia_Macaraeg","639100117668","22 - Prepaid","Non-Active","August 22, 2023","============
 DC 11/25/25 - Ice(DC of DD 19 - 22)","1,000","Active","PUROK 1 BRGY AMBAYAT 1ST BYB PNG",""
"745","","4100015","XMA_Dorotea_Viray","639123859034","28 - Prepaid","Non-Active","August 26, 2023","Nap6 POrt6
 ==========
 DC 10/29/25 - Ice
 RC 10/30/25 - Ice
 ================
 OLD DD: AUG 26 2026
 AUGUST 9 2026 - NEW DD:  AUG 28 DUE TO 2 DAYS OF NO CONNECTION -CLARISSE","1,000","Active","246 Purok 6 Brgy Malioer Bayambang Pangasinan
 OK",""
"746","","2900030","XHE_Jelinda_Astorga","639126427723","16 - Prepaid","Non-Active","August 22, 2023","DC MARCH 18 2025 ALDRIN
 RC MARCH 19 2025 ALDRIN
 DC- APRIL 15 2025 CLARISSE
 
 
 APRIL 15 2025 DC
 6DAYS consume
 APRIL 25 2025 RECON
 NEW DUE DATE MAY 20 - CLARISSE
 ==============
 DC 10/23/25 - Ice
 RC= 11/08/25
 NEW DD= DEC 05 2025- CLARISSE
 ===============
 OLD DD: JAN 5
 RC: JAN 16
 NEW DD: FEB 16 2026-CLARISSE
 =========================
 MAY 30 2026
 ADJUSTED 2 DAYS GRACE PERIOD-CLARISSE","1,000","Active","Purok 5 Brgy Hermoza Bayambang Pangasinan",""
"747","","3000009","XHE_Vic_Pastoral","639956328841","24 - Prepaid","Non-Active","August 17, 2023","==========
 DC 10/22/25 - Ice
 RC 10/23/25 - Ice
 old dd: 17/adjusted 7 days-darz/ new dd: 24","1,000","Active","Sitio Jimenez Brgy Idong Bayambang Pangasinan",""
"748","","3200006","XINI_Lalaine_Agustin","639638592567","25 - Prepaid","Non-Active","September 23, 2023","==========
 OLD DD 23
 DC 10/27/25 - Ice
 4 days Consumed
 RC 10/29
 New DD 11/25
 RC 10/29/25 - Ice
 
 ============
 DC 11/28/25 - Ice (DD of 25)
 RC 11/28/25 - Ice","1,000","Active","Purok 3 Brgy Inirangan Bayambang Pangasinan",""
"749","","5300020","TPU_Via_Caragan","639277149226","17 - Prepaid","Non-Active","August 17, 2023","","1,000","Active","Purok 1 Brgy Pugo Bayambang Pangasinan",""
"750","","2600009","TDA_Honeybee_Agpoon","639667310373","18 - Prepaid","Non-Active","September 18, 2023","OK","1,000","Active","Purok 1 tanggal Brgy Darawey Bayambang Pangasinan",""
"751","","2600010","TDA_Veronica_Gacusin","63900000000000000","25 - Prepaid","Non-Active","August 25, 2023","OK","1,000","Active","Ketegan WAWA/ Darawey",""
"752","","5500023","XSG1_Alexander_Medrano","639997525452","1 - Prepaid","Non-Active","September 23, 2023","==========
 DC 10/27/25 - Ice
 OLD DD : 23 
 DC:27
 RC JAN 28 2026 WALK IN then ask for the 7 days no connection during Uwan
 Moved DD to every 1st of the month-Clarisse","1,000","Active","Purok 4 Brgy Sang Gabriel 1st Bayambang Pangasinan",""
"753","","2800034","TDU_Ludelyn_Muerong","639951478933","21 - Prepaid","Non-Active","June 21, 2023","","1,000","Active","Purok 7 Dusoc Bayambang Pangasinan",""
"754","","5100003","XPAR_Reynaisa_Gerolaguin","639082706727","28 - Prepaid","Non-Active","May 21, 2023","JULY 26 2025- RC
 NEW DD: AUGUST 26 2025
 ==========
 DC 10/29/25 - Ice
 RC 10/29/25 - Ice","1,000","Active","PUROK 1 BRGY PARAGOS BYB PNG",""
"755","","2300011","XCS_Rachel_Beltran","639120169680","22 - Prepaid","Non-Active","August 22, 2023","==============
 DC 10/27/25 - Ice
 RC 10/27/25 - Ice","1,000","Active","195 Lower Cadre Site Bayambang Pangasinan",""
"756","","4900040","DPA_Ryan_Perez","639919370647","19 - Prepaid","Non-Active","May 19, 2023","","1,000","Active","Purok 3 Brgy Pangdel Bayambang Pangasinan",""
"757","","4300007","DMS_Clea_Zainab","639482835812","17 - Prepaid","Non-Active","June 17, 2023","Port:4 Nilipat sa malapit na nap","1,000","Active","Zone 3 Subdivision Manambong Sur,Bayambang
 OK",""
"758","","3200008","DINI_Alfredo_Alonzo","639428653507","30 - Prepaid","Non-Active","June 20, 2023","","1,000","Active","Inirangan Bayambang Pangasinan",""
"759","","400029","XAMS_John_Patrick_Trinidad","639813641878","28 - Prepaid","Non-Active","September 27, 2023","Nap 8 Port 15
 ==========
 DC 10/30/25 - Ice
 RC 10/30/25 - Ice","1,000","Active","Brgy Amangcosiling Sur Bayambang Pangasinan",""
"760","","3200009","XINI_Joana_Bancolita","639066148432","1 - Prepaid","Non-Active","August 30, 2023","aug 18 2025- reported no connection, JO for repair
 ============================
 NEW DD: EVERY1ST OF THE MONTH =CLARISSE","1,000","Active","Purok 3 Brgy Inirangan Bayambang Pangasinan
 likod ng inc purok 3 agustin compound",""
"761","","4400013","XMP_Mario_DelosSantos","639497771209","26 - Prepaid","Non-Active","August 24, 2023","NEW DUE DATE 26 OF THE MONTH","1,000","Active","Sitio Canyogan Manambong Parte Bayambang Pangasinan",""
"762","","3200010","XINI_Dominador_Delacruz","639185413782","28 - Prepaid","Non-Active","August 30, 2023","Every 30 DUE","1,000","Active","Purok 6 Brgy Inirangan Bayambang Pangasinan",""
"763","","6400034","XTAN_Marilou_Casillan","639514438592","28 - Prepaid","Non-Active","June 24, 2023","OK
 ==========
 DC 10/28/25 - Ice
 RC 10/28/25 - Ice
 old dd: 24/adjusted 7 days/new dd: 1-darz","1,000","Active","Sitio Pangdel Brgy Tanolong Bayambang Pangasinan",""
"764","","1600017","XBN_Joanamarie_Bacani","639707932090","14 - Prepaid","Non-Active","August 02, 2023","OLD DD-2
 DC -JUNE 05- 3 DAYS
 RC-JUNE 12
 NEW DD:JULY 09 
 
 JULY 14 2025 DC - ALDRIN
 JULY 16 2025 RC - ALDRIN""
 ==============
 DC 9/17/2025 - Xpacs""
 ==============
 Recon 10/29/25 - Ice
 
 
 EVERY 29 DUE
 RC: Feb 12,2026 new DD 12 -darz
 =========
 DC 03/16/2026
 RC 03/29/2026
 OLD DD 12
 NEW DD 25
 NEXT DD 04/25/2026 - HANS
 old dd: 25/adjusted 7 days -darz/ new dd: every 2
 =========
 July 18, 2026 - reconnection
 new dd 14 - hans","1,000","Active","Atis St, Bical Norte Bayambang Pangasinan",""
"765","","5800013","XSC_Mark_Dumantay","639984167995","12 - Prepaid","Non-Active","February 10, 2024","UNPAID AUG
 DC SEP 4
 Reconnect OCT 8
 RECO MARCH 11 2025
 ===================
 OLD DD: MAY 28\- 6 DAYS CONSUME
 DC-JUNE 03
 RC- PAID VIA CASH JUNE 07
 NEXT DD: JULY 01, 2025 (for delete of JUNE BILLING)
 ==================================
 ==========
 DC 10/16/25 - Ice
 OLD DD: JULY 01
 DC-JULY 07- 6 DAYS
 RC-JULY 14
 NEw dd: AUGUST 08
 NO CONNECTION 2 DAYS
 NEW DD: AUGUST 10,2025 
 
 ==============
 DC 9/12/2025 - Xpacs
 Rc 9/13/25
 ===============
 RC 10/17/25
 DC 12-18-25/ RC 12-19-25 (DARWIN)
 ===============
 DC 02/14/2026
 RC 04/21/2026
 OLD DD 10
 NEW DD 21
 NEXT DD 04/21/2026 - HANS
 ==============
 05/29/2026 - FIber Break
 May connection pa din si client kahit hindi paid ang april pero binayadan padin ni client - Hans
 =====================
 JULY 9 2026
 OLD DD: JUNE 28 2026
 DC: JULY 3 2026
 RC-07/09/26
 NEXT DD: JULY 9 2026-CLARISSE
 ==========
 September 16, 2026 Late Payment
 Old dd 9
 new dd 12 - hans","1,000","Active","Purok 1 Sangcagulis Bayambang  Pangasinan
 UNPAID JAN
 DC FEB 11",""
"766","","3200011","XINI_Cristy_Padlan","639655391608","5 - Prepaid","Non-Active","August 30, 2023","old dd:28/adjusted 7 days/ new dd:5-darz","1,000","Active","Purok 3 Brgy Inirangan Bayambang Pangasinan
 landmark: agustin compound",""
"767","","5800014","XSC_Gloria_Bautista1","639104809843","25 - Prepaid","Non-Active","July 21, 2023","old dd: april 21
 dc-april 24
 3 days
 RC-APRIL 28 
 New DD: MAY 25 2025 -CLARISSE","1,000","Active","129 Sangcagulis Bayambang Pangasinan",""
"768","","4200025","XMG_Leomar_Bondame","639955121797","25 - Prepaid","Non-Active","July 24, 2023","5/27/2025-DC
 due date 24
 May 27 2025 dc
 May 28 2025 rc
 NEW  DD: JUNE 25
 ============
 DC 11/28/25 - Ice (DD of 25)
 RC 11/28/25 - Ice","1,000","Active","XMG_Leomar_Espiritu_Bondame",""
"769","","4100016","XMA_Rocel_Sevilla","639285339160","17 - Prepaid","Non-Active","September 01, 2023","DC MARCH 18 2025 ALDRIN 
 RC MARCH 19 2025 ALDRIN
 
 ===============
 DC 10/8/2025
 RC 10/9/2025
 ========
 DC 11/4/25 - Ice
 RC 11/5/25 - Ice
 ------------------- because of 9 days of no connection
 New DD: December 17 2025.","1,000","Active","Purok 5 Brgy Malioer Bayambang Pangasinan",""
"770","","5300021","TPU_Juanito_Junio","63","9 - Prepaid","Non-Active","May 09, 2023","","1,000","Active","Brgy Pugo Bayambang Pangasinan",""
"771","","6300022","XTAM_Julita_Valenzuela","639517356727","2 - Prepaid","Non-Active","February 06, 2024","UNPAID MARCH
 DC APRIL 7 (17 DAYS)
 DELETED MARCH BILL
 April 08 - Match bill paid (RC)
 NEW DD: APRIL 24
 GCASH REF#1027 559 346 947
 -clarisse
 ======
 DC 02/28/2026
 RC 03/02/2026
 OLD DD 24
 NEW DD 2
 NEXT DD 04/02/2026 -HANS","1,000","Active","PUROK 3 BRGY TAMPOG BYB PNG",""
"772","","6600005","XTE_Joshua_Cayabyab","639460324622","28 - Prepaid","Non-Active","August 29, 2023","MAY 29 2026
 OLD DD: 28
 NEW DD: 30 SINCE NO 30 IN THE SYSTEM ADDITIONAL 2 DAYS ON THE GRACE PERIOD -CLARISSE
 =========
 May 29, 2026 - Downtime
 OLD DD - 28
 NEW DD - Still 28 kasi bawal lumagpas sa 28 ang due date, pero dinagdagan ang grace period
 2 days no Connection - hans","1,000","Active","173 Maligaya Brgy Telbang Bayambang Pangasinan",""
"773","","5300022","TPU_Liza_Estrada","639157458672","5 - Prepaid","Non-Active","June 05, 2023","NAPBOX:7
 LCP:1
 Port:10
 TECHNICIAN:piolo/jojo","1,000","Active","Purok 3 Brgy Pugo Bayambang Pangasinan",""
"774","","5700018","XSV_Arcely_Manansala","639201044527","2 - Prepaid","Non-Active","September 02, 2023","","1,000","Active","Purok 7 Bungkolan St, Brgy San Vicente Bayambang Pangasinan",""
"775","","2600011","TDA_Annabelle_Ramos","639396186812","5 - Prepaid","Non-Active","June 05, 2023","","1,000","Active","Purok 1 Darawey Tanggal Bayambang Pangasinan",""
"776","","4200026","XMG_Cherriel_Riparip","639276943672","10 - Prepaid","Non-Active","July 29, 2023","Feb 4 2026- client paid the wrong bill (feb) it should be january bill, reprocess explaine to client the procedure-Clarisse
 =======
 DC 03/5/2026
 RC 03/14/2026
 OLD DD 28
 NEW DD 10
 NEEXT DD 04/10/2026 -HANS","1,000","Active","Purok 3 Brgy Managos Bayambang Pangasinan",""
"777","","2400011","XCA_Elna_Romeo","639761537071","2 - Prepaid","Non-Active","September 02, 2023","","1,000","Active","Purok 1 Brgy Carungay Bayambang Pangasinan",""
"778","","6900016","XWAR_Editha_Bajado","639489791874","25 - Prepaid","Non-Active","September 02, 2023","==============
 OLD DD:15
 DC 11/19/25 - Ice
 RC 11/20/25 - Ice
 NEW DD: DEC 16 2025
 =============
 July 29, 2026 - Reconnection
 New due date 25 - hans","1,000","Active","Purok 5 Brgy Warding Bayambang Pangasinan",""
"779","","4100017","XMA_Lourdes_Valerio","639309313000","1 - Prepaid","Non-Active","September 01, 2023","","1,000","Active","Purok 5 Brgy Malioer Bayambang Pangasinan
 
 UNPAID JUNE 
 DC JULY 3
 RECON NOV 2",""
"780","","6400037","XTAN_Jaira_Joie_Dacal","639458391159","1 - Prepaid","Non-Active","September 01, 2023","","1,000","Active","Centro Tanolong Bayambang Pangasinan",""
"781","","4900043","XPA_Ramon_Melecio","639287167894","28 - Prepaid","Non-Active","May 30, 2023","Nap 5 Port 9","1,000","Active","Purok 1 Brgy Pangdel Bayambang Pangasinan",""
"782","","5600006","XSG2_Andrew_Benito","639776935568","3 - Prepaid","Non-Active","June 29, 2023","NAPBOX: 8
 LCP: 1
 PORT: 8
 repair TECHNICIAN: EDWARD/JEFF
 ======================================
 old DD: 30
 RC: jUNE 3 
 new dd: July 3 -CLarisse
 plus 4 days grace period total of 7 days movement
 Approved adjustment: 7 days 
 Service interruption started on May 28, 2026 at approximately 7:00 PM and was restored on May 31, 2026 at approximately 7:00 AM.
 As compensation for the outage, a 7-day adjustment to the payment schedule has been approved.
 – Clarisse","1,000","Active","Purok 2 Brgy San Gabriel 2nd Bayambang Pangasinan",""
"783","","4500008","XMS_Eddie_Domalayas","639618150260","1 - Prepaid","Non-Active","May 30, 2023","DC MARCH 14 2025  ALDRIN
 RC MARCH 17 2025 ALDRIN
 ==========
 DC 11/3/25 - Ice
 RC 11/4/25 - Ice
 new due date:30-darz","1,000","Active","Manambong Sur Bayambang Pangasinan",""
"784","","6400038","XTAN_Jerico_Junio","639318379869","28 - Prepaid","Non-Active","September 26, 2023","NapBox:
 LCP:
 Port:16
 Technicians: NOMEL FLORES, MARVIN
 ==========
 DC 10/29/25 - Ice
 RC 10/29/25 - Ice
 ============
 Additional 3 days due date adjustment - hans","1,000","Active","390 Sitio Pangdel Brgy Tanolong Bayambang Pangasinan",""
"785","","2900034","XHE_Anirita_Morata","639388120394","26 - Prepaid","Non-Active","September 26, 2023","==========
 DC 10/29/25 - Ice
 RC 10/29/25 - Ice","1,000","Active","Purok 1 Brgy Hermoza Bayambang Pangasinan",""
"786","","5700020","XSV_Manilyn_Abalos","639770068053","28 - Prepaid","Non-Active","September 27, 2023","Port 10
 ===========
 May 29, 2026 - Downtime
 OLD DD - 27
 NEW DD - 29 (28th lang nilagay sa due date kasi bawal lumagpas sa 28th ang due date, pero dinagdagan ang grace period)
 NEXT DD - 06/28/2026 
 ==========
 Ni refer niya si Sharmaine_Abalos - nag pa discount ng 100, July 31, 2026 - hans","1,000","Active","Purok 3 Brgy San Vicente Bayambang Pangasinan
 09705074311",""
"787","","4900044","XPA_Robert_Alanas","639454508899","27 - Prepaid","Non-Active","September 27, 2023","AUG 2 UPGRADED TO 1500 PLAN","1,500","Active","Purok 2 Brgy Pangdel Bayambang Pangasinan
 OK",""
"788","","2900035","XHE_Ritchard_Bondoc","639499346663","28 - Prepaid","Non-Active","September 28, 2023","Nap 8 Port 8","1,000","Active","Purok 3 Brgy Hermoza Bayambang Pangasinan",""
"789","","2900036","XHE_Russel_Reyes","639664000595","28 - Prepaid","Non-Active","September 28, 2023","old dd:28
 05/28/26( service interruption,2 days no connection) adjusted due date-new dd:30-darz","1,000","Active","430 Purok 5 deki Brgy Hermoza Bayambang Pangasinan",""
"790","","6400039","XTAN_Tony_Terrado","639388193719","16 - Prepaid","Non-Active","September 28, 2023","old dd""28
 12 days no connection
 11/10- no connection
 11/22 restored
 new dd: 9
 New DD: 16-darz","1,000","Active","213 Purok 1 Brgy Tanulung Bayambang Pangasinan",""
"791","","600025","XCB_Jaquiline_Laoag","639925007648","28 - Prepaid","Non-Active","September 28, 2023","04-10-25
 DC UNPAID MARCH 28 BILLING
 -CLARISSE","1,000","Active","Purok 3 Brgy Cabayaosan Mangatarem Pangasinan",""
"792","","400030","XAMS_Michelle_Devera","639260082482","14 - Prepaid","Non-Active","September 29, 2023","Lcp:1
 Port:6
 Nap:7
 TECHNICIAN:John / Making
 
 june 01 NEW DD
 adjusted 7 days darz-new dd:9
 -----------------------------
 September 13 2026
 Client double check her due date
 OLD DD: Auggust 10 2026
 Recon- August 14 2026
 NEW DD"" Sept 14 2026-clarisse","1,000","Active","Purok 6 Brgy Amangcosiling Sur Bayambang Pangasinan",""
"793","","3100010","XINA_Raymund_Lagasca","639398291626","28 - Prepaid","Non-Active","September 29, 2023","","1,000","Active","Brgy Inanlorenza Bayambang Pangasinan",""
"794","","4200029","XMAN_Raffy_Mananghaya","639382368658","4 - Prepaid","Non-Active","October 01, 2023","DC MARCH 18 2025 ALDRIN 
 RC MARCH 21 2025 ALDRIN
 ========
 DC 11/4/25 - Ice
 RC 11/4/25 - Ice
 ==========
 Additional 3 days due date adjustment- hans","1,000","Active","Purok 6 Brgy Managos Bayambang Pangasinan
 OK",""
"795","","400031","XAMS_Jaime_Maniling","639916983390","4 - Prepaid","Non-Active","October 04, 2023","===============","1,000","Active","Purok 6 Brgy Amangcosiling Sur Bayambang Pangasinan",""
"796","","2900037","XHE_Nikkicharlote_Munus","639810148913","4 - Prepaid","Non-Active","October 04, 2023","===============
 DC 10/9/2025
 RC 10/9/2025
 ========
 DC 11/7/25 - Ice
 RC 11/8/25 - Ice","1,000","Active","Brgy Hermoza Bayambang Pangasinan
 OK",""
"797","","2900038","XHE_Relealyn_Aguilar","639092715530","4 - Prepaid","Non-Active","October 04, 2023","nap8 port16
 ===============
 DC 10/9/2025
 RC 10/10/2025","1,000","Active","Purok 4 Brgy Hermoza Bayambang Pangasinan",""
"798","","2400012","XCA_Emerenciana_Lopez","639184390016","6 - Prepaid","Non-Active","October 03, 2023","old dd:3 new dd 6-darz","1,000","Active","Purok 6 Brgy Carungay Bayambang Pangasinan",""
"799","","3200012","DINI_Jenneth_Palaming","639677903251","10 - Prepaid","Non-Active","October 02, 2023","UNPAID APRIL
 DISCONNECTED MAY 2
 Nap info:
 201-4
 Byb-65
 Lcp-1
 Nap-8
 Port: 12
 
 Technicians: Michael/Jerome","1,000","Active","Purok 3 Brgy Inirangan Bayambang Pangasinan",""
"800","","6900017","TWAR_Joanarie_Esteban","6391234567890","11 - Prepaid","Non-Active","October 11, 2023","","1,000","Active","Brgy Warding Bayambang Pangasinan",""
"801","","500006","XAM1_Veronica_Espejo","639509501893","24 - Prepaid","Non-Active","October 17, 2023","Additional 7 days due date adjustment - hans","1,000","Active","Purok 1 Ambayat 1st Bayambang Pangasinan",""
"802","","600027","XAM2_Geraldine_Asuncion","639661804389","24 - Prepaid","Non-Active","October 17, 2023","Port:11
 Nap:5
 TECHNICIAN:Jojo/renz
 
 OLD DD:17
 DC 11/20/25 - Ice
 RC 11/20/25 - Ice
 =======
 7/2/26 Duedate  adjusted 7days, old17, new24 -lester","1,000","Active","AMBAYAT 2ND BYB PNG
 OK",""
"803","","2400013","XCA_Ricky_Abalos","639667205100","11 - Prepaid","Non-Active","October 11, 2023","==========
 DC 10/16/25 - Ice
 RC 10/16/25 - Ice","1,000","Active","Purok 4 Carungay Bayambang Pangasinan",""
"804","","1700015","XBS_Daisy_Matabang","639511285231","14 - Prepaid","Non-Active","October 11, 2023","OK
 ==========
 DC 10/16/25 - Ice
 RC 10/17/25 - Ice
 ========
 Old DD 11
 DC 11/17/25 - Ice
 6 days consumed
 RC 11/20
 New DD 12/14-ej","1,000","Active","Purok 3 Bical Sur Bayambang Pangasinan",""
"805","","2300022","XCS_Lilibeth_Datuin","639104021314","1 - Prepaid","Non-Active","October 10, 2023","==========
 DC 10/16/25 - Ice
 RC 10/20/25 - Ice
 ========
 DC 11/17/25 - Ice
 ================
 OLD DD: 10
 RC-MARCH 06 2026
 NEW DD: APRIL 06 2026 (DELETE MARCH BILL PAID FEB BILL FOR RECONENCTION)-CLARISSE (forgot by maam clarisse 1 week ni internet)
 + 9 days. 
 DD:april 6- new DD april 15-darz
 ==============================
 MMAY 22 -RC
 NEW DD: JUNE 18 2026-CLARISSE
 ===========
 September 3, 2026 RECONNECTION 
 old dd 27
 new dd 1 - hans","1,000","Active","Cadre site Bayambang Pangasinan",""
"806","","4900045","XPA_Ailine_Balas","639924106127","14 - Prepaid","Non-Active","October 09, 2023","========
 OLD DD:9
 DC 11/17/25 - Ice
 RC/11/22/25
 NEW DD"" 14
 =========
 Additional 3 days grace period due to 3 days no connection - hans","1,000","Active","Purok 2 Pangdel Bayambang Pangasinan",""
"807","","4400015","XMP_Teddy_Tagulao","639279338026","8 - Prepaid","Non-Active","October 07, 2023","DC MARCH 18 2025 ALDRIN
 
 04-11-25
 RC -send payment via gcash 6027 641 373 258 
 payment date april 10, 7:46 pm
 -Clarisse
 
 ==========
 OLD DD: OCT 7
 DC 10/10/25
 RC 10/11/25
 NEW DD: NOV 08 2025=CLARISSE","1,000","Active","Manambong Parte Bayambang Pangasinan",""
"808","","4500009","XMS_Annmarie_Castaneda","639304389962","7 - Prepaid","Non-Active","October 07, 2023","Port12
 DD: MARCH 07 2025
 04-08-25- upon checking with the client they paid last March 20 Gcash ref#7026 921 100988
 04-08-25 - client send payment for the month of April but  option to process the payment
 Gcash ref# 7026 921 100988
 -Clarisse","1,000","Active","Purok 1 Manambong Sur Bayambang Pangasinan",""
"809","","400032","XAMS_Sergio_Cayabyab","639104093157","15 - Prepaid","Non-Active","October 07, 2023","==========
 OLD DD: OCT 07
 DC 10/10/25
 RC 10/18/25
 NEW DD: NOV 15 2025= CLARISSE","1,000","Active","Purok 4 Amancosiling Sur Bayambang Pangasinan",""
"810","","2800037","XDU_Myrna_Abalos","639452797093","18 - Prepaid","Non-Active","October 05, 2023","OK
 ===============
 DC 10/9/2025
 RC 10/10/2025
 ================
 OLD DD"": 5
 11/9= no connection due to typhoon uwan
 11/22 = restored 13 DAYS adjustment
 NEW DD"" DEC 18 2025=CLARISSE","1,000","Active","Dumlao Dusoc Bayambang Pangasinan",""
"811","","2300023","XCS_Venus_Gonzalez","639511789061","5 - Prepaid","Non-Active","October 05, 2023","","1,000","Active","Lower Cadre Site Bayambang Pangasinan",""
"812","","600028","XAM2_Lylian_Ocsona","639260114761","11 - Prepaid","Non-Active","October 05, 2023","REACTIVATION(OLD CLIENT) 10/11/25
 NAPBOX: 5
 LCP: 1
 PORT: 14
 TECHNICIAN: Marvin/Jeff
 ========
 DC 11/17/25 - Ice
 RC 11/17/25 - Ice
 =========
 OLD DD: 11
 RC: JULY 15
 NEXT DD: AUG 11 -CLARISSE","1,000","Active","Ambayat 2nd Bayambang Pangasinan
 OK",""
"813","","5200003","XPS_Malvar_Iglesias","639912397271","21 - Prepaid","Non-Active","October 06, 2023","DC FEB 28 2025
 
 may 20- rc Client paid via pay maya ref #57538F2A1572
 NEW DD: JUNE 20 2025
 ==============
 DC 10/23/25 - Ice
 RC 10/24/25 - Ice
 new dd:21","1,000","Active","Poblacion Sur Bayambang Pangasinan",""
"814","","600029","XAM2_Benny_Bautista","639999773520","5 - Prepaid","Non-Active","October 05, 2023","===========
 DC 11/14/25 - Ice (Ma'amClarisse)
 RC 11/14/25 - Ice","1,000","Active","Purok 2 Ambayat 2nd Bayambang Pangasinan",""
"815","","5300024","TPU_Zenaida_Paa","639663742588","5 - Prepaid","Non-Active","October 05, 2023","","1,000","Active","Purok 3 Pugo Bayambang Pangasinan",""
"816","","600030","XCB_Rechele_Espiritu","639186062950","7 - Prepaid","Non-Active","October 07, 2023","","1,000","Active","Cabayaoasan Mangatarem Pangasinan",""
"817","","600031","XCB_Henry_Eugene","639481361246","15 - Prepaid","Non-Active","October 06, 2023","OK
 ==========
 DC 10/10/25
 RC 10/10/25
 OLD DD:6
 NEW DD: 12 DUE TO 6 DAYS NO CONENCTION LAST NOVEMBER
 RC:JUNE 18 2026
 NEWDD: JULY 14 2026-CLARISSE
 old dd: 14/ new dd:15-darz/ 1 day no internet","1,000","Active","Purok 7 Cabayaoasan Mangatarem Pangasinan",""
"818","","600032","XCB_Maribel_Agacite","639301760678","9 - Prepaid","Non-Active","October 06, 2023","CHANGE NAME - XCB_Maribel_Agacite
 PPPOE : XCB_Marife_Smith
 
 ==========
 OLD DD: OCT 06
 DC 10/10/25
 RC 10/13/25
 NEW DD: NOV 9= CLARISE","1,000","Active","Purok 4 Cabayaoasan Mangatarem Pangasinan",""
"819","","600033","XCB_Marzon_Garcia","639214751108","26 - Prepaid","Non-Active","October 10, 2023","old dd: april 15
 DC: APRIL 23
 RCVD PAYMENT VIA GCASH REF#8028 1134 250 56 DATED APRIL 26
 RC-APRIL 26 2025
 New DD: MAY 18 2025
 -CLARISSE
 DC 8/21/25
 RC 8/22/25
 ==========
 Old DD 18
 DC 10/22/25 - Ice
 4 days consumed
 RC 10/30/25
 New DD 11/26
 RC 10/30/25 - Ice","1,000","Active","Purok 4 Cabayaoasan Mangatarem Pangasinan",""
"820","","7600017","XZ6_Rowena_Gray","639499174303","25 - Prepaid","Non-Active","October 18, 2023","7/01/26 duedate adjusted 7days old18, new25 -lester","1,000","Active","Purok 2 Zone VI Bayambang Pangasinan
 OK",""
"821","","6900018","XWAR_Rexallen_Pangan","639156894339","18 - Prepaid","Non-Active","October 18, 2023","old DD 18
 DC 11/21/25 - Ice
 Rc 11/21-ej","1,000","Active","Purok 2 Warding Bayambang Pangasinan",""
"822","","3000011","XID_Irene_Habana_Sabangan","639469416245","13 - Prepaid","Non-Active","October 19, 2023","==============
 DC 10/23/25 - Ice
 RC 10/23/25 - Ice
 DC:FEb.23-RC:march:22- new DD March:19- darz
 =============
 DC 04/23/2026
 RC 05/09/2026
 OLD DD 19
 NEW DD 5
 NEX DD 06/05/2026 - HANS
 ===================
 OLD DD:5
 ==========
 September 15, 2026 NAGREREKLAMO SI CLIENT BAKIT DAW NAPUTULAN AGAD
 Last payment August 17 
 new dd 13
 old dd 11 - hans","799","Active","Brgy. Idong Bayambang  Pangasinan",""
"823","","6600007","XTE_Cledelmar_Diaz","639422394438","29 - Prepaid","Non-Active","October 20, 2023","==============
 DC 10/21/25 - Ice
 RC 10/24/25 - Ice","1,000","Active","Telbang Bayambang Pangasinan",""
"824","","2400014","DCA_Rommel_Beltran","639551829276","20 - Prepaid","Non-Active","October 20, 2023","==============
 DC 10/23/25 - Ice","1,000","Active","Purok 1 Carungay Bayambang Pangasinan",""
"825","","6400041","XTAN_Gilbert_Palaming","639771516700","22 - Prepaid","Non-Active","October 22, 2023","","1,000","Active","Tanolong Bayambang Pangasinan",""
"826","","6300024","XTAM_Domie_Primero","639077711417","10 - Prepaid","Non-Active","October 25, 2023","==========
 DC 10/28/25 - Ice
 RC 10/28/25 - Ice (Nagbayad to Ma'am belle)
 dd: is every 30th of the month confirmed by maam belle 12/1/25
 old dd:28 new dd: 10-darz","1,000","Active","Purok 1 Tampog Bayambang Pangasinan",""
"827","","6400043","XTAN_Maricris_Caranto","639262726086","28 - Prepaid","Non-Active","October 25, 2023","==========
 DC 10/28/25 - Ice
 ======
 DC 03/29/2026
 RC 03/30/2026
 OLD DD 25
 NEW DD 26
 NEXT DD 03/26/2026 - HANS
 =========
 Additional 3 days due date adjustment - hans","1,000","Active","179 Purok 1 Brgy Tanolong Bayambang Pangasinan
 OK",""
"828","","5300025","TPU_Roxanne_Junio","639066807840","17 - Prepaid","Non-Active","October 26, 2023","DC 10/31/25 - Jhun rqst
 RC 12/6/25 - Ice
 ===================
 JAN 9 2026- SIR JHUN REPORTED THE NEW DD OF THE CLIENT IT SHOULD BE EVERY 7TH NOT 29 BASED ON RC LAST DECEMBER BILL-CLARISSE
 DELETE ADD BILL JANUARY FROM 26 TO 7-CLARISSE
 =========
 DC 03/7/2026
 RC 03/17/2026
 OLD DD 7
 NEW DD 17 
 NEXT DD 04/17/2026 - HANS","1,000","Active","Purok 2 Pugo Bayambang Pangasinan",""
"829","","6400045","XTAN_Jocelyn_Terrado","639129513075","26 - Prepaid","Non-Active","October 26, 2023","==========
 DC 10/29/25 - Ice
 RC 10/29/25 - Ice","1,000","Active","Purok 1 Bacante Tanolong Bayambang Pangasinan",""
"830","","2900043","XHE_Helen_Oloa","639287436956","28 - Prepaid","Non-Active","October 28, 2023","","1,000","Active","Purok 4 Hermoza Bayambang Pangasinan",""
"831","","7600018","XZ6_Frelon_Puda","639461999306","28 - Prepaid","Non-Active","October 28, 2023","==========
 DC 11/3/25 - Ice
 RC 11/3/25 - Ice","1,000","Active","Campo Zone VI Bayambang Pangasinan
 UNPAID SEPT 
 DC OCT 2
 recon oct 2",""
"832","","6300025","XTAM_Jennelyn_Tiongson","639353972274","3 - Prepaid","Non-Active","November 03, 2023","========
 DC 11/7/25 - Ice
 RC 11/7/25 - Ice","1,000","Active","Purok 2 Tampog  Bayambang Pangasinan",""
"833","","2800039","XDU_Gemma_Argel","639948951647","23 - Prepaid","Non-Active","November 07, 2023","PORT 1
 ==============
 DC 10/24/25 - Ice
 RC 10/24/25 - Ice
 old dd: 21
 March 20 2026 - new dd: 23 due to 2 days slow browsing cause by the fiber break- Clarisse
 ============
 Additional 3 days grace period due to 3 days no connection - hans","1,000","Active","Purok 6 Dusoc Bayambang Pangasinan",""
"834","","500007","XAM1_Alien_Romeo","639481941922","10 - Prepaid","Non-Active","November 03, 2023","OK
 Nap 3 Port 15
 June 3, 2026
 Approved adjustment: 7 days isolation.
 Service interruption started on May 28, 2026 at approximately 7:00 PM and was restored on May 31, 2026 at approximately 7:00 AM.
 As compensation for the outage, a 7-day adjustment to the payment schedule has been approved.
 – Clarisse
 ==========
 September 10, 2026 Due Date Adjustment
 additional 7 days due date adjustment due to almost 2 weeks power interruption
 old dd 3
 new dd 10 - hans","800","Active","PUROK 1 AMBAYAT 1ST BYB PNG",""
"835","","6600009","XTE_Yolanda_Mamaril","639853080441","8 - Prepaid","Non-Active","November 04, 2023","========
 DC 11/7/25 - Ice
 RC 11/7/25 - Ice
 ==========
 Additional 7 days grace period due to 3 days no Connection - hans","1,000","Active","MATAMPUHIN ST.TELBANG DIKE BYB PNG",""
"836","","5700025","XSV_Melisa_Abraham","639957835851","4 - Prepaid","Non-Active","November 04, 2023","","1,000","Active","San Vicente Bayambang Pangasinan",""
"837","","3200018","XINI_Rayzon_Cayabyab","639380382318","28 - Prepaid","Non-Active","November 08, 2023","PAID NOV 28
 DC MARCH 14 2025  ALDRIN
 RC MARCH 17 2025  ALDRIN
 =======================
 Old DD 28
 DC 11/3
 6 days consumed 
 RC 11/4
 New DD 29-EJ
 DC:March 5/ RC:March 9- new DD April 6-darz
 ========================
 july 28 2026
 for delete of may and jun bill
 old dd 6
 rc july 28 2026
 next dd- august 28 2026 -Clarisse","1,000","Active","Brgy Inirangan Bayambang Pangasinan
 OK",""
"838","","6400048","XTAN_Tracy_Tamondong","639706487378","14 - Prepaid","Non-Active","November 07, 2023","==========
 DC 10/10/25
 old dd: 7/adjusted 7 days-darz/ new DD:14","1,000","Active","Purok 2 Tanolong Bayambang",""
"839","","5300026","TPU_Shirly_Manangan","639458392681","15 - Prepaid","Non-Active","November 07, 2023","NAPBOX: 4
 LCP: 1
 PORT: 16","1,000","Active","Purok 2 Pugo Bayambang
 OK",""
"840","","2800041","XDU_Nida_Lagasca","639481258942","8 - Prepaid","Non-Active","November 08, 2023","============
 DC 10/14/25 - Ice
 RC 10/14/25 - Ice","1,000","Active","Brgy. Dusoc Bayambang Pangasinan",""
"841","","6900020","XWAR_Raymundo_Tamondong","639094860676","4 - Prepaid","Non-Active","November 10, 2023","OK
 KAGAWAD (MAY USAPAN SILA NI SIR JAY)
 ==========
 DC 10/16/25 - Ice
 RC 10/17/25 - Ice
 ========
 DC 11/17/25 - Ice
 RC 11/19/25 - Ice
 =This adjustment was made following the reported service issue on March 12, 2026, where the client experienced loss of connection due to an incident involving infrastructure damage caused by a truck. Our team has recorded the report and updated the billing schedule accordingly.
 as per client dc march 20- rc march 30- new DD april 30.-darz
 ======================================================================================
 June 3, 2026
 Approved adjustment: 7 days isolation.
 Service interruption started on May 28, 2026 at approximately 7:00 PM and was restored on May 31, 2026 at approximately 7:00 AM.
 As compensation for the outage, a 7-day adjustment to the payment schedule has been approved.
 – Clarisse
 OLD DD: 28
 NEW DD: 4 PLUS 7 DAYS GRACE PERIOD-CLARISSE","1,000","Active","Purok 7 Brgy Warding Bayambang Pangasinan",""
"842","","700003","XAP_Jinelyn_Magalong","639949692016","28 - Prepaid","Non-Active","September 25, 2023","OK
 ============
 DC 11/28/25 - Ice (DD of 25)
 ===========
 7/1/26 due date adjusted old25, new28 -lester","1,000","Active","Brgy Apalen Bayambang Pangasinan",""
"843","","700004","XAP_Christina_Bugarin","639384297025","16 - Prepaid","Non-Active","November 11, 2023","OK
 ==========
 DC 10/16/25 - Ice
 RC 10/17/25 - Ice
 ================","1,000","Active","Purok 1 Apalen Bayambang Pangasinan",""
"844","","3100011","XINA_Gary_Gabat","639109815705","11 - Prepaid","Non-Active","November 11, 2023","05-06-25 - Client has no connection since yesterday afternoon due to Heavy rain, called via phone reported by Honey Grace daughter of the Client.
 advise client for tech visit and will just deduct the no. of days of no connection , client agreed-Clarisse","1,000","Active","Purok 2 Brgy Inanlorenza Bayambang Pangasinan",""
"845","","6300028","XTAM_May_Jimenez","639121199704","18 - Prepaid","Non-Active","November 13, 2023","Port 10
 ===========
 JUNE 21- CLIENT CALLED DUE TO SLOW CONNECTION SINCE JUNE 14. ALDRIN REFERESH THE CONNECTION, FOR FEEDBACK OF CLIENT AFTER MINS.,
 CLIENT 1ST TIME TO REPORT THE ISSUE. 9:42AM
 ===========
 Today February 12, 2026 client requested to disconnect her account. Reason: will try another service provider client still have 30 days connection to avail once she decided to comeback.
 ==========================
 MARCH 18 2026- Client already inform us that she will be using the remaining usage- advise her until April 18 2026-Clarisse","1,000","Active","Tampog Bayambang Pangasinan",""
"846","","5700027","XSV_Gary_Abalos","639219519406","13 - Prepaid","Non-Active","November 13, 2023","","1,500","Active","Purok 3 San Vicente Bayambang Pangasinan",""
"847","","2900045","XHE_Lenny_Sabado","639100885531","13 - Prepaid","Non-Active","November 13, 2023","April 03- received a complain via phone (0910-088-5531)
 Client has no internet connection this morning,
 LOS Red light.
 Already have Job order for repair of technician. 
 Scheduled (April 03 2025)
 Informed Client about the said repair schedule via mobile phone
 Assisted by: Clarisse","1,000","Active","Purok 1 Dike Hermosa Bayambang Pangasina",""
"848","","2400018","XCA_Teofila_Oxley","639077931993","23 - Prepaid","Non-Active","November 13, 2023","Nap6 Port 7
 Nomel/Dong
 =============
 DC 11/18/25 - Ice
 RC 11/18/25 - Ice
 ============
 Client: XCA_Russel_Carino change to  XCA_Teofila_Oxley 
 March 18 2026- Agent infomed us that Client's new DD is 23 based on the tech that assisted the client- 
 NEW DD: 23 of the month- Clarisse","1,000","Active","Purok 5 Carungay Bayambang Pangasinan",""
"849","","400037","XAMS_Pepito_Mangande","639051070655","20 - Prepaid","Non-Active","November 14, 2023","","1,000","Active","Purok 4 Amangcosiling Sur",""
"850","","5100004","XPAR_Eduardo_Abellera","639664929621","10 - Prepaid","Non-Active","November 16, 2023","04-10-25
 DC UNPAID MARCH 28 BILLING
 -CLARISSE
 
 
 ==========
 old DD: OCT 06
 DC 10/10/25 - Ice
 RC 10/14/25 - Ice
 NEW DD: NOV 10 2025- CLARISSE
 DEC 10 2025- DC 
 ----------------
 RC DEC 26 2025
 Feb 3,2026-Client paid at H.O and requested to have sane due date  with His Son Ivan Tiger.
 New DD: MARCH 08 2026-Clarisse
 ==========
 May 29, 2026 - Downtime
 OLD DD - 8
 NEW DD - 10
 NEXT DD - 06/10/2026","1,000","Active","Paragos Bayambang Pangasinan
 
 DC JAN 25
 RECON FEB 10",""
"851","","2800043","XDU_Laila_Bautista","639922000061","22 - Prepaid","Non-Active","November 16, 2023","RC 11/19/25 - Ice","1,000","Active","Diking Putot Dusoc Bayambang Pangasinan",""
"852","","2800045","XDU_Encarnacion_Devera","639508144212","20 - Prepaid","Non-Active","November 16, 2023","OK
 NAPBOX: 6
 LCP: 1
 PORT: 5
 repair TECHNICIAN: EDWARD / JEFF
 ======
 Late payment July 24, 2026
 old dd 16
 new dd july 20 - hans","1,000","Active","Purok 7 Dusoc Bayambang Pangasinan",""
"853","","6600010","XTE_Gleen_Mamaril","639399250210","19 - Prepaid","Non-Active","November 17, 2023","May 29, 2026 - Downtime
 OLD DD - 17
 NEW DD - 19
 2 days no Connection - hans","1,000","Active","PUROK 1 TELBANG BYB PNG",""
"854","","2800046","XDU_JuanMaria_Penuliar_Buenaobra","639453082600","17 - Prepaid","Non-Active","November 18, 2023","OLD DD: JUNE 02
 DC-JUNE 10-8 DAYS
 RC-JUNE 25
 NEXT DD: JULY 17
 
 
 dc sept 3
 PPPOE : XDU_Juana_Buenaobra
 ==========
 DC 10/22/25 - Ice
 RC 10/22/25 - Ice
 =============
 DC 11/20/25 - Ice
 RC 11/20/25 - Ice","1,000","Active","Dusoc Bayambang Pangasinan",""
"855","","2800048","XDU_Efren_Herrera","639938747809","25 - Prepaid","Non-Active","November 18, 2023","July 27, 2026 - reconnection
 new dd 23 - hans","1,000","Active","Purok 4 Dusoc Bayambang Pangasinan",""
"856","","2800052","XDU_Priscilla_Hermena","639317411866","1 - Prepaid","Non-Active","December 02, 2024","Nap 2 Port 14
 
 ===============
 DC 10/8/2025
 RC 10/8/2025
 ========
 DC 11/7/25 - Ice
 RC 11/7/25 - Ice
 ===========
 old dd: Feb 02 2026
 DC- Feb 06 2026
 February 09,2026- RC
 NEW DD: March 09 2026-Clarisse
 ===========
 DC 03/13/2026
 RC 03/16/2026
 OLD DD 9
 NEW DD 12
 NEXT DD 04/12/2026 - HANS
 ==========
 DC 04/16/2026
 RC 04/25/2026
 OLD DD 12
 NEW DD 20
 NEXT DD 05/20/2026 - HANS
 ==========
 September 1, 2026 Reconnection
 old dd 20,
 new dd 1 - hans","1,000","Active","Purok 6 Dusoc Bayambang Pangasinan
 OK",""
"857","","6600011","XTE_Virgie_Cayabyab","639669927998","20 - Prepaid","Non-Active","November 20, 2023","","1,000","Active","BRGY TELBANG BYB PNG
 SIR JUAN AURA- 09164708606 TEMPORARY OWNER",""
"858","","1700019","XBS_Erly_DelaCruz","639516962963","22 - Prepaid","Non-Active","November 20, 2023","==============
 DC 10/23/25 - Ice
 RC 10/25/25 - Ice
 ============
 OLD DD:20
 DC 11/25/25 - Ice(DC of DD 19 - 22)
 RC-26
 RESTORED BY THE TECH NOV 27
 NEW DD: 22","1,000","Active","Purok 3 Bical Sur Bayambang Pangasinan
 oK",""
"859","","500008","XAM1_Jona_Bon","639563228448","11 - Prepaid","Non-Active","March 12, 2024","Reconnection 11/3/25 
 Technician: Jojo / Jun
 LCP: 1 
 NAP : 8
 PORT 7
 old DD:3 DC:Feb.12/ RC:March 12 new DD:11-darz
 ==================================
 June 3, 2026
 Approved adjustment: 7 days isolation.
 Service interruption started on May 28, 2026 at approximately 7:00 PM and was restored on May 31, 2026 at approximately 7:00 AM.
 As compensation for the outage, a 7-day adjustment to the payment schedule has been approved.
 – Clarisse","1,000","Active","Ambayat 1st",""
"860","","500009","XAM1_Abel_Lamo","639297202789","21 - Prepaid","Non-Active","November 22, 2023","OK
 ==========
 DC 10/27/25 - Ice
 
 Unpaid Oct Bill..
 DELETE OCT And Nov Bill.. 
 11/04/25
 
 RC 11/21/25 - Ice (Nakay renz ang bayad)","1,000","Active","Ambayat 1st Bayambang Pangasinan",""
"861","","300013","XAMN_Jessica_Perez","639704768834","11 - Prepaid","Non-Active","November 25, 2023","JULY 26 2025 DC 
 JULY 28 2025 RC ALDRIN / NEW DEUDATE 27
 =================
 Reconnection 10/29/25 - Ice
 =========
 DC 02/5/2026
 RC 03/13/2026
 OLD DD 28
 NEW DD 9
 NEXT DD 04/09/2026 - HANS
 ==========
 September 11, 2026 RECONNECTIOn
 old dd 9
 new dd 11 - hans","1,000","Active","#110 Purok 3 Brgy Amangcosiling Norte Bayambang Pangasinan",""
"862","","7000017","TWA_Generose_Padilla","639123456789","20 - Prepaid","Non-Active","November 20, 2023","","1,000","Active","Brgy Wawa Bayambang Pangasinan
 OK",""
"863","","5700029","XSV_Nelie_Cabral","639707221200","28 - Prepaid","Non-Active","November 28, 2023","==========
 DC 11/3/25 - Ice
 RC 11/4/25 - Ice
 paid oct. to be remit by agent jhune on 11/8
 
 =============
 DC 12/1/25 - Ice
 RC 12/2/25 - Jhun Remmit 12/6/25","1,000","Active","Purok 7 San Vicente Bayambang Pangasinan
 OK",""
"864","","2800053","XDU_Angelo_Paz","639811583382","5 - Prepaid","Non-Active","November 28, 2023","Adjusted dd due to typhoon old dd 28-new DD 12/5
 for delete Nov. Bill-ej","1,000","Active","Purok 7 Dusoc Bayambang Pangasinan",""
"865","","2300027","XCS_Ronald_Natividad","639359089528","17 - Prepaid","Non-Active","November 29, 2023","OK
 DC-APRIL 10-CLARISSE
 
 RC PAID VIA CASH-JULY 10
 NEW DD: AUGUST 10
 
 ==============
 DC 9/12/2025 - Xpacs
 Old DD:10/adjusted 7 days-darz/ new DD:17","1,000","Active","420 UPPER CADRE SITE BYB PNG",""
"866","","6300031","XTAM_Alvin_Andaya","639102211994","3 - Prepaid","Non-Active","December 01, 2023","may 29 2026
 OLD DD: 1
 NEW DD: 3
 2 DAYS NO CONNECTION-CLARISSE","1,000","Active","Purok 2 Tampog Bayambang Pangasinan",""
"867","","700005","XAP_Rosemarie_Gruta","639514438564","1 - Prepaid","Non-Active","December 01, 2023","OK
 Nap:8 Port:7","1,000","Active","Purok 3 Apalen Bayambang Pangasinan",""
"868","","5500028","XSG1_Honorio_Ulep","639814718951","2 - Prepaid","Non-Active","December 02, 2023","===============
 DC 10/8/2025","1,000","Active","Brgy San Gabriel 1st Bayambang Pangasinan",""
"869","","2300029","XCS_Estelita_Daileg","639707721268","4 - Prepaid","Non-Active","December 04, 2023","==============
 DC 9/10/2025 - Xpacs
 RC-9/10/25-ej","1,000","Active","322 Cadre Site Bayambang Pangasinan",""
"870","","400039","XAMS_Jesusa_Decipulo","639777567348","11 - Prepaid","Non-Active","December 04, 2023","June 26- Client agreed to settled 2k on July 04 (May and july payment)
 July 07- requested to pay on July 10, due to his salary date. approved.
 NEW DD- Adjust due date paid 1231 from 4-11.
 Next DD: September 11 2025
 ========
 DC 11/17/25 - Ice
 RC 11/17/25 - Ice","1,000","Active","Purok 6 Amangcosiling Sur Bayambang Pangasinan
 
 RECON AUG 12 REF # :4019 90226 0228",""
"871","","300014","XAMN_Almira_Blanza","639090960855","11 - Prepaid","Non-Active","December 04, 2023","PORT 6
 Old DD: 4/adjusted 7 days -darz/ new DD: 11","1,000","Active","PUROK 1 AMANGCOSILING NORTE BYB PNG",""
"872","","2800055","DDU_Ric_Velasco","639123456789","28 - Prepaid","Non-Active","December 02, 2023","Reconnection MAY 24
 
 ===============
 Reconnection 10/27/25 - Ice (Dante rqst)
 rc: june 28/ new dd:28","1,000","Active","brgy Dusoc Bayambang Pangasinan
 OK",""
"873","","5700031","XSV_Violeta_Junio","639305103054","19 - Prepaid","Non-Active","December 05, 2023","Port 5
 OLD DD:5
 NEW DD: DEC 19 14 DAYS NO CONNECTION DUE TO TYPHOON","1,000","Active","Purok 5 San Vicente Bayambang Pangasinan",""
"874","","2900047","XHE_Matt_Ramos","639485478505","5 - Prepaid","Non-Active","December 05, 2023","===============
 DC 10/9/2025
 RC 10/13/2025
 ===========
 DC 11/14/25 - Ice (Ma'amClarisse)
 RC 11/15/25 - Ice
 ======
 Additional 3 days grace period due to 3 days no connection - hans","1,000","Active","124 Purok 2 Hermoza Bayambang Pangasina",""
"875","","6600012","XTE_Ivantiger_Abellera","639973171693","10 - Prepaid","Non-Active","December 08, 2023","OK
 Lester/Jeff
 ============
 DC 10/14/25 - Ice
 RC 10/14/25 - Ice
 ==========
 May 29, 2026 - Downtime
 OLD DD - 8
 NEW DD - 10
 NEXT DD - 06/10/2026","2,000","Active","Telbang Bayambang Pangasinan",""
"876","","6400051","XTAN_Joy_Garcia","639167732600","25 - Prepaid","Non-Active","December 09, 2023","Port2 -new add nap
 ==================
 SEPT 25 2026 - RC
 OLD DD:9
 NEW DD: OCT 25 2026 -CLARISSE","1,000","Active","Sitio Pandel Brgy.Tanolong Bayambang
 OK",""
"877","","4900050","DPA_Nora_Fami","639173968501","8 - Prepaid","Non-Active","December 08, 2023","","1,000","Active","Purok 3 Brgy Pangdel Bayambang Pangasinan",""
"878","","2900050","XHE_Agnes_Garcia","639776187984","11 - Prepaid","Non-Active","December 11, 2023","==========
 DC 10/16/25 - Ice
 RC 10/16/25 - Ice
 ========
 DC 11/17/25 - Ice
 RC 11/17/25 - Ice
 ==========
 Additional 3 days grace period due to 3 days no connection - hans","1,000","Active","Purok 4 Hermoza Bayambang",""
"879","","2900051","XHE_Evangeline_Basina","639496067874","11 - Prepaid","Non-Active","December 11, 2023","==========
 DC 10/16/25 - Ice
 RC 10/16/25 - Ice
 ========
 DC 11/17/25 - Ice
 RC 11/17/25 - Ice","1,000","Active","PUROK 4 HERMOZA BYB PNG
 OK",""
"880","","2600012","TDA_Nerissa_Laurel","639179690547","28 - Prepaid","Non-Active","November 28, 2023","","1,000","Active","Purok 1 Darawey Bayambang Pangasinan",""
"881","","3200020","XINI_Aisa_Bautista","639518933071","13 - Prepaid","Non-Active","December 13, 2023","------------------
 11/13/25= Client called and reported that they dont have conenction since Nov 9 due to typhoon waiting for tech visit already line up for repair, for adjustment of due date- Clarisse
 
 =============
 DC 11/18/25 - Ice
 RC 11/19/25 - Ice","1,000","Active","Purok 4 Inirangan Bayambang Pangasinan",""
"882","","5400015","XRE_Domingo_Deguzman","639610133677","14 - Prepaid","Non-Active","December 14, 2023","Nap 2 Port 12 Eric Making
 ==============
 DC 10/20/25 - Ice
 RC 10/20/25 - Ice","1,000","Active","Purok2 Reynado Bayambang Pangasinan",""
"883","","4200031","XMG_Christinejoy_Salcedo","639187674817","17 - Prepaid","Non-Active","December 15, 2023","DC 11/19/25 - Ice
 DD:15(dc:jan.29 late paid on system new DD:17-darz)","1,000","Active","Purok 2 Managos Bayambang Pangasinan",""
"884","","5700033","XSV_Erica_Macaraeg","639957684988","20 - Prepaid","Non-Active","December 18, 2023","","1,000","Active","Purok 7 San Vicente Bayambang Pangasinan",""
"885","","4400019","XMP_Edson_Delacruz","639059015124","20 - Prepaid","Non-Active","December 19, 2023","OK
 September 3 2026
 old DD: 19
 New DD: 20 PLUS 4 DAYS GRACE PERIOD moved 1 day reapired by Nomel =CLARISSE","1,000","Active","Manambong parte Bayambang",""
"886","","1600021","XBN_Marnie_Deguzman","639501150769","12 - Prepaid","Non-Active","December 20, 2023","OK
 Nap6 Port4
 DC- APRIL 08
 RC-APRIL 14 PAID VIA CASH
 ============
 DC 11/25/25 - Ice(DC of DD 19 - 22)
 RC 11/28/25 - Ice 
 =======================
 OLD DD: 20
 DC:4
 JULY 16 2026-ASKING FOR EMAIL AND PW:
 NEXT DD IF CLIENT PAID TODAY IS AUG 12 2026 CAN SETTLE ON OR BEFORE AUG 16 CLIENT AGREED VIA PHONE 
 09683868470 DAUGHTER OF THE CLIENT-CLARISSE","1,000","Active","Bical Norte Bayambang Pangasinan",""
"887","","2900053","XHE_Madelyn_Abella","639552255764","18 - Prepaid","Non-Active","December 20, 2023","DC 11/21/25 - Ice","1,000","Active","Purok 1 Hermoza Bayambang",""
"888","","5700034","XSV_Hernalyn_Lagutin","639631359383","10 - Prepaid","Non-Active","December 21, 2023","OLD DD: 22
 5/26/2025-DC
 rc may 28 2025
 NEW DD: JUNE 24
 ==========
 DC 10/28/25 - Ice
 RC 12/3/25 PAID AT WAWA
 NEW DD""3
 ==================
 OLD DD: 3
 NEW DD: 5- MOVED DUE TO NO CONNECTION FOR 2 DAYS -CLARISSE
 new dd:10-darz","1,000","Active","Purok 5 San Vicente Bayambang
 OK",""
"889","","6500020","XTA_Diane_Asuncion","639917144465","22 - Prepaid","Non-Active","December 22, 2023","NAPBOX:8
 LCP:1
 PORT:15
 TECHNICIAN: Jeff,John","1,000","Active","Tatarac Bayambang Pangasinan
 OK",""
"890","","3200021","XINI_Vergie_Sapatero","639123084482","28 - Prepaid","Non-Active","December 26, 2023","Unpaid Sept 
 Delete Sept Bill
 DC Oct 21 - jhay
 
 =============
 
 ==========
 DC 11/3/25 - Ice
 RC 11/5/25 - Ice","1,000","Active","Inirangan Bayambang Pangasinan",""
"891","","700006","XAP_Dominic_Agustin","639467405871","28 - Prepaid","Non-Active","December 28, 2023","","1,000","Active","Purok 3 Apalen Bayambang
 OK",""
"892","","700007","XAP_Bryan_Agustin","639124242753","12 - Prepaid","Non-Active","December 28, 2023","UNPAID FEB
 DC MARCH 6
 RECON FEB 12,2025
 
 ==============
 DC 9/16/2025 - Xpacs
 RC 9/16/25","1,000","Active","PUROK 3 APALEN BYB PNG",""
"893","","400043","XAMS_Felix_Rafael","639081981981","23 - Prepaid","Non-Active","December 29, 2023","old dd: jUNE 29
 July 2 2025-DC
 July 8 2025- RC PAID VIA GCASH
 NEW DD: AUG 05 FOR DELEETE OF JULY BILLING
 Dc-8/18/25
 8/29-RC paid via Gcash
 New DD.  September 16, 2025
 DC 11/19/25 - Ice
 RC 12/23/25","1,000","Active","Purok 2 Amangcosiling Sur Bayambang",""
"894","","5500030","XSG1_Lyna_Evangelista","639177050574","7 - Prepaid","Non-Active","December 30, 2023","OK
 DC MARCH 17 2025 ALDRIN
 RC MARCH 19 2025 ALDRIN
 ==========
 DC 11/3/25 - Ice
 RC 11/3/25 - Ice
 Old dd 28
 Dc  
 Rc march 7
 New dd 6 paid 2 months - delete april bill clarisse","1,000","Active","Purok V San Gabriel 1st Bayambang",""
"895","","5600008","XSG2_Julius_Poquiz","639163213925","1 - Prepaid","Non-Active","January 29, 2024","Lester/Vince
 Nap 8
 Port 13
 =========================
 August 13 2026
 OLD DD: AUG 28
 MOVED TO SEPT 01 DUE TO 2 DAYS NO CONNECTION 
 NEW DD: SEPT 1 2026, CLIENT AGREED VIA PHONE -CLARISSE","1,000","Active","San Gabriel 2nd Bayambang
 OK",""
"896","","5700037","XSV_Mark_Sison","639072809977","28 - Prepaid","Non-Active","January 30, 2024","Nap 7
 Port 4
 Lester/Vince
 
 ==========
 DC 11/3/25 - Ice
 RC 11/3/25 - Ice","1,000","Active","Purok 5 San Vicente",""
"897","","5500031","XSG1_Victor_DeGuerto","639165375140","6 - Prepaid","Non-Active","January 31, 2024","OK
 Lester/Vince
 Nap 3Port 11
 
 OLD DD: November 28
 adjusted 8 days of no conenction due to typhoon
 New DD December 06 2025 for delete of November Bill","1,000","Active","Purok 2 San Gabriel 1st",""
"898","","4900051","XPA_Carla_Custodio","639262112193","1 - Prepaid","Non-Active","February 01, 2024","Edward/Piolo
 Nap 6
 Port 1","1,000","Active","Purok 1 Pangdel Bayambang",""
"899","","2600013","XDA_IvyRose_Jarillo","639481038075","10 - Prepaid","Non-Active","February 02, 2024","OK
 Joemari/Marnold
 Port 15
 ==============
 sept 16-recon oct 18
 adjust duedate to 16th of the month
 
 DC 10/21/25 - Ice
 RC 10/21/25 - Ice
 OLD DD 16
 RC JAN 3 2026
 NEW DD FEB 3 2026
 OLD DD:3 /ADJUSTED 7 DAYS-DARZ/NEW DD:10","1,000","Active","Purok 1 Darawey",""
"900","","6400054","XTAN_Danny_Alcantara","639399552900","3 - Prepaid","Non-Active","February 03, 2024","Edward/Pedro
 Port 16
 ========
 DC 11/7/25 - Ice
 RC 11/8/25 - Ice","1,000","Active","Sitio Bakante Tanolong",""
"901","","400046","XAMS_Teresa_Maniling","639309803180","6 - Prepaid","Non-Active","February 06, 2024","Edward/Pedro
 Nap 1
 Port 10
 
 ==========
 DC 10/10/25","1,000","Active","Purok 4 Amangcosiling Sur",""
"902","","1700026","XBS_Berna_Cayabyab","639107449625","15 - Prepaid","Non-Active","February 07, 2024","Lester/Vince
 Nap 5
 Port 11
 ==============
 DC 10/10/25
 RC 10/10/25
 NEW DD JAN 15 DUE TO 7 DAYS NO CONNECTION DURING TYPHOON ADN 1 DAY WITH FIBER BREAK LAST DEC 08-CLARISSE
 ===========
 May 29, 2026 - Downtime
 OLD DD - 15
 NEW DD - 17
 NEXT DD - 06/17/2026","1,000","Active","Purok 1 Bical Sur",""
"903","","3000015","XID_Christian_Martinez","639455296097","24 - Prepaid","Non-Active","February 07, 2024","Edward/Pedro
 Nap 3
 Port 13
 
 
 ==========
 DC 10/28/25 - Ice
 RC 10/30/25 - Ice
 ============
 DC 11/27/25 - Ice (DD of 23-24)","1,000","Active","Purok 2 Idong Bayambang",""
"904","","5300031","TPU_Gladys_Menor","639153725506","20 - Prepaid","Non-Active","February 07, 2024","Jhun
 Nap 8
 Port 2
 RC- AUG 14
 NEXT DD: SEPT 14
 11/20= TPU Gladys Menor 14th move to 20th CONFIRMED BY SIR JHUN DUE TO TYPHOON.","1,000","Active","Purok 3 Pugo",""
"905","","7600024","Pangasinan_State_University","639397593766","16 - Prepaid","Non-Active","February 09, 2024","Lester/Vince
 ========
 July 20, 2026 - Reconnection - hans","1,000","Active","Zone 6 PSU Bayambang
 OK",""
"906","","2900054","XHE_Babyrose_Frias","639972379995","16 - Prepaid","Non-Active","February 10, 2024","Piolo/Dave
 Nap 3
 Port 14
 MARCH 11 2025 DC REQUESTED FROM SUBS
 
 10 DUE DATE
 DC march 11 2025
 Rc may 15 2025
 new DD: June 14,2025-Clarisse
 DC: FEB 1- RC: FEB.16 NEW DD 16 - DARZ","1,000","Active","Purok 1 Hermoza Bayambang
 OK",""
"907","","242300001","XBE_Nico_Cabralis","639124560688","28 - Prepaid","Non-Active","February 12, 2024","Piolo/Dave
 Nap 1 
 Port 9
 
 June 27- old dd
 June 30 2025-3 days
 July 11 2025-RC PAID VIA GCASH
 NEW DD: AUG.08 2025 (DELETE JULY BILLING)
 DC-8/18/25
 RC 9/3
 
 new DD 9/21
 
 New DD 9/21
 ==============
 Old DD 21
 DC 10/24/25 - Ice
 3 days consumed
 RC 11/3
 New DD11/30","1,000","Active","Purok 2 Bongato East Bayambang
 OK",""
"908","","6400055","XTAN_Desirie_Casillan","639207976115","12 - Prepaid","Non-Active","February 12, 2024","OK
 Edward/Pedro
 Nap 1
 Port 3
 ==========
 DC 10/17/25 - Ice
 RC 10/17/25 - Ice","1,000","Active","Purok 1 Tanolong",""
"909","","5400016","XRE_Salvador_Soriano","639502817406","14 - Prepaid","Non-Active","February 13, 2024","Lester/Vince
 
 ============
 DC 10/14/25 - Ice
 RC 10/15/25 - Ice
 DC: JAN.12- RC: FEB: 3-LESS 4 DAYS NEW DD: 26- DARZ
 ==============
 DC- MARCH 02
 NEW DD: EVERY 8TH OF THE MONTH- THIS IS THE DATE THAT CLIENT REQUESTED LAST TIME FROM THE ADMIN BUT DIDNT APPLIED-CLARISSE
 DELETE MARCH BILL
 old dd:8/ new dd/14-darz","1,000","Active","Purok 1 Reynado Bayambang",""
"910","","242500003","XBW_Warren_Bartolome","639770863219","10 - Prepaid","Non-Active","February 13, 2024","Piolo/Dave
 Nap 4
 Port 3\
 
 04-21-25- Client payment via gcash ref#2027 970 957 689 400.00 only with discount due to referral bonus:
 XBW_Mario_Romero
 Purok 7 bongato west B.Bang Pangasinan 
 639127224899
 
 refferd by sir warren
 installed date - 3/28/2025
 
 -Clarisse""
 ==============
 Old DD 13
 DC 9/17/2025 - Xpacs""
 4 days consumed
 RC 10/27
 new DD 11/23-ej
 ============
 DC 11/27/25 - Ice (DD of 23-24)
 RC 11/28/25 - Ice 
 ======
 DC 03/27/2026
 RC 03/30/2026
 OLD DD 23
 NEW DD 26
 NEXT DD 04/26/2026 - HANS
 =========
 DC 05/30/2026
 RC 06/01/2026
 OLD DD 26
 NEW DD 01 - hans
 ============
 September 10, 2026 RECONNECTION
 Old dd 1
 new dd 10 - hans","500","Active","Purok 5 Bongato West",""
"911","","242500004","XBW_Jesica_Santos","639274463639","1 - Prepaid","Non-Active","February 14, 2024","Piolo/Dave
 Nap 1
 Port 12
 dc- april 23
 =============
 14 old due date
 DC April 23 2025- 9 days consume
 Rc June 10 2025
 new dd: july 01
 ========
 DC 11/4/25 - Ice","1,000","Active","Purok 6 Bongato West",""
"912","","3600004","XDP_Maryclaire_Custodio","639604780298","14 - Prepaid","Non-Active","February 14, 2024","Edward/Pedro
 Nap 1
 Port2
 =============
 DC 11/18/25 - Ice
 RC 11/21/25 - Ice","1,000","Active","M.H. DEL pilar Bayambang
 OK",""
"913","","4400021","XMP_JessaMay_Junio","639369054931","14 - Prepaid","Non-Active","February 14, 2024","Lester/Jeff
 Nap 7
 Port 11","1,000","Active","Purok 3 Manambong Parte",""
"914","","6600014","XTE_Princess_Medel","639087166237","15 - Prepaid","Non-Active","February 15, 2024","Piolo/Dave
 Nap 1
 Port 9","1,000","Active","TELBANG DIKE BYB PNG",""
"915","","7400009","XZ3_Lyka_Sanchez","639509490211","25 - Prepaid","Non-Active","February 25, 2024","NAPBOX:N/A
 LCP:N/A
 Port:2
 TECHNICIAN:piolo/Marvin","799","Active","Zone 3 Bayambang
 OK",""
"916","","5600009","XSG2_JenniRose_Paredes","639155811858","19 - Prepaid","Non-Active","February 15, 2024","Edward/Pedro
 Nap 8
 Port 3
 
 04-15-25 - Client paid 2k for 2 months (March and april)
 Gcassh ref#7027 782 428 323. Reconnected. - Clarisse
 ========================================
 NEXT DD: AUGUST 19 2025- MOVED DUE DATE DUE TO 4 DAYS OF NO CONNECTION CAUSE BY THE TYPHOON 
 ==============
 DC 10/23/25 - Ice
 RC 10/23/25 - Ice","1,000","Active","Purok 2 San Gabriel 2nd
 OK",""
"917","","600036","XAM2_Helen_Monzales","639812543209","4 - Prepaid","Non-Active","February 15, 2024","edward/Pedro
 Nap 5
 Port 14
 RECON 12/4/25 - NOMEL","1,000","Active","Purok 1 Ambayat 2nd
 lagpas ng integrated high school,malapit sa talipapa.
 Other number: 09459737177 globe",""
"918","","5300032","TPU_Danny_Torres","639516893802","20 - Prepaid","Non-Active","February 15, 2024","Jhun
 Nap 3
 Port 3
 11/20- 15th move to 20th CONFIRMED BY SIR JHUN DUE TO TYPHOON UWAN","1,000","Active","Pugo Bayambang
 OK",""
"919","","5400017","XRE_Reynalda_Rosales","639762588936","4 - Prepaid","Non-Active","February 16, 2024","Lester/Dave
 Nap 2
 Port  16
 
 ===========
 RC 10/11/25
 ==============
 DC 10/21/25 - Ice-  early dc kya 21 na dc si client,  clear october.
 
 ========================================
 DC JAN 20
 rc FEB 2 2026
 NEW DD: MARCH 01 2026
 ====================================
 MARCH 23- ADVANCE PAYMENT FTM OF APRIL 2026 NEXT PAYMENT-MAY 2026-CLARISSE","1,000","Active","Reynado Bayambang, Pangasinan
 OK",""
"920","","600037","XAM2_Marife_Esteron","639984381321","28 - Prepaid","Non-Active","February 17, 2024","OK
 Piolo/Jojo
 Nap 3
 Port 10
 
 April 17 - OLD DD
 april 23 2025 dc
 5 DAYS
 rc may 2 2025
 NEW DD: MAY 28 2025 -CLARISSE
 =========
 DC 02/01/2026
 RC 03/25/2026
 OLD DD 28
 NEW DD 25
 NEXT DD 04/25/2026 - HANS
 =========================
 AUGUST 21 2026 
 CLIENT REPAIRED NEW DD:  AUGUST 28 PLUS 5 DAYS GRACE PERIOD - CLARISSE","1,000","Active","Purok 1 Ambayat 2 Bayambang",""
"921","","3000016","XID_Odessa_Deleon","639919453360","15 - Prepaid","Non-Active","February 17, 2024","Edward/Pedro
 Nap 4
 Port 11
 ==========
 Old DD 17
 DC 10/22/25 - Ice
 5 days consumed 
 RC 10/22/25 - Ice
 DC 11/20/25 - Ice
 RC 11/20/25 - Ice
 New DD 12/15/25-ej
 =============
 Additional 3 days grace period due to 3 days no connection – hans","1,000","Active","Idong Bayambang
 OK",""
"922","","400048","XAMS_Ofelia_Maniling","639484299083","10 - Prepaid","Non-Active","February 17, 2024","Lester/Dave
 Nap 7
 RECON MARCH 10 2025
  04-09-25 - march payment via gcahs ref# 5026 567 588 626.
 -clarisse","1,000","Active","Purok 6 Amangcosiling sUR",""
"923","","5500032","XSG1_Ryan_Gallardo","639265786812","28 - Prepaid","Non-Active","February 17, 2024","Lester/Dave
 Nap 8
 Port 14
 APRIL 30 -DC
 ------------------------
 April 28 old dd
 dc april 30 2025
 rc june9 2025
 next dd: July 07
 =========
 new dd: august 28 2025
 =============
 DC 12/1/25 - Ice
 RC 12/4/25 - Ice","1,000","Active","San Gabriel 1st Bayambang
 OK",""
"924","","242500005","XBW_Carlota_Iglesias","639674357449","19 - Prepaid","Non-Active","February 19, 2024","Jerome Torres
 RC-8/23-belle","1,000","Active","Purok 7 Bongato West BYB PNG",""
"925","","400049","XAMS_Ronaldo_Gomez","639308788883","10 - Prepaid","Non-Active","February 20, 2024","Jerome/Vince
 Nap 1
 Port 14
 old DD 7
 DC 10/22/25
 RC 10/24/25
 15 days consumed
 New DD 10","1,000","Active","Purok 3 Amangcosiling Sur
 OK",""
"926","","6600016","LGU_Bayambang_Municipal_Slaughterhouse_Office","639128379795","27 - Prepaid","Non-Active","February 21, 2024","Vince/Jojo
 Nap 6
 Port 6
 ===============
 DC 11/4/25 - Ice
 OLD DD:  AUG 20 2027
 MOVED DUE DATE : SEPT 27 2026 - DUE TO 7 DAYS NO CONNECTION UNDER REPAIR -CLARISSE","1,000","Active","BRGY TELBANG BYB PNG
 OK",""
"927","","5600010","XSG2_Rechielynn_Gabriel","639458464911","25 - Prepaid","Non-Active","February 21, 2024","Jerome/Piolo
 Nap 8
 Port 5
 =================
 OLD DD; 21
 NEXT DD: AUGUST 25 2025- MOVED DUE DATE DUE TO 4 DAYS OF NO CONNECTION CAUSED BY THE TYPHOON
 
 ============
 DC 11/28/25 - Ice (DD of 25)
 RC 11/28/25 - Ice","1,000","Active","Purok 2 San Gabriel 2nd
 
 UNPAID NOV 
 DC DEC 2
 Reconnected DEC 3",""
"928","","7400010","PSU_Cheryl_Mendoza","639688690199","25 - Prepaid","Non-Active","February 21, 2024","OK
 Edward/Pedro
 Nap bangong nap
 Port 1
 FOC : 180 meters
 ================
 JAN 5 2026-CLIENT PAID 2K FOR DEC 2025 AND JAN 2026 NEXT DD IS FEB 21 2026 VIA GCASH 
 ====================
 JULY 30 2026 - 2 UNPAID BILLS -CLARISSE
 ======================
 august 25 2026
 account reconnected new dd: 25
 next dd: sept 25 plus 4 days grace period -clarisse","1,000","Active","PSU Quezon Blvd. Bayambang
 ==========================
 JULY 30 2026 - 2 UNPAID BILLS -CLARISSE",""
"929","","5500034","XSG1_MaryGrace_Lumanog","639943871812","7 - Prepaid","Non-Active","February 22, 2024","Edward/Pedro
 nap 3
 Port 4
 ============
 DC 11/25/25 - Ice(DC of DD 19 - 22)
 RC 11/25/25 - Ice
 ========
 DC 03 26/2026
 RC 04/07/2026
 OLD DD 22
 NEW DD 7
 NEXT DD 05/07/2026 - HANS","1,000","Active","Purok 2 San Gabriel 1st",""
"930","","5400018","XRE_JameLouise_Reyes","639310766052","28 - Prepaid","Non-Active","February 23, 2024","Pedro/Edward / 201-1BYB26LCP1N2P7
 old dd:23/adjusted 7 days-darz/ new dd:30","1,000","Active","Purok 1 Reynado BYB PNG",""
"931","","7600025","XZ6_Digna_Guevara","639291473155","1 - Prepaid","Non-Active","February 23, 2024","Lester/Dave
 Nap5
 Port 7
 
 04-28-25- update due date every 30th of the month -Clarisse
 ===============================================
 June 3, 2026
 Approved adjustment: 7 days isolation.
 Service interruption started on May 28, 2026 at approximately 7:00 PM and was restored on May 31, 2026 at approximately 7:00 AM.
 As compensation for the outage, a 7-day adjustment to the payment schedule has been approved.
 – Clarisse","1,000","Active","Zone 6 Bayambang
 OK",""
"932","","4400023","XMP_Lourdes_Flores","639460117076","22 - Prepaid","Non-Active","February 24, 2024","Piolo/Vince","1,000","Active","Purok 1 Manambong Parte",""
"933","","2600014","TDA_Marilyn_Penuliar","639123456789","20 - Prepaid","Non-Active","February 20, 2024","Port8","1,000","Active","darawey bayambang pangasinan
 OK",""
"934","","5500035","XSG1_Medardo_Palen","639951909578","1 - Prepaid","Non-Active","February 27, 2024","Marnold/ Dave
 Nap 5/ Port 15
 ==========
 DC 12/1/25 - Ice
 RC 12/4/25 - Ice
 ==========
 Old dd 28
 new dd 1
 plus 7 days grace period - hans","1,000","Active","Purok 2 San Gabriel 1st Bayambang Pangasinan",""
"935","","400051","XAMS_Rosalie_Favi","639303751380","15 - Prepaid","Non-Active","January 15, 2024","Marnold/Jomarie Nap 6 Port 16
 DC: JAN.15 RC: fEB.15 -DARZ","1,000","Active","Purok 2 Amangcosiling Sur",""
"936","","6600017","XTE_Jelene_Abenidos","639686502022","3 - Prepaid","Non-Active","January 03, 2024","Nap 5 Port 6 Lester/Pedro
 
 
 ===============
 DC 10/9/2025
 RC 10/13/2025\
 ==================
 June 3, 2026
 Approved adjustment: 7 days isolation.
 Service interruption started on May 28, 2026 at approximately 7:00 PM and was restored on May 31, 2026 at approximately 7:00 AM.
 As compensation for the outage, a 7-day adjustment to the payment schedule has been approved.
 – Clarisse","1,000","Active","BRGY TELBANG BYB PNG",""
"937","","6400059","XTAN_Robert_Junio","639150089312","28 - Prepaid","Non-Active","February 29, 2024","Marnold/ Pedro
 Nap 3 / Port 16
 JULY 31 2025 DC ALDRIN
 RC 8/28/25
 adjusted dd bec. of typhoon old DD 11/28-new /DD 1/1-EJ
 old dd:28/adjusted 7 days-darz/ new dd: every 5","1,000","Active","Purok 3 Tanolong Bayambang Pangasinan",""
"938","","1600023","XBN_Oscar_Antonio","639694332837","6 - Prepaid","Non-Active","February 29, 2024","Jayson/Dave
 DEC 30 2025- CLIENT SENT A PROOF THAT SHE PAY FOR THE ADJUSTMENT OF HER NEW DD: VIA FB PAGE Marmie Antonio AMOUNTING 1066 
 OLD DD IS 28
 NEW DD IS EVERY 1 -CLARISSE
 ==========================
 DC- FEB 5 
 RC FEB 6
 NEW DD: MARCH 06 2026-CLARISSE","1,000","Active","Atis Bical Norte Bayambang Pangasinan",""
"939","","4900052","XPA_Milagros_Remada","639208981055","17 - Prepaid","Non-Active","January 18, 2024","Piolo/Eduard 
 Nap 1 
 Port 2
 
 ==========
 DC 10/22/25 - Ice
 RC 10/24/25 - Ice
 =============
 DC 11/21/25 - Ice
 RC 11/21/25 - Ice
 ==========
 May 29, 2026 - Downtime
 OLD DD - 18
 NEW DD - 20
 2 days no Connection - hans
 ========
 August 17, 2026 Reconnection
 old dd 20
 new dd 17 - hans","1,000","Active","Purok 1 Pangdel Bayambang",""
"940","","4100021","XMA_Rosalia_Peralta","639518654777","4 - Prepaid","Non-Active","January 24, 2024","Piolo/Vince Nap 6 Port 1
 
 OLD DD: NOV 24 2025
 DELETE NOV BILL DUE TO 10 DAYS OF NO CONNECTION
 NEW DD: DECEMBER 4 2025","1,000","Active","Purok 6 Malioer Bayambang",""
"941","","700008","XAP_Irene_Guarin","639123456789","24 - Prepaid","Non-Active","February 24, 2024","==========
 DC 10/28/25 - Ice
 RC 10/30/25 - Ice","1,000","Active","Brgy Apalen Bayambang Pangasinan",""
"942","","5800027","XSC_Julius_Eduria","639978441741","3 - Prepaid","Non-Active","January 03, 2024","Port 11 Lester/Pedro
 
 
 ===============
 DC 10/9/2025
 RC 10/10/2025
 ========
 DC 11/7/25 - Ice
 RC 11/8/25 - Ice
 ============
 Additional 3 days grace period due to 3 days no connection - hans","1,000","Active","88 purok 1 Brgy San Cagulis Bayambang Pangasinan",""
"943","","400052","XAMS_Melissa_Mangande","639466766926","4 - Prepaid","Non-Active","January 04, 2024","Lester/Pedro Nap 1 Port 11
 
 ===============
 DC 10/9/2025
 RC 10/10/2025
 ========
 DC 11/7/25 - Ice
 RC 11/7/25 - Ice","1,000","Active","Purok 4 Amangcosiling Sur Bayambang",""
"944","","2400020","XCA_Gino_Roxas","639673216380","2 - Prepaid","Non-Active","January 10, 2024","Lester/Pedro Nap 6 Port 8
 14 - old due date
 17 - june dc
 28 - rc july 
 new dd 25
 DC-8/28/25
 RC 9/13/25
 New DD- 22- EJ
 ==========
 DC 10/27/25 - Ice
 RC 10/29/25 - Ice
 ============
 DC 11/25/25 - Ice(DC of DD 19 - 22)
 RC 11/25/25 - Ice
 old dd:22/ adjusted 7 days -darz/ new dd: 29
 ------------------------------
 OLD DD: 28
 RC: 2
 NEXT DD"" SEPT 2 2026","1,000","Active","Purok 6 Carungay Bayambang",""
"945","","3100012","XINA_Oscar_Embuido","639077189814","6 - Prepaid","Non-Active","January 06, 2024","Marnold/Pedro Nap4 Port 2
 
 
 ==========
 DC 10/10/25
 RC 10/11/25
 ===========
 DC 11/14/25 - Ice (Ma'amClarisse)
 RC 11/15/25 - Ice","1,000","Active","Purok 1 Inanlorenza Bayambang
 OK",""
"946","","2900055","XHE_Jocelyn_Mejia","639919737414","8 - Prepaid","Non-Active","January 08, 2024","Marnold/Piolo
 
 ========
 DC 11/17/25 - Ice
 RC 11/18/25 - Ice","1,000","Active","Purok 5 Hermoza Bayambang
 OK",""
"947","","5800028","XSC_Maryjoy_Alejandro","639101991951","10 - Prepaid","Non-Active","January 10, 2024","Lester/Pedro Port 8
 
 ========
 DC 11/17/25 - Ice
 RC 11/17/25 - Ice","1,000","Active","Purok 1 Sancagulis Bayambang",""
"948","","5800029","XSC_Benedicto_Layno","639851057455","18 - Prepaid","Non-Active","January 11, 2024","OK
 Lester/Pedro Port 6
 ========
 OLD DD:11
 DC 11/17/25 - Ice 6 DAYS
 RC 11/22/25 - Ice
 -----------------
 11/24-RC
 NEW DD"": DEC 18 2025","800","Active","Sancagulis Bayambang Pangasinan",""
"949","","242300003","XBE_Teofilo_Iglesias","639123456789","9 - Prepaid","Non-Active","January 13, 2024","OK
 RE-INSTALLATION/REACTIVATION : OCT 1, 2025
 Port 2 Nap 1
 jojo/june
 ==========
 DC - Feb. 5, 2026
 RC - Feb 7, 2026
 ODD - 1
 New DD - 7
 Next DD - March 7, 2026 - Hans
 ========== 
 DC:APRIL:11/ RC:12 NEW DD: 9-DARZ","1,000","Active","Bongato East Bayambang",""
"950","","2900056","XHE_Kristine_Magtanong","639125574988","13 - Prepaid","Non-Active","January 13, 2024","Lester/Pedro Nap 6 Port 15
 ""
 ==============
 DC 9/17/2025 - Xpacs""
 ==============
 DC 10/20/25 - Ice
 RC 10/23/25 - Ice","1,000","Active","Purok 2 Hermoza Bayambang Pangasinan",""
"951","","6400060","XTAN_Angelica_Dacal","639075188665","24 - Prepaid","Non-Active","January 24, 2024","Joemari/Marnold Port 15
 
 ==========
 DC 10/28/25 - Ice
 RC 10/28/25 - Ice
 ============
 DC 11/27/25 - Ice (DD of 23-24)","1,000","Active","Sitio Bakanti Tanolong",""
"952","","5700042","XSV_Jessie_Torno","639172082871","19 - Prepaid","Non-Active","January 19, 2024","Jayson/Jeff Port 15","1,000","Active","Purok 7 San Vicente
 UNPAID NOV
 DC DEC 1
 8:34 AM",""
"953","","2900058","XHE_Obar_Ercilla","639303470518","28 - Prepaid","Non-Active","January 19, 2024","Marnold/Jomarie Port 3
 old dd""19
 dc 22
 rc""12/3
 new dd: 1
 --------------
 New DD 19
 old dd:19/dc:23 rc:28/ new dd:5","1,000","Active","Purok 5 Sitio Jimenez Hermoza",""
"954","","6400062","XTAN_Janmark_Gamos","639167394553","26 - Prepaid","Non-Active","January 19, 2024","Piolo/Eduard
 
 
 
 old Due 19 +7days - EDITED June 1 2026","1,000","Active","Purok 1 Tanolong",""
"955","","6500024","XTA_Norberto_Corpuz","639506842163","20 - Prepaid","Non-Active","January 20, 2024","Piolo/Edward Nap 5 Port 6
 =============
 RC 10/23/25 - Ice
 ============
 DC 11/25/25 - Ice(DC of DD 19 - 22)
 RC 11/26/25 - Ice","1,000","Active","Purok 1 Tatarac",""
"956","","242500010","XBW_Ryan_Galsim","639517939569","28 - Prepaid","Non-Active","January 24, 2024","Piolo/Vince 
 Nap 1
  Port 1
 ==========
 Additional due date adjustment due to no connection - hans","1,000","Active","Purok 7 Bongato West",""
"957","","5700043","XSV_Alona_Junio","639094851649","24 - Prepaid","Non-Active","January 24, 2024","Port 3
 Piolo/Vince","1,000","Active","Purok 5 San Vicente",""
"958","","4400024","XMP_Daniel_Junio","639959568262","24 - Prepaid","Non-Active","January 24, 2024","Marnold/Joamari Nap 7 Port 7
 
 MAY 24- RCVD PAYMENT FTM OF JUNE VIA CASH, ADVANCE PAYMENT. 
 NEXT PAYMENT : MONTH OF JULY 24","1,000","Active","Purok 3 Manambong Parte",""
"959","","242500011","XBE_Rochelle_Galsim","639975278770","14 - Prepaid","Non-Active","January 25, 2024","vince/piolo Nap 1 Port 1
 04-28-25-DC
 ===================
 25 orignal due date
 DC april 28 2025
 RC may 17 2025
 New DD: June 14 new DD","1,000","Active","Bongato West Bayambang",""
"960","","242500012","XBW_Nelson_Ocampo","639287373720","25 - Prepaid","Non-Active","January 25, 2024","Piolo/Vince Nap 1 Port 2
 
 04-09-25
 RC - Client provide a proof of payment for the month of March via fb page
 Cash payment  last March 27 2025.  (wala sa logbook) 
 -Clarisse
 August Payment
 Reconnected Sep 2 Via Gcash Ref # : 9020 4914 21125
 DC SEP 1 
 ==========
 DC 10/28/25 - Ice
 RC 10/28/25 - Ice","1,000","Active","Purok 7 Bongato West Bayambang
 OK",""
"961","","242500013","XBW_Mila_Romero","639469928573","14 - Prepaid","Non-Active","January 25, 2024","Piolo/Vince Nap 1 Port 1
 DC MARCH 4 2025
 RC MARCH 6 2025
 OLD DUE DATE 25
 JULY 29 2025 DC ALDRIN
 AUGUST 4 2025 RC ALDRIN
 NEW DUE DATE 30 
 ==========
 DC 11/3/25 - Ice
 RC 11/3/25 - Ice
 old DD:28- DC:March4-RC:March9-newDD:6
 old dd:6/new dd:14-darz","1,000","Active","Purok 6 Bongato West",""
"962","","6400064","XTAN_KeeshiaPearl_Arante","639638595318","28 - Prepaid","Non-Active","January 25, 2024","Joemari/Marnold Port 2 Nap 6
 ============
 Additional 3 days due date adjustement - hans","1,000","Active","Centro Tanolong Bayambang",""
"963","","5700044","XSV_Vincent_Cabral","639301665849","3 - Prepaid","Non-Active","January 26, 2024","Joemari/Jeff Nap 2 Port 13
 
 ==========
 DC 10/29/25 - Ice
 RC 10/29/25 - Ice
 old dd:26/adjusted 7 days-darz/ new dd:3","1,000","Active","San Vicente Bayambang",""
"964","","1700033","XBS_Crismel_Gutierrez","639507201152","7 - Prepaid","Non-Active","January 26, 2024","Lester/Vince 
 Nap 1 
 Port 8
 
 04-28-25- Client requested to moved her due date instead of april 26 shwe wants it on May 07 2025, she will just add costn top of her monthly billing, 
 Client agreed to pay 1297.00 on May 07 2025. - need to delete april billing - ClARISSE","1,000","Active","Purok 3 Bical Sur",""
"965","","242300009","XBE_Roseann_Sarmiento","639100089180","26 - Prepaid","Non-Active","January 26, 2024","Piolo/Jayson Nap 1 Port 6","1,000","Active","Bongato East Bayambang",""
"966","","5500037","XSG1_Pamela_Pilaspilas","639179058325","1 - Prepaid","Non-Active","March 01, 2024","Lester/Dave
 Nap 3/ Port 13","1,000","Active","Purok 2 San Gabriel 1st Baymabang Pangasinan",""
"967","","3000018","XID_Freddie_Jimenez","639489827585","3 - Prepaid","Non-Active","March 02, 2024","VINCE/JEFF
 Nap2/ Port10
 
 04-07-25
 Client send payment together with XID_Bryan_Estrada,
 Gcash reference num# 0027 528 998315
 Total of 2k, 
 1k each for the month of april.
 -Clarisse
 
 ===============
 DC 10/9/2025
 RC 10/10/2025","1,000","Active","Purok 1 Idong Bayambang Pangasinan",""
"968","","7400011","XZ3_Clarence_Verceles","639690110221","4 - Prepaid","Non-Active","March 04, 2024","Jayson/Vince","1,000","Active","Zone 3 Bayambang Pangasinan",""
"969","","242500014","XBW_Reynaldojr_Galsim","639666225976","9 - Prepaid","Non-Active","March 04, 2024","Jayson/Vince
 old dd 4
 august 7 2025 dc 
 august 10 2025 rc
 new dd 7 of the month
 
 ==========
 OLD DD: OCT 7
 DC 10/10/25
 RC: OCT 12
 NEW DD: NOV 09 2025- CLARISSE","1,000","Active","Purok 2 Bongato West Bayambang Pangasinan",""
"970","","5800032","XSC_Sophia_Garcia","639270047872","2 - Prepaid","Non-Active","January 24, 2024","Lester/Pedro Nap 3 Port 12
 
 
 Reconnected OCT 2!!
 GCASH PAYMENT Ref# Ref: 5021397128407
 
 ===============
 DC 10/8/2025
 RC 10/9/2025
 ========
 DC 11/7/25 - Ice
 RC 11/7/25 - Ice","1,000","Active","Purok 2 Sancagulis
 UNPAID JULY
 DC JULY 25,2024
 Reconnected OCT 2!!
 GCASH PAYMENT Ref# Ref: 5021397128407",""
"971","","7400012","XZ3_Jeffrey_Cabrito","639817465112","20 - Prepaid","Non-Active","January 20, 2024","Jayson/Piolo?Edward","1,000","Active","z3 Burgos Street Bayambang
 OK",""
"972","","6900026","XWAR_Janeth_Grospe","639260110424","5 - Prepaid","Non-Active","March 05, 2024","Jeff/Jethro
 Nap 3/Port 14
 
 ===============
 DC 10/9/2025
 RC 10/10/2025","1,000","Active","PUROK 2 WARDING BYB PNG",""
"973","","5800033","XSC_Salvador_Bautista","639122080867","15 - Prepaid","Non-Active","March 05, 2024","Lester/Dave
 Port 11
 ==============
 DC 10/21/25 - Ice
 RC 10/21/25 - Ice
 DC 11/19/25 - Ice
 RC 11/19/25 - Ice","1,000","Active","131 Sancagulis Bayambang Pangasinan
 OK",""
"974","","5500038","XSG1_Clarice_Ramos","639939419939","12 - Prepaid","Non-Active","March 05, 2024","Piolo/ Pedro
 Nap3/Port 6
 
 ===============
 DC 10/9/2025
 RC 10/10/2025
 ===========
 DC 11/14/25 - Ice (Ma'amClarisse)
 RC 11/15/25 - Ice
 -----------------
 12/15- paid at wawa sent by Sir Jhun proof of payment via cash for remit on Saturday
 ===========
 7/01/26 duedate adjusted 7days, old5, new12 -lester","1,000","Active","San Gabriel 1st Bayambang Pangasinan
 OK",""
"975","","5300034","TPU_Cecille_Tabangin","639557802894","5 - Prepaid","Non-Active","March 05, 2024","Nap2 Port14
 11/20 - 8x33 rebates due to typhoon Uwan confirmed by Sr Jhun","1,000","Active","Purok 3 Pugo Bayambang Pangasinan",""
"976","","5800034","XSC_Dianne_Cabaddu1","639208403207","1 - Prepaid","Non-Active","March 06, 2024","edward /Pedro
 Nap 3
 This account is under Client'store. Due date every 6th of the month.-Clarisse
 =============
 OLD DD: OCT 06
 DC: OCT 10
 FOR DELETE OF OCT BILL
 -----------------
 NEW DD:19 APPROVED BY SIR JAY 
 Temp DC 11/6/25 
 ======
 RECONNECTION 05/23/2026
 DC 02/23/2026
 OLD DD 19
 NEW DD 23 - HANS
 =======================
 JULY 30 2026 - 2 UNPAID BILLS - CLARISSE
 ============
 July 31, 2026 - Reconnection 
 New due date 1 - hans","1,000","Active","Sancagulis Bayambang
 OK",""
"977","","6500026","XTA_James_Corpuz","639812885891","22 - Prepaid","Non-Active","January 17, 2024","Jayson/Jeff Nap 3 Port 10
 
 04-28-25- Client send payment via gcash ref #7028 150 728 173 dated april 27
 OLD DD: 17
 DC-APRIL 23
 RC- APRIL 28
 NEW DD- MAY 22 -Clarisse
 
 ============
 DC 11/25/25 - Ice(DC of DD 19 - 22)
 RC 11/25/25 - Ice","1,000","Active","Purok 3 Barangay Tatarac Bayambang",""
"978","","242500015","XBW_Renato_Tamayo","639060852605","28 - Prepaid","Non-Active","January 26, 2024","Piolo/Jayson
 DC MARCH 4 2025
 may 30- Subs requesting to move due date to 30, due to her salary sched, need to settle 1,132 on June 30 included the extension fee.","1,000","Active","Bongato West Bayambang PANGASINAN",""
"979","","6500027","XTA_Michael_Asuncion","639949692501","27 - Prepaid","Non-Active","January 27, 2024","Edward/Piolo Port 2","1,000","Active","Rizal Street Tatarac",""
"980","","1600024","Bical_Elementary_School","639917660754","15 - Prepaid","Non-Active","January 22, 2024","Port 11 Lester/Pedro
 2months
 04-04-25
 Feb & March 2025 billing paid via check.
 Check#0001032383
 -Clarisse
 
 JULY 14 2025- CLIENT REQUESTED TO PAY ON AUGUST DUE TO LACK OF BUDGET (2000) FTM OF JULY AND AUGUST. WITH INVOICE AND SOA
 JULY 28 2025- PAID JULY BILL AMOUNTING 950 CHECK NO: 0001097335
 ====================================================
 AUG 13- PAID VIA CHECK# 001097343 (AMOUNTING 2000 FOR ACTIVATION FEE) AND AUGUST PAYMENT OF THEIR OTHER ACCOUNT.
 
 Bical_Elementary_School-December 22,2026- Due date ( for settle on Friday January 9,2026)
 Bical_Elementary_School- January 15,2026-Unpaid
 Bical_Elementary_School2- Next due date is January 15,2026-Unpaid
 January 5 2026 Client Agreed. via fb page CM Racquel
 
 JANUARY 15 2026- PAID THE 2 ACCOUNTS OF BICAL AS PER SIR LEONARDO DATURN THEY WILL SETTLE THE DECEMBER 22 BILL ON JANUARY 28 2026-CLARISSE","1,000","Active","Atis Street Bical Norte Bayambang",""
"981","","400058","XAMS_Ditas_Villamin","639358684382","25 - Prepaid","Non-Active","January 12, 2024","OK
 Marnold/Jeff Nap 8 Port 12
 ============================
 OLD DD: APRIL 03
 DC-APRIL 10
 CONSUMED 7 DAYS
 ===============================================
 04-21-25- RECEIVED PAYMENT VIA GCASH REF#2027 961 994 888
 NEW DD: MAY 15,2025 -CLARISSE
 ================================================
 5/19/2025-DC
 may 15-old DD
 DC MAY 19 2025
 RC JUNE 9 2025
 NEW DD: JULY 05
 DC/ 8/18/25
 rc Sept 05
 
 
 ===========
 DC 11/14/25 - Ice (Ma'amClarisse)
 ===========
 DC 01/06/2026
 Old DD - Every 2nd of the month
 RC 02/12/2026
 New DD - Every 12 of the month
 Next DD 03/12/2026 - HANS
 ====================
 OLD DD: 12
 DC:16
 RC-MARCH 18 2026
 NEW DD: APRIL 14 2026-CLARISSE
 =====================
 OLD DD: 14
 MAY 26 2026 - RC - NEW DD IS JUNE 22 2026 -CLARISSE
 ========================
 JULY 27 2026
 UPDATE THE DD OF THE CLIENT
 OLD DD: JUNE 22
 DC: JUNE 26
 RC: JUNE 29
 Account Update July 27 2026 - via call
 The new due date is July 25, 2026, with a 4-day grace period ending on July 29, 2026. However, the account was disconnected early on July 26, 2026. As a result, the ISOLIR has been rescheduled to July 31, 2026.
 Upon discussion with Lorenzo Ventura, it was agreed that the grace period for this account will be removed. Moving forward, the due date will be based strictly on the reconnection date.
 The client agreed to this arrangement. - Clarisse via phone conversation
 ================================
 August 26 2026 - Client decide to disconnect the account due to his on the other location,","1,000","Active","Purok 3 Amangcosiling Sur Bayambang",""
"982","","600040","XAM2_Jerry_Amansec","639945659155","14 - Prepaid","Non-Active","January 12, 2024","Marnold/Jeff Nap 5 Port 13
 old dd:12/new dd:14-darz","1,000","Active","Purok 1 Ambayat 2nd Bayambang",""
"983","","6500028","XTA_Marilou_Cajes","639516774709","12 - Prepaid","Non-Active","January 12, 2024","Lester/Pedro Nap 1 Port 4
 
 ==========
 DC 10/17/25 - Ice
 RC 10/17/25 - Ice","1,000","Active","Miguel St. Tatarac Bayambang",""
"984","","240307130829","XBS_Norberto_Asuncion","639154221179","17 - Prepaid","Non-Active","January 17, 2024","Lester/Piolo Nap 1 Port 7
 
 ==========
 DC 10/22/25 - Ice
 RC 10/22/25 - Ice","1,000","Active","Purok 2 Bical Sur Bayambang",""
"985","","6500030","XTA_Jameson_Rabarra","639937148053","11 - Prepaid","Non-Active","March 04, 2024","Pedro/Piolo
 old dd: 4/ adjusted 7 days-darz/ new dd: 11","1,000","Active","Rizal Street Tatarac
 UNPAID SEP
 DC SEP 11
 RECON OCT 14",""
"986","","2900060","DHE_Marites_Mananzan","639123456789","8 - Prepaid","Non-Active","March 08, 2024","","1,000","Active","Purok 4, Hermoza, Bayambang, Pangasinan
 OK",""
"987","","6900027","XWAR_Ronalyn_Andaya","639857580320","15 - Prepaid","Non-Active","March 11, 2024","Dave/Jayson
 Nap 4
 Port 3
 ==============
 DC 11/19/25 - Ice
 RC 11/19/25 - Ice","1,000","Active","Purok 3 Warding",""
"988","","242300012","XBE_Gilbert_Manlongat","639701654103","11 - Prepaid","Non-Active","March 11, 2024","Lester/Pedro
 Port 4
 Nap 6
 reconnected May 27,2024
 ===========================
 5/23/2025-DC
 old dd: may 18- 5 days
 RC-JUNE 13
 NEW DD: JULY 08 2025
 ============
 old dd: OCT 08
 DC 10/14/25 - Ice
 6 DAYS EXCEESD
 RC 10/17/25 - Ice
 NEW DD"" NOV 11 2025 CLARISSE","1,000","Active","Purok 1 Bongato East",""
"989","","5700048","XSV_Daisyca_Omnes","639087034276","12 - Prepaid","Non-Active","March 12, 2024","Piolo/Vince
 Nap 1
 =============
 DC 11/18/25 - Ice
 RC 11/18/25 - Ice","1,000","Active","Purok 1 San Vicente Bayambang",""
"990","","240312153226","XDU_Elsie_Paca","639612101347","12 - Prepaid","Non-Active","March 12, 2024","Piolo/Vince
 Nap 1 port 11
 
 
 ==============
 DC 9/16/2025 - Xpacs
 ===========
 Additional 3 days grace period due to 3 days no connection - hans","1,000","Active","Purok 2 Dusoc Bayambang",""
"991","","7400013","XZ2_Illeanakiny_Galsim","639293741814","12 - Prepaid","Non-Active","March 12, 2024","Lester/Pedro
 Nap-1
 Port-9
 ==============
 DC 9/16/2025 - Xpacs","1,000","Active","Zone 2 Bayambang",""
"992","","3200026","XINI_Melane_Dizon","639107860458","3 - Prepaid","Non-Active","March 13, 2024","Edward/Pedro
 Nap 8
 Port 5""
 
 =============
 DC 11/18/25 - Ice
 11/7 no connection 9 DAYS NO CONNECTION
 11/25 restored
 NEW DD DEC 3 DELETE NOV BILL","1,000","Active","Purok 3 Inirangan",""
"993","","2400022","XCA_Joel_Lauson","639561003640","14 - Prepaid","Non-Active","March 14, 2024","Pedro/Edward
 Port 7/ Nap 7
 =============
 DC 11/18/25 - Ice
 RC 11/18/25 - Ice","1,000","Active","Carungay Bayambang",""
"994","","240316082452","XBS_Lolita_Picar","639999773211","15 - Prepaid","Non-Active","March 15, 2024","Lester/Dave
 Port 14
 Nap5
 ==============
 DC 10/21/25 - Ice
 
 RC 10/21/25 - Ice","1,000","Active","Purok 1 Bical Sur",""
"995","","5400019","XRE_Camilo_Rosales","639811703865","14 - Prepaid","Non-Active","March 20, 2024","Piolo/Jayson
 Nap2
 Port 14
 DC MARCH 13 2025 ALDRIN
 04-15-25- RC RECEIVED PAYMENT VIA GCASH REF#6027 789 936 486 APRIL PAYMENT -CLARISSE
 
 
 DC 9/8/2025 ICE
 ==============
 DC 10/23/25 - Ice
 RC 10/28/25 - Ice
 ============
 OLD DD=20
 DC 11/25/25 - Ice
 RC 12/9/25 - Ice
 NEW DD"" JAN 4
 ===========
 OLD 4
 RC - FEB 10 2026
 NEW DD: MARCH 10 2026-CLARISSE
 =========================
 OLD DD-10
 RC- JUNE 16 2026
 NEXT DD: JULY 12 2026-CLARISSE
 ==========
 September 18, 2026 LATE PAYMENT
 old dd 12
 new dd 14 - hans","1,000","Active","Reynado Bayambang",""
"996","","5300035","TPU_Lizel_Junio","639666695759","20 - Prepaid","Non-Active","March 20, 2024","Port 12/ Nap 7
 Dave/Jojo","1,000","Active","Purok 2 Pogo Bayambang",""
"997","","6900029","XWAR_Marites_Kawasaki","639604020531","27 - Prepaid","Non-Active","March 21, 2024","Pedro/Edward
 Nap 3
 Port 6
 ==============
 old DD 21
 DC 10/24/25 - Ice
 3 days consumed 
 RC 10/30/25
 New DD 11/27
 RC 10/30/25 - Ice","1,000","Active","Purok 2 Brgy Warding Bayambang Pangasinan",""
"998","","4900055","XPA_Susan_Petuya","639384369035","6 - Prepaid","Non-Active","March 23, 2024","nap 8
 port 13
 edward
 making
 lester","1,000","Active","PUROK 2 PANGDEL BYB PNG",""
"999","","240326133132","XBS_Ma.Teresa_Sebastian","639464095809","14 - Prepaid","Non-Active","March 26, 2024","Lester/Dave
 Nap5 
 Port 15
 ==========
 DC 10/29/25 - Ice
 RC 10/29/25 - Ice
 OLD DD: 26 (05/28/26= 3 DAYS NO INTERNET/ NEW DD:   3   -DARZ)
 ==========
 Sept 14 2026
 OLD DD- SEPT 3 2026
 DC- SEPT 7 2026
 RC- SEPT 14 2026
 NEXT DD: OCT 14 2026 -CLARISSE","1,000","Active","Purok 1 Bical Sur",""
"1000","","2400023","XCA_Glandie_Ragasa","639301198404","26 - Prepaid","Non-Active","March 26, 2024","OK
 Nap 1 
 Port 12
 Edward/Pedro","1,000","Active","Purok 6 Carungay",""