"No","","Account No","Name","Phone","Due Date - Payment Type","Tax","Register Date","Remark","Bill / Month","Status","Address","Action"
"2001","","1744085022","MSN_Vermely_Cabico","639709370864","8 - Prepaid","Non-Active","April 08, 2025","PORT: 5","1,000","Active","Zone 2 Aguinaldo st Alcala Pangasinann",""
"2002","","1744094459","MCAN_Maricel_Soriano","639533484614","8 - Prepaid","Non-Active","April 08, 2025","PORT: 2","1,000","Active","50 Arboleda st canarvacanan Alcala Pangasinann",""
"2003","","1744095451","XZ6_Kurtjohn_Datuin","639384939161","19 - Prepaid","Non-Active","April 08, 2025","Port 4
 Making/Piolo/Bartolo
 ==========
 Additional 3 days grace period - hans","799","Active","Zone 6 bayambang Pangasinan
 OK",""
"2004","","1744099959","TNS_Albert_Ramos","639265133394","23 - Prepaid","Non-Active","April 08, 2025","PORT: 3","1,000","Active","Nibaliw Sur, Bautista, Pangasinan",""
"2005","","1744100844","MSPI_MayCruz_Medrano","639469841597","8 - Prepaid","Non-Active","April 08, 2025","PORT: 10","799","Active","375 espiritu st san pedro alcala pang",""
"2006","","1744106112","XBUA_Darlene_Mangandi","639218140524","27 - Prepaid","Non-Active","April 08, 2025","PORT 3
 ===================
 old due date 8-  2 days
 dc june 10 2025
 rc june 27 2025
 New DD: June 25 2025
 JULY 30 2025 DC ALDRIN
 ==============
 RC 11/22/25 - Ice
 =============","1,000","Active","Purok 1 Buayaen Bayambang Pangasinan",""
"2007","","5300054","TPU_Marvin_Torres","639924951481","8 - Prepaid","Non-Active","April 08, 2025","Brgy hall pugo SN- ZTEGCEB061BE
 201-4BYB65LCP1NP3P13
 Jerome /Mierjohn
 PORT: 13","1,000","Active","Purok 2 Pugo Bbang Pangasinan",""
"2008","","1744182966","MSN_Cliffanny_Bughaw2","639688542456","9 - Prepaid","Non-Active","April 09, 2025","PORT: 6","1,000","Active","Aguinaldo st san nicolas alcala pang",""
"2009","","1744251951","XRE_JohnRussel_Castro","639957819744","10 - Prepaid","Non-Active","April 10, 2025","port: 11
 nap: 5
 lcp: 1
 TECH: PIOLO/GILBERT","1,000","Active","Purok 5 Reynado bayambang Pangasinann",""
"2010","","1744256681","XTA_Shirley_Dumlao","639303700086","11 - Prepaid","Non-Active","April 10, 2025","PORT: 15
 NAP: 3
 LCP: 1
 TECH: CHARLIE/DANIEL-LEE
 =========================
 OLD DD: 10
 DC:19
 RC PAID VIA GCASH: 21
 NEW DD: 12
 RC 10-11-25
 
 
 =============
 OLD DD:12
 DC 11/18/25 - Ice
 RC 11/22//2025
 NEW DD: 16
 =============
 DC 12/20/25
 RC 02/21/26
 OLD DD 16
 NEW DD 17
 NEXT DD 02/17/2026 -HANS
 =========
 AUGUST 11, 2026 RECONNECTION
 OLD DD 17
 NEW DD 11 - HANS","1,000","Active","Dalmacio purok 1 Tatarac Bayambang Pangasinan",""
"2011","","1744264923","XBE_James_Bancruz","639073923038","10 - Prepaid","Non-Active","April 10, 2025","PORT: 6
 NAP: 1
 LCP: 1
 TECH: MAKING/ PAPA DONG","1,000","Active","Purok 2 Bongato East Bayambang Pangasinan 
 OK",""
"2012","","1744267947","MPE_Filomeno_Deguzman2","639667016598","10 - Prepaid","Non-Active","April 10, 2025","PORT: 16
 2nd account of Filimeno De Guzman III
 
 
 
 ===========
 DC 11/12/25 Marben rqst","1,000","Active","234 Gunston st Poblacion east Alcala Pangasinann",""
"2013","","1744271907","XDA_Jessica_Mapacpac","639066305312","17 - Prepaid","Non-Active","April 10, 2025","PORT: 2
 TECH: JOJO/LITO
 old dd:10
 nov 10 paid but no connection for repair
 nov 17 repaires
 new dd: 17 due to 7 days of no connection
 new dd:17","1,000","Active","Tanggal purok2 Darawey bayambang panggasinan
 OK",""
"2014","","1744334984","TDA_Rosa_Ugaban","639770580328","11 - Prepaid","Non-Active","April 11, 2025","PORT: 3
 TECH: CHARLIE / PIOLO","1,000","Active","Purok 2 Darawey Bayambang Pangasinan",""
"2015","","1744341383","MSPA_Angelica_Achazo","639074402814","11 - Prepaid","Non-Active","April 11, 2025","PORT: 1","799","Active","Purok 5 sanpedro apartado Alcala Pangasinann",""
"2016","","1744595605","TDA_Kristina_Mangrobang","639563313928","14 - Prepaid","Non-Active","April 14, 2025","PORT: 4
 AGENTY: JHUN TORRES","1,000","Active","Purok 2 Darawey Bbang Pangasinan",""
"2017","","1744596010","TDA_Maria_Lawig","639668092082","14 - Prepaid","Non-Active","April 14, 2025","PORT: 5
 AGENT: JHUN TORRES","1,000","Active","Purok 2 Darawey Bbang Pangasinan",""
"2018","","1744599509","DHE_Frances_Obenza","639296154054","14 - Prepaid","Non-Active","April 14, 2025","PORT: 6
 NAP: 7
 LCP: 1
 AGENT: DANTE ALONZO","1,000","Active","Purok 3, Hermoza Bayambang Pangasinan",""
"2019","","1744600843","XSG2_Rowena_Campos","639260083057","18 - Prepaid","Non-Active","April 14, 2025","PORT: 5
 TECH: MARK FREDDIE / MAKING
 =============
 old dd:14
 DC 11/18/25 - Ice
 rc= 11/22/2025
 new dd: 18","1,000","Active","Purok 1 San Gabriel 2nd Bayambang Pangasinan",""
"2020","","1744612181","DMA_Bryan_Sevilla","639392668903","14 - Prepaid","Non-Active","April 14, 2025","PORT: 15
 NAP: 6
 LCP: 1
 AGENT: DANTE ALONZO","1,000","Active","Purok 5,  Malaioer Bayambang Pangasinan
 OK",""
"2021","","1744614013","TSV_Isabelita_Sison","6395131050955","14 - Prepaid","Non-Active","April 14, 2025","OK
 PORT: 2
 NAP: 1
 LCP: 1 
 AGENT: JHUN TORRES","1,000","Active","Purok 1 Kapabtulan SanVicente Bbang Pangasinan",""
"2022","","1744615841","XAMS_Ofelia_Devera","639265233123","28 - Prepaid","Non-Active","April 14, 2025","PORT: 5
 TECH: DANIEL LEE / CHARLIE
 =====================
 new dd: aug 27 2025
 ==========
 DC 10/30/25 - Ice
 RC 10/30/25 - Ice
 ======
 additional 3 days due date adjustment - hans
 dc: aug.1/rc: aug.3-darz /new dd: 5","1,000","Active","Purok V Amancosiling Sur Bayambang Pangasinan
 Alternative Contact number: 09278432200 Husband of the Client (Sir Roberto)",""
"2023","","1744683697","XSA_Sophiakhylle_Lanzuela","639465983941","15 - Prepaid","Non-Active","April 15, 2025","LCP1NP6P1 / TECH: FREDDIE / JEFF
 ==============","799","Active","Centro 5 Sanlibo Bayambang Pangasinan",""
"2024","","1744685799","MLAO_Elysa_Andres","639663515597","15 - Prepaid","Non-Active","April 15, 2025","PORT: 7","1,000","Active","Zone 1aoac east alcala pang",""
"2025","","1744695314","MPINE_Michelle_Galleno","63969639475","15 - Prepaid","Non-Active","April 15, 2025","PORT: 1","1,000","Active","Zone 6 pindangan centro alcala pangasinan",""
"2026","","1744723993","MSJC_DanRafael_Quadra","639703301569","3 - Prepaid","Non-Active","April 15, 2025","PORT: 3
 april 10 2026
 old dd: 9
 Delete Jan- March 2026 bill for recon
 RC: April 10 2026
 New DD: May 10,2026
 -clarisse
 reconnected april 12-darz/ DD:12
 ============
 JULY 3 2026 - RECONNECTION
 NEW DUE DATE EVERY FIRST OF THE MONTH - HANS","799","Active","Burgos St. San Juan, Alcala, Pangsinan
 OK",""
"2027","","1744773441","MPE_Xander_Labrera","639930726685","20 - Prepaid","Non-Active","April 16, 2025","PORT: 4
 OLD DD: JUNE 16 
 June 19 2025 DC
 JULY 30 2025 RC / NEW DD AUG 27
 OLD DD 27
 DEC 3 DC
 rc dec 28 2025
 NEW DD: 20","799","Active","Zone 6 funston st poblacion east alcala pang",""
"2028","","1744774105","DCA_Christopher_Rosales","639664357295","28 - Prepaid","Non-Active","April 16, 2025","PORT: 6
 NAP: 5
 LCP: 2
 TECH: CHARLIE X DARWIN
 ============================================
 NEW DD: 28 PLUS 4 DAYS-CLARISSE","1,000","Active","Purok 4, Carungay Bayambang Pangasinan",""
"2029","","1744775012","XDP_Antonio_Mabelin","639273268129","21 - Prepaid","Non-Active","April 16, 2025","PORT: 12
 LCP: 1
 TECH: MAKING X DANIEL
 DC 11/19/25 - Ice
 RC 11/20/25 - Ice
 new dd dec 17 2025
 ============
 DC 05/21/2026
 RC 05/30/2026
 OLD DD 17
 NEW DD 28
 =========
 July 21, 2026 - Reconnection - hans","1,000","Active","(Near Barangay hall )Uptown Motorshop M.H Del Pilar Bayambang Pangasinan",""
"2030","","1744776349","XPAR_Rinabel_Bautista","639050366787","16 - Prepaid","Non-Active","April 16, 2025","OK
 PORT: 10
 NAP: 8
 LCP: 1
 TECH: PIOLO X JEROME 
 ==============
 
 DC 11/19/25 - Ice
 RC 11/19/25 - Ice","1,000","Active","Purok 2, Paragos, Bayambang, Pangasinan",""
"2031","","1744782983","MSN_Angela_Villanueva","639293387794","16 - Prepaid","Non-Active","April 16, 2025","OK
 PORT: 6
 RC 10/27/25 - Ice (Marben rec rqst)","1,000","Active","Zone 2 Castañeda st san nicolas alcala pang",""
"2032","","1744793324","XAMN_Anecita_Prado","639460226242","16 - Prepaid","Non-Active","April 16, 2025","PORT: 15
 NAP: 8
 LCP: 1
 TECH: MAKING X DANIEL","1,000","Active","125 Purok 4 Amangcosiling Norte Bayambang Pangasinan",""
"2033","","1745198690","DHE_Roxane_Ronquillo","639120384775","30 - Prepaid","Non-Active","April 21, 2025","PORT: 5
 OLD DD 21 NEW DD 30","1,000","Active","Purok 3 Hermoza Bayambang Pangasinan",""
"2034","","1745202728","MSV_Ryan_Adalem","639971683621","21 - Prepaid","Non-Active","April 21, 2025","PORT: 3","700","Active","Jamboree st San Vicente Alcala Pangasinann",""
"2035","","1745204269","DHE_Johnrobert_Felix","639091364702","21 - Prepaid","Non-Active","April 21, 2025","PORT: 16
 NAP: 7
 LCP: 1","1,000","Active","Purok 3, Hermoza Bayambang Pangasinan",""
"2036","","1745218956","MSV_JoseMari_Larioza","63953251417","21 - Prepaid","Non-Active","April 21, 2025","PORT: 6","700","Active","373 Rizal St San Vicente Alcala Pangasinann",""
"2037","","1745227324","MPE_Michael_Santos","639199959680","21 - Prepaid","Non-Active","April 21, 2025","PORT: 8","700","Active","166 tadeo Poblacion east Alcala Pangasinann",""
"2038","","1745284813","MSTP_Rodelio_Motea","639266102138","11 - Prepaid","Non-Active","April 22, 2025","PORT: 1
 OLD DD-25
 DC-26
 RC-MARCH 11
 NEW DD: APRIL 11 2026-CLARISSE","1,000","Active","Zone 2 80 sto domingo santo tomas pangasinan",""
"2039","","1745293493","MLAO_Rolando_Aquino","639456181554","4 - Prepaid","Non-Active","April 22, 2025","PORT: 5
 
 MAY 26- AGENT REQUESTED TO DC CLIENTS ACCOUNT 
 OL DD:  22
 MAY 26 2025 DC
 MAY 28 2025 RC
 NEW DD: JUNE  24
 ==========================
 JULY 10 2026
 OLD DD: JUNE 24
 DC: JULY 3
 RC: JULY 10 2026
 NEXT DD: AUGUST 1 2026-CLARISSE","1,000","Active","Velo st zone 1 laoac east alcala pang",""
"2040","","1745305097","MSN_Orlando_Pinto","639165272850","15 - Prepaid","Non-Active","April 22, 2025","NapBox: n/a
 LCP: n/a
 Port: 3
 Technicians: Jeff/Renz","799","Active","86 castañeda st san nicolas alcala pangasinan",""
"2041","","1745306476","DPA_Liza_Carino","6391652729286","22 - Prepaid","Non-Active","April 22, 2025","PORT: 8","1,000","Active","Purok 2, Pangdel Bayambang Pangasinan",""
"2042","","1745308117","XCAC_Louie_Ricare","639456830430","22 - Prepaid","Non-Active","April 22, 2025","PORT: 7
 TECH: JEROME/ BARTULO","1,000","Active","Purok 4, Cacandongan, Bautista, Pangasinan",""
"2043","","1745309723","DDA_Evelyn_Caspillo","639166434919","22 - Prepaid","Non-Active","April 22, 2025","PORT: 8","1,000","Active","Purok 3, Darawey Bayambang Pangasinan",""
"2044","","1745376322","MSV_Juvelyn_Bautista","639127392469","25 - Prepaid","Non-Active","April 23, 2025","PORT: 9","800","Active","Zone 3 tagama st san vicente alcala pang",""
"2045","","1745394770","XAMS_Marnel_Portacio","639633327905","28 - Prepaid","Non-Active","April 23, 2025","PORT: 4
 
 OLD  DD: MAY 23 MOVED TO MAY 28  REQUESTED BY SIR JAY
 NEW DD: MAY 29 DUE TO FIBER BREAK LAST APRIL 26 2026-CLARISSE","1,000","Active","Purok 2, Amancosiling Sur Bayambang Pangasinan",""
"2046","","1745402353","XAM1_Nichelle_Delavega","639810144563","23 - Prepaid","Non-Active","April 23, 2025","","1,000","Active","Purok 3 Ambayat 1st Bayambang Pangasinan",""
"2047","","1745460996","XTAM_Johnmelvin_Martinez","639518899743","24 - Prepaid","Non-Active","April 24, 2025","PORT: 1
 TECH: JOHAN / LITO","1,500","Active","Purok 1,tampog, bayambang, pangasinan",""
"2048","","1745462062","MSPI_Jouie_Figuracion","639069261696","10 - Prepaid","Non-Active","April 24, 2025","DC 03/09/2026
 RC 03/014/2026
 OLD DD 28
 NEW DD 10
 NEXT DD 04/10/2026 - HANS","1,000","Active","Arboleda st san pedro ili alcala pang",""
"2049","","1745465781","XTE_Marilyn_Aguirre","639127405570","24 - Prepaid","Non-Active","April 24, 2025","PORT: 13
 NAP: 5
 LCP: 1
 TECH: DANIEL LEE/ JEROME","1,000","Active","Purok 5, Telbang, Bayambang, Pangasinan",""
"2050","","1745470663","MANU_Reynaldo_Manzano","639126868442","28 - Prepaid","Non-Active","April 24, 2025","PORT: 6
 ============
 DC 11/28/25 - Ice Marben rqst
 FEB 2 2026- CLIENT PAID WRONG BILL AT THE SYSTEM-CLARISSE
 ==========================
 MARCH 14 2026- RC
 OLD DD:  26
 DC: MARCH 7 9 DAYS EXCEED
 NEW DD: APRIL 05 2026-CLARISSE
 ----------------------------
 OLD DD APRIL 5
 RC APRIL 28
 NEW DD"" MAY 24 2026-CLARISSE
 ============
 Old DD 24
 new due date 28 - hans","799","Active","Zone 5 anulid alcalq pangasinan",""
"2051","","1745545563","DBS_Dalmacio_Benitez","639912339881","25 - Prepaid","Non-Active","April 25, 2025","Nap 1 Port 11","1,000","Active","Purok e, Bical Sur Bayambang Pangasinan",""
"2052","","1745547224","XMP_Aileen_Flores","639457718632","5 - Prepaid","Active","April 25, 2025","PORT: 12
 LCP: 1
 TECH: PIOLO / LITO
 
 
 ============
 DC 11/28/25 - Ice (DD of 25)
 old dd- 25
 rc-12/15
 new dd""  January 13,2026- for delete of December bill since its reconnection , client got DC last December 25 2025 
 need to applied the changes client new DD is February 09 2026 for delete of December and January bill as compensation for early DC adjusted 19 days.-Clarisse
 =========
 4/17/26 Done Pullout modem/Unplugged sc nap port12 -making/Marvin
 ============================================
 June 05 2026- RC DATE
 OLD DD:12
 DELETE FEB-MAY 2026 TO RECON- CLARISSE","1,000","Active","Purok 2 manambong parte",""
"2053","","1745552079","XMP_Dionicia_Junio","639301382625","8 - Prepaid","Non-Active","April 25, 2025","OK
 PORT: 11
 LCP: 1
 TECH: PIOLO / LITO
 ==========
 old dd 25
 DC 10/28/25 - Ice
 3 days consumed
 RC 11/11
 New DD 12/8
 For delete Nov. Bill-EJ","1,000","Active","Purok 2 manambong parte",""
"2054","","1745564745","XBUA_Lina_Ruatores","639071065595","28 - Prepaid","Non-Active","April 25, 2025","PORT: 11
 NAP: 4
 LCP: 1
 TECH: PIOLO / LITO
 
 ============
 DC 11/28/25 - Ice (DD of 25)
 DC: DEC.25,2025 
 RC: DEC.30,2025
 NEW DD: JAN.30-CHANGED TO 28-DARZ","1,000","Active","Purok 5 Buayaen B.Bang Pangasinan",""
"2055","","1745565553","XDU_Rhoel_Buslon","639121003680","28 - Prepaid","Non-Active","April 25, 2025","PORT: 5
 
 
 ============
 DC 11/28/25 - Ice (DD of 25)
 dc:29/rc:1/new dd:28-darz","1,000","Active","Purok 5 Dusoc Bayambang Pangasinan",""
"2056","","1745629242","DCA_Anita_Delapena","639228306008","26 - Prepaid","Non-Active","April 26, 2025","PORT: 15
 NAP: 8
 LCP: 2","1,500","Active","Purok 6, Carungay Bayambang Pangasinan",""
"2057","","1745651925","XTE_Lilibeth_Batoon","639998532419","28 - Prepaid","Non-Active","April 26, 2025","PORT: 11
 NAP: 6
 LCP: 1
 TECH: PIOLO / LITO
 ==========
 DC 10/29/25 - Ice
 RC 10/29/25 - Ice
 =======
 3 days due date adjustment - hans","1,000","Active","55 Telbang purok 1",""
"2058","","1745658652","XCS_Bella_Cuero","639703269835","16 - Prepaid","Non-Active","April 26, 2025","PORT: 7 NAP: 7 LCP: 1 TECH: DANIEL LEE/ JEROME
 Reconection ; JAN 5 2026
 old dd:5 new dd:16 -darz","1,000","Active","Kamanggahan, Cadre Site, Bayambang, Pangasinan",""
"2059","","1745832804","TAM1_Rhea_Manalang","639924265716","11 - Prepaid","Non-Active","April 28, 2025","port: 9
 lcp: 1
 ========
 May 28, 2026
 As per sir jhun, magpapadisconnect si client at hindi na icoconsume yung grace period para hindi na ibawas sa nect reconnection
 ===============
 June 11 2026
 OLD DD:28
 NEW DD: 11-CLARISSE","1,000","Active","Amabayat 1st, Manalang Compund, Bbang Pangasinan",""
"2060","","1745832852","TDA_Zosima_Menor","639674662066","28 - Prepaid","Non-Active","April 28, 2025","port: 9
 lcp: 1","1,000","Active","PUROK 1 , Tanggal Darawey Bayambang Pangasinan",""
"2061","","1745892248","XPA_Rany_Laza","639927080630","28 - Prepaid","Non-Active","April 29, 2025","port: 6
 tech: piolo / lito
 
 
 
 
 
 
 
 DD:29 CHANGED TO 28-DARZ","1,000","Active","Purok 2 pangdel B.Bang Pangasinan",""
"2062","","1745897797","MLAO_Jessie_Embuedo","639536937595","28 - Prepaid","Non-Active","April 29, 2025","port: 5
 
 
 
 
 
 
 
 
 DD:29 CHANGED TO 28-DARZ","799","Active","Zone 6 bacolor st laoac east alcala pangasinan",""
"2063","","1745910549","MCAN_Veronica_Carbonell","639481714112","28 - Prepaid","Non-Active","April 29, 2025","port: 5
 
 
 
 
 
 
 
 
 DD:29 CHANGED TO 28-DARZ","799","Active","Funston st zone canarvacanan alcala pangasinan",""
"2064","","1745977000","MSV_Ryan_Catedrilla","639162181404","28 - Prepaid","Non-Active","April 30, 2025","port: 2
 tech: MARBEN
 
 DD:30 CHANGED TO 28-DARZ
 =========
 July 18, 2026 - Reconnection
 new due date 18 - hans","799","Active","Zone 5 san vicente alcala pang",""
"2065","","1745983487","MLAO_MaryGrace_Andres","639955334573","28 - Prepaid","Non-Active","April 30, 2025","PORT: 5
 TECH: MARBEN
 
 
 
 
 
 
 
 DD:30 CHANGED TO 28-DARZ","1,500","Active","ZONE 2, LAOAC EAST, ALCALA PANGASINAN",""
"2066","","1745995212","MSPI_Jonalyn_Malibiran","639457410116","28 - Prepaid","Non-Active","April 30, 2025","PORT: 2
 TECH: MARBEN
 
 
 
 
 
 
 
 DD:30 CHANGED TO 28-DARZ","799","Active","Asuncion st san pedro ili alcala pang",""
"2067","","1745997180","XBUA_Ofelia_Catabona","639859522641","28 - Prepaid","Non-Active","April 30, 2025","PORT: 5
 TECH: JOHANSEN/ MIER JOHN
 DD:30 CHANGED TO 28-DARZ
 ===========
 May 29, 2026 - Downtime
 OLD DD - 28
 NEW DD - Still 28 pa din kasi bawal bawal lumagpas ang due date sa 28, pero dinagdagan ang grace period
 2 days no Connection - hans","1,000","Active","391,palacpac st, buyaen, bayambang Pangasinan",""
"2068","","1745997547","XPE_Catherine_Rosario","639389365889","2 - Prepaid","Non-Active","April 30, 2025","PORT: 2
 TECH: JEROME/ JEFF
 DD:30 CHANGED TO 28-DARZ
 old dd:28/reconnection/new dd: 2","799","Active","Poblacion East, Bautista, Pangasinan",""
"2069","","1746000435","MSPI_Dominador_Sibayan","639238184104","28 - Prepaid","Non-Active","April 30, 2025","PORT: 5
 TECH: MARBEN
 
 
 
 
 
 
 
 DD:30 CHANGED TO 28-DARZ","1,000","Active","DIamond san pedro DMLY alcala pangasinan",""
"2070","","1746000911","XBUA_Benjamin_Limson","639093095830","28 - Prepaid","Non-Active","April 30, 2025","PORT: 6
 TECH: JOHANSEN/ MIER JOHN
 
 
 
 
 
 
 
 DD:30 CHANGED TO 28-DARZ","1,000","Active","Purok 7 buayaen bayambang pang.",""
"2071","","1746004210","XPAL_April_Fille","639486809571","28 - Prepaid","Non-Active","April 30, 2025","PORT: 2
 TECH: DANIEL LEE/ BOSS DONG
 PAYMENT: GCASH
 
 
 
 
 
 
 DD:30 CHANGED TO 28-DARZ","1,000","Active","Zone 5 Palisoc Bautista Pangasinan",""
"2072","","1746153390","TZ1_Rasad_Imam","639638506827","2 - Prepaid","Non-Active","May 02, 2025","PORT: 7
 LCP: 1
 TECH: JHUN TORRES","1,000","Active","Zone 1 Public Market Bbang Pangasinan",""
"2073","","1746154739","MPW_Chris_Tagulao","639859758234","2 - Prepaid","Non-Active","May 02, 2025","OK
 PORT: 3
 
 old dd 2
 June 3 2025 dc
 June 13 2025 rc","1,000","Active","Malone st pob east alcala pangasinan",""
"2074","","1746158477","XSA_Milagros_Sotto","639321537809","2 - Prepaid","Non-Active","May 02, 2025","PORT: 5
 NAP: 8
 LCP: 1
 TECH: MAKING/ FREDDIE
 ===============
 July 12- reported via txt message no connection  issue. line up for job order.","1,000","Active","Purok 7 Sanlibo Bayambang Pangasinan",""
"2075","","1746163890","TSV_Marites_Siojo","639956457924","2 - Prepaid","Non-Active","May 02, 2025","PORT: 2
 NAP: 8
 LCP: 1
 TECH: JHUN TORRES","1,000","Active","Purok 4, SanVicente Bbang Pangasinan Espiritu Comp.",""
"2076","","1746165792","MSV_Jeremiah_Pirmejo","639479737552","2 - Prepaid","Non-Active","May 02, 2025","PORT: 10","1,000","Active","Zone 3 San vicente Alcala pangasinan",""
"2077","","1746177234","XAMS_Nelda_Ferrer","639152817532","2 - Prepaid","Non-Active","May 02, 2025","PORT: 4
 NAP: 2
 LCP: 1
 TECH: DANIEL LEE/ BOS DONG
 ==========
 DC 11/3/25 - Ice","1,000","Active","Gomez street Amangcosiling Sur",""
"2078","","1746244543","XBUA_Ailene_Ventura","639634388521","3 - Prepaid","Non-Active","May 03, 2025","PORT: 5
 NAP: 3
 LCP: 1
 TECH: DANIEL LEE / BOSS DONG
 =========================
 AUG 15 - PAID VIA CASH
 
 ===============
 DC 10/9/2025
 RC 10/10/2025
 ========
 DC 11/7/25 - Ice","1,000","Active","Purok 3 sakbit street Buayaen Bayambang Pangasinan",""
"2079","","1746252035","XBS_Cindy_Laza","639608560120","5 - Prepaid","Non-Active","May 03, 2025","PORT: 13
 =====================
 August 13 2026 
 old dd: 3
 NEW DD: SEPT 5 2026 DUE TO 2 DAYS NO CONNECTION -CLARISSE","1,000","Active","Purok 2 bical sur bayambang pangasinan
 OK",""
"2080","","1746255401","XBE_Andres_Magtaan","639166434844","3 - Prepaid","Non-Active","May 03, 2025","PORT: 2
 NAP: 2
 LCP: 1
 TECH: JOHAN/ MIER JOHN","1,000","Active","162 bongato east,bayambang pangasinan",""
"2081","","1746256488","MPINE_Mark_Ramay","639279411452","3 - Prepaid","Non-Active","May 03, 2025","PORT: 1","1,000","Active","75 national road pindangan west alcala pangasinan",""
"2082","","1746258621","DINI_Marcy_Peralta","639158792501","3 - Prepaid","Non-Active","May 03, 2025","PORT: 10
 LCP: 1","1,000","Active","Purok 1, Inirangan Bayambang Pangasinan",""
"2083","","1746260814","MPINE_Noilan_Magsanoc","639923057348","20 - Prepaid","Non-Active","May 03, 2025","PORT: 2
 old dd: 3
 dc:12
 RC: Jan 23 2026 LESS 9 DAYS
 New DD: 14
 Next DD: fEB 14 2026-Clarisse
 ========
 new dd 20
 next dd August 20, 2026 - hans","1,000","Active","Laboan 1 zone 6 pindangan alcala pangsinan",""
"2084","","1746261464","XDU_Myra_Asuncion","639305484225","10 - Prepaid","Non-Active","May 03, 2025","PORT: 4
 NAP: 5
 LCP: 1
 TECH: DANIEL LEE/ BOSS DONG
 update coordinates 12/11/25
 =========
 7/2/26 Duedate Adjusted 7days, old3, new 10 -lester","799","Active","Purok 7 Dusoc Bayambang Pangasinan
 OK",""
"2085","","1746262287","MSPA_Arian_Lapitan","639300202708","3 - Prepaid","Non-Active","May 03, 2025","PORT: 4","799","Active","Purok 2a san pedro apartado alcala pang",""
"2086","","1746265878","XBUA_Myrna_Justo","639107448570","3 - Prepaid","Non-Active","May 03, 2025","PORT: 9
 NAP: 5
 LCP: 1
 
 TECH: DANIEL LEE/ BOSS DONG","1,000","Active","Purok 6 Buayaen Bayambang Pangasinan",""
"2087","","1746289710","XTAM_Jovelyn_Macaraeg","639519923882","14 - Prepaid","Non-Active","May 04, 2025","PORT:16
 NAP: 5
 LCP: 1
 ========
 DC 11/7/25 - Ice
 RC 11/8/25 - Ice
 old dd 3 ADDITIONAL 4 DAYS OF NO CONNECTION LAST NOV 10-13
 NEW DD"" DEC 7 2025
 =======
 DC 02/11/2026
 RC 02/18/2026
 OLD DD 7
 NEW DD 14
 NEX DD 04/14/2026 - HANs","1,000","Active","Purok 6 Tampog   Bayambang. pangasinan
 OK",""
"2088","","1747103638","XTE_Rowel_Juanich","639924099657","8 - Prepaid","Non-Active","May 13, 2025","OK
 LCP: 1
 NAP: 5
 PORT: 14
 TECH: BOSS DONG/ CHARLIE
 JULY 16 2025 DC ALDRIN
 JULY 28 2025 RC ALDRIN / NEW DD 25
 
 
 ============
 DC 11/28/25 - Ice (DD of 25)
 ===================
 RC DEC 23 2025 NEW DD 23
 ===========
 DC 04/27/2026
 RC 05/05/2026
 OLD DD 23
 NEW DD 1
 NEXT DD 06/01/2026 - HANS
 ADJUSTED 7 DAYS-DARZ NEW DD:8","1,000","Active","Purok 5 telbang bayambang pangasinan",""
"2089","","1747112321","XAMS_Darwin_Benitez","639124675613","22 - Prepaid","Non-Active","May 13, 2025","PORT: 6
 TECH: BOSS DONG/ CHARLIE
 =============
 DC 11/18/25 - Ice
 ==========
 OLD DD: JAN 13
 DC:17
 RC: JAN 19
 NEW DD: FEB 15-CLARISSE
 ==========
 old dd: 15/ new dd: 22-darz","1,000","Active","Purok 5 Amancosiling sur bahambangbpangasinan
 OK",""
"2090","","1747133526","MLAO_Margie_Mendoza","639560672911","13 - Prepaid","Non-Active","May 13, 2025","port: 4
 Marben","799","Active","Zone 1 laoac east alcala pangasinan",""
"2091","","1747190320","MSPI_Mario_Tomada","639273581541","14 - Prepaid","Non-Active","May 14, 2025","port: 11","1,000","Active","DMLV SUBDIVISION SAN PEDRO ILI ALCALA PANGASINAN",""
"2092","","1747211829","MSPI_Raymond_Velasco","639760288309","14 - Prepaid","Non-Active","May 14, 2025","port: 6","799","Active","229 arboleda st san pedro ili alcala pangasinane",""
"2093","","1747273754","MLAO_Emilleana_Sales","639560810996","15 - Prepaid","Non-Active","May 15, 2025","PORT: 3","1,000","Active","Zone 2 Laoac east alcala pangasinan",""
"2094","","1747274618","MLAO_Rodinia_Pablo","639977108119","15 - Prepaid","Non-Active","May 15, 2025","PORT: 5","1,000","Active","173 velo st laoac east alcala pangasinan",""
"2095","","1747277653","MPE_Elvira_Liberato","639095217142","15 - Prepaid","Non-Active","May 15, 2025","OK
 PORT: 16","800","Active","148 Soriano st pob east alcala pangasinan 15.845090, 120.523456",""
"2096","","1747278352","DPA_Bhoi_Viernes","639635928281","15 - Prepaid","Non-Active","May 15, 2025","PORT: ?","1,500","Active","Purok 1, Pangdel Bayambang Pangasinan",""
"2097","","1747278788","LGU_Bayambang_ViceMayors_Office","639151423232","15 - Prepaid","Non-Active","May 15, 2025","PORT: 5
 TECH: CHARLIE/LESTER","1,000","Active","Roxas  Zone 2 Bayambang panagsinana",""
"2098","","1747291830","DPA_Ernesto_Polintan","639554039228","15 - Prepaid","Non-Active","May 15, 2025","PORT: 6","1,000","Active","Purok 1, Bayambang Pangasinan",""
"2099","","1747292459","MCAN_Juanita_Cabusao","639304618500","15 - Prepaid","Non-Active","May 15, 2025","PORT: 5","799","Active","029 delos santos st canarvacanan alcala pangasinan",""
"2100","","1747298033","MSPI_CrisXandra_Neri","639762175982","15 - Prepaid","Non-Active","May 15, 2025","PORT: 14","1,000","Active","146 natl rd san pedro ili alcala pangasinan",""
"2101","","1747299648","XAMS_Junalyn_Escarda","639632965594","15 - Prepaid","Non-Active","May 15, 2025","port: 5
 TECH: LESTER/CHARLIE","1,000","Active","Purok 2 amancosiling sur bayambang panagsinan",""
"2102","","1747357551","TPU_Joanna_Tambuyat","639275471420","16 - Prepaid","Non-Active","May 16, 2025","JHUN
 PORT:15","1,000","Active","Purok 3, Pugo Bbang Pangasinan",""
"2103","","1747361682","XAMN_William_Asuncion","639386358963","16 - Prepaid","Non-Active","May 16, 2025","JEROME/PIOLO
 PORT:7
 =====
 Additional 3 days grace period due to 3 days no connection - hans","1,000","Active","Purok 1, Amancosiling Norte, Bayambang, Pangasinan",""
"2104","","1747361852","XBUA_Mirajoy_Rebamontan","639302010199","18 - Prepaid","Non-Active","May 16, 2025","PORT:8
 MAKING/DANIEL
 =============
 UPGRADE PLAN 10/20/25 - Ice
 Plan 1000 to Plan 1500
 DC 11/19/25 - Ice
 RC 11/19/25 - Ice
 DC:march 20-RC: march 22-new DD: 18-darz","1,000","Active","469 purok 7 Buayaen Bayambang Pangasinan",""
"2105","","1747364792","XBUA_Juna_Renia","639184783895","16 - Prepaid","Non-Active","May 16, 2025","MIERJOHN/BOSS DONG
 PORT:9
 DC 11/19/25 - Ice
 RC 11/19/25 - Ice","1,000","Active","Purok6 buayarn bayambang panggasinan",""
"2106","","1747364895","XBUA_Catherine_Piscal","639212142568","16 - Prepaid","Non-Active","May 16, 2025","LESTER/CHARLIE
 PORT:7
 DC 11/19/25 - Ice
 RC 11/19/25 - Ice","1,000","Active","Palacpac Buayaen bayambang pangasinan",""
"2107","","1747365149","TDA_Alexis_Dulay","639123184765","16 - Prepaid","Non-Active","May 16, 2025","JHU
 PORT:12","1,000","Active","Purok 1 Darawey Bbang Pangasinan",""
"2108","","1747366333","XAMN_Jamel_Baliling","639468231436","14 - Prepaid","Non-Active","May 16, 2025","PIOLO/JEROME
 PORT:7
 DC 11/19/25 - Ice
 old dd:22/new dd:14-darz","1,000","Active","Purok 1, Amancosiling Norte, Bayambang, Pangasinan",""
"2109","","1747376929","XAMS_Jesson_Maniling","639916136928","23 - Prepaid","Non-Active","May 16, 2025","PIOLO/JEROME
 PORT:11
 old dd:16/adjusted 7 days-darz/ new dd:23","1,000","Active","Purok 4, Amancosiling Sur, Bayambang, Pangasinan",""
"2110","","1747380040","TAM2_Abegail_Riotoc","639062659289","16 - Prepaid","Non-Active","May 16, 2025","JHUN
 PORT:5","1,000","Active","Purok 3 Ambayat 2nd Bbang Pangasinan",""
"2111","","1747383825","XBUA_Erlinda_Daniels","639516893750","27 - Prepaid","Non-Active","May 16, 2025","MAKING/DANIEL
 Nap3 PORT:13
 DC 11/19/25 - Ice
 ==========
 3/31/26 Unplugged sc Nap/Modem not yet recover walang tao -jeff
 ===========
 Reconnection July 27, 2026
 New dd 27 - hans","1,000","Active","Purok 3 sakbit street Buayaen Bayambang Pangasinan
 OK",""
"2112","","1747387714","XSTP_Tom_Seismundo","639205745152","18 - Prepaid","Non-Active","May 16, 2025","PORT:1
 LESTER/CHARLIE
 
 
 XSTP_Tom_Seismundo
 
 ================
 DC 9/8/2025
 RC 9/9/25-EJ
 
 Old dd 16
 DC 11/19/25 - Ice
 3 days consumed
 RC 11/21
 New DD  12/18-ej","799","Active","Brgy. San Jose Sto. Tomas Pangasinan",""
"2113","","1747387874","XCS_Zalde_Sabangan","639506542026","8 - Prepaid","Non-Active","May 16, 2025","PORT:8
 mier/dong
 
 ==============
 old dd: 16
 DC 10/21/25 - Ice 5 days exceed
 paid Oct 31
 New DD : Nov.25 2025=Clarisse
 ==============
 OLD DD: APRIL 25
 RC- MAY 06 2026
 NEW DD: JUNE 02 2026-CLARISSE
 =======
 August 8, 2026 Reconnection
 old dd 2
 new dd 8 - hans","1,000","Active","sitio manggahan cadre site bayambang",""
"2114","","1747449923","MPW_MaryRose_Gambol","639858621956","17 - Prepaid","Non-Active","May 17, 2025","PORT:6
 MARBEN","1,000","Active","Malone street Alcala Pangasinann",""
"2115","","1747450972","XRE_Mercedes_DeGuzman","639303405684","28 - Prepaid","Non-Active","May 17, 2025","DANIEL/CHARLIE
 PORT: 13
 DC 11/20/25 - Ice
 RC 11/24/25 - Ice
 --------------------
 12/23/25 RC
 =========
 7/01/26 duedate adjusted to 5days old23, new28 -lester
 ===============
 aug 13 - reported los
 aug 14- repaired by john and marvin-clarisse","1,000","Active","Purok 1 Reynado Bayambang Pangasinan
 Ok",""
"2116","","1747452286","XCAC_Raquel_Cayabyab","639106943999","17 - Prepaid","Non-Active","May 17, 2025","JEROME/PIOLO
 PORT:11
 ==========
 DC 10/22/25 - Ice
 RC 10/22/25 - Ice
 ==============
 DC 11/20/25 - Ice
 RC 11/20/25","1,000","Active","Purok 5, Cacandongan, Baustita, Pangasinan",""
"2117","","1747455277","MPW_Richard_Castillo","639633671623","17 - Prepaid","Non-Active","May 17, 2025","PORT:5
 MARBEN","799","Active","Malone st Poblacion west Alcala Pangasinann",""
"2118","","1747455617","XTE_Mamerto_Devera","639156914303","24 - Prepaid","Non-Active","May 17, 2025","MIERJOHN/DONG
 PORT:  13
 
 MAY 17 CLIENT PAID VIA CASH 3,500  (3K FOR 3 MONTHS AND 500  FOR OVERSPAN)
 NEXT PAYMENT DATE: AUG.17 2025
 
 old due is 17 + 7 days due to system interuption dated MAY TO JUN 2. 2026","1,000","Active","Telbang bayambang panggasinan",""
"2119","","1747464027","MSTP_Joel_Bunggay","639614249714","17 - Prepaid","Non-Active","May 17, 2025","PORT:2
 MARBEN
 ==============
 DC 10/21/25 - Marben rqst 
 RC 10/23/25 - Ice","800","Active","Zone 5 San Agustin Santo Tomas Pangasinann",""
"2120","","1747468574","XKET_Eduard_Centeno","639504864674","17 - Prepaid","Non-Active","May 17, 2025","PIOLO/JEROME
 PORT:8
 ==========
 DC 10/22/25 - Ice
 RC 10/22/25 - Ice","1,000","Active","Purok 2, Ketegan, Bautista, Pangasinan",""
"2121","","1747533374","XSV_Erasmo_Cabaloza","639096404974","18 - Prepaid","Non-Active","May 18, 2025","PORT: ?
 TECH: GILBERT/ BOSS DONG","1,000","Active","Purok4 San Vicente bayambang Pangasinann",""
"2122","","1747560196","XTE_Judilyn_Bandas","639468835888","18 - Prepaid","Non-Active","May 18, 2025","LCP: 1 
 PORT: 13
 TECH: MIER JOHN/ CHARLIE
 ==========
 DC 11/21/25 - Ice
 RC 11/21/25 - Ice","1,000","Active","Purok 7 telbang bayambang panggasinan",""
"2123","","1747616723","DCA_Cheryl_Ramos","639956456357","19 - Prepaid","Non-Active","May 19, 2025","PORT:16
 DANTE/JEROME/PIOLO","1,000","Active","Purok 6, Carungay Bayambang Pangasinan",""
"2124","","1747620226","MNN_Arrah_Brillante","639516767386","19 - Prepaid","Non-Active","May 19, 2025","port:4
 JHUN/GILBERT","1,500","Active","Purok 7 nibaliw Norte bayambang Pangasinan",""
"2125","","1747621271","XMAG_Moureanjoi_Perdon","639289756859","19 - Prepaid","Non-Active","May 19, 2025","PORT:6
 DANIEL/MIERJOHN
 
 
 ============
 DC 11/25/25 - Ice","1,000","Active","01 Roxas Magsaysay Bayambang",""
"2126","","1747623574","MPE_Rodel_Llarenas","639075284331","29 - Prepaid","Non-Active","May 19, 2025","PORT: 3 
 JHUN/GILBERT","800","Active","173 Primicias St Pob East Alcala Pangasinan",""
"2127","","1747625265","TAM2_Jerbelt_Sinfuego","639303747611","19 - Prepaid","Non-Active","May 19, 2025","OK
 PORT:6
 jhun/johan/lito","1,000","Active","Purok 3 Ambayat 2nd Bbang Pangasinan",""
"2128","","1747626998","DRE_Marites_Rosales","639622893563","19 - Prepaid","Non-Active","May 19, 2025","PORT:11
 DANTE/JEROME/PIOLO","1,000","Active","Purok 4, Reynado Bayambang Pangasinan",""
"2129","","1747631277","XSV_Rubyrosa_Magno","639700791983","19 - Prepaid","Non-Active","May 19, 2025","port: 
   
 201-3BYB24LCP1NP6P7
   
 CHARLIE / MAKING / FREEDIE / PAPA DONG","1,000","Active","Purok 5 sanvicente bayambang pangasinan",""
"2130","","1747642714","XSA_Susana_Deleon","639952579744","22 - Prepaid","Non-Active","May 19, 2025","PORT:12
 MAKING/CHARLIE
 old dd:19
 11/13- client reported no connection
 11/16 restored coonection
 New DD: DEC 22 2025","1,000","Active","Purok 2 sanlibo bayambang pangasinan",""
"2131","","1747643075","XCAC_Hilario_Gabatino","639690387942","21 - Prepaid","Non-Active","May 19, 2025","PORT:7
 MIERJOHN/DANIEL
 ==============
 DC 10/23/25 - Ice
 RC 10/24/25 - Ice
 ============
 OLD DD 19= 6 DAYS
 DC 11/25/25 - Ice
 RC 11/27/25
 NEW DD: 21","1,000","Active","Zone7 Cacandongan Bautista Panggasinan",""
"2132","","1747649682","XSA_Ricamay_Lantonio","639304389007","19 - Prepaid","Non-Active","May 19, 2025","NAPBOX:6
 LCP:1
 Port:2
 TECHNICIAN:piolo/marvin","799","Active","PUROK 5, SANLIBO, BAYAMBANG, PANGASINAN",""
"2133","","1747703541","DPA_Telana_Motanio","639276405424","25 - Prepaid","Non-Active","May 20, 2025","PORT: 8
 TECH: DANTE ALONZO
 old dd 20 new dd 25","1,000","Active","Purok 1, Pangdel Bayambang pangasinan",""
"2134","","1747707917","MPINW_RoseAnn_Deleon","63991460280","20 - Prepaid","Non-Active","May 20, 2025","PORT: 1
 TECH: MARBEN","799","Active","94 tores st pindangan west Alcala Pangasinann
 OK",""
"2135","","1747710844","XMP_Angelique_Junio","639685116637","20 - Prepaid","Non-Active","May 20, 2025","PORT: 6
 NAP: 3
 LCP: 1
 TECH: JOHAN/LITO","1,000","Active","Sagur st purok 1 manambong parte bayambang pangasinan",""
"2136","","1747712407","MPINE_John_Torres","63963708105","22 - Prepaid","Non-Active","May 20, 2025","PORT: 2
 TECH:","800","Active","Zone 3 pindangan east alcala pangasinan",""
"2137","","1747722438","MSN_PaulJohn_Catalan","639695253072","22 - Prepaid","Non-Active","May 20, 2025","port: 4
 
 ==============
 RC 10/17/25 - Marben","800","Active","72 castañeda st San nicolas alcala pang",""
"2138","","1747724344","XSAN_Markandrew_Pinto","639999888918","20 - Prepaid","Non-Active","May 20, 2025","PORT: 5
 TECH: MAKING/FREDDIE","1,000","Active","175 LAWTON STREET BRGY. SAN NICOLAS ALCALA PANGASINAN",""
"2139","","1747724511","XSG2_Manilyn_Apaga","639543276408","24 - Prepaid","Non-Active","May 20, 2025","PORT: 11
 NAP: 8
 LCP: 1
 TECH: JOHAN/LITO
 ============
 old dd: july 20 
 NEXT DD: AUGUST 24- MOVED DUE DATE DUE TO 4 DATS OF NO CONNECTION","1,000","Active","San gabriel 2nd pulok 2",""
"2140","","1747726925","MSV_Lorena_Caloza","639675976904","20 - Prepaid","Non-Active","May 20, 2025","PORT: 7
 JULY 21 2025 UPGRADE - MARBEN","1,200","Active","Zone 4 san vicente alcala pangasinan",""
"2141","","1747727263","MSV_Jayson_Cabbat","639283856252","20 - Prepaid","Non-Active","May 20, 2025","OK
 PORT: 3","800","Active","Sanvicente alcala pangasinan",""
"2142","","1747730491","XSG2_Cristina_Prestoza","639756324996","20 - Prepaid","Non-Active","May 20, 2025","port: 8
 nap: 8
 lcp: 1
 TECH: JOHAN/LITO
 
 ============
 DC 11/25/25 - Ice(DC of DD 19 - 22)
 RC 11/26/25 - Ice","1,000","Active","Purok 2,san gabriel 2nd, bayambang, Pangasinan",""
"2143","","1747735361","MPW_Shiela_Casicas","639274452624","20 - Prepaid","Non-Active","May 20, 2025","OK
 PORT: 4
 TECH: BENJAMIN LUCERO","800","Active","Funston st poblacion east alcala pangasinan",""
"2144","","1747736232","Emmanuels_Way_Educational_Institutions_INC","639308366541","3 - Prepaid","Non-Active","May 20, 2025","PORT: 6
 NAP: 5
 LCP: 1
 TECH: MAKING/ MARK FREDDIE
 
 DC 11/25/25 - Ice
 RC 11/25/25 - Ice
 ========
 DC 04/23/2026
 RC 05/04/2026
 OLD DD 19
 NEW DD 1
 NEXT DD 06/01/2026 - HANS","1,500","Active","Buyaen Bayambang Pangasinan",""
"2145","","1747797502","XMA_Lizel_Pascua","639457729771","21 - Prepaid","Non-Active","May 21, 2025","PORT:8
 JEROME/JEFF","1,500","Active","Purok 3, Malioer, Bayambang, Pangasinan",""
"2146","","1747797954","MLAO_Rosalina_Velasco","6394551900779","21 - Prepaid","Non-Active","May 21, 2025","PORT:5
 BOSS DONG/GILBERT","700","Active","Zone 2 velo st alcala pangasinan",""
"2147","","1747799169","MLAO_Anita_Parohinog","639100146141","21 - Prepaid","Non-Active","May 21, 2025","PORT:11
 GILBERT/BOSS DONG
 JULY 22 2025 DC
 JULY 23 2025 RC","800","Active","ZONE 2 LAOAC EAST ALCALA PANG Andres compound",""
"2148","","1747802320","MLAO_Liezl_Diaz","639633325406","21 - Prepaid","Non-Active","May 21, 2025","PORT:10
 BOOSS DONG/GILBERT","1,000","Active","Zone 4 Laoac west alcala pangasinan",""
"2149","","1747810208","MCAN_Emerson_Corpuz","639077541926","21 - Prepaid","Non-Active","May 21, 2025","PORT:3
 BOSS DONG/ GILBERT","800","Active","110 primicias st. Canarvacanan alcala pangasinan",""
"2150","","1747811123","MCAN_JanMichael_Pabro","639451021256","23 - Prepaid","Non-Active","May 21, 2025","MARBEN
 TECH: GILBERT/BOSS DONG
 PORT: 5","800","Active","15 Funston St Canarvacanan Alcala Pangasinan",""
"2151","","1747811697","XNS_Farrahmay_Bugarin","639156943317","21 - Prepaid","Non-Active","May 21, 2025","OK
 PORT:6
 MAKING/FREDDIE","1,000","Active","ZONE 5 NIBALIW SUR BAUTISTA PANGASINAN NEAR Nibaliw Elementary School",""
"2152","","1747813031","XCB_Dexter_Agacite","639239649536","21 - Prepaid","Non-Active","May 21, 2025","PORT:15
 JEROME/JEFF","1,000","Active","Purok 4, Cabayaoasan, Mangatarem, Pangasinan",""
"2153","","1747820970","MPE_Sheryl_Bagayan","639625285878","21 - Prepaid","Non-Active","May 21, 2025","PORT:5
 MARBEN
 BOSS DONG/GILBERT
 ==============
 DC 10/25/25 - Ice","799","Active","P Sison st zone 5 Poblacion east Alcala Pangasinann",""
"2154","","1747822272","MSPI_Amazon_Fuselero","639271567192","21 - Prepaid","Non-Active","May 21, 2025","PORT:16
 BOSS BONG/GILBERT","800","Active","BACERRA ST SAN PEDRO ILI ALCALA PANGASINAN",""
"2155","","1747879405","DAP_Jonald_Agustin","639260120015","28 - Prepaid","Non-Active","May 22, 2025","OK
 Nap 5 Port 12
 DANTE
 ================================
 June 06 2026 
 NEW DD:28 PLUS 4 DAYS GRACE PERIOD-CLARISSE","1,000","Active","Purok 2, Apalen Bayambang pangasinan",""
"2156","","1747881300","TAM2_Genoveva_Capistrano","639203070689","22 - Prepaid","Non-Active","May 22, 2025","NAPBOX: 7
 LCP: 1
 PORT: 8
 TECHNICIAN: Jeff/Renz","1,000","Active","Purok 3, Ambayat2nd Bbang Pangasinan
 OK",""
"2157","","1747884489","MSPA_Lucrecia_Espiritu","639504650943","22 - Prepaid","Non-Active","May 22, 2025","PORT:1
 MARBEN","700","Active","Purok 3a San Pedro Apartado Alcala pangasinan",""
"2158","","1747888356","DAP_Robert_Uy","639503345340","14 - Prepaid","Non-Active","May 22, 2025","PORT:6
 DANTE
 ===========
 OLD DD: JAN 22
 DC: JAN 25
 RC FEB 10 2026
 NEW DD: MARCH 10 2026-CLARISSE
 new dd:14-darz","1,000","Active","Purok 1, Apalen Bayambang pangasinan",""
"2159","","1747888683","XBS_Jimma_Ramos","639957834761","22 - Prepaid","Non-Active","May 22, 2025","PORT:12
 BOSS DONG/CHARLIE","1,000","Active","Purok 3 bical sur bayambang pangasinan",""
"2160","","1747893460","TCS_Flordeliza_Lucido","639303415279","22 - Prepaid","Non-Active","May 22, 2025","PORT:5
 JHUN","1,000","Active","Cadre Site , Bayambang pangasinan",""
"2161","","1747900682","MSV_Melinda_Salayog","639157137852","22 - Prepaid","Non-Active","May 22, 2025","PORT:3
 MARBEN","800","Active","Jamboree st san vicente alcala pangasinan",""
"2162","","1747901510","DMP_Estrella_Manaois","639544156995","28 - Prepaid","Non-Active","May 22, 2025","PORT:7
 DANTE
 ==========
 4/23/26 Done Pullout Modem/Unplugged Sc port7 nap5 -piolo/renz
 =======
 04/29/2026 Reconnetion 
 NAPBOX: 5
 LCP: 1
 PORT: 8
 TECHNICIAN: JEFF/EDWARD","1,000","Active","Purok 2 manambong parte bayambang Pangasinan
 OK",""
"2163","","1747905165","XBUA_Abegail_Herrera","639124555110","22 - Prepaid","Non-Active","May 22, 2025","PORT:7
 FREDDIE/MAKING/LESTER
 ==========
 DC 10/27/25 - Ice
 RC 10/27/25 - Ice
 ============
 DC 11/25/25 - Ice(DC of DD 19 - 22)
 RC 11/25/25 - Ice","1,000","Active","Purok 5 Buayaen Bayambang Pangasinan",""
"2164","","1747906175","XBUA_Geeanne_Jacob","639272514111","22 - Prepaid","Non-Active","May 22, 2025","PORT:9
 BOSS DONG/CHARLIE","1,000","Active","Paplacpac st. Buayaen bayambang pagasinan",""
"2165","","1747968320","XTAN_Renzjake_Paragas","639631570830","2 - Prepaid","Non-Active","May 23, 2025","OK
 PORT:8
 PIOLO/JEROME
 ==========
 DC 10/27/25 - Ice
 RC 10/27/25 - Ice
 =========
 Additional 3 days due date adjustment due to 3 days no connection - hans
 =============================
 August 25 2026 
 Client confirned that the due date they knew is every 23 of the month then they dont have 7 days connection upon submitting the ticket,
 Client paid reconnection New DD August 25 plus 7 days, grace period Next DD is October 2 2026, Their new DD is every 2nd of themonth - Client agreed Sir Reniel the brother of the client - Clarisse","1,000","Active","Purok 1, Sitio Vacante, Tanolong, Bayambang, Pangasinan",""
"2166","","1747972436","XTE_Popoy_Ima","639859792363","1 - Prepaid","Active","May 23, 2025","PORT:10
 MAKING/FREDDIE
 ========
 September 1, 2026 RECONNECTION
 old dd 19
 new dd 1 - hans","1,000","Active","Purok 7 Telbang muslim Compound Bayambang Pangasinan",""
"2167","","1747972566","XTAM_Jaymarie_Ragos","639317765639","6 - Prepaid","Non-Active","May 23, 2025","port:4
 boss dong/ charlie
 ==========
 DC 10/27/25 - Ice
 RC 10/29/25 - Ice
 ============
 DC 11/27/25 - Ice (DD of 23-24)
 RC- 12/29/25 (new DD 25)
 new dd 29
 rc dec 29 2025
 ==========
 (RECONNECTION/LATE PAYMENT)
 DC 04/03/2026
 RC 04/09/2026
 OLD DD 29
 NEW DD 6
 NEXT DD 05/06/2026 - HANS","1,000","Active","Purok 3 tampog bayambang pangasinan",""
"2168","","1747977354","DPA_Joy_Herrera","639977926982","30 - Prepaid","Non-Active","May 23, 2025","PORT:5
 DANTE","1,000","Active","Purok 3, Pangdel Bayambang pangasinan",""
"2169","","1747984493","XSJ_Frank_Castillo","639275026575","23 - Prepaid","Non-Active","May 23, 2025","PORT:2
 BOSS DONG/CHARLIE","1,000","Active","145 PANGANIBAN ST.SAN JUAN ALCALA PANGASINAN",""
"2170","","1748057959","XSC_Rose_Bautista","639380694166","28 - Prepaid","Non-Active","May 24, 2025","port:10
 DANIEL/CHARLIE
 
 =========
 RC 10/11/25
 
 DELETED BILL SEPT/OCT 
 DC OCT 22 - jhay
 
 DD:30 CHANGED TO 28-DARZ","1,000","Active","16 Purok 1 Sancagulis Bayambang Pangasinan",""
"2171","","1748061090","DBS_Steve_Obenza","639614590354","24 - Prepaid","Non-Active","May 24, 2025","PORT: 201-4BYB65LCP1 NP P14
 GILBERT/VENTURA
 ==============
 NAPBOX: N/a
 LCP: 1
 PORT: 14
 TECHNICIAN: RENZ/JEFF","1,000","Active","Purok 2, Bical sur Bayambang Pangasinan",""
"2172","","1748076862","XSC_CybelleHyacinth_Calub","639922668113","24 - Prepaid","Non-Active","May 24, 2025","PORT:9
 DANIEL/CHARLIE","1,500","Active","Purok 2 sancagulis bayambang pangasinan",""
"2173","","1748225696","TWA_Mario_Junio","639163338945","1 - Prepaid","Non-Active","May 26, 2025","PORT:BYB64LCP1NP1P14
 JHUN/GILBERT
 
 july 8 2026- sir jhun (agent requested a 9 days isolir for the client)-Clarisse
 ------------------------------------
 July 28 2026
 Anget confirmed that 
  new dd Is August 01 2026 due to less isolri days,","1,000","Active","Purok 3 Wawa Alfiesta Bbang Pangasinan",""
"2174","","1748228709","XPS_Irma_Manganaan","639991096465","26 - Prepaid","Non-Active","May 26, 2025","PORT:14
 PIOLO/JEROME","1,000","Active","Poblacion Sur, Bayambang, Pangasinan",""
"2175","","1748241343","TWA_Jewel_David","639455415699","26 - Prepaid","Non-Active","May 26, 2025","PORT:15
 JHUN/GILBERT","1,000","Active","Purok 3 Wawa Alfiesta Bbang Pangasinan",""
"2176","","1748246371","XTE_Cesar_Rebustes","639636805029","28 - Prepaid","Non-Active","May 26, 2025","PORT:8
 PIOLO/JEROME
 Adjusted  due date 
 paid 9/11
 dc 10/1
 rc 10/9
 new Due date 10/30
 ==========
 3 days due date adjustment - hans","1,000","Active","Purok 1, Telbang, Bayambang, Pangasinan",""
"2177","","1748310815","MPE_Flora_Custodio","639100188099","27 - Prepaid","Non-Active","May 27, 2025","PORT:4
 MARBEN/GILBERT/JHUN","799","Active","Zone 1 pob. East alcala pangasinan",""
"2178","","1748313019","MPE_Carmela_Pobre","63995503341","27 - Prepaid","Non-Active","May 27, 2025","PORT:16
 GILBERT/JHUN/MARBEN","1,000","Active","Zone 2 Pob.east alcala pangasinan",""
"2179","","1748316541","MBSM_Brenda_Reyes","639485538847","27 - Prepaid","Non-Active","May 27, 2025","PORT:1
 MIERJOHN/BOSS DONG","1,000","Active","Cabalitian bersamin Alcala pang",""
"2180","","1748316647","XINA_Cecilia_Candelaria","639811600327","27 - Prepaid","Non-Active","May 27, 2025","PORT:15
 PIOLO/JEROME
 ===================
 JULY 10 2026
 OLD DD:  27
 DC: JULY 4-CLARISSE","1,000","Active","Purok 2, Inanlorenza, Bayambang, Pangasinan",""
"2181","","1748317139","XBN_Ariz_Agbuya","639634798763","27 - Prepaid","Non-Active","May 27, 2025","PORT:1
 DANIEL LEE/DARWIN
 ==========
 DC 10/30/25 - Ice
 RC 10/30/25 - Ice","1,000","Active","299 Atis St., Bical Norte, Bayambang, Pangasinan",""
"2182","","1748319668","MPE_Roberto_Peralta","639272389980","27 - Prepaid","Non-Active","May 27, 2025","PORT:4
 MARBEN/JHUN/GILBERT","799","Active","Purok 6 Poblacion east Alcala Pangasinann",""
"2183","","1748326665","MKIS_Aileen_Carbonell","639095117572","27 - Prepaid","Non-Active","May 27, 2025","PORT:2
 MARBEN/JHUN/GILBERT","799","Active","Zobe 1 kisikis Alcala Pangasinan
 OK",""
"2184","","1748329854","XINA_Wahilah_Aquino","639634008143","27 - Prepaid","Non-Active","May 27, 2025","PIOLO/JEROME
 PORT:3","1,000","Active","Purok 2, Inanlorenza, Bayambang, Pangasinan",""
"2185","","1748331765","XBUA_Criselda_Ventura","639102210934","28 - Prepaid","Non-Active","May 27, 2025","PORT:8
 DANIEL/DARWIN/LESTER
 ====================
 sept 02- paid via cash for FTM of Aug. verified on the logbook
 RC 10/30/25 - Ice","799","Active","Purok 6 Buayaen Bayambang  Pangasinan Long: 120.446559 Lat: 15.784204 Tapat ni Kagawad Pock Caragan",""
"2186","","1748332324","MBSM_Emie_Dedal","639647685794","27 - Prepaid","Non-Active","May 27, 2025","PORT:2
 JHUN/GILBERT","1,000","Active","Cabalitian Bersamin Alcala pangasinan",""
"2187","","1748338611","MANU_Jefrey_Paylandy","639918917095","6 - Prepaid","Non-Active","May 27, 2025","PORT:2
 MARBEN/JHUN/GILBERT
 old: dd July 27
 August 1 2025 DC ALDRIN
 RC 8/11
 New DD: SEPT 06 2025 for delete of august billing
 ===========
 DC 11/8/25 - Ice *Marben rqst
 RC: Dec. 23 less 2 days NEW DD JAN.21-DARZ
 ====================================
 old dd: FEB 21
 DC MARCH 02
 RC-MARCH 29 2026- LESS 9 DAYS
 NEW DD: APRIL 20 2026-CLARISSE DELETE FEB BILL
 DELETE NOV BILL!
 =======
 DC 04/29/2026
 RC 05/16/2026
 OLD DD 20
 NEW DD 12
 NEXT DD 06/12/2026 - HANS
 ==========
 Reconnection - July 15, 2026
 New due date every 6th of the month - hans","1,000","Active","Bacolor st anulid alcala pangasinan
 OK",""
"2188","","1748344063","DHE_Edwin_Riodel","639385757646","27 - Prepaid","Non-Active","May 27, 2025","Nap4 Port12","1,000","Active","Purok 5, Hermoza Bayambang Pangasinan
 OK",""
"2189","","1748394713","DRE_Wilmer_Rosales","639817296476","28 - Prepaid","Non-Active","May 28, 2025","port:10
 DANTE/GILBERT/JUN","1,000","Active","Purok 3 Reynado bayambang Pangasinann",""
"2190","","1748403911","XINA_Lyndie_Galisim","639101853714","28 - Prepaid","Non-Active","May 28, 2025","PORT:7
 GILBERT/JUNE","1,000","Active","Purok 2 inanlorenza bayambang Pangasinann",""
"2191","","1748405006","TMN_Clea_Biasaga","639125510179","28 - Prepaid","Non-Active","May 28, 2025","PORT:1
 JEROME/PIOLO","1,000","Active","Manambong Norte Bbng Pangasinan
 OK",""
"2192","","1748415606","TDA_Angela_Cayabyab","639814497075","28 - Prepaid","Non-Active","May 28, 2025","PORT:12
 JEROME/PIOLO","1,000","Active","Purok 1 Darawey Tanggal Bbang Pangasinan
 OK",""
"2193","","1748417418","XNS_Eduardo_Dulay","639489464133","28 - Prepaid","Non-Active","May 28, 2025","PORT 7
 GILBERT/JUN
 old dd:2/ adjusted 7 days - darz/ new dd: 5","1,000","Active","118 nibaliw sur  Bautista Pangasinann",""
"2194","","1748423603","TMS_Trisha_Bognot","639100126931","28 - Prepaid","Non-Active","May 28, 2025","PORT:3
 JEROME/PIOLO","1,000","Active","Purok 1 Manambong Sur Bautista Pangasinan 201-4BYB LCP1NP P3",""
"2195","","1748423683","XCB_Norman_Agacite","639468827814","28 - Prepaid","Non-Active","May 28, 2025","PORT:5
 MAKING/FREDDIE","1,000","Active","Purok 4 Cabayaoasan  Mangatarem pangasinan 201-1BYB49LCP1NP5P9",""
"2196","","1748481961","TPA_Fatima_Usop","639480439232","28 - Prepaid","Non-Active","May 29, 2025","PORT 8
 JHUN
 Piolo /Jerome
 DD:29 CHANGED TO 28-DARZ
 OLD DD: 28 (05/28/26= 3 DAYS NO INTERNET/ NEW DD:    2  -DARZ)
 
 July 8 2026- Sir Jhun (agent) called via messenger that the confirmed due date of the client is every 28th of the month, as they choose to do rebates rather than  movement of due date during the 3 days no conenction.
 also unpaid the july billa s Sir jhun accidentally paid the clients account-Clarisse","900","Active","Purok 2 Pangdel Bayambang Pangasinan",""
"2197","","1748489111","XBUA_Jeremie_Ventura","639456380639","3 - Prepaid","Non-Active","May 29, 2025","PORT:14
 LESTER/JEFF
 CLIENT PAID DEC 2 2025 
 DD:29 NEW DD IS JAN 3 2026 DUE TO 3 DAYS OF NO CONNECTION. 
 new DD: jan. 3 -darz","1,000","Active","255 Purok 4, Buayaen Bayambang Pangasinan",""
"2198","","1748490074","XHE_Marianina_Deguzman","639474992986","2 - Prepaid","Non-Active","May 29, 2025","PORT 2/MAKING/FREDDIE
 Client requested to RC 9/4/25
 Upon checking with the last convo via fb client requested to DC her account.Client has 25 days left to consume.
 Continuation 12/12/25 RC","1,000","Active","Purok 1 Hermoza Deki Bayambang Pangasinan",""
"2199","","1748503797","XSG2_Jerusa_Deguzman","639058204852","28 - Prepaid","Non-Active","May 29, 2025","PORT:6
 GILBERT/JUNE
 Old DD 29
 DC 11/3
 5 days consumed
 RC 11/3
 New DD 11/29
 
 
 DD:29 CHANGED TO 28-DARZ","1,000","Active","Putol 2 san Gabriel 2nd bayambang Pangasinann",""
"2200","","1748511727","XAMS_Marissa_Devera","639637293251","28 - Prepaid","Non-Active","May 29, 2025","PORT 6
 PIOLO/JEROME
 
 
 
 
 
 
 
 DD:29 CHANGED TO 28-DARZ","1,000","Active","Purok 6, Amancosiling Sur, Bayambang, Pangasinan",""
"2201","","1748575186","XMA_Joselito_Mandapat","639475671105","7 - Prepaid","Non-Active","May 30, 2025","OK
 PORT:11
 FREDDIE/JEFF
 ==========
 DC 11/3/25 - Ice
 RC 11/3/25 - Ice
 DD:30 CHANGED TO 28-DARZ
 ===================
 AUGUST 17 2026
 CLIENT Complained due to internet intermittent connection and no compensation availed last Fiber break, old dd: august 28 moves to september 7 to lessen the complain-clarisse
 Next DD: September 7 2026 plus 4 days grace period -Clarisse","1,000","Active","Purok 3, Malioer Bayambang Pangasinan",""
"2202","","1748576889","XSG1_Arnulfo_Laza","63935689647","28 - Prepaid","Non-Active","May 30, 2025","PORT 14
 PIOLO/JEROME
 
 
 
 
 
 
 
 DD:30 CHANGED TO 28-DARZ","1,000","Active","Purok 2, San Gabriel 1st, Bayambang, Pangasinan
 OK",""
"2203","","1748577471","MSJC_Chivas_Macaspac","639106702530","28 - Prepaid","Non-Active","May 30, 2025","PORT:6
 MARBEN/JUNE/GILBERT
 
 
 
 
 
 
 
 DD:30 CHANGED TO 28-DARZ","1,000","Active","Zone 3 san juan alcala pangasinan",""
"2204","","1748585739","MLAO_Janine_Villanueva","639484942965","28 - Prepaid","Non-Active","May 30, 2025","PORT:5
 MARBEN/JUNE/GILBERT
 
 
 
 
 
 
 
 DD:30 CHANGED TO 28-DARZ","1,000","Active","Zone 6 laoac west alcala pangasinan",""
"2205","","1748592174","MPE_Roxanne_Cabanilla","639468029689","28 - Prepaid","Non-Active","May 30, 2025","PORT 12
 MARBEN/JUNE/GILBERT
 
 
 
 
 
 
 
 DD:30 CHANGED TO 28-DARZ","799","Active","174 Soriano st Poblacion east Alcala Pangasinann",""
"2206","","1748660956","XDU_Stellamarie_Paca","639165555287","28 - Prepaid","Non-Active","May 31, 2025","port:8
 PIOLO/JEROME
 DD:30 CHANGED TO 28-DARZ
 =====================
 fEB 6 2026- Client paid the wrong bill (Feb) it should be January, Reprocessed and inform client about the issue-Clarisse
 ==========
 May 29, 2026 - Downtime
 OLD DD - 28
 NEW DD - still 28 kasi bawal lumagpas ang due date sa 28 kaya dinagdagan ang grace period
 2 days no Connection - hans","799","Active","Purok 5, Dusoc, Bayambang, Pangasinan",""
"2207","","1748674981","XCS_Arlene_Gargoles","63961798196","8 - Prepaid","Non-Active","May 31, 2025","PORT:5
 GILBERT/JUNE
 ==========
 DC 11/3/25 - Ice
 RC 11/4/25 - Ice
 DD:30 CHANGED TO 28-DARZ
 JAN 2 2026- CLIENT CALLED AND EXPLAINED THAT HIS NEW DD IS JAN.07,2026- NEW DUE DATE CONFIRMED BY THE CLIENT WITH RECEIPT ALREADY UPDATED IN THE SYSTEM.-CLARISSE
 ====================
 OLD DD: FEB 7
 RC: FEB 16
 NEW DD: MARCH 16-CLARISSE
 ================
 DC 04/20/2026
 RC 06/08/2026
 OLD DD 16
 NEW DD 8 - HANS
 ========
 August 8, 2026 Reconnection","1,000","Active","Speranza st cadre site bayambang Pangasinann",""
"2208","","1748685225","XKIS_Jeric_Galsim","639922545886","28 - Prepaid","Non-Active","May 31, 2025","PORT 1
 GILBERT/JUNE
 
 
 
 
 
 
 
 DD_30 CHANGED TO 28-DARZ","799","Active","ZONE: 248 alcala kisikis pangasinan",""
"2209","","1748831295","MPE_ShearrieAnn_Manuel","639303307732","11 - Prepaid","Non-Active","June 02, 2025","PORT:9
 JUNE/GILBERT
 ==========
 DC 11/3/25 - Ice - Marben rqst
 RC 11/8/25 - Ice (Gcash by Marben)
 ===============
 rc jan 16
 new dd: feb 11 2026-requested by Sir Marben","799","Active","196 P.sison st Poblacion east Alcala Pangasinann",""
"2210","","1748834251","XAMN_Ruby_Sabangan","639352919475","2 - Prepaid","Non-Active","June 02, 2025","PORT:  5
 PIOLO/JEROME","799","Active","Purok 4, Amancosiling Norte, Bayambang, Pangasinan",""
"2211","","1748836865","MPINE_Hector_Memita","639634805025","7 - Prepaid","Non-Active","June 02, 2025","PORT:1 JUNE/GILBERT
 old due date 2 
 excess 4 days
 Disconnected august 6 2025
 Reconnected august 11 2025
 new due date 7 of the month","1,000","Active","Zone 1 Ambrocio St Pindangan West Alcala Pangasinan",""
"2212","","1748846586","MPINE_Marvin_Bautista","639324493388","2 - Prepaid","Non-Active","June 02, 2025","PORT:3
 PIOLO/JEROME","799","Active","Zone 5 Pindangan West Alcala Pangasinan",""
"2213","","1748850421","XCB_Yoshabelle_Airas","639635151532","9 - Prepaid","Non-Active","June 02, 2025","port:201-1BYB49LCP1NP5P10
 FREDDIE/MAKING
 old dd: 2/ adjusted 7 days darz/ new dd: 9","1,000","Active","Cabayaoasan, Mangatarem Pangasinan  kanto plaza papasok Lat:15.7689187 Long:120.3870514
 201-1BYB49LCP1NP5P10",""
"2214","","1748913848","DHE_Alma_Alcantara","639518879266","3 - Prepaid","Non-Active","June 03, 2025","port:6
 Gilbert/Ventura","1,000","Active","Purok 3, Hermoza Bayambang Pangasinan",""
"2215","","1748916634","DAP_Jayrick_Pescador","639504149780","3 - Prepaid","Non-Active","June 03, 2025","port:12
 201-3BYB24LCP1NP2P12
 Gilbert/Ventura","1,000","Active","Purok 3, Apalen Bayambang Pangasinan",""
"2216","","1748927711","XNN_Nikkilou_Payumo","639154897535","3 - Prepaid","Non-Active","June 03, 2025","PORT:10
 MAKING/FREDDIE","1,000","Active","Zone VI Nibaliw Norte Bautista Pangasinan",""
"2217","","1748927829","XZ2_Kimeric_Nanlabi","639611998940","3 - Prepaid","Non-Active","June 03, 2025","PORT:2
 miejohn/boss dong
 ========
 DC 11/7/25 - Ice
 RC 11/8/25 - Ice","1,000","Active","Zone1 BAYAMBANG PANGASINAN likod CSI
 OK",""
"2218","","1748933392","XBUA_Irene_Eduria","639203689892","3 - Prepaid","Non-Active","June 03, 2025","PORT:9
 DARWIN/CHARLIE","1,000","Active","Purok 2 Buyaen, Bayambang, Pangasinan",""
"2219","","1748940879","XCAC_Ferdinand_Mejia","639164215320","7 - Prepaid","Non-Active","June 03, 2025","PORT:2
 MAKING/FREDDIE
 
 ===============
 old DD 3
 DC 10/9/2025
 6 days consumed
 RC 10/11/2025
 New DD  11/4-EJ
 ================
 old dd: 1/ adjusted 7 days-darz/ new dd:7 
 Old DD 4
 DC 11/7
 3 days consume
 RC 11/13
 New DD  12/10-ej
 
 ========
 Old DD 01/10/2026 
 DC 01/14
 RC 02/03
 NDD 03/03/2026 - HANS
 ========================
 MAY 04 2026
 RC- MAY 04 2026
 NEWDD: JUNE 01 2026 -CLARISSE","1,000","Active","Cacandongan  Bautista  pangasinan
 Lat:15.817734 Long:120.481755",""
"2220","","1748941066","XCAB_Maryrose_Fernandez","639099982991","18 - Prepaid","Non-Active","June 03, 2025","miejohn/boss dong 
 PORT:3
 ==============
 DC 10/9/25
 RC 10/9/25
 ==========
 August 18, 2026 Reconnection
 old dd 3
 new dd 18 - hans","799","Active","ZONE 5 Puig cabuaan Bautista pangasinan",""
"2221","","1749001671","MLAO_Sanny_Totaan","63974294002","4 - Prepaid","Non-Active","June 04, 2025","PORT:11
 June /Gilbert","1,000","Active","Zone 4 sinabaan rd laoac east alcala pangasinan",""
"2222","","1749007201","MSV_Arceli_Velo","639560945617","4 - Prepaid","Non-Active","June 04, 2025","PORT:8
 June/ Gilbert","1,000","Active","Lopez st san vicente Alcala pangasinan",""
"2223","","1749011261","MSV_Jeson_Aquingan","639451021199","4 - Prepaid","Non-Active","June 04, 2025","PORT:11
 June / Gilbert","1,000","Active","Zone 4 san vicente alcala pang",""
"2224","","1749091279","MSPA_Edwilita_Valdez","6391098407993","5 - Prepaid","Non-Active","June 05, 2025","PORT: P4
 GILBERT / VENTURA
 11/6/25- request to downgrade to 799 by Sir Marben","799","Active","Purok 4 san pedro apartado alcala pangasinan
 OK",""
"2225","","1749091908","MSPA_Josephine_Rovillos","639300792679","5 - Prepaid","Non-Active","June 05, 2025","port:6
  GILBERT / VENTURA","1,000","Active","Purok 4 San Pedro apartado Alcala Pangasinann",""
"2226","","1749098652","MPINE_Jeffrey_Esteron","639919392093","5 - Prepaid","Non-Active","June 05, 2025","port:2
 GILBERT / VENTURA","799","Active","Zone 1 Torres st pindangan Centro Alcala Pangasinann",""
"2227","","1749098763","MPINE_Jonathan_Galano","639203423757","5 - Prepaid","Non-Active","June 05, 2025","port:1
 GILBERT / VENTURA","799","Active","Torres st pindangan centro alcala pang",""
"2228","","1749099926","MPINE_Rosemarie_Bernido","639203423757","5 - Prepaid","Non-Active","June 05, 2025","port:3
 GILBERT / VENTURA","799","Active","Zone 1 Torres st pindangan Centro Alcala Pangasinann",""
"2229","","1749112901","MLAO_Mara_Mateo","639530729246","1 - Prepaid","Non-Active","June 05, 2025","port:6
 GILBERT / VENTURA
 ==============
 AUG 13- DC REQUESTED BY AGENT
 RC-8/19-Ice
 New DD. 9/1/25-ej
 
 DC 9/8/2025 rqst Marben Lucero
 ==============
 DC 11/8/25 - Ice *Marben rqst
 ================
 OLD DD:1
 DC: nOVEMBER
 RC FEB 07 2026
 NEW DD: MARCH 07-CLARISSE
 ===========
 July 27, 2026 - Reconnection
 new dd 18 - hans
 ==========
 September 3, 2026 RECONNECTION
 old dd 18
 new dd 1 - hans","799","Active","180 velo st laoac Alcala Pangasinann",""
"2230","","1749115388","XAMS_Henry_Urgelles","639369296466","5 - Prepaid","Non-Active","June 05, 2025","OK
 port:6
 DARWIN/DANIEL LEE","1,000","Active","#13 Purok 1 Amancosiling Sur, Bayambang, Pangasinan",""
"2231","","1749119274","XBAL_Rufino_Jimenez","639672673631","5 - Prepaid","Non-Active","June 05, 2025","PORT:6
   
 ma king / Mark Freddie
 =======
 RC 12/12/25 - Ice","1,000","Active","Zone 5 Baluyot Bautista  pangasinan",""
"2232","","1749180253","XTAN_Emmanuel_Pameruyan","639099412994","14 - Prepaid","Non-Active","June 06, 2025","OK
 PORT:13
 MAKING/FREDDIE
 ===========
 Additional 3 days grace period due to 3 days no connection - hans
 -----------------
 Sept 13 2026- client message to fb page for clarification of his DD
 oLD DD: August 6 2026
 recon - August 14 2026
 got dc early , NEW DD: Sept 14 2026 -Clarisse","1,000","Active","Purok 2 Tanolong Bayambang pangasinan",""
"2233","","1749180280","XDP_Carren_Aquino","639194358441","6 - Prepaid","Non-Active","June 06, 2025","PORT:3
 PIOLO/JEROME","1,000","Active","M.H Del Pilar St., Bayambang, Pangasinan",""
"2234","","1749191980","XSA_Helen_Datuin","639517858288","1 - Prepaid","Non-Active","June 06, 2025","PORT:1
 JOHAN/JOJO
 
 ==========
 OLD DD: OCT 06
 DC 10/10/25
 RC 10/11/25
 NEW DD: NOV 07 2025
 ==================
 june 01 2026- for delete of may bill
 recon- June 01 -Clarisse
 dc: july 12/rc: july 13
 ========
 September 1, 2026 RECONNECTION
 old dd 9
 new dd 1 - hans","1,000","Active","Purok 4,masigasig, san libo, bayambang, pangasinan
 OK",""
"2235","","1749197457","XPS_Leslie_Perez","639987226593","6 - Prepaid","Non-Active","June 06, 2025","PORT:3
 PIOLO/JEROME","1,000","Active","14 Rizal Ave, Poblacion Sur, Bayambang, Pangasinan",""
"2236","","1749197739","XBAL_Jefferson_Tipontipon","639814571803","11 - Prepaid","Non-Active","June 06, 2025","OK
 PORT:1
 JUNE/GILBERT
 ==============
 APRIL 15 2026
 MOVED DUE DATE DUE TO 4 DAYS INTERNET INTERMITTED AT THE AREA 
 OLD DD: 6
 NEW DD:  10-CLARISSE
 ==============
 sept 3 2026 
 OLD DD: 10
 NEW DD: SEPT 11 2026 PLUS 4 DAYS GRACE PERIOD MOVED 1 DAY , REPAIRED BY NOMEL/ALFREDO -CLARISSE","799","Active","Zone 4 baluyot bayambang Pangasinann",""
"2237","","1749203443","XPA_LeviAnn_Alcantara","639122701776","6 - Prepaid","Non-Active","June 06, 2025","port:6
 DANIEL/DARWIN
 ===============
 June 06- advance payment via cash (3000) next due date is Sept 06 2025","1,000","Active","Purok 3 Diki Pangdel, Bayambang, Pangasinan",""
"2238","","1749282632","XHE_Rhoda_Devera","639630070924","22 - Prepaid","Non-Active","June 07, 2025","PORT:3 PIOLO/JEROME
 OLD DD: OCT 07 2025
 DC = OCT 10 2025
 RC 10/25/25 - Ice
 NEW DD: NOV 22 2025","1,000","Active","Purok 2, Hermoza, Bayambang, Pangasinan",""
"2239","","1749285678","XMP_Johnrey_Tomelden","639165969080","7 - Prepaid","Non-Active","June 07, 2025","MAKING / FREEDIE portl7","1,500","Active","Purok II manambong Parte Bayambang Pangasinan",""
"2240","","1749285768","XRE_Rolly_Nacur","639156919326","7 - Prepaid","Non-Active","June 07, 2025","PORT:8
 JOHAN/MIERJOHN","1,000","Active","Purok 1 Reynado Bayambang Pangasinan 15.783769 120.40219",""
"2241","","1749447768","XTE_Christian_Carino","639567325380","17 - Prepaid","Non-Active","June 09, 2025","June 09,2025- Client agreed with the terms and condition for 18 months installment program, 
 Every month Client need to setlle 2,000 from June 16 2025 to November 2026.
 Next DD: jUNE 16
 ==============
 DC 10/21/25 - Ice
 RC 10/22/25 - Ice","2,000","Active","PUROK 1 TELBANG BYB PNG HIGH WAY",""
"2242","","1749452102","TSG1_Riza_Cabansag","639568256749","9 - Prepaid","Non-Active","June 09, 2025","PORT:11
 Jerome /Piolo","1,000","Active","Purok 4 SanGabriel 1st Bayambang Pangasinan",""
"2243","","1749456127","TPU_Alfred_Soriano","639354437271","9 - Prepaid","Non-Active","June 09, 2025","PORT:13 
 Daniel Darwin","1,000","Active","Purok 1, Pugo Bayambang Pangasinan",""
"2244","","1749458588","TTE_Jamaia_Diampuan","639810887978","9 - Prepaid","Non-Active","June 09, 2025","PORT:14
 Jerome /Piolo
 =============
 DC 12/15/25 - Jhun requested","1,000","Active","Purok 7, Telbang Bbang Pangasinan",""
"2245","","1749539086","TPU_Richard_Domingo","639566759425","10 - Prepaid","Non-Active","June 10, 2025","port: 1
 Gilbert June","1,000","Active","Purok 1 Pugo Bbang Pangasinan",""
"2246","","1749539376","MPINE_Gertudes_Espiritu","639095153552","10 - Prepaid","Non-Active","June 10, 2025","port 4
 making freddie
 June 09 2026
 ==========
 Upgrade from 100 to 200MBPS","1,500","Active","162 Pindangan East Alcala Pangasinan",""
"2247","","1749546066","MPINE_Emma_Perrion","639634723496","10 - Prepaid","Non-Active","June 10, 2025","port:2
 making freddie","799","Active","Zone 6 pindangan east alcala pangasinan",""
"2248","","1749608330","XSA_Yolanda_Soriano","639055395708","11 - Prepaid","Non-Active","June 11, 2025","port:4/ Gilbert/June
 
 =========
 RC 10/11/25 - Maya Wallet","1,000","Active","Purok 5 San libo bayambang Pangasinann",""
"2249","","1749610453","XWAR_Zarrah_Manuel","639685892857","11 - Prepaid","Non-Active","June 11, 2025","OK
 port:12
 jerome/piolo
 
 ========
 DC 11/17/25 - Ice","1,000","Active","Purok 5, Warding, Bayambang, Pangasinan",""
"2250","","1749612729","MSPI_MaryAnn_Poserio","639127875157","11 - Prepaid","Non-Active","June 11, 2025","PORT:4
 making freddie","1,000","Active","Zone 7 san pedro ili alcala pang",""
"2251","","1749629857","XPA_Aries_Daypo","639060172358","11 - Prepaid","Non-Active","June 11, 2025","port:9
 piolo/jerome
 
 ==============
 DC 9/16/2025 - Xpacs","1,000","Active","Purok 1, Pangdel, Bayambang, Pangasinan",""
"2252","","1749636591","MSTP_Roma_Pastor","639090893435","11 - Prepaid","Non-Active","June 11, 2025","port:3/ Making /Freddie","1,000","Active","85 san agustin zone 2 sto tomas pangasinan",""
"2253","","1749785362","XMAN_Irene_Cablilan","639300307971","15 - Prepaid","Non-Active","June 13, 2025","PORT:1
 PIOLO/JEROME
 old dd: aug 13
 dc:aug 19
 rc: aug 21
 new dd: 15
 DC 11/19/25 - Ice
 RC 11/19/25 - Ice
 =========
 Additional 3 days grace period due to 3 days no connection – hans","1,000","Active","Purok 2, Managos, Bayambang, Pangasinan",""
"2254","","1749788958","XBUA_Laarni_Delacruz","639664594812","13 - Prepaid","Non-Active","June 13, 2025","PORT:8
 CHARLIE/FREDDIE""
 ==============
 DC 9/17/2025 - Xpacs""
 11/13- paid via cash for month of November bill received by Clarisse","1,000","Active","Purok 5 buayaen b.bang pangsinan",""
"2255","","1749791580","XDP_Jessica_Apalis","639285658954","13 - Prepaid","Non-Active","June 13, 2025","port:4
 Johan/Making
 ============
 Additional 3 days grace period due to 3 days no connection - hans","799","Active","MH DELPILAR BAYAMBANG PANGASINAN
 OK",""
"2256","","1749795606","MCAN_Angel_Corpuz","639677449411","13 - Prepaid","Non-Active","June 13, 2025","GILBERT / JHUN
 PORT:4","1,000","Active","54 Rafal st Canarvacanan Alcala pang",""
"2257","","1749800008","MSN_Mariano_Cacapit","639509472765","13 - Prepaid","Non-Active","June 13, 2025","PORT:6
 GILBERT / JHUN","1,000","Active","Lawton St San nicolas Alcala pangasinan",""
"2258","","1749804185","MSV_Kharen_Daquioag","639687989304","13 - Prepaid","Non-Active","June 13, 2025","PORT:9
 GILBERT / JHUN","799","Active","Zone 3 San vicente Alcala pangasinan",""
"2259","","1749810832","XMP_Raquel_Mondala","639272213039","19 - Prepaid","Non-Active","June 13, 2025","OK
 PORT:9
 mierjohn/boss dong
 Adjusted Due Date from  13-15 of the month due to bad weather lost  of internet 
 ================
 Additional 3 days grace period due to 3 days no connection - hans
 ==========
 August 18, 2026 Downgrade from 100mbps to 50mbps - hans
 ===============================
 August 27 2026 - OLD DD: 15 NEW DD IS 19 DUE TO 4 DAYS NO CONNECTION- REPAIRED -CLARISSE
 NEXT DD: SEPT 19 2026 PLUS 4 DAYS GRACE PERIOD - CLARISSE","799","Active","MANAMBONG PARTE BAYAMBANG PANGASINAN DULO NG VACUATION",""
"2260","","1749868688","XAMS_Loreto_Favi","639177211958","16 - Prepaid","Non-Active","June 14, 2025","PORT:11
 DARWIN/JEF
 ==============
 DC 10/20/25 - Ice
 RC 10/21/25 - Ice
 =============
 old DD 14
 DC 11/18/25 - Ice
 4 days consumed
 RC 11/20
 New DD 12/16-ej","1,000","Active","#26 Amancosiling Sur, Bayambang, Pangasinan",""
"2261","","1749869416","XPA_Lesliemae_Datuin","639550959719","14 - Prepaid","Non-Active","June 14, 2025","port:7
 PIOLO/JEROME","1,000","Active","Purok 1, Pangdel, Bayambang, Pangasinan",""
"2262","","1749886485","XBN_Buddy_Payumo","639626452383","5 - Prepaid","Non-Active","June 14, 2025","port:16
 Making/Freddie
 =======================
 aug 4 2026 requested to recon -clarisse
 8/5/26 reconnected -lester","1,000","Active","Melon Street Bical Norte Bayambang Pangasinan
 OK",""
"2263","","1750053485","DHE_Jander_Publico","639484278006","25 - Prepaid","Non-Active","June 16, 2025","port:8
 Gilbert/Ventura
 DEC 19 2025= OLD DD 16 MOVE TO 25 REQUESTED BY SIR DANTE","1,000","Active","Purok 3, Hermoza Bayambang Pangasinan",""
"2264","","1750056961","MPINE_Romeo_Mindaros","639922058677","16 - Prepaid","Non-Active","June 16, 2025","port:3
 johan/ charlie","799","Active","Galleno st Pindangan centro alcala pangasinan",""
"2265","","1750060201","MPINE_AngelMae_Pamogas","639158682483","16 - Prepaid","Non-Active","June 16, 2025","port:2
 johan/ charlie","1,000","Active","Zone 5 Pindangan Centro Alcala Pangasin",""
"2266","","1750061552","MPINE_Michael_Galleno","639924097905","16 - Prepaid","Non-Active","June 16, 2025","port:3
 johan/ charlie","799","Active","111 Galleno st pindangan centro alcala pangasinan",""
"2267","","1750064489","XMP_Lyka_Medrano","639954095912","16 - Prepaid","Non-Active","June 16, 2025","port:10
 Making/Freddie","1,000","Active","CENTRO MANAMBONG PARTE BAYAMBANG",""
"2268","","1750066021","MPW_Rowena_Pinto","639455939333","20 - Prepaid","Non-Active","June 16, 2025","port:4
 johan/charlie","1,000","Active","Poblacion West Centrum Alcala pangasinan",""
"2269","","1750130429","MPE_Marilyn_Casiguran","639502446953","17 - Prepaid","Non-Active","June 17, 2025","port:5
 johan/michael
 
 RC 10/27/25 - Ice (Marben rec rqst)","1,500","Active","Castañeda St Poblacion East Alcala pangasinan",""
"2270","","1750141820","MPINE_Mitch_Mayo","639287407473","17 - Prepaid","Non-Active","June 17, 2025","port:1/ johan/Michael","799","Active","Zone 1 pindangan West Alcala Pangasinan",""
"2271","","1750145492","XID_Julia_Padua","639070734384","17 - Prepaid","Non-Active","June 17, 2025","port:5/piolo/jerome","1,000","Active","Purok 3, Idong, Bayambang, Pangasinan",""
"2272","","1750150920","MSTP_Jesus_Quidon","639659556665","18 - Prepaid","Non-Active","June 17, 2025","port 3/ 
   
 johan michael
 Old DD 8/18/25
 ==========
 6/01/26 reset modem first offense. -lester","1,000","Active","Zone 6 San agustin Sto Tomas Pangasinan",""
"2273","","1750213882","XSV_Leonora_Tucay","639467496566","17 - Prepaid","Non-Active","June 18, 2025","Nap: 7
 port: 2
 Piolo/jerome","1,000","Active","PUROK 5 SAN VICENTE BAYAMBANG PANGASINAN
 OK",""
"2274","","1750216919","XAMS_Joshua_Asuncion","639124597518","25 - Prepaid","Non-Active","June 18, 2025","port 6
 MIER JOHN / BOSS DONG
 old dd:18/adjusted 7 days-dars/new dd:26","1,000","Active","PUROK 3 AMONGCOSILING SUR BYB PNG",""
"2275","","1750217831","DDU_Gloria_Zacarias","639511787763","18 - Prepaid","Non-Active","June 18, 2025","port  
   
 201-4BYB65LCP1NP5P10
 Gilbert/Jun","1,000","Active","Purok 7 Dusoc Bayambang Pangasinan",""
"2276","","1750218801","MSJC_Ashley_Javier","639772865615","18 - Prepaid","Non-Active","June 18, 2025","PORT 4/ 
   
 johan michael","799","Active","ZONE 1 SAN JUAN ALCALA PANGASINAN",""
"2277","","1750232832","MSPI_Juanne_Papasin","639104121842","18 - Prepaid","Non-Active","June 18, 2025","port4/ 
   
 johan michael","799","Active","Zone 5 San pedro ili alcala pangasinana",""
"2278","","1750237720","MSV_Jollibee_Mones","6399941909916","18 - Prepaid","Non-Active","June 18, 2025","OK
 port:4
 johan /michael","1,000","Active","12 gabut st san vicente alcala pangasinan",""
"2279","","1750297962","MPW_Emilio_Villon","639081057676","19 - Prepaid","Non-Active","June 19, 2025","PORT 9
  
   
 JOHAN / MICHAEL","1,500","Active","Zone 4 poblacion west Alcala Pangasinan",""
"2280","","1750301189","XWAR_Precy_Factor","639464958748","19 - Prepaid","Non-Active","June 19, 2025","201-4BYB65LCP1NP4P7  
 PIOLO / JEROME","799","Active","Purok 3, Warding , Bayambang, Pangasinan",""
"2281","","1750301580","MPE_Magdalena_Castillo","639707155933","19 - Prepaid","Non-Active","June 19, 2025","PORT 10
  
   
 JOHAN / MICHAEL
 
 MPW_Magdalena_Castillo","1,000","Active","Funston st Pob east alcala pangasinan",""
"2282","","1750302991","TBUA_Francisco_Ordinario","639070579899","19 - Prepaid","Non-Active","June 19, 2025","PORT 1  
   
 Jef / Darwin","1,000","Active","Purok 1 Talimpugo st. Buayaen Bbang Pangasinan",""
"2283","","1750307057","XMS_Vilma_Tantay","639674901766","19 - Prepaid","Non-Active","June 19, 2025","PORT 10
 mierjohn/boss dong
 ============
 DC 11/25/25 - Ice
 RC 11/26","1,000","Active","PUROK 3 MANAMBONG SUR BYB PNG",""
"2284","","1750312597","TBA_Melanie_Gumobao","639946840385","19 - Prepaid","Non-Active","June 19, 2025","PORT 3
  
   
 Gilbert /Jhun","1,000","Active","Don Pascual 1 Bani Bayambang Pangasinan",""
"2285","","1750317807","MNN_Aeron_Bautista","639939424522","21 - Prepaid","Non-Active","June 19, 2025","PORT 1
   
 johan/ michael","1,000","Active","Zone 2 primicias bautista Pangasinan",""
"2286","","1750388762","MPINE_Renelito_Nario","639762263953","20 - Prepaid","Non-Active","June 20, 2025","PORT 5
 johan/michael","700","Active","Zone 4 pindangan west alcala pang",""
"2287","","1750389337","XCAC_Angelo_Ricare","639054565084","19 - Prepaid","Non-Active","June 20, 2025","PORT 5
 mierjohn/boss dong
 ========
 6/01/26 first offense reset modem","1,000","Active","BRGY. CACANDONGAN BAUTISTA PANGASINAN PORT 5",""
"2288","","1750401852","MSTP_Jim_Peru","639858918395","20 - Prepaid","Non-Active","June 20, 2025","PORT 2
 johan/ michael","1,000","Active","Zone 4 sto nino sto tomas pangasinan",""
"2289","","1750402880","XAMS_Mischil_Romero","639929067510","20 - Prepaid","Non-Active","June 20, 2025","201-4BYB65LCP1NP5P5
 GILBERT / JHUN
 ============
 DC 11/25/25 - Ice (DC of DD 19 - 22)
 RC 11/25/25 - Ice","1,000","Active","Purok 2 amangcosiling sur bayambang Pangasinan",""
"2290","","1750403143","DPA_Jefferson_Fernandez","639275339045","25 - Prepaid","Non-Active","June 20, 2025","201-1BYB26LCP1NP1P14
 Jerome/Piolo","1,000","Active","Purok 1 :Pangdel  B.Bang pangasinan
 Tapat ng kainan",""
"2291","","1750408149","MSPI_MarkAldwin_velasco","63922055639","20 - Prepaid","Non-Active","June 20, 2025","PORT 4
 johan / michael","799","Active","Zone 3 san pedro ili alcala pang",""
"2292","","1750469510","MSPI_Remedios_Ancheta","639481117915","23 - Prepaid","Non-Active","June 21, 2025","","800","Active","Zone 4 San pedro Ili Alcala pangasinan
 PORT 1
 JOHAN / MICHAEL ASUNCION",""
"2293","","1750474625","MBSM_Reynaldo_Fronda","639667545772","21 - Prepaid","Non-Active","June 21, 2025","","700","Active","Sitio cabalitian, bersamin, alcala, Pangasinan
  
   
 PORT 1
  
   
 JOHAN / MICHAEL ASUNCION",""
"2294","","1750476274","XRE_Rowena_Rosales","639638595309","28 - Prepaid","Non-Active","June 21, 2025","OK
 NAP2 PORT7
 Piolo/dong
 ==========
 Additional 7 days grace period - hans","1,000","Active","Purok 1 Renado B.Bang Pangasinan",""
"2295","","1750484636","MPW_Junard_Danzil","639776986561","21 - Prepaid","Non-Active","June 21, 2025","","700","Active","19 MAlone St Poblacion West Alcala pangasinan
  
   
 PORT 11
 JOHAN / MICHAEL ASUNCION",""
"2296","","1750486591","MSPI_Genica_Alvaran","639053190689","21 - Prepaid","Non-Active","June 21, 2025","Lcp:
 Port:4
 Nap:
 TECHNICIAN: renz - juhn v","1,000","Active","Funston st canarvacanan alcala pang
 PORT 7
  
   
 JOHAN / MICHAEL ASUNCION",""
"2297","","1750489477","XMS_Marilou_Ruben","639934721465","21 - Prepaid","Non-Active","June 21, 2025","PORT 10
 Piolo/dong","1,000","Active","Purok 2 manambong sur B.Bang Pangasinan",""
"2298","","1750644667","XTE_Saidamen_Bandas","639285710026","3 - Prepaid","Non-Active","June 23, 2025","RC 10/11/25
 ==========
 Old dd 23
 DC 9/29
 6 days consumed
 RC 10/10
 New DD 11/3/25","1,000","Active","Purok 7 Telbang B.Bang Pangasinan - MUSLIM COMPOUND
  
   
 201-1BYB65LCP1NP P16
  
   
 PIOLO / PAPA DONG",""
"2299","","1750660739","XMAN_Markjershon_Bautista","639073798874","23 - Prepaid","Non-Active","June 23, 2025","","1,000","Active","Purok 6 managos bayambang pangasinan
 201-4BYB65LCP1NP7P4
  
   
 JOHAN / MICHAEL",""
"2300","","1750728032","TSV_Arnold_Delacruz","639701967789","24 - Prepaid","Non-Active","June 24, 2025","201-1BYB26LCP1NP2P9
 Gilbert /Jun
 
 08/30/25- PAID VIA CASH REMIT","1,000","Active","Purok 1 SanVicente Kapantulan Bayambang Pang
 OK",""
"2301","","1750735766","MBAU_MarkJhan_Ballesteros","639810145815","26 - Prepaid","Non-Active","June 24, 2025","NAPBOX:3
 LCP:5
 Port:1
 TECHNICIAN:piolo/Alfredo","799","Active","Rizal st Villanueva Bautista Pangasinan
 OK",""
"2302","","1750740196","XPAL_MariaFe_Liberato","639318078324","3 - Prepaid","Non-Active","June 24, 2025","203 BAU LCP NP P2
 Daniel Lee Charlie
 ========
 3 days due date adjustment - hans
 ------------------------
 SEPT 23 2026
 OLD DD: AUGUST 28 PLSU 3 DAYS ADJUSTMENT
 NEW DD"" OCTOBER 3 2026 -CLARISSE","1,000","Active","#30 zone 2 Palisoc Bautista Pangasinan
 OK",""
"2303","","1750742470","MNN_RoseMarie_Castillo","639550805857","26 - Prepaid","Non-Active","June 24, 2025","OK
 PORT 2
 johan michael","700","Active","Zone 2 Primicias Bautista Pangasinan",""
"2304","","1750753959","MPW_Claire_Calica","639063834726","26 - Prepaid","Non-Active","June 24, 2025","PORT 5
 johan michael","800","Active","Malone st pob west alcala pangasinan
 OK",""
"2305","","1750754061","XAM2_Minchen_Basilio","639281484640","24 - Prepaid","Non-Active","June 24, 2025","==========
 DC 10/28/25 - Ice
 RC 10/28/25 - Ice","1,500","Active","Purok 1 Ambayat 2nd Bayambang Pangasinan 
 201-4BYB65LCP1NP12P12
 Ma king / Mark Freddie",""
"2306","","1750757374","XBE_Marylyca_Galsim","639511228363","24 - Prepaid","Non-Active","June 24, 2025","Nap 1 Port 9","1,000","Active","Purok 5, Bongato East Bayambang Pangasinan Philippines
 201-4BYB65LCP1NP1P9
 Boss D. / Jffrsn",""
"2307","","1750821247","XMAN_Sally_Salcedo","639388186031","26 - Prepaid","Non-Active","June 25, 2025","","1,000","Active","Purok 2 managos bayambang Pangasinann 
 201-4BYB65LCP1NP4P9
 GILBER / JUNE",""
"2308","","1750822192","DMA_Noel_Manganti","639275911833","15 - Prepaid","Non-Active","June 25, 2025","OK
 Nap6 Port5
 Mierjohn/Dong
 ==============
 Old DD 25
 DC 10/29/25 - Ice (Dante Rqst)
 4 days consumed
 RC 11/8
 New DD 12/4
 for delete Nov. Bill-EJ
 -----------------------------
 new dd: December 9 due to 11/10 no los resolved by 11/15/25=clarisse
 ================
 old dd 9 MOVED TO 15 requested by Sir Dante","1,000","Active","Purok 6, Malioer Bayambang Pangasinan",""
"2309","","1750822414","XID_Rosario_Ramos","639914805159","25 - Prepaid","Non-Active","June 25, 2025","OK
 PORT 9
 piolo/Jerome","1,000","Active","Purok 2, Idong, Bayambang, Pangasinan",""
"2310","","1750823196","XTAN_Nieves_Junio","639304240454","25 - Prepaid","Non-Active","June 25, 2025","201-1BYB49LCP1NP8P6
 Johansen/michael
 ============
 DC 11/28/25 - Ice (DD of 25)","1,000","Active","Sitio pangdel purok 3 tanolong bbang pang",""
"2311","","1750831321","DPA_Lorence_Carino","639107883268","19 - Prepaid","Non-Active","June 25, 2025","Reconnection July 1, 2026
 New due date every first of the month - hans
 ============================
 September 07 2026 - 
 OLD DD: 1
 RC: AUGUST 19 2026
 NEW DD: SEPT 19 2026 PLU S 4 DAYS GRACE PERIOD-CLARISSE","1,000","Active","Purok 2, Pangdel Bayambang Pangasinan 
 PORT 5
 Mierjohn/Dong",""
"2312","","1750835636","XMA_Shirley_Castro","639511229535","25 - Prepaid","Non-Active","June 25, 2025","","1,000","Active","Purok 1, Malioer, Bayambang, Pangasinan
 201-4BYB65LCP1NP2P4
 piolo/Jerome",""
"2313","","1750910730","XNS_Argie_Anasco","639072217712","15 - Prepaid","Non-Active","June 26, 2025","OK
 PORT 6
 JOHAN / MICHAEL
 ==========
 DC 10/29/25 - Ice
 RC 11/3/25 - Ice
 DCNOV 29
 RC DEC 15 VIA WEBSITE NEW DD JAN 15 2026","1,000","Active","ZONE 7 NIBALIW SUR BAUTISTA PANGASINAN",""
"2314","","1750915645","MPW_Alcala_Central","63908865379","11 - Prepaid","Non-Active","June 26, 2025","August 11, 2026 Reconnection
 Old dd 26
 new dd 11 - hans","1,200","Active","Pob west alcala central school 
 PORT 5
 jun bartulo",""
"2315","","1750926996","THE_Rodelio_Mauricio1","639972249933","26 - Prepaid","Non-Active","June 26, 2025","PORT 4
 Jerome / Piolo","1,000","Active","Purok 2, Hermosa Bbang Pangasinan",""
"2316","","1750927051","THE_Rodelio_Mauricio2","639972249933","26 - Prepaid","Non-Active","June 26, 2025","PORT 5
 Jerome / Piolo","1,000","Active","Purok 2, Hermosa Bbang Pangasinan
 OK",""
"2317","","1750930308","XWAR_Rosario_Espejo","639562106353","15 - Prepaid","Non-Active","June 26, 2025","==========
 DC 10/29/25 - Ice
 old dd 26
 
 RC DEC 4
 NEW DD"" JAN 4
 ===================
 client old dd: feb 01
 DC : FEB 04
 March 04- RC- NEW DD
 -cLARISSE 
 ====================
 july 9 2026
 client called complained why they got dc early.
 they paid last June 19 2026- less 4 days
 new DD: EVERY 15TH OF THE MONTH-cLARISSE","1,000","Active","Purok 1 warding bayambang Pangasinann 
 201-4BYB65LCP1NP3P2
 Ma king / Gilbert",""
"2318","","1751007902","XTA_Lina_Aquino","639508251024","28 - Prepaid","Non-Active","June 27, 2025","==========
 DC 10/30/25 - Ice
 ---------------
 12/26 PAID AT MAAM MINDA WILL REMIT TOM. DEC 27 2025
 old dd:27/new dd:30-darz
 =========
 May 29, 2026 - Downtime
 OLD DD - 28
 NEW DD - Still 28 kasi bawal lumagpas sa 28 ang due date pero dinagdagan ang grace period
 2 days no Connection - hans","1,000","Active","PUROK 2 TATARAC BAYAMBANG PNG
  201-4BYB65LCP1NP5P16
 Johansen/michael",""
"2319","","1751010963","XAMS_Rolando_Agliron","639858716408","27 - Prepaid","Non-Active","June 27, 2025","PORT 2
 Daniel Lee June V","1,000","Active","Purok 2 Amancosiling Sur Bayambang Pangasinan 
 OK",""
"2320","","1751011276","XAMN_Remedios_Bato","639325296783","28 - Prepaid","Non-Active","June 27, 2025","==========
 DC 10/30/25 - Ice
 RC 10/30/25 - Ice
 ========
 June 3, 2026
 Downgrade from 100mbps to 50mbps - hans
 new dd:3","799","Active","purok 3 Amangcosiling norte BYB PNG
 PORT 14
 mierjohn/boss dong",""
"2321","","1751255118","XBUA_Shirely_Extra","639859559377","11 - Prepaid","Non-Active","June 30, 2025","OLD DD: 28
 RC: JUNE 11 2026
 NEW DD: JULY 11 PLUS 7 DAYS GRACE PERIOD-CLARISSE","1,000","Active","Sacbit st buayaen bayambang Pangasinann 
 LCP1NP3P2
  
   
 Gilbert / making",""
"2322","","1751265928","MSTP_Trishia_Labiano","639664381595","28 - Prepaid","Non-Active","June 30, 2025","","1,000","Active","Zone 2 Poblacion East Alcala Pangasinan
 PORT 1
 JOHAN / MICHAEL",""
"2323","","1751273429","XBE_MaureenGay_Rosalada","639100279546","28 - Prepaid","Non-Active","July 01, 2025","OK
 201-4BYB65LCP1NP2P3
 jhun./charlie
 ORIGINAL DUE DATE IS JULY 30 2025, SYSTEM GENERATED JULY 01,  JUST MAKE AN ADJUSTMENT TO JULY 28 ON THE SYSTEM.
 NEXT DD: AUG 30 2025
 ==========
 DC 11/3/25 - Ice
 RC 11/3/25 - Ice
 old dd:28/adjusted 7 days/new dd: 5-darz","1,000","Active","Purok 3 bongato east bayambang pangasinan",""
"2324","","1751335805","MSPI_Estela_Duque","639507677786","1 - Prepaid","Non-Active","July 01, 2025","PORT 6
 johan / michael
 delete july billing","1,000","Active","Zone 2 San pedro ili alcala pang
 OK",""
"2325","","1751352837","MNN_Fernando_Justo","639919228534","1 - Prepaid","Non-Active","July 01, 2025","","1,000","Active","Zonen 2 villanueva bautista pangasinan
 Near INC
 ALC LCP10NP7P1
 johan michael",""
"2326","","1751357079","XAMS_Noly_Mangrobang","639125518619","1 - Prepaid","Non-Active","July 01, 2025","","1,000","Active","PUROK 1 AMANGCOSILING SUR BYB PNG 15.776893 / 120.455405
 201-1BYB49LCP1NP6P1
 mierjohn/boss dong",""
"2327","","1751357135","XAMS_Carmelita_Devera","639158394195","1 - Prepaid","Non-Active","July 01, 2025","========
 DC 11/4/25 - Ice
 RC 11/4/25 - Ice","1,000","Active","Amancosiling sur Bayambang Panggasinan
 PORT 8
 mierjohn/boss dong",""
"2328","","1751359337","MSPA_Michael_Madamca","639318635716","20 - Prepaid","Non-Active","July 01, 2025","DC 9/8/2025 rqst Marben Lucero
 RC 10/15/25 - Ice
 ==========
 Recon 12/16/25 - Marben Gcash to Maya
 ===========
 OLD DD-FEB 01
 DC:FEB 3
 RC-FEB 20 2026
 NEW DD: 20-CLARISSE","799","Active","Purok 3 San pedro ili alcala pangasinan Likod ng plaza
 PORT 3
 johan michael",""
"2329","","1751436235","TSV_Lheo_Sison","639621833193","2 - Prepaid","Non-Active","July 02, 2025","","1,000","Active","Purok 6 SanVicente Bunkulan Bayambang Pangasinan
 201-4BYB64LCP1NP6P11
 Near Nancy Store
 Jerome / Piolo",""
"2330","","1751441446","TTE_Victor_Dulay","639816686008","2 - Prepaid","Non-Active","July 02, 2025","Jerome / Piolo
 201-4BYB65LCP1NP8P14","1,000","Active","25 Telbang Bbang Pangasinan
 Beside Petron Gas station Telbang
 OK",""
"2331","","1751449061","MSPI_Elsie_Jimenez","639460799139","2 - Prepaid","Non-Active","July 02, 2025","","1,000","Active","Sitio cupi san pedro ili alcala pangasinan
 PORT 15
 JOHAN MIERJOHN",""
"2332","","1751449185","MSPI_Joanamarie_Sadorra","639949741151","2 - Prepaid","Non-Active","July 02, 2025","PORT 14
 JOHAN MIERJOHN","1,000","Active","Sitio cupi san pedro ili alcala pang.
 OK",""
"2333","","1751509441","XMP_Marchenry_Paral","639638592716","3 - Prepaid","Non-Active","July 03, 2025","","1,000","Active","Purok 3 sotio centro manambong parte Bayambang Pangasinan
 PORT 11
  TABI NG HYDR8 WATER STATION, BABA NG EVACUATION CENTER
 JOHAN / MICHAEL",""
"2334","","1751514336","XSA_Priscilla_Eslit","639391307857","3 - Prepaid","Non-Active","July 03, 2025","PORT 16
 MIER JOHN","1,000","Active","PUROK 7 SANLIBO BYB PNG
 OK",""
"2335","","1751522738","XBUA_Elmer_Estioko","639359475064","3 - Prepaid","Non-Active","July 03, 2025","","1,000","Active","Requilman st buayaen bayambang Pangasinann 
 201-3BYB24LCP1NP2P3 
 gilbert / Ma king",""
"2336","","1751528267","DPA_Mico_Magat","639271189898","3 - Prepaid","Non-Active","July 03, 2025","","1,000","Active","Purok 1, Pangdel Bayambang Pangasinan 
 201-3BYB24LCP1NP4P13
 Daniel/Ventura",""
"2337","","1751531493","XDP_Gurjeet_Kaur","639949609514","3 - Prepaid","Non-Active","July 03, 2025","========
 DC 11/7/25 - Ice
 RC 11/7/25 - Ice","1,000","Active","Purok 4 m. H del pilar bayambang pangasinan
 201-1BYB26LCP1NP5P6
 JOHAN / MICHAEL",""
"2338","","1751596963","XTE_Arnel_Sabangan","639981539055","11 - Prepaid","Non-Active","July 04, 2025","201-3BYB7LCP1NP5P7
 PIOLO/ CHARLIE
 ==========
 adjust duedate 7days compensation old4, new11 -lester","1,000","Active","Purok 1 telang bayambang pangasinan
 OK",""
"2339","","1751598649","XKIS_Royceann_Bartolome","639351667183","4 - Prepaid","Non-Active","July 04, 2025","","799","Active","314 Santiago Street Zone 6, Kisikis Alcala NEAR REFRESH RESORT
 PORT 3
 JOHAN / MICHAEL",""
"2340","","1751602717","XSA_Zoila_Padua","639079624249","11 - Prepaid","Non-Active","July 04, 2025","july 12- reported via fb page no connection, 
 old dd: 4/ adjusted 7 days-darz/ new dd: 11","1,000","Active","PUROK 7 Sanlibo BYB PNG 15.805745  120.301245 
 PORT 7
 MIER JHON / DONG",""
"2341","","1751614879","XTA_Gina_Aquino","639635184700","2 - Prepaid","Non-Active","July 04, 2025","==============
 DC 9/10/2025 - Xpacs
 RC- 9/12/25-Ej
 
 ===============
 DC 10/8/2025
 RC 10/8/2025","1,000","Active","Ramon st. Purok 2 tatarac bayambamg pangasinan
 201-4BYB65LCP1NP5P8
 JOHAN / MICHAEL",""
"2342","","1751617340","XPW_Eduardson_Ong","639454900652","4 - Prepaid","Non-Active","July 04, 2025","PORT 9
 Freddie / Jffrsn","1,000","Active","Poblacion West Bautista Pangasinan
 OK",""
"2343","","1751625530","XSA_Shiela_Garcia","639487938158","17 - Prepaid","Non-Active","July 04, 2025","===============
 DC 10/9/2025
 RC 10/10/2025
 ========
 DC 11/7/25 - Ice
 RC 11/14/25 - Ice
 4 days no connection last november
 NEW DD: DEC 14 2025
 DC:Feb.18-RC:March 22- New DD:19 -darz
 new dd-23-darz
 old dd:23/adjusted 7 days-darz/ new dd:30
 ============
 August 17, 2026 Reconnection
 Old dd 28
 new dd 17 - hans","1,000","Active","PUROK 6 Sanlibo BYB PNG / BYBLCP1NP1P2
 MIER JOHN / PAPA DONG",""
"2344","","1751685789","XTE_Michael_Bagayas","639496397310","7 - Prepaid","Non-Active","July 05, 2025","===============
 DC 10/9/2025
 RC 10/10/2025
 ==================
 MAY 29 2026
 OLD DD: 5
 NEW DD: 7
 2 DAYS NO CONNECTION-CLARISSE","1,000","Active","Matampuhin St, Purok 6, Telbang, Bayambang, Pangasinan
 Charles/Piolo/Jerome
 201- BYB LCP1 NP6 P4",""
"2345","","1751690652","XAMS_Jhamela_Junio","639859759648","1 - Prepaid","Non-Active","July 05, 2025","LCP1 NP3 P PORT13
 Ma king / Gilbert
 ==========
 Additional 3 days grace period due to 3 days no connection - hans
 ========
 September 3, 2026 RECONNECTION
 old dd 5
 new dd 1 - hans","1,000","Active","PUROK 3 AMANGCOSILING SUR BYB PNG",""
"2346","","1751858253","XCAC_Fe_Serafin","639674654844","7 - Prepaid","Non-Active","July 07, 2025","201- BYB65LCP NP P8
 Freddie / Jffrsn","1,000","Active","Zone 7 Dike Side, Cacandongan Bautista Pangasinan Philippines
 OK",""
"2347","","1751870111","MPW_Angelika_Moraleda","639955158434","25 - Prepaid","Non-Active","July 07, 2025","PORT 2
 johan Michael
 OLD DD 7 NEW DD 15","1,000","Active","Funston st Poblacion West Alcala Pangasinan
 OK",""
"2348","","1751949745","TMAN_Ronaldo_Galindo","639916839700","26 - Prepaid","Non-Active","July 08, 2025","OK
 LCP1NP P5
 Bartolo / Jhun
 DC:April 12/RC26/ NEW DD:22-DARZ","1,000","Active","Purok 2, Managos Bayambang Pangasinan",""
"2349","","1751961646","XNN_EduardJohn_Cayabyab","639125541506","15 - Prepaid","Non-Active","July 08, 2025","PORT 15
   CHARLIE / PIOLO
  old DD:8- new DD:15 as per maam Clarisse","799","Active","Nibaliw norte bayambang pangasinan
 OK",""
"2350","","1752031580","XCAC_Leikaanne_Cabanilla","639957823581","24 - Prepaid","Non-Active","July 09, 2025","PORT 6
 mierjohn/boss dong
 ==============
 DC 9/12/2025 - Xpacs
 RC 9/20.25
 New DD 10/17/25
 
 ==========
 DC 10/22/25 - Ice
 RC 10/23/25 - Ice
 ===========
 DC 11/20/25 - Ice
 RC 11/20/25 - Ice
 ===========
 Done Pullout Modem/Unplugged port6 -adrian/renz 
 ===========
 8/24/26 recon.","1,000","Active","Cacandongan Bautista
 OK",""
"2351","","1752038355","MSV_Manny_Caburian","63995443971","9 - Prepaid","Non-Active","July 09, 2025","","1,000","Active","Zone 3 San Vicente Alcala Pangasinan
 PORT 12
 Daniel Lee June V",""
"2352","","1752048897","XWAR_Myra_Esteban","639667941239","9 - Prepaid","Non-Active","July 09, 2025","","799","Active","Purok 3, Warding Bayambang Pangasinan Philippines
 201-4BYB65LCP1NP4P8
 Freddie / Jffrsn",""
"2353","","1752049404","XTAM_Rico_Dejesus","639063021511","9 - Prepaid","Non-Active","July 09, 2025","============
 DC 10/14/25 - Ice
 RC 10/14/25 - Ice","1,000","Active","Purok 5, Tampog, Bayambang, Pangasinan
 201-3BYB7LCP1NP5P13
  
   
 Piolo/Jerome",""
"2354","","1752053067","MSPI_King_Ramos","639338207053","9 - Prepaid","Non-Active","July 09, 2025","","1,000","Active","MJ Building San Pedro Ili alcala Pangasinan
 PORT 7
 Daniel Lee June V",""
"2355","","1752113990","XBE_Dante_Guno","639159567927","10 - Prepaid","Non-Active","July 10, 2025","==========
 DC 10/16/25 - Ice
 RC 10/16/25 - Ice","1,000","Active","Bongato east bayambang pangasinan
 201-3BYB7LCP1NP6P10
 JOHAN / MICHAEL",""
"2356","","1752130892","MSPI_Arnold_Agulan","639951820399","10 - Prepaid","Non-Active","July 10, 2025","","1,000","Active","Cupi rd Sna pedro Ili alcala pangasinan
 PORT 5
 Bartulo/jun",""
"2357","","1752134032","XMS_Valeriano_Abaoag","639567929406","9 - Prepaid","Non-Active","July 10, 2025","==========
 Old DD 10
 DC 10/16/25 - Ice
 6 days consumed
 RC 11/5
 New DD 11/29-EJ
 ========
 DC 11/17/25 - Ice
 RC 11/18/25 - Ice
 DD:29 CHANGED TO 28-DARZ
 ========
 DC 02/01/2026
 Rc 02/09/2026
 Old DD - 28 of the month
 New DD - 9th of the month
 Next DD - March 09, 2026 - HANS","1,000","Active","#160 Purok 2, Manambong Sur Bayambang Pangasinan Philipines
 PORT 5
 Freddie / Jffrsn",""
"2358","","1752134115","XANU_KristineAnn_Cabuquid","639924262736","10 - Prepaid","Non-Active","July 10, 2025","========
 DC 11/17/25 - Ice
 RC 11/18/25 - Ice","1,000","Active","Purok 2 anulid alcala pangasinan
 ALC LCP2NP5P3
 PIOLO/ CHARLIE",""
"2359","","1752136479","MSPI_Corina_Fidel","639086163317","10 - Prepaid","Non-Active","July 10, 2025","========
 DC 11/17/25 - Ice","1,000","Active","zone 3 Arboleda st San pedro ili alcala pang
 PORT 5
 johan michael",""
"2360","","1752136812","MCAN_Jenny_Baun","639925063282","10 - Prepaid","Non-Active","July 10, 2025","port 3","1,000","Active","ZONE 6 CANARVACANAN ALCALA PANG
 PORT 5
 johan /michael",""
"2361","","1752137353","MSV_Lawag_Renopa","639951515879","10 - Prepaid","Non-Active","July 10, 2025","","1,000","Active","Zone 3 San vicente Alcala Pangasinan
 PORT 16
 bartulo jun",""
"2362","","1752198888","MSV_Frelyn_Salayog","639518654817","11 - Prepaid","Non-Active","July 11, 2025","","1,000","Active","Zone 5 San vicente alcala pangasinan
  
   
 PORT 10
 
 JOHAN / MICHAEL",""
"2363","","1752287291","MSPA_Rolando_Bagasin","639635187840","12 - Prepaid","Non-Active","July 12, 2025","","1,000","Active","Purok 4 san pedro apartado
  
   
 PORT 6
 johan michael",""
"2364","","1752290374","XSPA_Ronalyn_Nelmida","639081537496","18 - Prepaid","Non-Active","July 12, 2025","OK
 DC 8/21/25
 RC-8/23/25","799","Active","San Pedro Apartado Alcala",""
"2365","","1752459058","MSPI_Elizabeth_Pitpitan","639956317328","14 - Prepaid","Non-Active","July 14, 2025","","1,500","Active","Zone 5 San pedro ili alcala pangasinan
 PORT2
 Daniel Lee June V",""
"2366","","1752464265","XHE_Myrla_Dacanay","639662668442","9 - Prepaid","Non-Active","July 14, 2025","201-1BYB49LCP1NP3P1
 Michael / Jffrsn
 
 7/3/26 Duedate adjusted 7 days, old2 ,new9 -lester","1,000","Active","Purok 5, Hermoza Bayambang Pangasinan Philippines
 OK",""
"2367","","1752470546","MPE_Reneboy_Ramos","639812902919","14 - Prepaid","Non-Active","July 14, 2025","","799","Active","Zone 5 poblacion East Alcala Pangasinan
 PORT 13
 Daniel Lee June V",""
"2368","","1752475681","MCAN_Erica_Aguirre","63981083083","13 - Prepaid","Non-Active","July 14, 2025","PLAN DOWNGRADE AND RECONNECTION
 DC 02/23/2026
 RC 04/13/2026
 OLD DD 14
 NEW DD 13
 NEXT DD 05/13/2026 - HANS","799","Active","Zone 6 canarvacanan Alcala pangasinan
 PORT 10
 Daniel Lee June V",""
"2369","","1752481130","XTAM_Randy_Villegas","639077514776","28 - Prepaid","Non-Active","July 14, 2025","PORT:2 
 
 Old dd: August 14
 dc-august 19
 Client wants to have new due date every 30th of the month offered to pay  1565 in order to moved due date. client agreed waiting for payment.
 next dd: sept 30
 
 
 DD:30 CHANGED TO 28-DARZ","1,500","Active","#5 Purok 1, Tampog Bayambang Pangasinan Philippines
 PORT 1
 JEFF / PAPA DONG",""
"2370","","1752481494","MBSM_RoseAnn_Balanquit","639187190324","14 - Prepaid","Non-Active","July 14, 2025","","1,000","Active","CABALITIAN BERSAMIN ALCALA PANGASINAN
  
   
 PORT 1
 johan michael",""
"2371","","1752481564","XBUA_Lolita_Bacarisas","639947456940","14 - Prepaid","Non-Active","July 14, 2025","","1,000","Active","PUROK 2 TALIMPOGO STREET BUAYAEN BYB PNG
 PORT 7
 johan michael",""
"2372","","1752481623","XBUA_Poldo_Bacani","639932463433","14 - Prepaid","Non-Active","July 14, 2025","PORT 8 
 johan michael","1,000","Active","PUROK 2 TALIMPOGO STREET BUAYAEN BYB PNG
 PORT 8 
  
   
 johan michael",""
"2373","","1752488447","XAMN_Catherine_Cardano","639352919479","14 - Prepaid","Non-Active","July 14, 2025","/ 15.779819 120.456884
 PORT 10
 Gilbert/making","1,000","Active","PUROK 4 AMANGCOSILING NORTE BYB PNG",""
"2374","","1752545259","DHE_Jovan_Samonte","6396009909","15 - Prepaid","Non-Active","July 15, 2025","","1,000","Active","Purok 3, Hermoza Bayambang Pangasinan 
 201-1BYB64LCP1NP7P12
 Piolo/Jerome",""
"2375","","1752552246","XAMS_Krizlle_Mariano","639159355861","15 - Prepaid","Non-Active","July 15, 2025","DC 11/19/25 - Ice
 RC 11/19/25 - Ice","1,000","Active","Purok 5 Amancosiling Sur, BYB PNG / 
 PORT 12
 GILBERT / MAKING",""
"2376","","1752557347","MSPI_Kim_Valdez","639986301904","29 - Prepaid","Non-Active","July 15, 2025","PORT 9
 JOHAN / MICHAEL
 March 21 2026- agent requested to unpaid , agent paid the wribng client- delete then add bill-clarisse","1,000","Active","Zone 4 san pedro ili alcala pangasinan",""
"2377","","1752560476","ASA_Michelle_Caldito","639273564403","15 - Prepaid","Non-Active","July 15, 2025","SIR JAY PINA ACTIVATE
 RC- JULY 15 2025
 =======
 Additional 3 days grace period due to 3 days no connection - hans","1,000","Active","SANLIBO BAYAMBANG PANGASINAN",""
"2378","","1752561885","MPINE_Susan_Barroga","639457705171","15 - Prepaid","Non-Active","July 15, 2025","","1,000","Active","Zone 4 pindangan centro alcala pangasinan
 PORT 4
 JOHAN / MICHAEL",""
"2379","","1752564731","MSN_Richard_Cabico","639107371169","15 - Prepaid","Non-Active","July 15, 2025","","1,000","Active","96merit st san nicolas alcala pangasinan
 PORT 5
 JOHAN / MICHAEL",""
"2380","","1752565457","XBUA_Buayaen_Skcouncil","639683162367","23 - Prepaid","Non-Active","July 15, 2025","OLD DD: JAN 15
 DC: JAN 19 2026
 RC-FEB 27
 NEWDD: MARCH 23 2026-CLARISSE","1,000","Active","Purok 4, Buayaen Bayambang Pangasinan Philippines
 PORT 11
 Joemari / Jffrsn",""
"2381","","1752569288","MPW_Benjamin_Danzil","639672859573","15 - Prepaid","Non-Active","July 15, 2025","","799","Active","Malone st pob west alcala pangasinan
 PORT 12
 JOHAN / MICHAEL",""
"2382","","1752632811","MSPI_Jupylyn_Miguel","639203428583","16 - Prepaid","Non-Active","July 16, 2025","FEB 18 2026- AGENT REQUESTED TO DOWNGRADED-CLARISSE FROM 1500-1000","1,000","Active","Zone 7 san pedro ili alcala pangasinan
 JOHAN / MICHAEL
 PORT 3",""
"2383","","1752645908","XMS_Gina_Lanorio","639158344564","16 - Prepaid","Non-Active","July 16, 2025","PORT 13
 Daniel Lee June V","1,000","Active","Lanorio compound Purok 2 Manambong Sur Bayambang Pangasinan",""
"2384","","1752646952","XBED_Dyanross_Cabigas","639566273754","28 - Prepaid","Non-Active","July 16, 2025","PORT 13
 DARWIN / CHARLIE / Daniel Lee June V
 new dd-24-darz
 ==========
 Additional 3 days due date adjustment - hans","1,000","Active","PUROK 7 BEDANIA MANGATAREN PNG",""
"2385","","1752652267","TSG1_Ana_Estrada","639674673720","16 - Prepaid","Non-Active","July 16, 2025","OK
 Nap 8 Port 7
 Johan/ Michael","1,000","Active","Purok 7 SnGabriel 1st Bayambang Pangasinan",""
"2386","","1752653652","TWA_Jonelyn_Salonga2","639608171837","16 - Prepaid","Non-Active","July 16, 2025","","1,500","Active","PUROK 2 WAWA, BYB PNG /  / 201-3BYB7LCP1NP7P11
 Johan/ Michael",""
"2387","","1752720655","MSPI_Limuel_Asuncion","639854837408","17 - Prepaid","Non-Active","July 17, 2025","","1,000","Active","Arboleda st san pedro ili alcala pangasinan
 PORT 4
 JOHAN / MIHCAEL",""
"2388","","1752734313","MLAO_RoseMarie_Velo","639123198634","17 - Prepaid","Non-Active","July 17, 2025","","799","Active","Zone 1 laoac east alcala pangasinan
 ALC LCP4 NP8 P6
 JOHAN / MIHCAEL",""
"2389","","1752735825","XTE_Lorna_Macasieb","639605562848","17 - Prepaid","Non-Active","July 17, 2025","DC 11/19/25
 RC 11/19/25 - Ice","1,000","Active","PUROK 7 TELBANG BYB PNG // PORT 9
 MIER / DONG",""
"2390","","1752742305","XBAL_Elsa_Soriano","639982961451","21 - Prepaid","Non-Active","July 17, 2025","APRIL 15 2026
 MOVED DUE DATE DUE TO 4 DAYS INTERNET INTERMITTED AT THE AREA 
 OLD DD: 17
 NEW DD:  21-CLARISSE","1,000","Active","Zone 1, Baluyot, Bautista, Pangasinan
 PORT 10
 Piolo/Jerome",""
"2391","","1752803816","DRE_Jimmy_Santisas","639621665806","18 - Prepaid","Non-Active","July 18, 2025","","1,000","Active","PUROK 2 REYNADO BYB PNG
 201-4BYB65LCP1NP5P14
 Bartulo/Ventura",""
"2392","","1752808308","MPE_Edith_Cabatic","639079501204","18 - Prepaid","Non-Active","July 18, 2025","","1,000","Active","Zone 6 pob east Alcala pangasinan
 PORT 13
 JOHAN / MICHAEL",""
"2393","","1752811223","XPRI_Melanie_Galsim","639544154475","18 - Prepaid","Non-Active","July 18, 2025","TECH Mark Freddie/ Ma king
 ALC LCP10NP7P2","1,000","Active","ZONE 1 PRIMICIAS BAUTISTA PNG
 OK",""
"2394","","1752820738","MSV_Vanessa_Nunes","639760684627","18 - Prepaid","Non-Active","July 18, 2025","","1,000","Active","Zone 4 san vicente alcala pangasinan
 PORT 7
 JOHAN / MICHAEL",""
"2395","","1752824798","DDA_Elisa_Reconoce","63908233250","18 - Prepaid","Non-Active","July 18, 2025","PORT 5 
 Bartulo/Ventura
 aug 23-paid via cash remit","1,000","Active","Purok 3, Darawey Bayambang Pangasinan",""
"2396","","1752828822","XKET_Nancy_Cacabelos","639277934620","28 - Prepaid","Non-Active","July 18, 2025","RC 10/29/25 - Ice
 
 
 
 
 
 
 
 
 DD:29 CHANGED TO 28-DARZ","1,000","Active","61 KETEGEN BAUTISTA PNG
 PORT 2
 Mark Freddie/ Ma king",""
"2397","","1752925424","XPRI_Jerry_Obcena","639456367780","28 - Prepaid","Non-Active","July 19, 2025","==============
 DC 10/23/25 - Ice
 RC 10/23/25 - Ice","1,000","Active","PUROK 1 PRIMICIAS BAU PNG
  
   
 PORT 3
 mierjohn/boss dong",""
"2398","","1753087275","XSIN_Fernando_Patungan","639158799333","21 - Prepaid","Non-Active","July 21, 2025","MARCH 23,2026
 CLIENT PAID THE MARCH BILL 1000 THEN ADVANCE PAYMENT FOR APRIL 2026 DOWNGRADE 799 , NEXT DUE: MAY 21 2026-CLARISSE
 ==========
 6/27/26 7 days adjustment","799","Active","45 Sinabaan, Bautista PNG / FRONT HOUSE TILES BROWN
  
   
 PORT 3
 PIOLO / JEROM",""
"2399","","1753153423","XTAM_Albert_Lapurga","639945437464","23 - Prepaid","Non-Active","July 22, 2025","","1,000","Active","Purok 3, Tampog, Bayambang, Pangasinan
 201-3BYB24LCP1NP2P16
 PIOLO / JEROME",""
"2400","","1753153596","MSN_James_Obedoza","639937187019","25 - Prepaid","Non-Active","July 22, 2025","","800","Active","Zone 2 san nicolas alcala pangasinan
 PORT 13
 Daniel Lee June V",""
"2401","","1753161408","XBUA_IzzyKate_Baratang","639915272831","22 - Prepaid","Non-Active","July 22, 2025","RC 8/26/25-EJ
 ============
 DC 11/25/25 - Ice(DC of DD 19 - 22)
 RC 11/25/25 - Ice","1,500","Active","SITIO TALIMPOGO BUAYAEN BYB PNG 
 PORT 6
 DARWIN",""
"2402","","1753163312","MNN_Jufemyr_Justo","639919228539","23 - Prepaid","Non-Active","July 22, 2025","Downgrade 1500 > 1000 11/25/25 Marben rqst","800","Active","Zamora st villanueva bautista pangasinan
 PORT 1
 Daniel Lee June V",""
"2403","","1753174954","MSPI_MunicipalityOfAlcala_Mrf","6359230828661","28 - Prepaid","Non-Active","July 22, 2025","deleted july-august bill to reconenct in the system
 PORT 12
 Daniel Lee June V
 ==============
 JUNE 09 2026
 OLD DD: 22 PLUS 9 DAYS
 NEW DD: 28 PLUS 4 DAYS GRACE PERIOD
 REQUESTD BY SIR MARBEN-CLARISSE","1,500","Active","Sitio cupi san pedro ili alcala pangasinan
 OK",""
"2404","","1753240898","XAM1_Merigean_Rosales","639153686282","28 - Prepaid","Non-Active","July 23, 2025","Adjusted DD due to typhoon old DD 23 to new DD  for delete Nov. 29 bill-ej","1,000","Active","Purok 3, Ambayat 1st, Bayambang, Pangasinan
 PORT 3
 PIOLO / JEROME",""
"2405","","1753253731","XSPA_Gilbert_Codilan","639196592624","3 - Prepaid","Non-Active","July 23, 2025","==========
 Old DD 23
 DC 10/27/25 - Ice
 4 days Consumed
 RC 11/3
 New DD  11/29
 ============
 OLD DD:  APRIL 28
 RC: MAY 07 
 NEW DD: JUNE 03 2026 (FOE DELETE OF MAY BILL) -CLARISSE","799","Active","ZONE 1 SAN PEDRO APARTADO ALCALA PNG
 PORT 1
 Freddie/Mike",""
"2406","","1753257846","XAM2_Jocelyn_Riotoc","639281750261","23 - Prepaid","Non-Active","July 23, 2025","","1,000","Active","Purok 3, Ambayat 2nd, Bayambang, Pangasinan
 201-1BYB49LCP1NP7P14
 PIOLO / JEROME",""
"2407","","1753275232","XSPA_Ernesto_Cargo","639097020848","23 - Prepaid","Non-Active","July 23, 2025","","799","Active","ZONE 1 SAN PEDRO APARTADO ALCALA
 PORT 2
 Freddie/Mike",""
"2408","","1753684453","MPE_Mae_Deguzman","639124573796","28 - Prepaid","Non-Active","July 28, 2025","PORT 10 / Daniel Lee June V","1,000","Active","ARBOLEDA ST POBLACION EAST ALC PNG",""
"2409","","1753694597","XBAL_Reynan_Labor","639092702779","5 - Prepaid","Non-Active","July 28, 2025","==========
 DC 11/3/25 - Ice
 ==============
 next dd: February 05 2026","1,000","Active","zone 6 Baluyot Bautista, Pangasinan
 PORT 2
  
   
 BOUNDARY OF MANAMBONG NORTE
 DARWIN / FREE DIE",""
"2410","","1753756728","XBE_Egie_Mejia","639760831994","28 - Prepaid","Non-Active","July 29, 2025","201-4BYB65LCP1NP2P4
 DARWIN / FREEDIE
 
 
 
 
 
 
 
 DD:29 CHANGED TO 28-DARZ","1,000","Active","163 Bongato East, Bayambang, Pangasinan",""
"2411","","1753761864","MSPI_Ginalyn_Valdez","639619284115","28 - Prepaid","Non-Active","July 29, 2025","BARTLO / JHUN / PORT 11
 
 
 
 
 
 
 
 
 DD:29 CHANGED TO 28-DARZ","1,000","Active","Zone 4 sna pedro ili alcala pangasinan
 PORT 11
 BARTLO / JHUN",""
"2412","","1753761966","MSN_Erica_Lorenzo","639127413294","5 - Prepaid","Non-Active","July 29, 2025","BARTLO / JHUN / PORT 10
 
 DD:29 CHANGED TO 28-DARZ
 ========
 DC 02/06/2026
 RC 04/27/2026
 OLD DD 28
 NEW DD 27
 NEXT DD  05/27/2026 - HANS
 ==========
 September 9, 2026 RECONNECTION
 old dd 27
 new dd 5 - hans","1,000","Active","Lawton St San nicolas alcala pangasinan
 PORT 10
 BARTLO / JHUN",""
"2413","","1753772450","XPAL_Arlene_Masiglat","639914851486","28 - Prepaid","Non-Active","July 29, 2025","DARWIN / FREEDIE / PORT 2
 
 
 
 
 
 
 
 
 DD:29 CHANGED TO 28-DARZ","1,000","Active","114 Purok 5 Palisoc Bautista Pangasinan
 PORT 2",""
"2414","","1753775147","XHE_Lykamae_Valdez","639667636826","28 - Prepaid","Non-Active","July 29, 2025","LANDMARK - BAGONG DAAN / Ma king / Michael / PORT 8
 ==========
 DC 11/3/25 - Ice
 RC 11/3/25 - Ice
 
 
 
 
 
 DD:29 CHANGED TO 28-DARZ","1,000","Active","PUROK 1 HERMOZA BYB PNG",""
"2415","","1753781524","XSG2_Adonis_Sabado","639062015928","28 - Prepaid","Non-Active","July 29, 2025","DARWIN / FREEDIE / PORT 7
 RC 10/28/25 - Ice
 
 
 
 
 
 
 
 DD:29 CHANGED TO 28-DARZ","1,000","Active","SAN GABRIEL 2ND BAYAMBANG PANGASINAN",""
"2416","","1753862449","DRE_Ronald_Rosales","63927379564","20 - Prepaid","Non-Active","July 30, 2025","201-4BYB65LCP1NP P1 / JEFF
 old dd:22
 RC JAN 8 2026
 NEW DD FEB 8 2026
 ===============
 September 24, 2026 LATE PAYMENT
 OLD DD 8 with 9 isolir
 new dd 20 with 4 days isolir
 - hans","1,000","Active","Purok 3, Reynado Bayambang pangasinan",""
"2417","","1753864041","XMAG_Donry_Erive","639910378098","23 - Prepaid","Non-Active","July 30, 2025","OK
 Nap8 Port 7
 Ma king / Michael
 August 18, 2025- client has a 100 fee referral will be deduct on August 30, 2025- Referral name: Benito Alvarez- Confrrm
 OCTOBER 3 DC
 =============
 RECON 12/16/25 
 Tech: John/Edward
 DC:JAN.16,2026- RC:MAR.1,2026/ NEW DD: MAR.1 - DARZ
 ========================
 August 23 2026
 Recon - Delete April-July 2026 Bill
 OLD DD: 1
 NEW DD: 23 
 NEXT DD: SEPTEMBER 26 2026-CLARISSE","1,000","Active","138 Ramon Magsaysay St. BYB PNG",""
"2418","","1753864389","XPAR_PrincessMae_Julian","639157454960","28 - Prepaid","Non-Active","July 30, 2025","201-4BYB65LCP1NP8P14 / Bangtolo/ Jun
 ================================
 June 1, 2026
 Approved adjustment: 7 days isolation.
 Service interruption started on May 28, 2026 at approximately 7:00 PM and was restored on May 31, 2026 at approximately 7:00 AM.
 As compensation for the outage, a 7-day adjustment to the payment schedule has been approved.
 – Clarisse","1,000","Active","Purok 1 Paragos Bayambang Pangasinan
 OK",""
"2419","","1753924797","DHE_Sofia_Sabangan","63946145167","28 - Prepaid","Non-Active","July 31, 2025","PORT 8 / Making/Michael
 
 
 
 
 
 
 
 
 DD:30 CHANGED TO 28-DARZ","1,000","Active","Purok 3, Hermoza Bayambang Pangasinan",""
"2420","","1753929419","DHE_Romnel_Torres","639506302579","28 - Prepaid","Non-Active","July 31, 2025","PORT 9 / Making/Michael
 
 
 
 
 
 
 
 
 DD:30 CHANGED TO 28-DARZ","1,000","Active","Purok 1, Hermoza Bayambang Pangasinan",""
"2421","","1753930329","XMA_Alfredo_Albarida","639685892698","28 - Prepaid","Non-Active","July 31, 2025","201-4BYB65LCP1NP2P7 / PIOLO / JEROM
 ===========
 RC 10/11/25 - Gcash Payment
 
 
 
 
 
 
 DD:30 CHANGED TO 28-DARZ","1,000","Active","Purok 1, Malioer, Bayambang, Pangasinan",""
"2422","","1753933536","XKIS_Estrellita_Suralta","639125504597","28 - Prepaid","Non-Active","July 31, 2025","PORT 2 / DARWIN / FREEDIE
 
 
 
 
 
 
 
 
 DD:30 CHANGED TO 28-DARZ","1,000","Active","ZONE 6 KISIKIS ALC PNG NATIONAL ROAD",""
"2423","","1753943206","MSV_Jacqueline_Fiesta","639651566329","28 - Prepaid","Non-Active","July 31, 2025","DARWIN / FREEDIE / PORT 3
 
 
 
 
 
 
 
 
 DD: 30 CHANGED TO 28- DARZ","1,000","Active","Gabot St San vicente alcala pangasinan",""
"2424","","1753944966","DAP_Evelyn_Agustin","639051382217","28 - Prepaid","Non-Active","July 31, 2025","Making/Michael / 201-3BYB7LCP1NP5P15
 
 
 
 
 
 
 
 
 DD: 30 CHANGED TO 28- DARZ","1,000","Active","Purok 2, Apalen Bayambang Pangasinan
 OK",""
"2425","","1753945716","XNS_Marites_Dimarucot","639692388713","4 - Prepaid","Non-Active","July 31, 2025","09692388713 / 09282099350 / PIOLO / JEROM
 ---------------------------------------------
 DD: 30 CHANGED TO 28- DARZ
 ===================================
 APRIL 15 2026
 MOVED DUE DATE DUE TO 4 DAYS INTERNET INTERMITTED AT THE AREA 
 OLD DD: 30
 NEW DD:  4-CLARISSE DELETE APRIL BILLING NEXT DUE MAY 4 2026","1,000","Active","24 ZONE 1 NIBALIW SUR BAUTISTA PANGASINAN",""
"2426","","1753947943","MSJC_Enrico_Ramos","639772565663","28 - Prepaid","Non-Active","July 31, 2025","DARWIN / FREEDIE / PORT 6
 
 
 
 
 
 
 
 
 DD: 30 CHANGED TO 28- DARZ","1,500","Active","Sitio canan san juan alcala pangasinan
 OK",""
"2427","","1753950541","XAM2_Dean_Ocsona","639707915257","16 - Prepaid","Non-Active","July 31, 2025","JEFF / PAPA DON / 201-4BYB65LCP1NP5PORT9
 ==========
 DC 11/3/25 - Ice
 RC 11/4/25 - Ice
 
 DD: 30 CHANGED TO 28- DARZ
 old dd: 30/adjusted 7 days/ new dd: 7-darz
 ==================================
 September 11 2026
 Client ask for adjustment due to power outage last August 30- Sept 08 2026 - 9 days 
 verified with OLT - need to settled the September bill before the adjustment can be applied. Client acknowledged 
 Old dd 7
 new dd 16 -Clarisse","799","Active","Purok 2, Ambayat 2nd Bayambang Pangasinan
 OK",""
"2428","","1753951235","DCA_Rodel_Rosales","639207110469","28 - Prepaid","Non-Active","July 31, 2025","OK
 Making/Michael / 201-2BYB49LCP2NP8P4
 
 
 
 
 
 
 
 
 DD:30 CHANGED TO 28- DARZ","1,000","Active","Purok 6, Carungay Bayambang Pangasinan",""
"2429","","1754018094","MLAO_Richard_Baclig","63997108119","18 - Prepaid","Non-Active","August 01, 2025","DARWIN / FREEDIE / PORT 6
 For delete of August Billing - Next DD: Sept 01,2025
 ======
 DC 04/10/2026
 RC 04/27/2026
 OLD DD 1
 NEW DD 18
 NEXT DD 05/18/2026 - HANS","1,000","Active","Zone 2 Laoac East Alcala Pangasinan",""
"2430","","1754018555","XTE_Jazmin_Nanali","639385637720","1 - Prepaid","Non-Active","August 01, 2025","PIOLO / JEROME / 201-4BYB65LCP1NP5P7
 aug 21- august billing for delete
 next dd: sept 01 2025-clarisse","1,000","Active","Purok 7, Telbang, Bayambang, Pangasinan",""
"2431","","1754029582","DNN_Marites_Eugenio","6397007309983","1 - Prepaid","Non-Active","August 01, 2025","PORT 4 /  Daniel/Jun
 for delete of August Billing","1,000","Active","Zone 5, Nibaliw Norte Bautista Pangasinan",""
"2432","","1754034096","DBN_Romnick_Villanueva","639537997679","20 - Prepaid","Non-Active","August 01, 2025","PORT 3 / Daniel/Jun
 ========
 DC 11/7/25 - Ice
 RC 11/11/25 - Ice
 ----------------------
 OLD DD 1
 NEW DD DEC 20
 ==========
 DC 03/29/2026
 RC 05/05/2026
 OLD DD 20 
 NEW DD 5
 NEX DD 06/05/2026 - HANS","1,000","Active","290 atis, Bical Norte Bayambang Pangasinan",""
"2433","","1754036626","XTE_Allan_Ballesteros","639304213940","5 - Prepaid","Non-Active","August 01, 2025","201-1BYB26LCP1NP1P10 / PIOLO / JEROME
 for  deletion of August bill
 paid September Bill 8/28//25
 Oct. Bill was paid by cash last Oct. 2 -late paid to system. 
 =================================
 OLD DD: FEB 01 2026
 NEW DD: MARCH 05 2026- DUE TO NO OF DAYS THAT DIDNT USE BASED ON THE REPORT VIA PHONE LAST FEB 3 2026-CLARISSE","1,000","Active","Purok 2, Telbang, Bayambang, Pangasinan",""
"2434","","1754038045","XAM2_Conchita_Fay","639163274652","1 - Prepaid","Non-Active","August 01, 2025","JEFF / PAPADONG / 201-4BYB65LCP1NP6P9
 aug 21- AUGUST BILLING FOR DELETE
 NEXT BILLING- SEPT 01 2025 -CLARISSE","1,000","Active","Purok 2, Ambayat 2nd Bayambang Pangasinan Philippines",""
"2435","","1754038570","XSV_PinkyRose_Jose","639318423352","14 - Prepaid","Non-Active","August 01, 2025","PORT 1 / DARWIN / FREEDIE
 ========
 DC 11/4/25 - Ice
 RC 11/5/25 - Ice
 11 days no connection DUE TO TYPHOOJN UWAN
 OLD DD 1 NEW DUE DATE IS DEC 12 2025
 ======================
 AUG 18 2026- RECON 
 NEW DD: SEPT 14 2026 PLUS 4 DAYS GRACE PERIOD - CLARISSE","1,000","Active","#930 Sitio Bacayao Sinabaan San Vicente Pangasinan
 OK",""
"2436","","1754104581","XAMS_Maryjane_Benitez","639101870128","2 - Prepaid","Non-Active","August 02, 2025","MAKING / MICHAEL / PORT 13","1,000","Active","Purok 5 Benitez Compound Amangcosiling Sur BYB PNG",""
"2437","","1754114181","TAMN_Sally_Lucas","639078178680","2 - Prepaid","Non-Active","August 02, 2025","201-1BYB26LCP1NP2 / Piolo / Ronnie","1,000","Active","Purok 2, Amancosiling norte Bbang Pangasinan",""
"2438","","1754122366","XAMS_Helen_Bio","639531150950","2 - Prepaid","Non-Active","August 02, 2025","PORT 8 / MAKING / MICHAEL","1,000","Active","PUROK 2 amancosiling sur BYB PNG
 OK",""
"2439","","1754126092","XPAL_Shirley_Tomas","639156641963","2 - Prepaid","Non-Active","August 02, 2025","DARWIN / FREEDIE","799","Active","Zone 5 Palisoc Bautista Pangasinan",""
"2440","","1754126539","XTE_Marina_Torres","639123454624","7 - Prepaid","Non-Active","August 02, 2025","201- BYB LCP1NP6P5 / PIOLO / RONIE","1,000","Active","PUROK 6 telbang bayambang pangasinan",""
"2441","","1754128897","XTE_Dellie_Manuel","639635309662","2 - Prepaid","Non-Active","August 02, 2025","PORT 13 / DANEIL / JHUN","1,000","Active","Kyangan Purok 7 Telbang Bayambang Pangasinan
 OK",""
"2442","","1754184407","DPA_Percival_Vengano","639064542095","3 - Prepaid","Non-Active","August 03, 2025","OK
 Nap1 Port 1 / Piolo/jeff","1,000","Active","Purok 1, Pangdel Bayambang Pangasinan",""
"2443","","1754191862","MSJC_Joshua_Fronda","639454789140","3 - Prepaid","Non-Active","August 03, 2025","PORT 5 / freddie/myk","1,000","Active","Gen luna st san juan alcala pangasinan",""
"2444","","1754192658","DINI_Rodel_Palaming","639922051687","3 - Prepaid","Non-Active","August 03, 2025","201-4BYB65LCP1NP8P10 / Piolo / Jffrsn","1,000","Active","Purok 2, Inirangan Bayambang pangasinan",""
"2445","","1754195716","MSV_Emily_Orosa","639274407428","3 - Prepaid","Non-Active","August 03, 2025","PORT 1  / freddie/myk","1,000","Active","Tagama st san vicente Alcala pangasinan",""
"2446","","1754204873","MSV_Joemar_Datu","639458644911","3 - Prepaid","Non-Active","August 03, 2025","PORT 1 / freddie/myk","1,000","Active","Jamboree st San vicente alcala pangasinan",""
"2447","","1754206414","MSV_Renalyn_Tasani","639950146654","3 - Prepaid","Non-Active","August 03, 2025","PORT 5 / Ronnie/Bart","1,000","Active","Pinto st san vicente alcala pangasinan",""
"2448","","1754209584","XSC_Salceda_Paca","639670718544","16 - Prepaid","Non-Active","August 03, 2025","OK
 Nap 3 Port 15 / Piolo / Jffrsn
 -----------------------
 AUGUST 16 2026
 OLD DD: 3 NEW DD:16=CLARISSE","1,000","Active","PUROK 4 SANCAGULIS BYB PNG",""
"2449","","1754220675","MSPA_Erica_Olarte","639387671690","3 - Prepaid","Non-Active","August 03, 2025","PORT 5 / freddie/myk","799","Active","zone 4 san Pedro apartado Alcala, pangasinan",""
"2450","","1754277184","XMS_Kenneth_Magsano","639927170530","4 - Prepaid","Non-Active","August 04, 2025","PORT 11 / Daniel Lee June V
 
 ===============
 DC 10/9/2025
 RC 10/9/2025
 
 ========
 DC 11/7/25 - Ice
 RC 11/7/25 - Ice","1,000","Active","126 purok 2 Manambong Sur Bayambang Pangasinan
 OK",""
"2451","","1754291421","THE_Jean_Mauricio","639487366273","4 - Prepaid","Non-Active","August 04, 2025","PORT 10 / Jerome / Piolo","1,000","Active","Purok 1, Hermosa Bbang Pangasinan",""
"2452","","1754365091","XPIN_Rolly_Sumalbag","639353752411","20 - Prepaid","Non-Active","August 05, 2025","PORT 3 / PIOLO / JEROME
 OLD DD:5
 DC=12/10
 RC12/12
 NEW DD:8
 =================
 JUNE 02 RC VIA WEBSITE 
 NEW DD: 2-CLARISSE
 =================
 JULY 20 2026 - RC
 NEW DD: AUG 20-CLARISSE","799","Active","Zone 1 Liwliwa, Pindangan East, Alcala, Pangasinan",""
"2453","","1754378640","Bical_Elementary_School2","639554059061","15 - Prepaid","Non-Active","August 05, 2025","PORT 4 / Daniel Lee June V
 AUG 13- PAID VIA CHECK# 001097343 (AMOUNTING 2000 FOR ACTIVATION FEE) AND AUGUST PAYMENT OF THEIR OTHER ACCOUNT.
 
 January 5 2026
 Bical_Elementary_School-December 22,2026- Due date ( for settle on Friday January 9,2026)
 Bical_Elementary_School- January 15,2026-Unpaid
 Bical_Elementary_School2- Next due date is January 15,2026-Unpaid","1,000","Active","atis street bical norte bayambang pangasinan",""
"2454","","1754382085","XPIN_Erlinda_Altura","639922922330","5 - Prepaid","Non-Active","August 05, 2025","PORT 5 / PIOLO / JEROME
 ===========
 DC 11/14/25 - Ice (Ma'amClarisse)
 RC 11/14/25 - Ice","1,000","Active","201 Liwliwa, Pindangan East, Alcala, Pangasinan",""
"2455","","1754382461","XTE_Efren_Caguioa","639464329245","5 - Prepaid","Non-Active","August 05, 2025","PORT 14 / DARWIN / JOJO","1,000","Active","Purok 7 Telbang, Bayambang, Pangasinan
 OK",""
"2456","","1754386734","XBN_Rebecca_Tagulao","639353781058","3 - Prepaid","Non-Active","August 05, 2025","PORT 5 /DANIEL / JHUN 
 ===============
 DC 10/9/2025
 RC 10/9/2025
 ===========
 DC 11/14/25 - Ice (Ma'amClarisse)
 RC 11/22/25 - Ice
 OLD DD: 5
 NOVEMBER PAYMENT RECEIVED = NOV 22 RECEIVED BY JEFF
 DEC PAYMENT RECEIVED DEC 8 RECEIVED BY SIR JAY
 NEW DD:  17","1,000","Active","atis street bical norte bayambang pangasinan
 OK",""
"2457","","1754388534","XTE_Betty_Iglesias","639507673733","7 - Prepaid","Non-Active","August 05, 2025","OK
 Port 8
 DARWIN / JOJO
 ==============================
 OLD DD: 5
 MARCH 20 2026 - NEW DD: 7  DUE TO 2 DAYS NO CONNECTION REPORTED VIA FB PAGE AND PHOE NCALL- CLARISSE","1,000","Active","PUROK 7 TELBANG BYB PNG",""
"2458","","1754442671","TDA_Jocelyn_Dulay","639514996715","6 - Prepaid","Non-Active","August 06, 2025","PORT 13 / Bartolo / Jun","1,000","Active","Purok 1, Darawey Bbang Pangasinan
 OK",""
"2459","","1754444616","MSTP_Feliciano_Castillo","639812384112","6 - Prepaid","Non-Active","August 06, 2025","PORT 3 / Jerome/piolo
 
 
 DC 12/13/25 - Marben rqst","1,000","Active","Don barroga st Sto nino Sto tomas Pangasinan
 OK",""
"2460","","1754453660","MBSM_Jaime_Tuyo","63963916749","6 - Prepaid","Non-Active","August 06, 2025","Jerome/piolo / PORT 2","1,000","Active","Sitio cabalitian bersamin Alcala pangasinan",""
"2461","","1754457364","MBSM_Helen_Mata","639318571300","6 - Prepaid","Non-Active","August 06, 2025","PORT 3 / Jerome/piolo","1,000","Active","Sitio cabalitian bersamin Alcala pangasinan",""
"2462","","1754555282","XZ4_Lorraine_Sagun","639208434201","7 - Prepaid","Non-Active","August 07, 2025","PORT 3 / PIOLO / John
 
 ==========
 DC 10/10/25
 RC 10/10/25","1,500","Active","ZONE 4 BYB PNG",""
"2463","","1754624361","XBUA_Jake_Bautista","639124553542","8 - Prepaid","Non-Active","August 08, 2025","09124553542 / 09465731472  / 201-3BYB24LCP1NP4 (Port 12) / DARWIN RONNIE","1,000","Active","621 PUROK 5 BUAYAEN BYB PNG",""
"2464","","1754624545","MPINE_Leah_Yuro","639911221190","8 - Prepaid","Non-Active","August 08, 2025","PORT 4 / BOSS D/MAKING","1,000","Active","PUROK LIWLIWA PINDANGAN EAST ALC PNG",""
"2465","","1754628505","XSC_Bernadette_Tolentino","639707005877","8 - Prepaid","Non-Active","August 08, 2025","Jeff/John / PORT 15
 ========
 DC 11/17/25 - Ice","1,000","Active","130 PUROK 4 SANCAGULIS BYB PNG",""
"2466","","1754633053","DMA_Lodrigo_Viray","639515991179","8 - Prepaid","Non-Active","August 08, 2025","201-4BYB65LCP1NP6P1 / Jerome/Piolo","1,000","Active","PUROK 6 MALIOER BYB PNG",""
"2467","","1754636190","MSPI_Romeo_Acosta","639659428129","8 - Prepaid","Non-Active","August 08, 2025","BOSS D/MAKING / PORT 12","1,000","Active","BACERRA ST SAN PEDRO ILI ALC PNG",""
"2468","","1754639328","XAMS_MaryAnn_Fernandez","639638114472","8 - Prepaid","Non-Active","August 08, 2025","DARWIN / RONNIE / 201-1BYB49LCP1NP6P8","1,000","Active","PUROK 2 AMANCOSILING SUR BYB PNG",""
"2469","","1754645006","XBAL_Virgilio_Diaz","639092714771","8 - Prepaid","Non-Active","August 08, 2025","09931716443 / 09092714771 / JEFF / JOHN / PORT 
 ============
 DC 10/14/25 - Ice2","800","Active","ZONE 6 BALUYOT BAU PNG",""
"2470","","1754708213","XSV_Vilma_Paas","639164277019","9 - Prepaid","Non-Active","August 09, 2025","DANIEL / JHUN / 201-1BYB65LCP1NP1P10","1,000","Active","PUROK 2 SAN VICENTE, BYB PNG",""
"2471","","1754718534","XMAN_Roel_Salinas","639517356271","9 - Prepaid","Non-Active","August 09, 2025","201-4BYB65LCP1NP4P8 / DARWIN RONNIE","1,000","Active","PUROK 1 MANAGOS BYB PNG",""
"2472","","1754732321","XPS_Abegail_Gabatino","639504782778","5 - Prepaid","Non-Active","August 09, 2025","DARWIN / RONNIE / 201-4BYB65LCP1NP8P5
 ========
 OLD DD:9
 7 DAYS
 DC 11/17/25 - Ice
 RC- 12/5
 NEW DD: DEC 29
 DC:March 2/ RC:March 8- new DD:April 5-darz","799","Active","109 POBLACION SUR BAYAMBANG PANGASINAN",""
"2473","","1754879668","MLAO_John_Almuete","6393696414378","11 - Prepaid","Non-Active","August 11, 2025","PORT 8 / FREDDIE/DARWIN","1,000","Active","ALCANTARA ST LAOAC EAST ALC PNG",""
"2474","","1754890049","MSTP_Luz_Delacruz","639165378665","11 - Prepaid","Non-Active","August 11, 2025","FREDDIE/DARWIN / PORT 2","1,000","Active","ZONE 2 STO DOMINGO STO TOMAS PNG",""
"2475","","1754893158","XTE_Loureen_Vinluan","639612913709","11 - Prepaid","Non-Active","August 11, 2025","SLAUGHTER ,BRGY HALL TELBANG / 201-4BYB65LCP1NP6P9
 ==========
 DC 10/16/25 - Ice
 RC 10/16/25 - Ice","1,500","Active","7 BRITISH TELBANG BYB PNG",""
"2476","","1754894751","MSTP_Christopher_Canosa","63927457459102","11 - Prepaid","Non-Active","August 11, 2025","FREDDIE/DARWIN / PORT 3","1,000","Active","ZONE 2 STO DOMINGO STO TOMAS PNG",""
"2477","","1754900980","XTE_Reginald_Nazar","639318459986","20 - Prepaid","Non-Active","August 11, 2025","LCP1NP6P10 / DANIEL / JHUN
 ============
 adjusted due date from  16 to 20th","1,500","Active","7 BRITISH TELBANG BYB PNG",""
"2478","","1754902111","MLAO_Nilda_Totaan","639156950473","11 - Prepaid","Non-Active","August 11, 2025","Port 6","799","Active","ZONE 3 LAOAC EAST ALCALA PANGASINAN",""
"2479","","1754967323","MPINE_Maricel_Paraganas","639469679354","12 - Prepaid","Non-Active","August 12, 2025","","1,000","Active","Purok sinnaranay Pindangan east alcala pangasinan
 marben/making/boss d
 port 4",""
"2480","","1754972116","DMA_Danilo_Palisoc","639507458622","12 - Prepaid","Non-Active","August 12, 2025","OK
 Nap:4 Port 12","1,000","Active","Purok 3, Malioer Bayambang Pangasinan",""
"2481","","1754979278","MSTP_Gerwin_Taguinod","639105425341","12 - Prepaid","Non-Active","August 12, 2025","","1,000","Active","Don barroga st Sto nino Sto tomas pangasinan
 boss d/making/marben
 port 4",""
"2482","","1754981178","TMN_Leah_Gagar","639922048258","12 - Prepaid","Non-Active","August 12, 2025","","1,000","Active","Manambong Norte Bbang Pangasinan
 pORT 6
 jhun/Jerome/piolo",""
"2483","","1754983543","DNN_Rosel_Manglallan","639174025238","12 - Prepaid","Non-Active","August 12, 2025","Port:1","1,000","Active","Zone 1, Nibaliw norte Bautista Pangasinan 
 freedie/michael/dante/edwin
 port 1",""
"2484","","1754986837","TMAN_Analyn_Vejar","639204588245","12 - Prepaid","Non-Active","August 12, 2025","","1,000","Active","Purok 4 Managos Bayambang pangasinan
 piolo/jerome/jhun
 LCP 1/NAP6/PORT 12",""
"2485","","1754988119","MSTP_Merlita_Ventura","63930059387","12 - Prepaid","Non-Active","August 12, 2025","","800","Active","Purok 4 sto nino sto tomas
 BOSS D/MAKING/MARBEN",""
"2486","","1755052152","MSPI_Ronald_Valencia","63915423881","13 - Prepaid","Non-Active","August 13, 2025","","1,000","Active","Zone 6 san pedro ili alcala pangasinan
 BOSS D/MAKING/MARBEN
 PORT 10",""
"2487","","1755074635","MCAN_Jessica_Cacabelos","639540963819","13 - Prepaid","Non-Active","August 13, 2025","","799","Active","Delos Santos st Canarvacan Alcala.Pangasinan
 BOOSS D/MAKING/MARBEN",""
"2488","","1755075079","XSV_Nicomedes_Cabrera","639306154797","13 - Prepaid","Non-Active","August 13, 2025","","1,000","Active","Purok 6, San Vicente Bayambang Pangasinan
 JOHN/JEFF
 LCP 1/NAP6/PORT 13/",""
"2489","","1755139719","DCA_Loreto_Iglesias","639631896793","14 - Prepaid","Non-Active","August 14, 2025","","1,000","Active","Purok 4, Carungay Bayambang Pangasinan 
 FREEDIE/MICHAEL/EDWIN/DANTE
 LCP2/NAP6/PORT14",""
"2490","","1755146757","XCB_Rhaiza_Abalos","639510598438","14 - Prepaid","Non-Active","August 14, 2025","OK
 PIOLO/JEROME
 LCP1/NAP2/PORT 11","1,000","Active","Purok 7, Cabayaoasan, Mangatarem, Pangasinan",""
"2491","","1755158119","XSG2_Delmar_Anquillano","639364274353","14 - Prepaid","Non-Active","August 14, 2025","","1,000","Active","purok 2 san gabriel 2nd Baymbang Pangasinan
 JUNE/DANIEL LEE
 PORT 8",""
"2492","","1755159269","XTE_Rafael_Cayabyab","639306661456","13 - Prepaid","Non-Active","August 14, 2025","=============
 DC 11/18/25 - Ice
 RC 11/19/25 - Ice
 ==============
 4/15/26 Done pullout modem/Unplugged sc nap1 port15 -jojohn
 =============
 6/8/26 Reconnected
 new DD:8 -lester
 ======
 August 13, 2026, Reconnection
 Old dd 8
 new dd 13 - hans","799","Active","Olmog Telbang Bayambang Pangasinan
 john/jeff
 lcp1/nap1/port 15",""
"2493","","1755162675","XSPI_Abegail_Valdez","639318631283","14 - Prepaid","Non-Active","August 14, 2025","NAPBOX: none
 LCP:none
 P:5
 TECHNICIAN: Freddie/Mike","799","Active","304 Arboleda street San Pedro ili
 OK",""
"2494","","1755164324","XPS_Jonnarose_Sayson","639667908464","14 - Prepaid","Non-Active","August 14, 2025","=============
 DC 11/18/25 - Ice
 RC 11/18/25 - Ice
 
 
 
 
 
 
 XPS_Jannarose_Sayson - DARZ","1,000","Active","Poblacion Sur, Bayambang, Pangasinan
 PIOLO/JEROME
 LCP 1/NAP4/PORT8",""
"2495","","1755221599","MLAO_Shaina_Cayabyab","639266369180","15 - Prepaid","Non-Active","August 15, 2025","============
 DC 11/27/25 - Ice (Marben rqst)
 RC 11/28/25 - Ice (Marben Maya)","1,000","Active","Zone 6 Laoac east alcala pangasinan
 lcp 3
 nap 7
 port 3
 marbe/bartolo",""
"2496","","1755229123","MSPI_Leonora_Zafe","639090297760","15 - Prepaid","Non-Active","August 15, 2025","","1,000","Active","Zone 3 San pedro ili alcala pangasinan
 marben",""
"2497","","1755241547","MSN_Johnmark_Esguerra","639461333376","15 - Prepaid","Non-Active","August 15, 2025","","799","Active","Castaneda st san nicolas alcala pangasinan
 port 7
 marben",""
"2498","","1755310389","TPAL_Katherine_Bato","639338292021","16 - Prepaid","Non-Active","August 16, 2025","","1,000","Active","ZONE 2 Palisoc Bautista Pangasinan
 lcp 1
 port 3
 jhun",""
"2499","","1755311601","MPW_Jocelyn_Arellano","639154504908","16 - Prepaid","Non-Active","August 16, 2025","","799","Active","Mc arthur st pob west alcala pangasinan
 port 13
 marben",""
"2500","","1755315362","MSTP_Crisjane_Donayre","639609350063","16 - Prepaid","Non-Active","August 16, 2025","","799","Active","Zone 6 San antonio Sto tomas alcala pangasinan
 PORT 2
 MARBEN",""
"2501","","1755332382","XZ6_Maryjoy_Tabuga","639569673758","18 - Prepaid","Non-Active","August 16, 2025","May 29 2026 - Downtime
 OLD DD - 16
 NEW DD ADJUSTMENT- 18
 NEXT DD  - 06/18/2026 - HANS","1,000","Active","Zone 6, Bayambang, Pangasinan
 LCP 1
 NAP 5
 PORT 12
 PIOLO/JEROME",""
"2502","","1755349751","XZ5_Marilyn_Abalos","639380030227","18 - Prepaid","Non-Active","August 16, 2025","DC 11/19/25 - Ice
 RC 11/19/25 - Ice","1,000","Active","zone 5 dike bayambang
 port 12
 making / boss D",""
"2503","","1755485551","XPAR_Shirely_Mariano","639101797389","11 - Prepaid","Non-Active","August 18, 2025","============
 RC 10/11/25
 ==========
 DC 11/21/25 - Ice
 RC 11/22/25 - Ice
 ==========
 August 11, 2026 Reconnection
 old dd 18
 new dd 11 - hans","1,000","Active","Purok 1 Paragos Bayambang Pangasinan
 LCP 1
 NAP 8
 PORT 4
 DANIEL/JUNE",""
"2504","","1755492277","XSTP_Mike_RABARA","639306583827","28 - Prepaid","Non-Active","August 18, 2025","JUNE 01 2026- CLARISSE
 RECON- NEXT DD: JUNE 28 2026","1,000","Active","Zone 6, San Agustin,santo tomas, pangasinan 
 port 4
 FREEDIE/MIKE",""
"2505","","1755599491","XZ3_Elizalde_Lobo","639304391655","25 - Prepaid","Non-Active","August 19, 2025","============
 DC 11/25/25 - Ice
 RC 11/25/25 - Ice
 ========== 
 New due date 25 - hans","1,000","Active","Zone 3 Burgos St. Bayambang Pangasinan
 Port 6
 Piolo",""
"2506","","1755653420","TTAM_Cheryl_Mamaril","639163338945","20 - Prepaid","Non-Active","August 20, 2025","","1,000","Active","Purok 4, Tampog Bbng Pangasinan
 Port 5
 Tech: Jhun",""
"2507","","1755661048","TSV_Denver_Espirito","639669822889","20 - Prepaid","Non-Active","August 20, 2025","Port 5
 Tech: Jhun","1,000","Active","Purok 4 SanVicente Bbang Pangasinan
 OK",""
"2508","","1755662115","XAMS_Flora_Mangande","639694994763","20 - Prepaid","Non-Active","August 20, 2025","","1,000","Active","Purok 4 Amancosiling sur Bayambang Pangasinan 
 Port 7
 Tech: Making/Papa D",""
"2509","","1755666639","DTE_Joenalyn_Minaz","639274070828","3 - Prepaid","Non-Active","August 20, 2025","old dd:20/ adjusted 7 days-darz/new dd 27
 ===========
 September 7, 2026 RECONNECTION
 old dd 27
 new dd 3 - hans","1,000","Active","Purok 6, Telbang Bayambang Pangasinan
 Port 8
 Tech: Dante",""
"2510","","1755675446","XSC_Elma_Millondaga","639457551978","20 - Prepaid","Non-Active","August 20, 2025","OK
 Port 11
 Tech: Piolo/John
 ============
 DC 11/25/25 - Ice(DC of DD 19 - 22)
 RC 11/25/25 - Ice","1,000","Active","51 purok 2 SANcagulis b.bang Pangasinan",""
"2511","","1755677242","XTAM_Villa_Ragos","639300892027","22 - Prepaid","Non-Active","August 20, 2025","==============
 DC 10/23/25 - Ice
 RC 10/24/25 - Ice
 =======
 DC 02/24/2026
 RC 03/02/2026
 OLD DD 20
 NEW DD 2
 NEXT DD 04/02/2026 - HANS 
 ===========
 Reconnection July 22, 2026
 New dd 18
 old dd 2 - hans
 ==========
 August 26, 2026 RECONNECTION
 old dd 18
 new dd 22 - hans","1,000","Active","Purok 3, Tampog B'bang Pang.
 Port 16
 Tech: Jeff/Joemari",""
"2512","","1755680944","XNN_Elvira_Cayabyab","639858502253","14 - Prepaid","Non-Active","August 20, 2025","==============
 DC 10/23/25 - Ice
 ==========","1,000","Active","Zone 6 nibaliw Norte Bautista Pangasinan 
 Port 11
 Tech: Piolo/John",""
"2513","","1755742983","MPINE_Joan_Pacleb","639706432372","8 - Prepaid","Non-Active","August 21, 2025","===========
 RC 11/12/25 - Marben Gcash
 
 ==============
 OLD DD: JAN 21
 DC: JAN 29
 RC FEB 16 2026
 NEW DD:  MARCH 08 2026 DELETE JAN BILL
 -CLARISSE","1,000","Active","Zone 5 Pindangan Centro Alcala Pangasinan
 Port 6
 Tech: Marben",""
"2514","","1755745403","XMP_Jomar_Guzman","639774583032","21 - Prepaid","Non-Active","August 21, 2025","","1,000","Active","Manambong parte
 Port 4
 Tech:Freediie/ Mike",""
"2515","","1755748728","MPW_Rossel_Montemayor","639460832774","21 - Prepaid","Non-Active","August 21, 2025","","800","Active","Zone 4 Agoncillo st Pob west alcala pangasinan
 Port 6
 Tech: Marben",""
"2516","","1755761690","DSV_Danilo_Velasco","63910336688","30 - Prepaid","Non-Active","August 21, 2025","","1,000","Active","Purok 1, San Vicente Bayambang Pangasinan 
 Port 14
 Tech:Dante",""
"2517","","1755771931","XMP_Sonia_Medrano","639165969098","21 - Prepaid","Non-Active","August 21, 2025","Additional 3 days grace period due to 3 days no connection - hans","1,000","Active","Manambong parte 
 port 5
 Tech: Freedie/mike",""
"2518","","1755772080","XMP_Rizamay_Sabado","639568832582","21 - Prepaid","Non-Active","August 21, 2025","aug 26- upgrade plan from 1000-1500. 
 ==============
 DC 10/24/25 - Ice
 ==============
 Additional 3 days grace period due to 3 days no connection - hans","1,500","Active","Manambong parte
 Port 6
 Tech: Freedie/Mike",""
"2519","","1755773275","XMAG_Edcil_Paglingayen","639667636609","14 - Prepaid","Non-Active","August 21, 2025","============
 DC 11/25/25 - Ice(DC of DD 19 - 22)","1,000","Active","RM 7 Gomez Brgy Magsaysay Bayambang Pangasinan
 LCP 1
 PORT 1
 MAKING/JOHN",""
"2520","","1755828400","TPU_Joel_Bautista","639308254379","22 - Prepaid","Non-Active","August 22, 2025","","1,000","Active","Purok 2 Pugo Bbang Pangasinan
 Tech: Jhun",""
"2521","","1755834437","XMP_Raymundpaul_Sabado","639558996128","9 - Prepaid","Non-Active","August 22, 2025","OK
 Port 10
 Tech: Freedie
 ============
 DC 11/25/25 - Ice(DC of DD 19 - 22)
 RC 11/25/25 - Ice
 ======
 DC 02/26/2026
 RC 03/13/2026
 OLD DD 22
 NEW DD 9
 NEXT DD 04/9/2026 - HANS","1,000","Active","Manambong parte",""
"2522","","1755843802","TPU_Roshiel_Gloria","639923062120","22 - Prepaid","Non-Active","August 22, 2025","Nap2 port8","1,000","Active","Purok 2 Pugo Bbang Pangasinan",""
"2523","","1755848146","XTE_Leopoldo_Mangande","639512331133","28 - Prepaid","Non-Active","August 22, 2025","============
 DC 11/25/25 - Ice(DC of DD 19 - 22)
 RC 11/25/25 - Ice
 old dd:22/adjusted 7 days/new dd: 9-darz","1,500","Active","218 Telbang B.Bang Pangasinan 
 Port 3
 Tech: Piolo/ Dong",""
"2524","","1755916748","MSPI_Gerald_Cacapit","639267436541","28 - Prepaid","Non-Active","August 23, 2025","","1,000","Active","Arboleda st San pedro ili alcala pangasinan
 Port 8
 Tech:  Dong/Piolo",""
"2525","","1755929059","XHE_Anabelle_Custodio","639387684752","23 - Prepaid","Non-Active","August 23, 2025","","1,000","Active","Purok 1 Hermoza Bayambang Pangasinan 
 Port11
 Tech: Daniel/June",""
"2526","","1756179634","XCS_Janice_Terrado","639927568039","26 - Prepaid","Non-Active","August 26, 2025","Port 8
 Tech:  Freddie/Mike","1,000","Active","186 cadre site bayambang pangasinan",""
"2527","","1756205502","MBAU_Aljon_Mercado","639456376779","26 - Prepaid","Non-Active","August 26, 2025","Port 3
 Tech: Piolo/Boss D
 Agent: Marben","1,000","Active","Zone 2 primicias bautista pangasinan",""
"2528","","1756205639","MNN_Darlene_Carbonell","639562719723","26 - Prepaid","Non-Active","August 26, 2025","Port 1
 Tech: Marben
 =================
 APRIL 20 2026 - CLIENT REQUESTED TO DOWNGRADE VIA FB PAGE FROM 100 MBPS TO 50 MBPS-CLARISSE","799","Active","Zone 3 primicias bautista pangasinan",""
"2529","","1756205882","MBSM_Aizamae_Velano","6391651400049","26 - Prepaid","Non-Active","August 26, 2025","port 4
 Tech:Piolo/Boss D
 Agent: Marben","1,000","Active","Cabalitian st Bersamin Alcala pangasinan",""
"2530","","1756205995","MSPI_Melanie_Cabreros","639104571813","26 - Prepaid","Non-Active","August 26, 2025","Port 6
 Tech: Piolo/Boss D
 Agent: Marben","1,000","Active","DMLV SAN pedro ili alcala pangasinan",""
"2531","","1756258665","TWAR_Jumar_Palce","639456503502","2 - Prepaid","Non-Active","August 27, 2025","Port: 7
 Tech: Freddie/Mike
 Agent: Jhun
 OLD DD:  27  (05/28/26= 3 DAYS NO INTERNET/ NEW DD:   1   -DARZ)","1,000","Active","Purok 3 Warding Bayambang Pangasinan",""
"2532","","1756264938","TWAR_Beberly_Delacruz","639388205130","27 - Prepaid","Non-Active","August 27, 2025","Port 10
 Tech:Freddie/Mic
 Agent:Jhun","1,000","Active","Purok 3 Warding Bayambang Pangasinan",""
"2533","","1756273593","TSV_Felimon_Prestoza","639150089300","27 - Prepaid","Non-Active","August 27, 2025","Port 14
 Tech: Fredie/Mike
 Agent: Jhun","1,000","Active","Purok 6 Bunkulan Sn.Vicente Bbang Pangasinan",""
"2534","","1756276766","DCA_Jobelle_Parocha","639666976226","27 - Prepaid","Non-Active","August 27, 2025","Port 11
 Tech: Danielle/Jun
 Agent: Dante","1,000","Active","Purok 5, Carungay Bayambang Pangasinan",""
"2535","","1756282833","XSV_Mydie_Samson","639120172048","27 - Prepaid","Non-Active","August 27, 2025","Port 11
 Tech: Piolo/Dong
 ==========
 DC 10/30/25 - Ice
 RC 10/30/25 - Ice","1,000","Active","Purok 1 San Vicente B.Bang Pangasinan",""
"2536","","1756348521","XSTP_Glenn_Caguioa","639925476149","28 - Prepaid","Non-Active","August 28, 2025","Port: 2
 Tech: Piolo/Dong
 =============
 DC 12/1/25 - Ice","1,000","Active","531 San Antonio sto Tomas pangasinan",""
"2537","","1756352482","MBAU_Nelly_Apolonio","639172790433","28 - Prepaid","Non-Active","August 28, 2025","Port: 1
 Tech: Ivan/Pedro
 Agent: Marben","1,000","Active","Zone 3 primicias baustista Pangasinan",""
"2538","","1756361144","MBAU_Abraham_Apolonio","639153505329","28 - Prepaid","Non-Active","August 28, 2025","Port 4
 Tech: Ivan/Pedro
 Agent: Marben
 
 no bill sept and oct.
 ACTIVE oct 25
 DC OCT 25 - jay
 nasa waiting hindi na active!!
 ============
 RC 10/28/25 - Ice (As Sir EJ)","1,000","Active","Zone 2 primicias bautista  pangasinan",""
"2539","","1756363428","XBER_Eva_Cerezo","639093476286","28 - Prepaid","Non-Active","August 28, 2025","Port: 3
 Tech: Piolo/Dong","1,000","Active","Cabalitian bersamin Alcala",""
"2540","","1756370407","XMS_Orlando_Mejia","639936708478","1 - Prepaid","Non-Active","August 28, 2025","Port 11
 Tech: Freddie/Mike
 adjusted duedate. 132pesos will add on his due date 11/1/25
 for delete of october billing
 ==========
 Addition 3 days grace period due to 3 days no connection - Hans","1,000","Active","Purok 3 Manambung sur bayambang pangasinan",""
"2541","","1756374701","XANU_Jacqueline_Presas","639175077510","27 - Prepaid","Non-Active","August 28, 2025","Port: 1
 Tech: Piolo/Dong
 Apriol 27 2026
 For Delete of March Bill. 
 RC- April 27 2026 
 Next DD: May 27 2026-Clarisse","1,000","Active","88 Castro st zone 6 anulid alcala Pangasinan
 Ok",""
"2542","","1756374946","XPAR_Cherry_Arenas","639690909788","6 - Prepaid","Non-Active","August 28, 2025","OK
 port: 7
 Tech: Freddie/Mike
 =============
 DUE DATE-FEB 28 2026
 DC: MARCH 04 2026-
 RC: march 08 2026 -
 new dd: APRIL 04 2026 DELETE MARCH  BILL-CLARISSE
 ===========
 May 29, 2026 - Downtime
 OLD DD - 4
 NEW DD - 6
 2 days no Connection - hans","1,500","Active","Purok 1 paragos bayambang pangasinan",""
"2543","","1756433376","MLAO_Michelle_Co","639272363622","29 - Prepaid","Non-Active","August 29, 2025","Port: 1
 Tech:Freddie/Mike
 Agent: Marben","1,000","Active","Zone 6 laoac West Alcala pangasina",""
"2544","","1756441011","MLAO_Gary_Pinto","639687750845","29 - Prepaid","Non-Active","August 29, 2025","port: 1
 Tech:Freddie/Mike
 Agent: Marben","1,500","Active","Zone 6 Laoac East Alcala Pangasinan",""
"2545","","260429131058","XBUA_Roman_Carino","639631260762","29 - Prepaid","Non-Active","August 29, 2025","Port: 12
 Tech: Jeff/Marvin","1,000","Active","Purok 4, Buayaen B'bang Pang.",""
"2546","","1756523204","XTAN_Andres_Martinez","639317411692","28 - Prepaid","Non-Active","August 30, 2025","Port: 15
 Tech: Marvin/Jeff
 
 
 ==========
 DC 11/3/25 - Ice
 RC 11/3/25 - Ice","1,000","Active","267 Purok 2, B'bang Pang.",""
"2547","","1756525795","XZ6_Edelyn_Soriano","639693578039","1 - Prepaid","Non-Active","August 30, 2025","Port: 12
 Tech: Freddie/ Mike
 
 
 ===============
 DC 10/8/2025
 RC 10/13/2025
 ========
 DC 11/4/25 - Ice","1,000","Active","Zone 6 bayambang pangasinan",""
"2548","","1756526764","MBAU_Stephanie_Banayos","63936144485","30 - Prepaid","Non-Active","August 30, 2025","Port: 1
 Tech: Piolo
 Agent:Marben","1,000","Active","Zamora st Villanueva Pangasinan",""
"2549","","1756528879","XBN_Michelle_Ocfemia","639082506690","2 - Prepaid","Non-Active","August 30, 2025","Port: 9
 Tech: John/ Making
 Duer date- Sept 30
 ===============
 
 ========
 DC 11/3/25 - Ice
 RC 11/4/25 - Ice
 DD:30 -DARZ
 ============
 Feb 4 2026- Client paid via website wrong bill paid (feb) it should be January-Reprocessed and explain tgo client the procedure=clarisse
 OLD DD"" JAN 30
 RC-FEB 04
 NEW DD: MARCH 02 2026-CLARISSE CLIENT IS AWARE WITH NEW DD","1,000","Active","Dalandan, Bical Norte, Bayambang, Pangsinan",""
"2550","","1756528925","XMS_Beanettee_Diano","639927966514","28 - Prepaid","Non-Active","August 30, 2025","OK
 port: 14
 Tech: Danielle/ Jun
 =-===========================
 June 1, 2026
 Approved adjustment: 7 days isolation.
 Service interruption started on May 28, 2026 at approximately 7:00 PM and was restored on May 31, 2026 at approximately 7:00 AM.
 As compensation for the outage, a 7-day adjustment to the payment schedule has been approved.
 – Clarisse","1,000","Active","169 purok 2 Manambong Sur Bayambang Pangasinan",""
"2551","","1756535022","MBAU_Philip_Guevarra","639753485019","30 - Prepaid","Non-Active","August 30, 2025","Port: 1
 Tech: Piolo
 Agent: Marben
 
 Delete Sept Bill :  Oct 14 2025
 DC Oct 14 2025
 RC Oct 15 2025","1,000","Active","Zone 4 Primicias Baustista Pangasinan",""
"2552","","1756542072","XBUA_Roselyn_Romero","639532570379","30 - Prepaid","Non-Active","August 30, 2025","Port: 33
 Tech: Marvin/Jeff","1,000","Active","Purok 7, Buayaen B'bang Pangasinan",""
"2553","","1756544204","MSPI_Judy_Gacutan","639452256181","30 - Prepaid","Non-Active","August 30, 2025","OK
 Port: 2
 Tech:Piolo
 Agent: Marben
 
 UNPAID SEPT 
 DELETE BILL SEPT  : OCT 16
 DC OCT 16
 September 9, 2026 Sir Marben report
 nanakawan ang bahay ni client at pati modem kinuha ng magnanakaw, pictures in xpacs fb page-darz","1,000","Active","Dmlv phase 2 san pedro ili alcala pang",""
"2554","","1756544586","XMS_Sarah_Flores","639166270791","28 - Prepaid","Non-Active","August 30, 2025","Port: 12
 Tech:Danielle/June","1,000","Active","111 purok 2 Manambong Sur Bayambang Pangasinan",""
"2555","","1756610948","XCB_Elena_Madarang","639673224242","5 - Prepaid","Non-Active","August 31, 2025","Port: 3
 Tech:Piolo/Boss D
 
 ===============
 DC 10/8/2025
 RC 10/9/2025
 =============
 September 9, 2026 RECONNECTION
 old dd 28
 new dd  5 - hans","799","Active","Purok 7 cabayaosan B Bang Pangasinan",""
"2556","","1756613019","XMN_Romeo_Galsim","639208484166","28 - Prepaid","Non-Active","August 31, 2025","Port: 3
 Tech: Freddie","1,000","Active","Manambong Norte Bayambang Pangasinan",""
"2557","","1756697630","MANU_Angelo_Belarmino","639668300244","1 - Prepaid","Non-Active","September 01, 2025","Port 6
 Tech:  Ivan
 Agent: Marvin","1,000","Active","Zone 4 anulid Alcala Pangasinan",""
"2558","","1756699066","XSTP_Rebecca_Serapion","639162610200","5 - Prepaid","Non-Active","September 01, 2025","Port: 3
 Tech: Piolo/Boss D
 
 ========
 DC 11/4/25 - Ice
 RC 11/4/25 - Ice
 new dd: 5","1,000","Active","Zone 5 San Antonio sto Tomas pangasinan",""
"2559","","1756702517","XSG2_Mario_Veloria","639566770116","1 - Prepaid","Non-Active","September 01, 2025","Nap8 Port: 12
 Tech: Daniel/June
 
 ===============
 DC 10/8/2025
 RC 10/8/2025","1,000","Active","Sitio botot Purok2 San Gabriel 2nd
 OK",""
"2560","","1756712845","XID_Jiana_Lopez","639292228270","17 - Prepaid","Non-Active","September 01, 2025","Nap3 Port: 6
 Tech:  Marvin/Jeff
 OLD DD:1
 11/09= NO CONNECTION DUE TO TYPHOON
 11/17- RESTORED
 NEW DD"" 8
 ================
 old dd:9
 RC- Feb 14 2026
 ========================
 OLD DD: 14
 NEW DD: 17
 MAY 29 2026- 3 DAYS MOVEMENT OF DUE DATE DUE TO FIBER BREAK -CLARISSE","1,000","Active","#20 Purok 1, Idong B'bang Pangasinan",""
"2561","","1756717630","MLAO_Carlos_Mendoza","639255522740","1 - Prepaid","Non-Active","September 01, 2025","Port: 1
 Tech: Ivan/ Making
 Agent: Marben","1,500","Active","Zone 3 laoac east alcala pangasinan",""
"2562","","1756717820","XMS_Johnlester_Latorre","639911812263","1 - Prepaid","Non-Active","September 01, 2025","Port: 13
 Tech: Daniel/ Jhun","1,000","Active","Zone 3 Manambong Sur Bayambang Pangasinan",""
"2563","","1756719344","XPIN_Emily_Resurreccion","639121459244","22 - Prepaid","Non-Active","September 01, 2025","Port: 6
 Tech: Piolo/Alfredo
 
 ===============
 
 ========
 DC 11/4/25 - Ice
 RC 11/4/25 - Ice
 ================
 MAY 26 2026 - RC (FOR DELETE MARCH AND APRIL TO RECON)
 OLD DD: 1
 NEW DD: JUNE 22 2026-CLARISSE","1,000","Active","Zone 1 PINDANGAN east ALCALA PANGASINAN",""
"2564","","1756779091","MPINE_Marichu_Bautista","639639937116","2 - Prepaid","Non-Active","September 02, 2025","Port: 11
 Tech: Freedie/John
 Agent: Marben","1,000","Active","Zone 3 pindangan east alcala pangasinan",""
"2565","","1756782622","XTE_Cipriano_Delrosario","639090641902","5 - Prepaid","Non-Active","September 02, 2025","Port: 16
 Tech: Piolo/ Boss D
 ==========","1,000","Active","Purok 2 Telbang B.Bang Pangasinan",""
"2566","","1756782644","XSC_Divina_Flores","639923661535","9 - Prepaid","Non-Active","September 02, 2025","Port: 1
 Tech: Pedro/ Jerome
 adjusted 7 days -darz new DD:9","1,000","Active","Purok 2, Sancagulis, Bayambang, Pangasinan
 OK",""
"2567","","1756795037","MLAO_Fernando_Sinampanga","63954108250","2 - Prepaid","Non-Active","September 02, 2025","Port: 4
 Tech: Freddie/ John
 Agent: Marben","1,000","Active","Loria st. Laoac east alcala pangasinan",""
"2568","","1756799951","XCS_Mariarose_Macanas","639483238729","9 - Prepaid","Non-Active","September 02, 2025","Port: 5
 Tech: Daniel/Jhun
 ========
 DC 11/7/25 - Ice
 RC 11/7/25 - Ice
 =======
 DC 12/6/2025
 RC 03/13/2026
 OLD DD 2
 NEW DD 9
 NEXT DD 04/9/2026 - HANS","1,000","Active","Old cemetery Cadre Site Bayambang Pangasinan",""
"2569","","1756804040","XZ1_Kate_Visconde","639519533856","22 - Prepaid","Non-Active","September 02, 2025","Port: 11
 Tech: Piolo/Boss D
 
 
 ===============
 DC 10/8/2025
 RC 10/10/2025
 ========
 RECONNECTION
 05/15/2026
 Piolo/nomel/Alfredo
 old dd: 15/adjusted 7 days-darz/ new dd: 22","1,000","Active","Zone 1 Quezon boulevard B.Bang Pangasinan",""
"2570","","1756863347","DHE_Flora_Garcia","639511788561","3 - Prepaid","Non-Active","September 03, 2025","Port: 9
 Tech: Freddie/John
 Agent: Dante","1,000","Active","Purok 3, Hermoza Bayambang Pangasinan",""
"2571","","1756867604","MPE_Jennefer_Cabreros","639922538212","3 - Prepaid","Non-Active","September 03, 2025","Port: 7
 Tech: Piolo/Boss D
 Agent: Marben","799","Active","Zone 4 Pob east alcala pangasinan",""
"2572","","1756869855","DHE_Fedel_Mejia","639813206449","3 - Prepaid","Non-Active","September 03, 2025","Port: 4
 Tech: Freddie/John
 Agent: Dante","1,000","Active","Purok 1, Hermoza Bayambang Pangasinan",""
"2573","","1756886865","MPE_Shierly_Soriano","639198406257","3 - Prepaid","Non-Active","September 03, 2025","port: 8
 Teck: Piolo/Boss D
 Agent: Marben","1,000","Active","Zone 1 poblacion east alcala pangasinan",""
"2574","","1756957444","XMS_Irishmae_Peralta","639275860272","13 - Prepaid","Non-Active","September 04, 2025","Port: 15
 Tech: Piolo/Boss D
 OLD DD 4
 11/11-NO CONNECTION
 11/21 RESTORED
 
 adjusted due date- 9 days due to typoon form dec. 4 to december 13-e","1,000","Active","Purok 3 manambong sure B.Bang Pangasinan",""
"2575","","1756973297","XSG2_Jerry_Revilla","639157762530","8 - Prepaid","Non-Active","September 04, 2025","Port 9
 Tech: Piolo/Boss D
 ========
 Old DD 4
 DC 11/7/25 - Ice
 3 days  consumed
 RC 11/11
 New DD 12/8-ej","1,000","Active","Purok 1 San Gabriel 2nd B.Bang Pangasinan",""
"2576","","1756975900","XBUA_Marissa_Requilman","639693040138","18 - Prepaid","Non-Active","September 04, 2025","Port: 7
 Tech: Pedro/Jerome
 
 ===============
 DC:DEC.4/ RC:March 9,2026 new DD:9-darz
 --------------------------
 SEPTEMBER 14 2026
 Client paid the twice last july 17 2026 verified in the system no need to pay the September bill as they were disconnected last June 2026 but they settled it. add 1 day due to early DC
 Informed client that there new Due date is Oct 18 2026 -Clarisse","1,000","Active","Requilman St., Purok 5, Buayaen, Bayambang, Pangasinan",""
"2577","","1757037034","DMP_Kenneth_Avila","639454167614","5 - Prepaid","Non-Active","September 05, 2025","Port:: 13
 Tech:  Freddie/Mike","1,000","Active","Purok 1, Manambong Parte Bayambang Pangasinan",""
"2578","","1757038326","TTAM_Jupiter_Masabio","639932479475","5 - Prepaid","Non-Active","September 05, 2025","Port: 1
 Tech: Daniel/Jhun
 Agent: Jhun","1,000","Active","Purok 2 Tampog Bbang Pangasinan",""
"2579","","1757052936","MSJC_Keana_Tadeo","639663012792","5 - Prepaid","Non-Active","September 05, 2025","Port: 1
 Tech:Jerome/Making","1,000","Active","Zone 3 san juan alcala pangasinan",""
"2580","","1757057441","MSPI_Rogelyn_Delacruz","63930722956","17 - Prepaid","Non-Active","September 05, 2025","Port: 5
 Tech: Jeron/Making
 old dd:5/ dc May 14/ RC: June 25/ new dd: 17-darz","1,000","Active","Sitio patalan san pedro ili alcala pangasinan",""
"2581","","1757058038","TMAN_Henry_Roly","639081479370","21 - Prepaid","Non-Active","September 05, 2025","Port: 6
 Tech: Danie/Jhun
 Agent:Jhun
 ================
 Jan 06 2026- Sir jhun req. to move due date from 5 to 10- Clarisse
 ==============================================
 May 20 2026- New and updated DD: 18TH plus 4 days Grace Period- Clarisse.
 ===============================
 old dd 18
 new dd 15 -clarisse
 ==============================
 july 31 2026 - upon checking with sir jhun new dd is 21 -clarisse","1,000","Active","Purok 2 Managos Bbang Pangasinan",""
"2582","","1757063351","XPEA_Jerlyn_Nabor","639929139285","11 - Prepaid","Non-Active","September 05, 2025","Port: 9
 Tech: John/Joe/Boss D
 ========
 DC 04/09/2026
 RC 04/15/2026
 OLD DD 5
 NEW DD 15
 NEXT DD 0/15/2026 - HANS","1,000","Active","Zone 2, Poblacion East, Alcala, Pangasinan",""
"2583","","1757126095","MSJC_Victoria_Totaan","639544528748","6 - Prepaid","Non-Active","September 06, 2025","Port: 10
 Tech: Freddie/Mike
 Agent: Marben","1,000","Active","Zone 5 san juan alcala pangasinan",""
"2584","","1757131381","MSJC_Adrielle_Quadra","639166401015","26 - Prepaid","Non-Active","September 06, 2025","Port: 4
 Tech: Freddie/Mike
 ==================
 SEPT 25 2026
 TAGGED ACCOUNT UNDER OVERDUE - DUE TO NON PAYMENT AFTER DUE DATE AND GRACE PERIOD GIVEN. VERIFIED CONNECTION AT MIKROTIK-CLARISSE
 ===========
 SEPTEMBER 26, 2026 RECONNECTION
 OLD DD 6
 NEW DD 26 - HANS","1,000","Active","Zone 3 san juan alcala pangasinan",""
"2585","","1757144083","XAMS_Abelardo_Gomez","639692925437","7 - Prepaid","Non-Active","September 06, 2025","Port: 8
 Tech: John/Joe
 ===========
 DC 11/14/25 - Ice (Ma'amClarisse)
 =====================
 Aug 2 2026 - RC
 NEW DD: 2 =CLARISSE
 delayed payment/new dd:7","1,000","Active","Purok 3, Amangcosiling Sur, Bayambang, Pangasinan",""
"2586","","1757146737","MSV_Reynaldo_cabael","639667350256","22 - Prepaid","Non-Active","September 06, 2025","Port: 1
 Tech: Freddie/Mike
 Agent: Marben","799","Active","Zone 7 Sinabaan San vicente Alcala pangasinan",""
"2587","","1757304300","XHE_Lemuel_Joson","639276804576","8 - Prepaid","Non-Active","September 08, 2025","Port: 5
 TECHNICIAN: John/Jeff","1,000","Active","Purok 1, Hermoza Bayambang Pangasinan",""
"2588","","1757320455","XPIN_Jacklord_Bongolan","639949938184","8 - Prepaid","Non-Active","September 08, 2025","Port:7
 TECHNICIAN: Piolo/Alfredo","799","Active","Zone 3 pindangan west alcala PANGASINAN",""
"2589","","1757399267","DPA_Lourdes_Cervantes","639972187878","9 - Prepaid","Non-Active","September 09, 2025","Port:8
 TECHNICIAN:JEFF/MARVEN
 ASSISTED BY: DANTE/EDWIN","1,000","Active","Purok 2, Pangdel Bayambang Pangasinan",""
"2590","","1757403808","DINI_Boy_Kabagel","639858377335","9 - Prepaid","Non-Active","September 09, 2025","LCP:1
 NAP:8
 Port:13
 TECHNICIAN:JEFF/MARVEN
 ASSISTED BY: DANTE/EDWIN","1,000","Active","Purok 2, Inirangan Bayambang Pangasinan",""
"2591","","1757407705","MPE_Evelyn_Hutalla","639308965864","9 - Prepaid","Non-Active","September 09, 2025","Port: 15
 TECHNICIAN: freddie/myk
 Agent: Marben","1,000","Active","Zone 5 poblacion east alcala pangasinan",""
"2592","","1757478636","XHE_Margie_Padua","639070159992","17 - Prepaid","Non-Active","September 10, 2025","Lcp:1
 ‎Nap: 6
 ‎Port:15
 ‎Technician:Daniel Lee June V
 =============
 RC 10/11/25
 
 old bill due is 10 + 7 days  JUNE 10 2026","1,000","Active","Purok 2 Hermoza Bayambang Pangasinan",""
"2593","","1757479126","XMAG_Markjayson_Deleon","639567667831","1 - Prepaid","Non-Active","September 10, 2025","NAP Code:201-4  BYB-65 | LCP-1 | Nap-N/A | Port-8
 Technicians: Pedro/Jerome
 ==========
 Old DD 10
 DC 10/16/25 - Ice
 6 days consumed
 RC 10/31
 New DD 11/25
 
 ============
 DC 11/28/25 - Ice (DD of 25)
 RC 12/9/25 - Ice NEW DD JAN.6
 ===========
 DC 01/10/2026
 RC 02/23/2026
 Old DD 6
 New DD 19
 Next DD 03/19/2026 - HANS
 =============================
 JUNE 06 2026- FB PAGE INQUIRY Mj Catalan
 PAYMENT FOR XMAG_Markjayson_Deleon AND XNN_Kimberly_Gonzalez
 ** XMAG_Markjayson_Deleon 
 OLD DD: 19
 RC: JUNE 01 2026
 NEW DD: JULY 01 2026 PLUS 4 DAYS GRACE PERIOD
 FOR DELETE OF JUNE PAYMENT RECONNECTION ALSO CLIENT PAID THE ACCOUNTS TWICE THE JUNE 01 PAYMENT SHOUL BE UNDER XMAG_Markjayson_Deleon
 THE jUNE 06 PAYMENT SHOULD BE UNDER XNN_Kimberly_Gonzalez- PLEAS SEE ATTACHED SCREENSHOT AT THE CUSTOMER DETAILS FOR REFERENCE.-CLARISSE
 ================================================","1,000","Active","Magsaysay, Bayambang, Pangasinan",""
"2594","","1757492298","XPA_Therence_Arcilla","639171498243","10 - Prepaid","Non-Active","September 10, 2025","Lcp:1
 ‎Nap: 2
 ‎Port:5
 TECHNICIAN: Lee Dan / June Ventura
 ========
 DC 11/17/25 - Ice
 RC 11/17/25 - Ice","1,000","Active","Purok 3 Pangdel Bayambang Pangasinan",""
"2595","","1757557119","MSN_Gloria_Melegrito","639218857440","3 - Prepaid","Non-Active","September 11, 2025","Port: 12
 TECHNICIAN: making/jerome
 ================
 DC 10/22/25 - Ice (Marben rqst)
 DC:March 11/RC:May 3 (april paid byd sir jerome) new DD: 3 -darz","1,000","Active","Lawton st san nicolas alcala pangasinan",""
"2596","","1757564886","XAMS_Reynando_Tugade","639817303018","16 - Prepaid","Non-Active","September 11, 2025","OK
 PORT: 15
 TECHNICIAN: John/Mike
 ==========
 Lcp:1
 Nap:5
 Port:9
 TECHNICIAN: Marvin/ Ma king","1,000","Active","Puro 2, Amangcosiling, Bayambang, Pangasinan",""
"2597","","1757578457","MSTP_Kristel_Malaque","639503586597","16 - Prepaid","Non-Active","September 11, 2025","Port: 1
 TECHNICIAN: making/jerome","1,000","Active","Zone 6 salvacion sto tomas pangasinan",""
"2598","","1757581017","TAM1_Genaro_Lamo","639999755503","11 - Prepaid","Non-Active","September 11, 2025","Lcp:1
 Nap: 8
 Port: 5
 Technicians: Darwin/ June
 Powered by: Jhun Torres","1,000","Active","Purok 2 Amabayat 1st Bayambang Pangasinan",""
"2599","","1757663040","MPE_Apple_Deguzman","639381207374","17 - Prepaid","Non-Active","September 12, 2025","Port: 8
 TECHNICIAN: Jeff/Marvin
 OLD DD 12 NEW DD 17","799","Active","Zone 5 Pob.east alcala pangasinan",""
"2600","","1757671042","XBA_Emmanuel_Terrado","639946940977","12 - Prepaid","Non-Active","September 12, 2025","NAP Code:
 201-4
 BYB-65
 LCP-1
 Nap-7
 Port-11
 Technicians: Pedro/Jerome
 ==========
 DC 10/17/25 - Ice
 RC 10/18/25 - Ice","1,000","Active","Sitio Leksan, Bani, Bayambang, Pangasinan",""
"2601","","1757672254","XBUA_Jennilyn_Dador","639464261936","12 - Prepaid","Non-Active","September 12, 2025","NAPBOX: 5
 LCP:1
 P: 9
 TECHNICIAN: John/Jojo","1,000","Active","Purok 5, Buayaen, Bayambang, Pangasinan",""
"2602","","1757747065","XWA_Lourdes_Aquino","639542959373","13 - Prepaid","Non-Active","September 13, 2025","OK
 Port: 9
 TECHNICIAN: DARWIN/JUN
 =============
 DC 11/18/25 - Ice
 RC 11/18/25 - Ice","1,000","Active","Purok 4 Brgy. Wawa Bayambang Pangasinan",""
"2603","","1757905433","MSJC_Marygrace_Tuvera","639514921821","15 - Prepaid","Non-Active","September 15, 2025","Port: 1
 TECHNICIAN: piolo/boss dong","1,000","Active","Zone 3 san juan Alcala pangasinan",""
"2604","","1757987590","MCAN_Fortune_Orlanda","63947563419","16 - Prepaid","Non-Active","September 16, 2025","Port: 4
 TECHNICIAN: piolo/boss dong","1,000","Active","Zone 6 Canarvacanan Alcala Pangasinan",""
"2605","","1757992778","MLAO_Jennifer_Advincula","639510587004","16 - Prepaid","Non-Active","September 16, 2025","Port: 9
 
 TECHNICIAN: piolo/boss dong","1,000","Active","Zone 6 Laoac West alcala pangasinan",""
"2606","","1758003489","MBAU_Chenee_Deguzman","639924117189","16 - Prepaid","Non-Active","September 16, 2025","Port: 2
 TECHNICIAN: piolo/boss dong","1,000","Active","Zamora villanueva bautista pangasinan",""
"2607","","1758009193","MBAU_Gilkeh_Agamao","639953248153","16 - Prepaid","Non-Active","September 16, 2025","Port: 2
 TECHNICIAN: piolo/boss dong","1,000","Active","Zone 5 zamora st villanueva bautista pangasinan",""
"2608","","1758245486","MANU_Chenny_Fernando","639460514295","19 - Prepaid","Non-Active","September 19, 2025","Port: 1
 TECHNICIAN: jerome/making","1,000","Active","Zone 2 anulid alcala pangasinan",""
"2609","","1758247801","XAMS_Rechelle_Cayabyab","639938825009","19 - Prepaid","Non-Active","September 19, 2025","OK
 NAPBOX:6
 LCP:1
 Port:7
 TECHNICIAN:piolo/boss dong
 ==============
 DC 10/23/25 - Ice
 RC 10/23/25 - Ice","1,000","Active","Purok 2 amangcosiling sur B.Bang Pangasinan",""
"2610","","1758248808","DPA_Edna_Romano","639858344565","19 - Prepaid","Non-Active","September 19, 2025","Port: 2
 ‎TECHNICIAN: Darwin/Jun","1,000","Active","Purok 2 Pangdel Bayambang Pangasinan",""
"2611","","1758250881","TPU_Brando_Nevado","639062286837","19 - Prepaid","Non-Active","September 19, 2025","OK
 Lcp:1
 Nap: 5
 Port:6
 Technicians: John/Michael
 Powered by: Jhun Torres","1,000","Active","Purok 1 Pugo Bbang Pangasinan",""
"2612","","1758252501","XPS_Paulanthony_Macaraeg","639284927062","21 - Prepaid","Non-Active","September 19, 2025","Lcp:1
 ‎Nap: 7
 ‎Port:3
 ‎Technician:Daniel Lee Renz
 
 ============
 OLD DD:19
 DC 11/25/25 - Ice 6 DAYS
 RC:27
 NEW DD: 21","1,000","Active","018 poblacion Sur Bayambang Pangasinan tapat ng yunas carwash tabi ng sun plaza entrance.",""
"2613","","1758254710","MPE_Leah_Devera","63977580353","19 - Prepaid","Non-Active","September 19, 2025","Port: 8
 Agent: Marben
 TECHNICIAN: jerome/making","1,000","Active","Zone 5 poblacion east alcala pangasinan",""
"2614","","1758261965","MPINE_Renato_Tayawa","639353684939","19 - Prepaid","Non-Active","September 19, 2025","Port: 2
 Agent: Marben
 TECHNICIAN: jerome/making","1,000","Active","Zone 6 pindangan west alcala pangasinan",""
"2615","","1758266713","XAM1_Juan_Ceralde","639929914106","19 - Prepaid","Non-Active","September 19, 2025","Lcp:1
 ‎Nap: 7
 ‎Port:3
 ‎Technician:Daniel Lee Re","1,000","Active","Purok 2 Ambayat 1st Bayambang Pangasinan",""
"2616","","1758269196","MKIS_Melanie_Demiar","639916632054","19 - Prepaid","Non-Active","September 19, 2025","Port: 2
 AGENT: Marben
 TECHNICIAN: jerome/making","799","Active","Zone 4 kisikis alcala pangasinan",""
"2617","","1758279545","TWA_Lovely_Bustarde","639511227738","19 - Prepaid","Non-Active","September 19, 2025","Lcp:1
 Nap: 7
 Port: 9
 Technicians: John/ Micheal
 Powered by: Jhun Torres","1,000","Active","Purok 2, Wawa Bayambang",""
"2618","","1758332800","TSV_Mercedes_Espiritu","639300867367","22 - Prepaid","Non-Active","September 20, 2025","Lcp:1
 Nap: 8
 Port:9
 Technicians: Tolo/ Ranz
 Powered by: Jhun Torres
 ============
 DC 05/29/2026
 RC 06/22/2026
 OLD DD 20
 NEW DD 22 - HANS","1,000","Active","Purok 4 SanVicente Bbang Pangasinan",""
"2619","","1758348645","XBUA_Jolina_Gubatan","639705822718","22 - Prepaid","Non-Active","September 20, 2025","Port-8
 Technicians: Pedro/Jerome
 old dd:20
 05/28/26( service interruption,2 days no connection) adjusted due date-new dd:22 -darz","1,000","Active","Talimpugo St., Buayaen, Bayambang, Pangasinan",""
"2620","","1758350129","XAMS_Jesusa_Paquibot","639054678781","20 - Prepaid","Non-Active","September 20, 2025","P: 16
 TECHNICIAN: John/Mike","1,000","Active","Puro 6, Amancosiling Sur, Bayambang Pangasinan",""
"2621","","1758350746","DHE_Evelyn_Tongson","639694931820","20 - Prepaid","Non-Active","September 20, 2025","Port:11
 TECHNICIAN:Piolo/Jhun
 ASSISTED BY:Dante","1,000","Active","Purok 3, Hermoza Bayambang Pangasinan",""
"2622","","1758356778","XBUA_Hazelanne_Asuncion","639638518530","20 - Prepaid","Non-Active","September 20, 2025","LCP:1
 NAP:5
 Port: 10
 Technician: Pedro/Jerome
 ============
 DC 11/25/25 - Ice
 RC 11/25/25 - Ice","1,000","Active","Purok 1, Buayaen, Bayambang, Pangasinan",""
"2623","","1758683293","MSPI_Daniel_Semana","639318416020","28 - Prepaid","Non-Active","September 24, 2025","Port: 2
 TECHNICIAN: boss dong/piolo
 =======================
 june 06 2026
 old dd: 25
 rc:june 06 2026
 new dd: 28 plus 9 days grace period-Clarisse
 Next DD: June 28 2026","800","Active","Zone 4 San pedro ili alcala pangasinan",""
"2624","","1758693223","MPE_Analyn_Buenaobra","639941745125","25 - Prepaid","Non-Active","September 24, 2025","Port: 15
 TECHNICIAN: boss dong/piolo
 ============
 DC 11/28/25 - Ice Marben rqst","1,000","Active","Zone 6 pob east alcala pangasinna",""
"2625","","1758701616","MPE_Samuel_Calvero","639389052853","24 - Prepaid","Non-Active","September 24, 2025","Port: 5
 TECHNICIAN: boss dong/piolo","800","Active","Funston st pob east alcala pangasinan",""
"2626","","1758768496","XBUA_Marissa_Lorenzana","639062827894","25 - Prepaid","Non-Active","September 25, 2025","Port:3
 TECHNICIAN:piolo/boss dong","1,000","Active","Purok 6 buayaen b.bang Pangasinan",""
"2627","","1758786064","XINA_Marlon_Antolin","639463014101","28 - Prepaid","Non-Active","September 25, 2025","NAPBOX: 4
 LCP: 1
 PORT: 1
 TECHNICIAN: Marvin / Jeff
 ========================
 may 29 2026
 OLD DD: 25
 NEW DD: 1
 5 DAYS NO CONNECTION-CLARISSE","1,000","Active","Purok 2, Inanlorenza Bayambang Pangasinan
 OK",""
"2628","","1758789562","XMP_Jonathan_Dulay","639566770237","25 - Prepaid","Non-Active","September 25, 2025","Port-15
 Technicians: Pedro/Jerome","1,000","Active","Purok 2 Centro, Manambong Parte, Bayambang, Pangasinan",""
"2629","","1758794515","XZ2_Rljohn_Abeda","639602412935","25 - Prepaid","Non-Active","September 25, 2025","Port:3
 TECHNICIAN:piolo/boss dong
 ==========
 DC 10/28/25 - Ice
 RC 10/28/25 - Ice","1,500","Active","zone 2 b.bang Pangasinan",""
"2630","","1758851745","MANU_Aljon_Doliente","639381216597","26 - Prepaid","Non-Active","September 26, 2025","Port: 1
 TECHNICIAN: freddie/clyde","1,000","Active","Zone 5 anulid Alcala Pangasinan",""
"2631","","1758858691","MSJC_Angel_Sancho","63909916645","26 - Prepaid","Non-Active","September 26, 2025","Port: 8
 TECHNICIAN: freddie/clyde","1,000","Active","Zone 1 San juan alcala pangasinan",""
"2632","","1758860927","XMS_Renz_Mejia","639193691905","26 - Prepaid","Non-Active","September 26, 2025","P: 3
 TECHNICIAN: John/Mike","1,000","Active","Purok 3, Manambong Sur, Bayambang, Pangasinan",""
"2633","","1758865308","DPA_Everette_Arcilla","639105181905","26 - Prepaid","Non-Active","September 26, 2025","","1,000","Active","Purok 1 Pangdel Bayambang Pangasinan
 OK",""
"2634","","1758870262","MSPI_Ruby_Francisco","63996804758","26 - Prepaid","Non-Active","September 26, 2025","","1,000","Active","Saphire st dmlv subdivision san pedro ili alcala pangasinan",""
"2635","","1758873522","DHE_Noveliza_Miral","639097019401","26 - Prepaid","Non-Active","September 26, 2025","","1,000","Active","Purok 5 Hermoza Bayambang Pangasinan",""
"2636","","1758874800","MSJC_Debbie_Caluya","639667717061","26 - Prepaid","Non-Active","September 26, 2025","Port: 7
 TECHNICIAN: freddie/clyde","1,000","Active","Zone 2 rizal st San juan alcala pangasinan",""
"2637","","1758875571","XMS_Florita_Devera","639857535504","26 - Prepaid","Non-Active","September 26, 2025","P: 16
 TECHNICIAN: John/Mike
 ==========
 DC 10/29/25 - Ice
 RC 10/29/25 - Ice","799","Active","Purok 3, Manambong Sur, Bayambang, Pangasinan",""
"2638","","1758941931","MSPA_Ronnie_Santos","639626570250","27 - Prepaid","Non-Active","September 27, 2025","Port: 2
 TECHNICIAN: making jerome
 OCT 31 REMIT PAYMENT WRONG NAME MSPA_Ronnie_ORTEGA ANG NKLGY CONFIRMED BY SIR MARBEN 11/24/25","1,000","Active","Guenawedan san pedro apartado alcala pangasinan",""
"2639","","1758942521","XBE_Elvira_Casingal","639636716393","27 - Prepaid","Non-Active","September 27, 2025","NAPBOX:1
 LCP:1
 Port:7
 TECHNICIAN:piolo/boss dong","1,000","Active","Purok 2 BONGATO East B.Bang Pangasinan",""
"2640","","1758944613","XPA_Violeta_Solidum","639817621621","27 - Prepaid","Non-Active","September 27, 2025","PORT: 16
 TECHNICIAN: Jojo/june","1,000","Active","pangdel purok 2 bayambang panggasinan",""
"2641","","1758956296","MPE_Amado_Fuselero","639705878329","27 - Prepaid","Non-Active","September 27, 2025","Port: 3
 TECHNICIAN: making jerome","1,000","Active","Zone 5 pob east alcala pangasinan",""
"2642","","1758963799","XMP_Nicolefaith_Cayabyab","639451242997","27 - Prepaid","Non-Active","September 27, 2025","NAPBOX: 3
 LCP:1
 P: 14
 TECHNICIAN: John/Mike
 ==========
 DC 10/30/25 - Ice","1,000","Active","Manambong parte, Bayambang, Pangasinan",""
"2643","","1758965055","XBUA_Johnhelor_Eva","639812654605","28 - Prepaid","Non-Active","September 27, 2025","Port:14
 TECHNICIAN:piolo/boss dong
 =========
 3 days due date adjustment - hans","1,000","Active","Purok 4 buayaen B.Bang Pangasinan",""
"2644","","1758965446","XPAL_Charlie_Cacabilos","639923057989","28 - Prepaid","Non-Active","September 27, 2025","","799","Active","palisoc zone 7bautista",""
"2645","","1759112537","XMAG_Lorvina_Garcia","639517504461","28 - Prepaid","Non-Active","September 29, 2025","Lcp:1
 ‎Nap: 
 ‎Port:6
 ‎Technician:Daniel Lee Renz
 
 
 
 
 
 DD:29 CHANGED TO 28 DARZ","1,000","Active","JM building Uper Magsaysay Bayambang Pangasinan
 OK",""
"2646","","1759113185","TWA_Jeson_Velasco","639776935543","29 - Prepaid","Non-Active","September 29, 2025","Lcp:1
 Nap: na
 Port:10
 Technicians: Freddy / Clyde
 Powered by: Jhun Torres","900","Active","Purok 4 Wawa Tanggal Bbang Pangasinan",""
"2647","","1759114637","MBAU_Jimmy_Castro","639199401595","29 - Prepaid","Non-Active","September 29, 2025","Port: 3
 TECHNICIAN: piolo/boss dong","1,000","Active","Jacinto st villanueva bautista pangasinan",""
"2648","","1759127683","TPU_Aurie_Royo","639206752529","29 - Prepaid","Non-Active","September 29, 2025","OK
 Lcp:1
 Nap: 7
 Port:9
 Technicians: Mark / Clyde
 Powered by: Jhun Torres","900","Active","Purok 3 pugo Bayambang Pangasinan",""
"2649","","1759127838","MPE_Karl_Cabrales","639563606907","29 - Prepaid","Non-Active","September 29, 2025","OK
 Port: 16
 TECHNICIAN: piolo/boss dong","799","Active","Zone 1 Poblacion East alcala pangasinan",""
"2650","","1759128678","XAMS_Karen_Talleser","639635209750","28 - Prepaid","Non-Active","September 29, 2025","NAPBOX: 201BYB65
 PORT: 9
 TECHNICIAN: Jojo/june
 old dd:29/adjusted/new dd:4 -darz","1,000","Active","125 purok 3 amangcosiling sur bayambang paggasinan",""
"2651","","1759133729","DPA_Alfredo_Abalos","639235331689","29 - Prepaid","Non-Active","September 29, 2025","NAPBOX: 201-3 BYB-7
 LCP:1
 NAP:8
 Port:9
 TECHNICIAN:Daniel/Renz
 ASSISTED BY:Dante/Edwin","1,000","Active","Purok 3, Pangdel Bayambang Pangasinan",""
"2652","","1759134173","XZ2_Ruel_Layacan","639513081683","29 - Prepaid","Non-Active","September 29, 2025","NAP: n/a
 LCP: n/a
 PORT: 4 
 TECHNICIAN: Marvin / Jeff","1,500","Active","Zone II, B'bang Pang.",""
"2653","","1759134887","MPE_Lorna_Acosta","639055068095","29 - Prepaid","Non-Active","September 29, 2025","Port: 16
 TECHNICIAN: piolo/boss dong","1,000","Active","Zone 1 poblacion east Alcala Pangasinan",""
"2654","","1759138584","DCA_Lorraine_Agudo","639912811732","29 - Prepaid","Non-Active","September 29, 2025","NAPBOX:201-3 BYB-24
 LCP:1
 NAP:4
 Port:16
 TECHNICIAN:Daniel/Renz
 ASSISTED BY:Dante/Edwin","1,000","Active","Purok 7, Carungay Bayambang Pangasinan",""
"2655","","1759139558","DDA_Germaine_Orcino","639156944195","28 - Prepaid","Non-Active","September 29, 2025","NAPBOX:201-3 BYB-24
 LCP: 1
 NAP:2
 Port:6 
 TECHNICIAN:Daniel/Renz
 ASSISTED BY:Dante/Edwin","1,000","Active","Purok 3, Darawey Bayambang Pangasinan
 OK",""
"2656","","1759201323","DCA_Wilmar_Quinit","639153542778","30 - Prepaid","Non-Active","September 30, 2025","NAPBOX:
 201-2
 BYB-49
 LCP: 2
 NAP:7
 Port:
 TECHNICIAN:JEROME/MAKING
 ASSISTED BY:DANTE/Edwin","1,000","Active","Purok 6, Carungay Bayambang Pangasinan",""
"2657","","1759212025","XHE_Julius_Elgin","639480664313","28 - Prepaid","Non-Active","September 30, 2025","Port:16
 TECHNICIAN:piolo/dong
 ==========
 DC 11/3/25 - Ice
 RC 11/3/25 - Ice
 dd:30 changed to 28 -darz","1,500","Active","Purok 5 hermoza .b.bang  Pangasinan
 OK",""
"2658","","1759212162","TWAR_Eliza_Santos","639279130264","30 - Prepaid","Non-Active","September 30, 2025","Lcp:1
 Nap: 7
 Port:
 Technicians: Clyde/ Mark
 Powered by: Jhun Torres","1,000","Active","Purok 5 Warding Bayambang Pangasinan",""
"2659","","1759217204","DBUA_Rizzalyn_Carranza","639515412748","27 - Prepaid","Non-Active","September 30, 2025","OLD DD: JAN 30
 DC JAN 31
 RC FEB 10 2026
 NEW DD: MARCH 10 2026-CLARISSE
 =======================
 March 14 2026- Agent requested to unpaid delete and regenerate March Bill due to client didn't pay on time.-Clariss
 ===============
 May 11 - Reconnection
 For delete Month: March and April - HANS
 -------------------------
 OLD DD: 11
 DC:20
 RC"" 3
 NEW DD: AUG 25 2026-CLARISSE
 =-=================
 SEPT 27 2026- RECON
 NEW DD"" OCT 27 2026=CLARISSE
 SEPT 27 2026 10:05 PM SIR DANTE REQUEST TO UNPAID THE BILL HE WILL SENT BACK THE MONEY TO THE CLIENT-CLARISSE","1,000","Active","Purok 3, Buayen Bayambang Pangasinan",""
"2660","","1759218939","XSG2_Crisilda_Campos","639544589598","28 - Prepaid","Non-Active","September 30, 2025","LCP: 1
 NAP:8
 PORT: 5
 TECHNICIAN: Mike / John
 ==========
 DC 11/3/25 - Ice
 RC 11/4-EJ
 
 
 DD:30 CHANGED TO 28-DARZ","1,000","Active","San Gabriel 2nd, Bayambang, Pangasinan",""
"2661","","1759283436","XNN_James_Devera","639638110737","1 - Prepaid","Non-Active","October 01, 2025","Port:1
 TECHNICIAN:piolo/boss dong","1,000","Active","Purok 2 Nibaliw Norte Bautista Pangasinan",""
"2662","","1759288850","XAMS_Ivan_Benitez","639369582759","13 - Prepaid","Non-Active","October 01, 2025","NAPBOX: 7
 ‎LCP: 1
 ‎Port: 5
 ‎TECHNICIAN: Darwin/Michael
 ========
 DC 11/4/25 - Ice
 RC 11/5/25 - Ice
 ==============
 OLD DD: 1
 RC- APRIL 12
 LESS 4 DAYS GRACE PERIOD PLUS 2 DAYS NO CONNECTION
 NEW DD: 11 -CLARISSE
 =========
 August 13, 2026, Reconnection
 old dd 11
 new dd 13 - hans","1,000","Active","purok 5 benitez compound amancosiling sur bayambang pangasinan",""
"2663","","1759290757","XPIN_Ailyn_Cabiso","639923407523","3 - Prepaid","Non-Active","October 01, 2025","Port:7
 TECHNICIAN:piolo/boss dong
 OLD DD 1
 DC DEC 4
 RC DEC 7
 NEW DD: JAN 3","1,000","Active","113 pindangan Centro alcala Pangasinan",""
"2664","","1759290853","XBUA_Gerilyn_Rafa","639215043610","1 - Prepaid","Non-Active","October 01, 2025","NAP Code:  201- 3 BYB- 24
 LCP- 1
 Nap- 4
 Port- 13
 Technicians: Pedro/Jerome
 
 DEC 31 REMIT BY SIR DARWIN PAYMENT FTM OF JAN., LATE PAID IN THE SYSTEM","1,000","Active","Purok 5, Buayaen, Bayambang, Pangasinan",""
"2665","","1759300645","XHE_Emilio_Opina","639493141882","1 - Prepaid","Non-Active","October 01, 2025","Port:14
 ‎Technician:Daniel Lee Renz
 ========
 DC 11/4/25 - Ice","1,000","Active","#130 Purok 2 Hermoza Bayambang Pangasinan",""
"2666","","1759302975","MLAO_Nicole_Pejoro","639563521121","11 - Prepaid","Non-Active","October 01, 2025","Port: 2
 TECHNICIAN: freddie/clyde
 Moved due date from 1 to 11 cause of typhoon(marben said)","1,000","Active","Zone 7 laoac west alcala pangasinan
 OK",""
"2667","","1759305971","XAMS_Joseph_Montemayor","639272790006","1 - Prepaid","Non-Active","October 01, 2025","Port: 8
 ‎TECHNICIAN: Darwin/Michael","1,000","Active","purok 4 amancosiling sur bayambang pangasinan",""
"2668","","1759306198","XSG2_Lolita_Torres","639271189494","1 - Prepaid","Non-Active","October 01, 2025","LCP:1
 Port:5
 TECHNICIAN:piolo/boss dong","1,000","Active","Purok 3 San Gabriel 2nd b.bang Pangasinan",""
"2669","","1759307826","XBED_Eddie_Perez","639487950513","1 - Prepaid","Non-Active","October 01, 2025","PORT: 1
 TECHNICIAN: Marvin / Jeff","1,000","Active","Purok 5, Bedania Mangatarem Pang.",""
"2670","","1759310262","XTA_Lolita_Salon","639063249959","2 - Prepaid","Non-Active","October 01, 2025","Lcp:1
 ‎Nap: 8
 ‎Port:3
 ‎Technician:Daniel Lee Renz
 ========
 OLD DD""1
 DC 11/4/25 - Ice
 rc nov 5
 new dd: dec 2","1,000","Active","#19 Rizal street Tatarac Bayambang Pangasinan",""
"2671","","1759311267","XBUA_Jeanmichelle_Gomez","639183216786","1 - Prepaid","Non-Active","October 01, 2025","","1,000","Active","Purok 5, Buayaen, Bayambang, Pangasinan
 OK",""
"2672","","1759372164","DMP_Marissa_Baladad","639942188920","2 - Prepaid","Non-Active","October 02, 2025","LCP: 1
 NAP:5
 Port:11
 TECHNICIAN: FREDDIE/CLYDE
 ASSISTED BY:DANTE/Edwin","1,000","Active","Purok 2, Manambong Parte Bayambang Pangasinan",""
"2673","","1759376419","TSV_Dick_Makabenta","639308790715","2 - Prepaid","Non-Active","October 02, 2025","Nap code: 201-4
 Byb 65
 Lcp:1
 Nap: 1
 Port: 12
 Technicians: John/ Micheal
 Powered by: Jhun Torres","1,000","Active","Purok 1 SanVicente Bayambang Pangasinan",""
"2674","","1759376902","MPE_Corazon_Casicas","639451027138","2 - Prepaid","Non-Active","October 02, 2025","Port: 14
 TECHNICIAN: making/jerome","1,000","Active","Funston st poblacion east alcala pang",""
"2675","","1759377647","DMP_Jayr_Sudario","639074201895","2 - Prepaid","Non-Active","October 02, 2025","LCP: 1
 NAP:5
 Port:12
 TECHNICIAN: FREDDIE/CLYDE
 ASSISTED BY:DANTE/Edwin","1,500","Active","Purok 2, Manambong Parte Bayambang Pangasinan",""
"2676","","1759381462","XHE_Jean_Garcia","639166413714","2 - Prepaid","Non-Active","October 02, 2025","‎Port:5
 ‎Technician:Daniel Lee Renz","1,000","Active","495 purok 5 Hermoza Bayambang Pangasinan",""
"2677","","1759385434","DMP_Johnandrew_Manaois","639544156995","2 - Prepaid","Non-Active","October 02, 2025","LCP: 1
 NAP:5
 Port:13
 TECHNICIAN: FREDDIE/CLYDE
 ASSISTED BY:DANTE/Edwin","1,500","Active","Purok 2, Manambong Parte Bayambang Pangasinan",""
"2678","","1759390801","DMP_Spencer_Galletes","639483240530","2 - Prepaid","Non-Active","October 02, 2025","","1,000","Active","Purok 2, Manambong Parte Bayambang Pangasinan",""
"2679","","1759394052","XMS_Meliza_Cayabyab","639381458183","2 - Prepaid","Non-Active","October 02, 2025","OK
 NAPBOX:3
 LCP:1
 Port:15
 TECHNICIAN:piolo/boss dong
 =============
 Additional 3 days grace period due to 3 days no connection - hans","1,000","Active","Ashinda manambong sur b.bang Pangasinan",""
"2680","","1759394826","MSV_Erlinda_Bizarra","639654074529","2 - Prepaid","Non-Active","October 02, 2025","Port: 8
 TECHNICIAN: making/jerome","799","Active","Zone 4 san vicente alcala pangasinan",""
"2681","","1759397059","XPA_Nida_Alanas","639666579485","2 - Prepaid","Non-Active","October 02, 2025","‎Port:11
 ‎Technician:Daniel Lee Renz","1,000","Active","Purok 1 Pangdel Bayambang Pangasinan",""
"2682","","1759397377","XPAR_Belinda_Ragos","639153747407","6 - Prepaid","Non-Active","October 02, 2025","NAPBOX:201-4 201BYB65
 LCP: 1
 NAP:8
 PORT: 15
 TECHNICIAN: Jojo/june
 ========
 DC 11/7/25 - Ice
 RECON NOV 9.
 ====================
 new dd august 06 -clarisse","1,000","Active","purok 1 paragos bayambang panggasinan
 OK",""
"2683","","1759458181","MSPA_Rogelio_Yabes","639638590103","3 - Prepaid","Non-Active","October 03, 2025","Port: 2
 TECHNICIAN: piolo/boss D","799","Active","Zone 5 san pedro apartado alcala pangasinan",""
"2684","","1759459620","MSPA_Chir_Cataina","639309124561","3 - Prepaid","Non-Active","October 03, 2025","Port: 4 
 TECHNICIAN: piolo/dong","1,000","Active","Zone San pedro apartado alcala pangasinan",""
"2685","","1759464090","MPINE_Remedios_Torres","639911762140","3 - Prepaid","Non-Active","October 03, 2025","Port: 5
 TECHNICIAN: piolo/boss D","1,000","Active","Mencias st pindangan west alcala pangasinan",""
"2686","","1759467980","MPINE_Shahab_Torres","639934574278","3 - Prepaid","Non-Active","October 03, 2025","Port: 9
 TECHNICIAN: jojo/june","799","Active","Nario st pindangan west alcala pangasinan",""
"2687","","1759571862","XBED_Althea_Tumbagahan","639915113569","16 - Prepaid","Non-Active","October 04, 2025","LCP:1
 NAP:2
 PORT:2
 TECHNICIAN : PIOLO / DONG
 ========
 Old DD 4
 DC 11/7/25 - Ice
 3 days consumed
 RC 11/12/25
 New DD 12/9-EJ
 old dd: 9/ adjusted 7 days-darz/ new dd: 16","1,000","Active","Purok 4 Bedania Mangatarem Pangasinan",""
"2688","","1759716406","TPU_Rezhiel_Junio","639661508952","6 - Prepaid","Non-Active","October 06, 2025","Nap code: 201-4
 Byb 64
 Lcp:1
 Nap: 5
 Port:8
 Note:Replace : Jemark Junio
 Technicians: Tolo / Renz
 Powered by: Jhun Torres","1,000","Active","Purok 1 Pugo Bbang Pangasinan
 OK",""
"2689","","1759720754","MPINE_Rachelle_Quines","6399117622140","6 - Prepaid","Non-Active","October 06, 2025","Port: 8
 TECHNICIAN: making jerome","1,000","Active","508 pindangan centro alcala pangasinan",""
"2690","","1759739358","DDP_Spencer_Patayan","639946941044","20 - Prepaid","Non-Active","October 06, 2025","OK
 LCP: 1
 NAP:5
 Port:2
 TECHNICIAN: JOJO/VENTURA 
 ASSISTED BY:DANTE/EDWIN
 =============
 OLD DD: 6
 DC:10
 RC: FEB 14 2026
 NEX DD: MARCH 14 2026-CLARISSE
 =========
 OLD DD: 14
 DC:18
 RC: June 22 2026
 NEX DD: July 18 2026 - hans","1,000","Active","M.H Del Pilar Bayambang Pangasinan",""
"2691","","1759739772","XBED_Charlito_Bugagon","639455280897","6 - Prepaid","Non-Active","October 06, 2025","NAPBOX:2
 LCP:1
 Port:3
 TECHNICIAN:piolo/boss dong
 ===========
 DC 11/14/25 - Ice (Ma'amClarisse)
 RC 11/15/25 - Ice","1,000","Active","Purok 5 BEDANIA MANGATAREM PANGASINAN",""
"2692","","1759740244","XBED_William_Bugagon","639954000959","9 - Prepaid","Non-Active","October 06, 2025","NAPBOX:2
 LCP:1
 Port:4
 TECHNICIAN:piolo/boss dong
 ===========
 Old dd 6
 DC 11/14/25 - Ice (Ma'amClarisse)
 8days consumed
 RC 11/17
 New DD 12/9-ej","1,000","Active","Purok 5 BEDANIA MANGATAREM PANGASINAN",""
"2693","","1759746348","MSPI_Carlo_Rayo","639277775014","6 - Prepaid","Non-Active","October 06, 2025","Port: 5
 TECHNICIAN: making jerome","1,000","Active","Zone 2 San pedro ili alcala pang",""
"2694","","1759801806","DWAR_Hermalyn_Solomon","639398634918","7 - Prepaid","Non-Active","October 07, 2025","LCP: 1
 NAP:5
 Port:10
 TECHNICIAN: JOJO/VENTURA 
 ASSISTED BY:DANTE/EDWIN","1,000","Active","Purok 4 Warding Bayambang pangasinan",""
"2695","","1759805457","MSV_Melben_Santiago","639814516098","22 - Prepaid","Non-Active","October 07, 2025","Port: 5
 TECHNICIAN: piolo  boss D
 Agent: Marben
 =======
 DC 03/16/2026/
 RC 0R/30/2026
 OLD DD 7
 NEW DD 22
 NEXT DD 04/22/2026 - HANS","1,000","Active","Zone 1 Gabut st San vicente Alcala Pangasinan",""
"2696","","1759817341","MLAO_Rheyann_Mendoza","639065712809","21 - Prepaid","Non-Active","October 07, 2025","Port: 10
 TECHNICIAN: piolo  boss D
 ===========================
 MAY 29 2026
 OLD DD: 7
 RC- 30
 NEW DD: 21-CLARISSE","1,000","Active","Zone 1 laoac east alcala pangasinan",""
"2697","","1759819199","DTAN_Jonalyn_Alonzo","639109463083","7 - Prepaid","Non-Active","October 07, 2025","Port:11
 TECHNICIAN: JOJO/VENTURA 
 ASSISTED BY:DANTE/EDWIN","1,000","Active","Purok 2, Tanolong Bayambang Pangasinan",""
"2698","","1759824795","MSPI_Teresa_Ramos","6352525034143","7 - Prepaid","Non-Active","October 07, 2025","Port: 10
 TECHNICIAN: piolo  boss D","1,000","Active","Sitio patalan san pedro ili alcala pangasinan",""
"2699","","1759892149","MPE_Hommer_Almuete","639338168382","8 - Prepaid","Non-Active","October 08, 2025","Port: 12
 TECHNICIAN: making jerome
 Agent: Marben","1,500","Active","Zone 1 Poblacion East Alcala Pangasinan",""
"2700","","1759894724","XBED_Lilia_Bugagon","639934570076","8 - Prepaid","Non-Active","October 08, 2025","NAPBOX:2
 LCP:1
 Port:5
 TECHNICIAN:piolo","1,000","Active","Purok 4 BEDANIA MANGATAREM PANGASINAN",""
"2701","","1759904926","MLAO_Janroy_Tagudin","63993896295","8 - Prepaid","Non-Active","October 08, 2025","Port: 12
 TECHNICIAN: Jerome / Making
 Agent: Marben","1,000","Active","Zone 4 laoac east alcala pangasinan",""
"2702","","1759915492","XAMN_Charine_Paragile","639192867258","8 - Prepaid","Non-Active","October 08, 2025","OK
 NAPBOX: 7
 LCP:1
 P:15
 TECHNICIAN: Freddie /Aljhan","1,000","Active","centro amangcosiling Norte bayambang pangasinan",""
"2703","","1759982001","XBUA_Virgie_Barrogo","639655508990","9 - Prepaid","Non-Active","October 09, 2025","OK
 Port:10
 ‎Technician:Daniel Lee / Clyde","1,000","Active","Talimpogo Buayaen Bayambang Pangasinan",""
"2704","","1759984463","XBE_Evelyn_Magsino","639678827535","11 - Prepaid","Non-Active","October 09, 2025","NAP:2
 LCP:1
 Port:5
 TECHNICIAN:Marvin V / Ma king D -relocation from XANU to XBE","1,000","Active","Zone 4 Anulid Alcala Pangasinan",""
"2705","","1759999483","XBW_Jinkylane_Galsim","639101433518","9 - Prepaid","Non-Active","October 09, 2025","NAPBOX:3
 LCP:1
 Port:11
 TECHNICIAN:piolo/boss dong
 ========
 Old DD 9
 DC 11/17/25 - Ice
 8 days consumed
 Rc 11/17
 New DD 12/9-ej","799","Active","Purok 4 BONGATO west b.bang Pangasinan",""
"2706","","1760000187","XPS_MaryAnn_Velasco","639395150100","9 - Prepaid","Non-Active","October 09, 2025","nap:7
 lcp:1
 port:9
 TECHNICIAN: Jasper,John","1,000","Active","Poblacion Sur  Bayambang, Pangasinan",""
"2707","","1760070903","XHE_Lorein_Evangelista","639354972629","10 - Prepaid","Non-Active","October 10, 2025","NAPBOX:201-4 201BYB65
 LCP: 1
 NAP:8
 PORT:2
 TECHNICIAN: Jojo/june","1,000","Active","Hermoza purok 4 bayambang panggasinan",""
"2708","","1760070981","XAM1_Marilyn_Collado","639949886396","10 - Prepaid","Non-Active","October 10, 2025","Port:10
 ‎Technician:Daniel Lee 
 ‎Clyde","800","Active","Purok 2 Ambayat 1st Bayambang Pangasinan",""
"2709","","1760076680","DCA_Joanna_Fronda","639910372960","10 - Prepaid","Non-Active","October 10, 2025","OK
 Nap: 4
 Port: 8
 Technician: Jojo,Ventura 
 Assisted by: Dante","1,000","Active","Purok 7 Carungay bayambang Pangasinan",""
"2710","","1760324249","XTA_Esmael_Aquino","639772661333","13 - Prepaid","Non-Active","October 13, 2025","NAPBOX: 1
 LCP:1
 P:16
 TECHNICIAN: Freddie /Aljhan","1,000","Active","Tatarac Bayambang Pangasinan",""
"2711","","1760325779","XNN_Shakara_Gloria","639531087815","11 - Prepaid","Non-Active","October 13, 2025","P: 8
 TECHNICIAN: John/Clyde
 =============
 5 days OLD DD: 13
 DC 11/18/25 - Ice
 RC- 16
 NEW DD: JAN 11 2026","799","Active","Zone 6, Nibaliw Norte, Bautista, Pangasinan",""
"2712","","1760328806","MSTP_Karen_Pequet","639272376500","13 - Prepaid","Non-Active","October 13, 2025","Port: 6
 TECHNICIAN: piolo  boss D","1,000","Active","169 Sto nino Sto Tomas Pangasinan",""
"2713","","1760333539","DBN_Naome_Junio","639123824506","13 - Prepaid","Non-Active","October 13, 2025","LCP:1
 Port:4
 TECHNICIAN:VENTURA/JOJO
 ASSISTED BY: DANTE/EDWIN","1,000","Active","Anonas st. Bical Norte Bayambang Pangasinan",""
"2714","","1760340917","XPS_Natashia_Salaguinto","639294542701","13 - Prepaid","Non-Active","October 13, 2025","NAPBOX: 8
 ‎LCP: 1
 ‎Port: 7
 ‎TECHNICIAN: Darwin/Edward","1,000","Active","Poblacion Sur dike, Bayambang Pangasinan",""
"2715","","1760347192","XAM1_Rosemarie_Bugarin","639915218290","13 - Prepaid","Non-Active","October 13, 2025","NAPBOX: 8
 LCP:1
 P:6
 TECHNICIAN: Freddie /Aljhan
 =======================
 June 3, 2026
 Approved adjustment: 7 days isolation.
 Service interruption started on May 28, 2026 at approximately 7:00 PM and was restored on May 31, 2026 at approximately 7:00 AM.
 As compensation for the outage, a 7-day adjustment to the payment schedule has been approved.
 – Clarisse","800","Active","Purok 1, Ambayat 1st",""
"2716","","1760348767","MSTP_Sam_Prscador","639859771746","13 - Prepaid","Non-Active","October 13, 2025","Port: 7
 TECHNICIAN: piolo  boss D","799","Active","Santo nino Pangasinan",""
"2717","","1760407570","MSPI_Aiza_Ruiz","639632994172","14 - Prepaid","Non-Active","October 14, 2025","Port: 2
 TECHNICIAN: edward darwin","1,000","Active","Borje st San Pedro ili alcala pangasinan",""
"2718","","1760411471","MSPI_Kristine_Valdez","639270233407","6 - Prepaid","Non-Active","October 14, 2025","Port: 6
 TECHNICIAN: edward darwin
 ===========================
 OLD DD: 14
 FOR DELETE - MAY AND JUNE
 RC: JULY 15
 NEXT DD: AUG 6 2026","1,000","Active","Zone 4 San pedro ili alcala pangasinan",""
"2719","","1760418729","XBS_Bernard_Pasiliao","639772380304","14 - Prepaid","Non-Active","October 14, 2025","NAP Code: 
 201- 1
 BYB- 26
 LCP- 1
 Nap- 1
 Port- 12
 Technicians: Pedro/Jerome","1,000","Active","Purok 3, Bical Sur, Bayambang, Pangasinan",""
"2720","","1760427334","MPW_Jeazelle_Soriano","639549743853","14 - Prepaid","Non-Active","October 14, 2025","Port: 5
 TECHNICIAN: Jeff June","1,000","Active","Zone 4 Poblacion west alcala pangasinan",""
"2721","","1760427823","XSTP_Rojellyn_Suyat","639176203066","14 - Prepaid","Non-Active","October 14, 2025","NAPBOX:4
 LCP:10
 Port:4
 TECHNICIAN:piolo/boss dong
 =============
 DC 11/18/25 - Ice
 RC 11/18/25 - Ice","1,000","Active","Zone 5 San Antonio Santo Tomas pangasinan",""
"2722","","1760432592","XBS_Rosalinda_Aquino","639941013932","16 - Prepaid","Non-Active","October 14, 2025","OK
 Nap- 1
 Port- 13
 Technicians: Pedro/Jerome
 =============
 DC 11/18/25 - Ice
 RC 11/19/25 - Ice","1,000","Active","Purok 3, Bical Sur, Bayambang, Pangasinan",""
"2723","","1760433068","XPIN_Yuri_Gallego","639614827246","14 - Prepaid","Non-Active","October 14, 2025","Port:4
 ‎‎Technician:Daniel Lee Renz","1,000","Active","95 Mannaraon Pindangan East Alcala Pangasinan",""
"2724","","1760494358","MSPI_Rizza_Ruiz","639468860230","28 - Prepaid","Non-Active","October 15, 2025","Port: 3
 TECHNICIAN: edward clyde
 old dd:15/dc:24 May
 June RC:29/new dd:29-darz","1,000","Active","Borje st. san Pedro Ili alcala pangasinan",""
"2725","","1760496236","MPOG_Ruelito_Ilagan","639496047226","20 - Prepaid","Non-Active","October 15, 2025","Port: 2
 TECHNICIAN: edward clyde
 =======
 DC 05/24/2026
 RC 04/29/2026
 OLD DD 15
 NEW DD 20
 NEXT DD 05/20/2026 - HANS","1,000","Active","Zone 2 Pogo Bautista pangasinan
 OK",""
"2726","","1760499221","XPS_Marvin_Villedar","639657932196","28 - Prepaid","Non-Active","October 15, 2025","NAPBOX: 7
 LCP: 1
 PORT: 4
 TECHNICIAN: Marvin / Jeff
 
 SEPT 23 2026
 RECON FOR DELETE OF JUNE-AUGUST 2026 BILL-CLARISSE","799","Active","Poblacion Sur B'bang Pangasina",""
"2727","","1760506926","MPE_Dennis_Cabanilla","639100192323","15 - Prepaid","Non-Active","October 15, 2025","Port: 16
 TECHNICIAN: edward clyde","799","Active","Soriano st Poblacion east alcala pangasinan
 OK",""
"2728","","1760515048","MSPI_Bryan_Barri","639169485113","16 - Prepaid","Non-Active","October 15, 2025","Port: 13
 TECHNICIAN: edward clyde","1,000","Active","Zone 5 san pedro ili alcala pangasinan
 OK",""
"2729","","1760517213","XPIN_TinaMae_Rovillos","6399308745072","15 - Prepaid","Non-Active","October 15, 2025","OK
 Port:6
 ‎‎Technician:Daniel Lee Renz 
 Assisted by sir Cris
 DC 11/19/25 - Ice
 RC 11/19/25 - Ice","1,000","Active","Zone 7 Pindangan Centro Alcala Pangasinan",""
"2730","","1760518638","DBUA_Almar_Baratang","639234052828","15 - Prepaid","Non-Active","October 15, 2025","NAPBOX:
 201-4
 BYB-65
 LCP:1
 NAP:3
 Port:14
 TECHNICIAN:FREDDIE/Aljohn
 ASSISTED BY: DANTE/EDWIN","1,000","Active","Purok 3, Buyaen Bayambang Pangasinan",""
"2731","","1760520825","MSN_Jocelyn_Espiritu","639354903862","15 - Prepaid","Non-Active","October 15, 2025","Port: 13
 TECHNICIAN: jojo june","799","Active","Castañeda st San nicolas alcala pangasinan",""
"2732","","1760587372","XSPA_Marilou_Lapitan","639687989115","16 - Prepaid","Non-Active","October 16, 2025","Port:3
 ‎‎Technician:Daniel Lee Renz","1,000","Active","Purok 5 San Pedro apartado Alcala Pangasinan",""
"2733","","1760587507","MPINE_Timoteo_Torres","639682503282","16 - Prepaid","Non-Active","October 16, 2025","Port: 5
 TECHNICIAN: jojo june","1,000","Active","Zone 5 Pindangan Centro Alcala Pangasinan",""
"2734","","1760603955","MPE_Alcala_Pnp","639505318103","16 - Prepaid","Non-Active","October 16, 2025","OK
 Port: 5
 TECHNICIAN: edward making","799","Active","Alcala police station",""
"2735","","1760605237","MSV_Daryl_Corpuz","639976596749","16 - Prepaid","Non-Active","October 16, 2025","Port: 7
 TECHNICIAN: jojo june","1,000","Active","Jamboree st san vicente alcala pangasinan
 OK",""
"2736","","1760673338","MSJC_Janna_Bustos","639669674939","17 - Prepaid","Non-Active","October 17, 2025","Port: 12
 TECHNICIAN: edward making","800","Active","Gabot st san vicente alcala pang",""
"2737","","1760681412","DCA_Sonny_Quisias","639919453303","17 - Prepaid","Non-Active","October 17, 2025","NAPBOX:
 201-
 BYB-
 LCP:0
 NAP:2
 Port:7
 TECHNICIAN: Jojo, Ventura 
 ASSISTED BY: DANTE","1,000","Active","Purok 1 Carungay Bayambang Pangasinan",""
"2738","","1760691944","XSG2_Jehanbelle_Dacalanio","639957826177","15 - Prepaid","Non-Active","October 17, 2025","P:11
 TECHNICIAN: Freddie /Aljhan
 ==============
 4/9/26 done pullout modem/unplugged sc nap. port12 -jeff/edward
 =============
 Reconnection
 NapBox:N/A
 LCP:N/A
 Port:3
 Technicians:piolo/Alfredo","799","Active","Purok 1 San Gabriel 2nd
 OK",""
"2739","","1760757549","XBUA_Garry_Arenas","639196375096","18 - Prepaid","Non-Active","October 18, 2025","Port:11
 TECHNICIAN:piolo/boss dong","1,500","Active","Talimpogo st buayaen b.bang Pangasinan",""
"2740","","1760758182","XBW_Almira_Montilla","639092324712","18 - Prepaid","Non-Active","October 18, 2025","NAP Code: 
 201- 3
 BYB- 24
 LCP- 1
 Nap- 3
 Port- 4
 Technicians: Pedro/Jerome","1,000","Active","Purok 4, Bongato West, Bayambang, Pangasinan",""
"2741","","1760760327","XBU_Ampi_Pinto","639602608653","6 - Prepaid","Non-Active","October 18, 2025","DC 02/22/2026
 RC 03/10/2026
 Old dd 18
 New DD 10
 Next DD 04/6/2026 - Hans
 ============
 Additional 3 days grace period due to 3 days no connection - hans","1,000","Active","buayaen Pangasinan",""
"2742","","1760775957","XMP_Edrian_Baladad","639530729561","24 - Prepaid","Non-Active","October 18, 2025","LCP:1 NAP:4 PORT:3 Piolo/Dong
 DC: DEC.19 RC: JAN.17 NEW DD: 17 -DARZ","1,000","Active","Purok 2manambong parte b.bang Pangasinan",""
"2743","","1760927523","XSAN_Marklawrence_Racpan","639455201057","20 - Prepaid","Non-Active","October 20, 2025","Port:9
 TECHNICIAN:piolo/boss dong","799","Active","137 pangniban st San Juan alcala Pangasinan",""
"2744","","1760931471","XPA_Maribel_Carino","639279745543","20 - Prepaid","Non-Active","October 20, 2025","PORT: 14 
 TECHNICIAN: Marvin / Jeff","1,000","Active","Purok 2, Pangdel B'bang Pang.",""
"2745","","1760932220","MCAN_Stephanie_Bustos","639156675061","20 - Prepaid","Non-Active","October 20, 2025","Port:7","800","Active","Zone 1 Canarvacanan Alcala Pangasinan",""
"2746","","1760934252","XDP_MicaElla_Cruz","639461122239","20 - Prepaid","Non-Active","October 20, 2025","Lcp:1
 ‎Nap: 4
 ‎Port:7
 ‎‎Technician:Daniel Lee / Renz","1,000","Active","104 purok 4 M.H. Del Pilar Bayambang Pangasinan",""
"2747","","1760935910","XAMS_Ricardo_Mangande","639360564634","20 - Prepaid","Non-Active","October 20, 2025","NAP Code: 
 201- 1
 BYB- 65
 LCP- 1
 Nap- 1
 Port- 12
 Technicians: Pedro/Jerome
 ============
 DC 11/25/25 - Ice(DC of DD 19 - 22)
 RC 11/25/25 - Ice","1,000","Active","Purok 6, Amancosiling Sur, Bayambang, Pangasinan",""
"2748","","1760949427","XAMS_Roger_CayabyanJr","639458018304","28 - Prepaid","Non-Active","October 20, 2025","Lcp:1
 ‎Nap: 1
 ‎Port:7
 ‎‎Technician:Daniel Lee Renz
 -------------------------
 OLD DD: 20
 NEW DD: DEC 22 2025 - 2 DAYS NO CONNECTION CLARISSE
 old dd:22/adjusted 7 days/ new dd:29-darz","1,000","Active","Purok 6 Amancosiling Sur",""
"2749","","1760951733","MSPI_Brenda_Delacruz","639915331092","20 - Prepaid","Non-Active","October 20, 2025","Port: 10","800","Active","Dmlv San pedro ili subdivision Alcala Pangasinan",""
"2750","","1761014575","TMAG_Christian_Vias","639273766454","21 - Prepaid","Non-Active","October 21, 2025","Lcp:1
 Nap: na
 Port:9
 Technicians: Tolo / Renz
 Powered by: Jhun Torres","799","Active","Gomes St. Magsaysay Bbang Pangasinan",""
"2751","","1761031883","XTA_Ronald_Cancino","639317410727","21 - Prepaid","Non-Active","October 21, 2025","NAP Code: 
 201- 4
 BYB- 65
 LCP- 1
 Nap- 4
 Port- 13
 Technicians: Pedro/Jerome
 ============
 DC 11/25/25 - Ice(DC of DD 19 - 22)
 RC 11/25/25 - Ice","1,000","Active","Purok 1, Tatarac, Bayambang, Pangasinan",""
"2752","","1761099978","DMN_Lolita_Ancheta","639305489364","30 - Prepaid","Non-Active","October 22, 2025","Port:1
 TECHNICIAN:VENTURA/JOJO
 ASSISTED BY: DANTE/EDWIN","1,000","Active","Manambong Norte Bayambang Pangasinan
 OK",""
"2753","","1761105071","DMN_Edward_Estrada","639467144246","29 - Prepaid","Non-Active","October 22, 2025","Port:5
 TECHNICIAN:VENTURA/JOJO
 ASSISTED BY: DANTE/EDWIN","1,000","Active","Manambong Norte, Bayambang Pangasinan",""
"2754","","1761110841","MSPA_Isagani_Paclibon","639952900632","25 - Prepaid","Non-Active","October 22, 2025","OK
 Port: 3
 TECHNICIAN: Edward john","800","Active","Purok 4 San Pedro apartado alcala pangasinan",""
"2755","","1761188695","DINI_Hazel_Logan","639682180161","23 - Prepaid","Non-Active","October 23, 2025","LCP:1
 NAP:2
 Port:16
 TECHNICIAN:VENTURA/JOJO
 ASSISTED BY: DANTE/EDWIN","1,000","Active","Purok 7, Inirangan Bayambang Pangasinan",""
"2756","","1761189799","XPA_Aljay_Herrera","639933342061","12 - Prepaid","Non-Active","October 23, 2025","NAPBOX: 2
 LCP: 1
 PORT: 7
 TECHNICIAN: Nomel / Jeff","1,000","Active","Purok 3, Pangdel B'bang Pang.",""
"2757","","1761190200","XTE_Tiaramae_Surait","639100360953","23 - Prepaid","Non-Active","October 23, 2025","OK
 LCP:1
 Port:16
 TECHNICIAN:piolo/boss dong
 ===========
 August 28, 2026 Downgrade from 100mbps to 50mbps - hans","799","Active","Purok 7 Telbang b.bang Pangasinan",""
"2758","","1761201376","MKIS_Ritchelle_Catubay","639514420589","11 - Prepaid","Non-Active","October 23, 2025","Port: 4
 TECHNICIAN: Edward john
 ====================
 OLD DD: 25
 NEXT DD: MAY 16 2026 (MARCH BILL FOR DELETE)-CLARISSE
 ===========
 Reconnection July 6, 2026
 new due date every 6th of the month - hans
 ==========
 September 15, 2026 LATE PAYMENT
 old dd 6
 new dd 11 - hans","800","Active","Zone 6 kisikis alcala pamgasinan",""
"2759","","1761206252","MKIS_Harvey_Mamitag","639293387794","25 - Prepaid","Non-Active","October 23, 2025","Port: 4
 TECHNICIAN: Edward john","800","Active","Nama st Kisikis Alcala Pangasinan",""
"2760","","1761207967","XAMS_Thelma_Cayabyab","639693032671","23 - Prepaid","Non-Active","October 23, 2025","Port:2
 TECHNICIAN:piolo/boss dong","1,000","Active","Purok 6 AMANCOSILING sur b.bang Pangasinan",""
"2761","","1761277572","XSG2_Joshua_Poquiz","639357108327","28 - Prepaid","Non-Active","October 24, 2025","LCP:1
 Port:6
 TECHNICIAN:piolo boss dong
 old dd: 24/adjusted 7 days darz/ new dd: 2","1,000","Active","Purok 3 San Gabriel 2nd b.bang Pangasinan",""
"2762","","1761277953","MPE_Meriam_Deguzman","639566349351","26 - Prepaid","Non-Active","October 24, 2025","OK
 Port: 15
 TECHNICIAN: making / jerome","800","Active","zone 6 Inanama st Poblacion east alcala pangasinan",""
"2763","","1761285742","TBA_Geraline_Delacruz","639459823129","24 - Prepaid","Non-Active","October 24, 2025","Lcp:1
 Nap: 1
 Port: 5
 Technicians: Mark Freddie
 Powered by: Jhun Torres","1,000","Active","Don Pascual 1st, Bani Bayambang Pangasinan
 OK",""
"2764","","1761289224","XCB_MaryJean_Aranjuez","639389717506","28 - Prepaid","Non-Active","October 24, 2025","NAPBOX:2
 LCP:1
 P: 8
 TECHNICIAN: John/Jhun
 =====
 3 days adjustment of due date due to 3 days no connection - hans","1,000","Active","Cabayaoasan, Mangatarem, Pangasinan",""
"2765","","1761290438","MBAU_Joshua_Gabriel","639773471725","26 - Prepaid","Non-Active","October 24, 2025","Port: 6
 TECHNICIAN: maling jerome","800","Active","Zone 1 primicias Bautista Pangasinan",""
"2766","","1761359785","XSAN_Johnnikko_Caoile","639461524392","25 - Prepaid","Non-Active","October 25, 2025","P:6
 TECHNICIAN: Freddie /Aljhan
 
 ============
 DC 11/28/25 - Ice (DD of 25)","1,000","Active","56 rizal street San Juan alcala",""
"2767","","1761360687","XCS_Onofre_Basan","639685898814","25 - Prepaid","Non-Active","October 25, 2025","NAPBOX:2
 LCP:1
 Port:6
 TECHNICIAN:piolo/boss dong
 
 ============
 DC 11/28/25 - Ice (DD of 25)
 RC 11/29/25 - Ice","1,000","Active","Cipriano road cadre site b.bang Pangasinan",""
"2768","","1761368152","XMP_JulieVi_Junio","639237290086","25 - Prepaid","Non-Active","October 25, 2025","Lcp:1
 ‎Nap: 3
 ‎Port:10
 ‎Technician:Daniel Lee Renz","1,000","Active","Sitio sagur Manambong Parte Bayambang Pangasinan",""
"2769","","1761371479","XTE_Nico_Aquino","639207851687","28 - Prepaid","Non-Active","October 25, 2025","NAPBOX:2
 LCP:1
 P: 11
 TECHNICIAN: John/Edward
 
 ============
 OLD DD:25
 DC 11/28/25 - Ice (DD of 25)
 RC- 11/29/25
 NEW DD: 26
 NOVEMBER PAYMENT IS 50% DISC due to delay of repair services caused by the typhoon Uwan. 
 ======================
 MARCH 31 2026- HE SAID HE PAID VIA WEBSITE LAST FEB BUT DIDNT MOVE THE DUE DATE
 NEW DD: APRIL 29 -CLARISSE
 =======================================
 
 June 3, 2026
 Approved adjustment: 7 days isolation.
 Service interruption started on May 28, 2026 at approximately 7:00 PM and was restored on May 31, 2026 at approximately 7:00 AM.
 As compensation for the outage, a 7-day adjustment to the payment schedule has been approved.
 – Clarisse","1,000","Active","Telbang, Bayambang, Pangasinan",""
"2770","","1761378525","XSAN_Christian_Cabico","639455284890","5 - Prepaid","Non-Active","October 25, 2025","OK
 P:6
 TECHNICIAN: Freddie /Aljhan
 
 ============
 DC 11/28/25 - Ice (DD of 25) FOE DELETE OF NOVEMBER AND DECEMBER 2025 BILL","1,000","Active","30 Rizal street San Juan alcala",""
"2771","","1761385912","XID_Jielou_Tabuga","639101878118","25 - Prepaid","Non-Active","October 25, 2025","P: 12
 TECHNICIAN: John/Edward
 
 ============
 DC 11/28/25 - Ice (DD of 25)
 RC 11/28/25 - Ice 
 ==========
 Additional 3 days grace period due to 3 days no connection - hans","1,000","Active","Purok 2, Idong, Bayambang, Pangasinan",""
"2772","","1761531846","MSJC_Michael_Totaan","6395105874146","27 - Prepaid","Non-Active","October 27, 2025","Port: 8
 TECHNICIAN: piolo boss dong","1,000","Active","Zone 2 San juan Alcala Pangasinan",""
"2773","","1761537313","XCB_Brynard_Muana","639214490586","27 - Prepaid","Non-Active","October 27, 2025","NAPBOX:2
 LCP:1
 P: 12
 
 TECHNICIAN: John/Edward
 ============================
 MAY 04 2026-
 CLient paid the wrong month, reprocessed and informed client with the next dd-Clarisse","1,000","Active","Purok 6, Cabayaoasan, Mangatarem, Pangasinan",""
"2774","","1761537397","MBAU_Aesron_Cabansag","639776680507","27 - Prepaid","Non-Active","October 27, 2025","Port: 3
 TECHNICIAN: piolo boss dong","1,000","Active","Zamora st villanueva bautista pangasinan",""
"2775","","1761550045","XNS_Crisanto_Ong","639988672100","27 - Prepaid","Non-Active","October 27, 2025","Port:3
 TECHNICIAN:Ma king / Marvin","799","Active","Nibaliw sur Bautista Pangasinan",""
"2776","","1761616380","MCAN_Fernand_Orlanda","639477678538","28 - Prepaid","Non-Active","October 28, 2025","Port: 9
 TECHNICIAN: eward john","1,000","Active","Aguinaldo St Canarvacan Alcala Pangasinan",""
"2777","","1761616885","DDP_Ernesto_Ventura","639502707813","28 - Prepaid","Non-Active","October 28, 2025","LCP:1
 NAP:5
 Port:7
 TECHNICIAN: Ma king/JEROME
 ASSISTED BY: DANTE/EDWIN","1,000","Active","Purok 7, M.H Del Pilar",""
"2778","","1761622990","XTE_Maritess_Ferrer","639100091642","28 - Prepaid","Non-Active","October 28, 2025","NAPBOX:6
 LCP:1
 Port:13
 TECHNICIAN:piolo/boss dong
 Old DD:28/adjusted 7 days/new DD: 5 --darz","1,000","Active","36 Telbang B.Bang Pangasinan
 OK",""
"2779","","1761623260","MSV_Flordeliza_Caoile","639228468092","28 - Prepaid","Non-Active","October 28, 2025","Port: 9
 TECHNICIAN: eward john","1,500","Active","Zone 2 San vicente Alcala Pangasinan",""
"2780","","1761630368","DRE_Larmie_Carbon","639387764877","28 - Prepaid","Non-Active","October 28, 2025","NAPBOX:
 201-A
 BYB-0
 LCP:0
 NAP:6
 Port:15
 TECHNICIAN: Ma king/JEROME
 ASSISTED BY: DANTE/EDWIN","1,000","Active","Reynado Deke, Bayambang Pangasinan",""
"2781","","1761641638","XTAM_Boots_Rosario","639216085866","24 - Prepaid","Non-Active","October 28, 2025","NAPBOX: 7
 LCP: 1
 P: 5
 TECHNICIAN: Freddie /Aljhan
 OLD DD: 28 (DELETE FEB BILL FOR RECON)
 RC- MACRH 26 VIA WEBSITE - MANUAL PAID ON THE SYSTEM DIDNT REDLECT AS PAID BUT SUCCESSFULLY PROCESSED THE PAYMENT. RECIEP ATTACHD AT CUSTOMER DETAILS-CLARISSE","1,500","Active","Purok 2, Tampog",""
"2782","","1761705743","XCAN_Elizabeth_Castillo","639230866669","29 - Prepaid","Non-Active","October 29, 2025","P: 10
 TECHNICIAN: John/Edward","1,000","Active","Canarvacanan, Alcala, Pangasinan",""
"2783","","1761706723","MPE_Nancy_Engson","63995455993","29 - Prepaid","Non-Active","October 29, 2025","Port: 14
 TECHNICIAN: freddie aljohn","1,000","Active","Zone 1 poblacion East Alcala Pangasinan",""
"2784","","1761720567","DTE_Francisca_Iglesias","639610727485","29 - Prepaid","Non-Active","October 29, 2025","LCP:1
 NAP:1
 Port:3
 TECHNICIAN: JOJO/VENTURA
 ASSISTED BY: DANTE/EDWIN","1,000","Active","Purok 3, Telbang Bayambang Pangasinan",""
"2785","","1761721305","MSTP_Ricardo_Arciaga","639362309332","29 - Prepaid","Non-Active","October 29, 2025","Port: 7
 TECHNICIAN: freddie aljohn","1,000","Active","Zone 5 San agustin Sto tomas pangasinan",""
"2786","","1761725872","XBW_Marina_Baniqued","639060649553","29 - Prepaid","Non-Active","October 29, 2025","NAPBOX:1
 LCP:1
 P: 5
 TECHNICIAN: John/Edward","1,000","Active","Purok 5, Bongato west, Bayambang, Pangasinan",""
"2787","","1761728113","XSV_Sherly_Ferrer","639266196775","3 - Prepaid","Non-Active","October 29, 2025","Port:1
 TECHNICIAN:piolo/boss dong
 OLD DD 29
 12 DAYS NO CONNECTION DUE TO TYPHOON UWAN
 11-10 NO CONNECTION
 11=22 RESTORED
 DEC 3 NEW DD","1,000","Active","0452 sinabaan San Vicente alcala Pangasinan",""
"2788","","1761792783","MSPI_Eleanor_Resquid","639286726055","30 - Prepaid","Non-Active","October 30, 2025","Port: 9
 TECHNICIAN: piolo boss dong","1,000","Active","Zone 2 borje st san pedro ili alcala pangasinan",""
"2789","","1761806139","DPA_Renato_Torres","639623152028","10 - Prepaid","Non-Active","October 30, 2025","Port:9
 TECHNICIAN: FREDIE/ALJOHN
 ASSISTED BY: DANTE/EDWIN
 DD:30 CHANGED TO 28 DARZ
 ==========================
 FOR DELETE OF MAY BILL TO RECON
 JUNE 19 2026
 -OLD DD: 28
 NEW DD: JULY 10 2026 (CONSUME 9 DAYS GRACE PERIOD)-CLARISSE","1,000","Active","Purok 2, Pangdel Bayambang Pangasinan",""
"2790","","1761808646","DPA_Marlon_Mariano","639515906768","2 - Prepaid","Non-Active","October 30, 2025","Port:10
 TECHNICIAN: FREDIE/ALJOHN
 ASSISTED BY: DANTE/EDWIN
 =======
 May 11, 2026 - For Reconnection
 For delete Feb - April - Hans","1,000","Active","Purok 2, Pangdel Bayambang Pangasinan",""
"2791","","1761808969","MSV_Judith_Juan","639773736574","28 - Prepaid","Non-Active","October 30, 2025","Port: 10
 TECHNICIAN: piolo boss dong","1,000","Active","Zone 2 san vicente alcala pangasinan",""
"2792","","1761811182","XBW_Renie_Tamondong","639453589654","7 - Prepaid","Non-Active","October 30, 2025","OK
 NAPBOX:1
 LCP:1
 P: 6
 TECHNICIAN: John/Edward
 Caretaker Name: Sir Zaldy
 Contact : 09070123762
 
 =======================
 OLD DD: 30 
 REPORTED JAN 2 2026 LOS
 old dd:30/adjusted 7 days-darz/new dd: 7","1,500","Active","Riverside, Bongato West, Bayambang, Pangasinan",""
"2793","","1761813552","XMP_Minda_Relevo","639673227330","30 - Prepaid","Non-Active","October 30, 2025","NAP Code: 
 201- 1
 BYB- 49
 LCP- 1
 Nap- 5
 Port- 15
 Technicians: Pedro/Jojo/Jun/Jerome","1,000","Active","Sitio, Kanyugan, Manambong Parte, Bayambang, Pangasinan",""
"2794","","1761876884","MSV_Stephanie_Velasco","639978309962","30 - Prepaid","Non-Active","October 31, 2025","Port: 5
 TECHNICIAN: piolo boss dong","1,000","Active","Zone 5 san vicente alcala pangasinan",""
"2795","","1761878894","MLAO_Jefferson_Pablo","639950146612","30 - Prepaid","Non-Active","October 31, 2025","Port:11
 Technicians: Edward john
 Assisted: sir marben","799","Active","Zone 1 laoac east alcala pangasinan",""
"2796","","1761882841","MCAN_Emelie_Fermin","639989706313","21 - Prepaid","Non-Active","October 31, 2025","Port:9
 TECHNICIAN:piolo/boss dong
 =============
 August 21, 2026 Reconnection
 old dd 28
 new dd 21 - hans","1,500","Active","2 funston CANARVACANAN alcala PANGASINAN",""
"2797","","1761894098","MBAU_Christine_Reccion","639053053324","10 - Prepaid","Non-Active","October 31, 2025","Port:1
 TECHNICIAN:piolo/boss dong
 disconnected 1 month/old dd 30/ rc: 10/ new dd: 10-darz/ reconnection","1,000","Active","zone 6 magsaysay st villanueva PANGASINAN",""
"2798","","1761899529","XINA_Kimberly_Junio","639098006733","5 - Prepaid","Non-Active","October 31, 2025","NAPBOX: 4
 LCP: 1
 P: 14
 TECHNICIAN: Freddie /Aljhan
 =============
 DD:30 CHANGED TO 28 DARZ
 ==========
 May 29, 2026 - Downtime
 OLD DD - May 28
 NEW DD - 5
 2 days no Connection - hans","1,000","Active","Purok 1, Inanlorenza
 OK",""
"2799","","1762135982","MLAO_Alfredo_Velo","63970773056","3 - Prepaid","Non-Active","November 03, 2025","Port: 8
 TECHNICIAN: making jerome","1,000","Active","Zone 2, laoac east Alcala pangasinan",""
"2800","","1762142011","DCA_Analyn_Mayo","639850742311","10 - Prepaid","Non-Active","November 03, 2025","NAP:3
 Port:14
 TECHNICIAN: EDWARD/JOHN
 ASSISTED BY: DANTE/EDWIN
 ==========
 SEPTEMBER 10, 2026 RECONNECTION
 OLD DD 3
 NEW DD 10 - HANS","1,000","Active","Purok 2, Carungay Bayambang Pangasinan",""
"2801","","1762149661","DPA_Clarrise_Asuncion","639465766348","3 - Prepaid","Non-Active","November 03, 2025","Port:9
 TECHNICIAN: EDWARD/JOHN
 ASSISTED BY: DANTE/EDWIN","1,000","Active","Purok 2, Pangdel Bayambang Pangasinan",""
"2802","","1762155993","MANU_Merle_Aboyme","639121131238","3 - Prepaid","Non-Active","November 03, 2025","Port: 1
 TECHNICIAN: making/jerome","1,000","Active","Zone 2 anulid Alcala Pangasinan",""
"2803","","1762158675","XSG2_Jennilyn_Pengco","639956472420","9 - Prepaid","Non-Active","November 03, 2025","NAPBOX: 8
 LCP: 1
 P: 13
 TECHNICIAN: Freddie /Aljhan
 =====
 DC 05/07/2026
 RC 05/13/2026
 OLD DD 3
 NEW DD 9
 NEXT DD 06/09/2026 - HANS","1,000","Active","San Gabriel 2nd bayambang pangasinan",""
"2804","","1762159098","XVAC_Alexander_Ranay","639631562957","3 - Prepaid","Non-Active","November 03, 2025","Port:1
 ‎Technician:Daniel Lee Darwin
 free for 1 month, installation 11/3 Switch promo- laTE PAID IN THE SYSTEM 12/3","1,000","Active","Zone 1 Vacante Bautista Pangasinan",""
"2805","","1762159496","DRE_Rizza_Palaming","639958117386","3 - Prepaid","Non-Active","November 03, 2025","LCP:1
 NAP:5
 Port:6
 TECHNICIAN: EDWARD/JOHN
 ASSISTED BY: DANTE/EDWIN","1,000","Active","Purok 4, Reynado Bayambang Pangasinan",""
"2806","","1762222536","MPINE_Jeremy_Primicias","63969587763","4 - Prepaid","Non-Active","November 04, 2025","Port: 10
 TECHNICIAN: edward john","1,000","Active","Zone 6 Pindangan Centro Alcala pangasinan",""
"2807","","1762225114","XVAC_Carlito_Beltran","639075366438","4 - Prepaid","Non-Active","November 04, 2025","Port:2
 ‎Technician:Daniel Lee / ‎Nomel","799","Active","Zone 1 Vacante Bautista Pangasinan",""
"2808","","1762238121","XPA_Joan_Cancino","639383630788","4 - Prepaid","Non-Active","November 04, 2025","NAPBOX: 8
 LCP: 1
 P: 10
 TECHNICIAN: Freddie /Aljhan","1,000","Active","Purok 3, Pangdel",""
"2809","","1762245319","MSJC_Andy_Refujia","63930957626","4 - Prepaid","Non-Active","November 04, 2025","Port: 5
 TECHNICIAN: edward john","799","Active","Zone 6  San juan Alcala Pangasinan
 OK",""
"2810","","1762249411","XBUA_Iris_Estrada","639617492468","4 - Prepaid","Non-Active","November 04, 2025","Port:16
 ‎Technician:Daniel Lee Nomel","1,000","Active","Purok 4 Buayaen Bayambang Pangasinan",""
"2811","","1762313735","MLAO_Marilyn_Hurtado","639084867938","5 - Prepaid","Non-Active","November 05, 2025","Port: 2
 TECHNICIAN: freddie aljohn","1,000","Active","Zone 3 Laoac East Alcala Pangasinan",""
"2812","","1762313973","XBW_Nora_Gonzales","639811581198","20 - Prepaid","Non-Active","November 05, 2025","OK
 NAPBOX:1
 LCP:1
 P: 4
 TECHNICIAN: John/Edward
 ----------------------------
 January 10 2026-Clirnt request to move due date to Jan 15 with additional cost need to pay 1,297 in total client agreed once paid new due date will be every 15th of the month-Clarisse
 =================
 DC 01/19/2026
 RC 02/23/2026
 OLD DD 15
 NEW DD 19
 NEXT DD 03/19/2026 - HANS
 ==========
 magpapareconnect pa daw
 =====================
 AUGUST 11 2026 - FOR DELETE APRIL-JULY 2026
 RECON - NEXT DD: SEPT 11 2026 -CLARISSE
 1 week unstable internet/ adjusted by darwin/ talked with client on phone/ adjusted dd from 11 to 15/ new dd:15-darz
 ==========================
 September 11 2026 - Client asking for adjustment as she reported via phone last August 30 2026 ,lare creation of ticket
 History: Repaired last September 9 2026 - For adjustment of due date 9 days, upon checking Sir Darwin already adjusted 4 days.
 OLD DD: September 11 2026
 Adjusted by Sir Darwin: September 15 2026
 New DD: September 20, 2026 -Clarisse","1,000","Active","Purok 7, Bongato West, Bayambang, Pangasinan",""
"2813","","1762325887","MCAN_Josie_Cacabelos","639613667523","5 - Prepaid","Non-Active","November 05, 2025","Port: 5
 TECHNICIAN: freddie aljohn","799","Active","Primicias st canarvacanan Alcala pangasinan",""
"2814","","1762327313","XSA_Sarah_Rosales","639302891754","5 - Prepaid","Non-Active","November 05, 2025","NAPBOX:4
 LCP:1
 P: 4
 TECHNICIAN: John/Edward","1,000","Active","Purok 1, San Libo, Bayambang, Pangasinan",""
"2815","","1762332260","XLAO_Rizalyn_Velasco","639663829517","5 - Prepaid","Non-Active","November 05, 2025","LCP- 4
 Nap- 7
 Port- 8
 Technicians: Pedro/Jerome","1,000","Active","Oria Ferrer St., Laoac East, Alcala, Pangasinan",""
"2816","","1762400452","MPOG_Emelita_Mejia","639293283896","6 - Prepaid","Non-Active","November 06, 2025","Port: 2
 TECHNICIAN: piolo boss dong","1,000","Active","Zone 2 Pogo Bautista Pangasinan",""
"2817","","1762400961","XTA_Catherine_Aquino","639122712730","6 - Prepaid","Non-Active","November 06, 2025","NAPBOX: 3
 LCP: 1
 P: 5
 TECHNICIAN: Freddie /Aljhan","1,000","Active","Tatarac
 OK",""
"2818","","1762401101","Marbelyn Amper","639970775220","6 - Prepaid","Non-Active","November 06, 2025","NAPBOX:2
 LCP:1
 P: 5
 TECHNICIAN: John/Edward","1,500","Active","Purok 4, Bongato East, Bayambang, Pangasinan",""
"2819","","1762410897","TSV_Kimberly_Tayo","639267392815","6 - Prepaid","Non-Active","November 06, 2025","Lcp:1
 Nap: NA
 Port:2
 Technicians: Mark Freddie/Aljohn
 Powered by: Jhun Torres","1,000","Active","Purok 6, SanVicente Bayambang Pangasinan bunkulan
 OK",""
"2820","","1762414281","MCAN_Jonathan_Soliven","639481520979","15 - Prepaid","Non-Active","November 06, 2025","OK
 Port: 5
 TECHNICIAN: piolo boss dong
 =====================
 september 15 2026
 reconnection for delete of july and AUgust Bill
 new DD: OCT 15 2026
 tech Jeff- Clarisse","799","Active","Lawton st Canarvacanan alcala pangasinan",""
"2821","","1762415169","XBW_Janette_Gonzales","639354736053","6 - Prepaid","Non-Active","November 06, 2025","NAPBOX:3
 ‎LCP:1
 ‎Port: 5
 ‎TECHNICIAN:John ace/Edward","1,000","Active","102 purok 4 Bongato West Bayambang Pangasinan",""
"2822","","1762419772","MSPA_Alfredo_Cacut","639071737093","6 - Prepaid","Non-Active","November 06, 2025","Port: 4
 TECHNICIAN: piolo boss dong","1,000","Active","Purok 4 San pedro apartado alcala pangasinan",""
"2823","","1762484438","XTAM_Lydia_Primero","639999345164","20 - Prepaid","Non-Active","November 07, 2025","NAPBOX: 7
 LCP: 1
 P: 6
 TECHNICIAN: Freddie /Aljhan
 ------------------------
 SEPT 20 2026 
 CLIENT CALLED TO RECON THE ACCOUNT
 FOE DELETE OF AUGUST BILL 2026,","1,000","Active","purok 1, tampog",""
"2824","","1762497625","MSPA_Mark_Guerero","639304392691","7 - Prepaid","Non-Active","November 07, 2025","PORT: 8
 Marben","799","Active","Purok 4 San pedro apartado Alcala Pangasinan
 OK",""
"2825","","1762507215","XDP_Yrene_Ballesteros","639631041552","7 - Prepaid","Non-Active","November 07, 2025","OK
 LCP:1
 Port:14
 TECHNICIAN:piolo/boss dong","1,000","Active","M.H.DEL PELAR B.BANG PANGASINAN",""
"2826","","1762573222","XPIN_Rochelle_Cabanilla","639810129372","8 - Prepaid","Non-Active","November 08, 2025","Port:14
 TECHNICIAN:piolo/boss dong","799","Active","95 pindangan East alcala Pangasinan",""
"2827","","1762578757","MSPI_Gerald_Eugenio","639382278638","8 - Prepaid","Non-Active","November 08, 2025","Port:12
 ‎Technician:Daniel Lee Renz 
 Assisted by Sir Marben","799","Active","Zone 3 San pedro Ili alcala pangasinan",""
"2828","","1762581948","MSV_Marissa_Buaza","639385634059","20 - Prepaid","Non-Active","November 08, 2025","Port:7
 ‎
 ‎Technician:Daniel Lee Renz 
 Assisted by sir Marben
 ========
 DC 05/17/2026
 RC 06/04/2026
 OLD DD 8
 NEW DD 4 - HANS
 =========
 August 20, 2026 Reconnection
 old dd 4
 new dd 20 - hans","799","Active","Zone 3 San Vicente alcala Pangasinan",""
"2829","","1763631844","XBUA_Norma_Velasco","639195180420","20 - Prepaid","Non-Active","November 20, 2025","OK
 Port:10
 TECHNICIAN:piolo/boss dong","1,000","Active","Palacpac b.bang Pangasinan",""
"2830","","1763806632","XBE_Freddie_Datangel","639511285353","6 - Prepaid","Non-Active","November 22, 2025","RECON 11/22/25 - Ice
 ===================
 JULY 10 2026
 OLD DD: JUNE 22 2026
 DC: JUNE 26
 RC: JULY 10 2026
 NEW DD: AUG 6 2026- CLARISSE","1,000","Active","Purok 4 Bongato East Bayambang Pangasinan",""
"2831","","1764068505","DCA_Eduardo_Remillosa","639761748672","25 - Prepaid","Non-Active","November 25, 2025","LCP:0
 NAP:4
 Port:15
 TECHNICIAN:Jojo/Ventura
 ASSISTED BY: Edwin","1,000","Active","Purok 3, Carungay Bayambang Pangasinan",""
"2832","","1764125123","TSV_Virgilio_Cabral","639107447484","26 - Prepaid","Non-Active","November 26, 2025","LCP:1 NAP:6 PORT:11
 Tech: Daniel/Renz","1,000","Active","Purok 6 Sn.Vicente Bbang Pangasinan",""
"2833","","1764125211","XPE_Stefanie_Sebastian","639163017447","27 - Prepaid","Non-Active","November 26, 2025","Port: 9
 TECHNICIAN: nomel/marvin/darwin","799","Active","zone 6 poblacion east bautista pangasinan",""
"2834","","1764125399","XSA_Luciamae_Deguzman","639356880871","26 - Prepaid","Non-Active","November 26, 2025","NAPBOX:1
 LCP:1
 Port:3
 TECHNICIAN:piolo/boss dong","1,000","Active","Purok 4 sanlibo b.bang Pangasinan",""
"2835","","1764132697","DCA_Liz_Valdez","639360714667","26 - Prepaid","Non-Active","November 26, 2025","OK
 NAP:7
 Port:12
 TECHNICIAN:JOJO/VENTURA
 ASSISTED BY: EDWIN","1,000","Active","Purok 5, Carungay Bayambang Pangasinan",""
"2836","","1764141027","DCA_Celino_Abalos(Dennis)","6393836303496","26 - Prepaid","Non-Active","November 26, 2025","NAP:6
 Port:16
 TECHNICIAN:JOJO/VENTURA
 ASSISTED BY: DANTE/EDWIN","1,000","Active","Purok 5, Carungay Bayambang Pangasinan",""
"2837","","1764143179","TCA_Emelyn_Duquez","639457797018","26 - Prepaid","Non-Active","November 26, 2025","Nap: 7
 ‎Port:13
 ‎Technician:Daniel Lee  Renz","1,000","Active","Purok 5 Carungay Bayambang Pangasinan",""
"2838","","1764146432","XBUA_Jessica_Lorenzana","639516767945","26 - Prepaid","Non-Active","November 26, 2025","PORT: 5
 TECHNICIAN: Lester / Jeff","1,000","Active","Purok 6, Buayaen Bayambang Pangasinan",""
"2839","","1764147568","DRE_Jelyn_Capili","639452310719","28 - Prepaid","Non-Active","November 26, 2025","OK
 LCP:1
 NAP:5
 Port:14
 TECHNICIAN:JOJO/VENTURA
 ASSISTED BY: EDWIN
 ===================
 OLD DD:  SEPTEMBER 26 2026
 NEW DD: SEPTEMBER  28 2026 DUE TO 2 DAYS NO CONNECTION REPAIRED BY SIR JEFF AND JEKJEK=CLARISSE","1,000","Active","Purok 5, Reynado Bayambang Pangasinan",""
"2840","","1764148960","XSC_Gelyn_Labasan","639927147288","26 - Prepaid","Non-Active","November 26, 2025","Port: 10
 ‎TECHNICIAN: marvin/nomel/darwin","1,000","Active","purok 3 Sancagulis Bayambang Pangasinan
 OK",""
"2841","","1764209464","DHE_Vilma_Ferrer","639508307793","27 - Prepaid","Non-Active","November 27, 2025","Port:12
 TECHNICIAN:FREDDIE/ALJOHN
 ASSISTED BY: EDWIN","1,000","Active","Purok 3 Hermoza Bayambang Pangasinan",""
"2842","","1764211032","MSV_Emily_Talvo","639308440148","27 - Prepaid","Non-Active","November 27, 2025","Port: 3
 TECHNICIAN: Edward/john","1,000","Active","Zone 1 San vicente alcala pangasinan",""
"2843","","1764211894","DPA_Magdalena_Herrera","639398443067","27 - Prepaid","Non-Active","November 27, 2025","LCP:1
 NAP:3
 Port:8
 TECHNICIAN:FREDDIE/ALJOHN
 ASSISTED BY: EDWIN","1,000","Active","#309 Dike Road Pangdel Bayambang Pangasinan",""
"2844","","1764215888","MLAO_Dexter_Aleniado","639061230858","27 - Prepaid","Non-Active","November 27, 2025","Port: 9
 TECHNICIAN: Edward/john","1,000","Active","Zone 2 Laoac east alcAla pang",""
"2845","","1764217964","XBED_Eric_Pascual","639150076048","28 - Prepaid","Non-Active","November 27, 2025","TECHNICIAN: Jojo/june
 old dd:27/adjusted 7 days-darz/ new dd: 4","1,000","Active","Bedania purok 6 mangatarem pangasinan
 OK",""
"2846","","1764219370","XPAL_VernaLevy_Casabar","639917371626","27 - Prepaid","Non-Active","November 27, 2025","OK
 Port:4
 ‎Technician:Daniel Lee Marvin","799","Active","Boundary Zone 6 Palisoc Bautista Pangasinan",""
"2847","","1764224018","XBED_Salvador_Pascual","639096266155","27 - Prepaid","Non-Active","November 27, 2025","TECHNICIAN: Jojo/june","1,000","Active","purok 6 bedania mangatarem pangasinan",""
"2848","","1764225390","DNN_Lolita_Ong","639988871145","27 - Prepaid","Non-Active","November 27, 2025","Port:5
 TECHNICIAN:FREDDIE/ALJOHN
 ASSISTED BY: EDWIN","799","Active","Zone 5, Nibaliw Norte Bautista Pangasinan",""
"2849","","1764227379","MSJC_Dolores_Acosta","639055068095","27 - Prepaid","Non-Active","November 27, 2025","Port: 4
 TECHNICIAN: Edward/john","1,000","Active","Zone 1 San juan alcala pang",""
"2850","","1764230965","XBED_Marites_Aquino","639667263832","27 - Prepaid","Non-Active","November 27, 2025","Port:4
 TECHNICIAN: Jojo/June
 ===================
 MAY 29 2026
 GRACE PERIOD ADJUSTED TO 6 DAYS
 DUE TO NO CONNECTION FOR 2 DAYS-CLARISSE","1,000","Active","bedania purok 6mangatarem pangasinan",""
"2851","","1764235785","XPIN_Jomar_Barcel","639917677551","28 - Prepaid","Non-Active","November 27, 2025","Port:7
 TECHNICIAN:piolo/boss dong
 old dd:27/ dc:1/rc:3/new dd:29","799","Active","80 mannaraon pindangan East alcala Pangasinan",""
"2852","","1764236766","XBN_Jovita_Albarida","639854826328","28 - Prepaid","Non-Active","November 27, 2025","Port:7
 TECHNICIAN:piolo/boss dong
 old dd:27
 05/28/26( service interruption,2 days no connection) adjusted due date-new dd:1 -darz","1,000","Active","Avocado St., Bical Norte, Bayambang, Pangasinan",""
"2853","","1764240378","XMS_Elsie_Diano","639912341064","27 - Prepaid","Non-Active","November 27, 2025","PORT: 13
 TECH:Daniel/Marvin
 ====================================
 June 1, 2026
 Approved adjustment: 7 days isolation.
 Service interruption started on May 28, 2026 at approximately 7:00 PM and was restored on May 31, 2026 at approximately 7:00 AM.
 As compensation for the outage, a 7-day adjustment to the payment schedule has been approved.
 – Clarisse","1,000","Active","Purok 2 Manambong Sur Bayambang Pangasinan",""
"2854","","1764299676","XSV_MaryAnn_Villanueva","639567267067","28 - Prepaid","Non-Active","November 28, 2025","NAPBOX: LCP 1 nap 2
 
 TECHNICIAN:NOMEL,DARWIN, MARVIN","1,000","Active","purok 1  san vicente, Bayambang Pangasinan",""
"2855","","1764301348","XPIN_Vivien_Dorion","639219925142","28 - Prepaid","Non-Active","November 28, 2025","Port:8
 TECHNICIAN:piolo/boss dong","1,000","Active","71 pindangan East alcala Pangasinan",""
"2856","","1764304948","XAM1_Chenita_Pablo","639556617531","28 - Prepaid","Non-Active","November 28, 2025","OK
 Port 4
 TECHNICIAN: Freddie /Aljhan","1,000","Active","purok 3 ambayat 1st",""
"2857","","1764305388","XAM2_Rodel_Ocsona","639098308132","6 - Prepaid","Non-Active","November 28, 2025","OK‎
 Lcp:1
 ‎Nap: 5
 ‎Port:6
 ‎Technician:Daniel Lee  Renz
 ------------------------------
 SEPT 14 2026 
 CLIENT ASK FOR THE BILL ADJUSTMEBT FOR THE MONTH OF OCTOBER- NO NEED TO PAY OCTOBER BILL AS WE MOVED 9 DAYS OLD DD IS OCTOBER 28 2026 HER NEW DD IS NOVEMBER 6 2026 DUE TO OUTAGE AND FIBER BREAK -CLARISSE","1,000","Active","Purok 2 Ambayat 2nd Bayambang Pangasinan",""
"2858","","1764306714","XMP_Cristy_Junio","639568830276","28 - Prepaid","Non-Active","November 28, 2025","NAPBOX:8
 LCP:1
 P: 13
 TECHNICIAN: John/Edward","1,000","Active","Purok 3, Manambong Parte, Bayambang, Pangasinan",""
"2859","","1764314085","DTA_Jovilyn_Asuncion","639389144006","28 - Prepaid","Non-Active","November 28, 2025","LCP:1 NAP:1 Port:15
 TECHNICIAN:EDWARD/JOHN
 ASSISTED BY: EDWIN/DANTE","1,000","Active","Purok 3,Tatarac Bayambang Pangasinan",""
"2860","","1764318374","XAMS_ClairePilipinas_Domingo","639508991192","28 - Prepaid","Non-Active","November 28, 2025","OK
 NAPBOX: LCP 1 nap 3 Fort 1
 TECHNICIAN:NOMEL,DARWIN, MARVIN
 AKA:       LIV MAPOLS TUAL","1,000","Active","Amancosiling Sur Bayambang Pangasinan",""
"2861","","1764318526","XAM2_Roseann_Redolfa","639752427050","12 - Prepaid","Non-Active","November 28, 2025","OK
 Lcp:1
 ‎Nap: 4
 ‎Port: 10
 ‎Technician:Daniel Lee Renz
 ==========
 DC 02/01/2026
 RC 02/21/2026
 OLD DD 28
 NEW DD 17
 NEXT DD 03/17/2026 - HANS
 ============
 August 5, 2026 -Reconnection
 Old dd 17
 new dd 5 - hans
 =========
 September 18, 2026 Due Date Adjustment
 additional 7 days due date adjustment due to almost 2 weeks power interruption
 old dd 5
 new dd 12 - hans","1,000","Active","Kurok 1 Ambayat 2nd Bayambang Pangasinan",""
"2862","","1764318987","MLAO_Lorna_Lanuza","639451738853","28 - Prepaid","Non-Active","November 28, 2025","Port: 14
 TECHNICIAN: making jerome","1,000","Active","Zone 3 laoac east alcala pang",""
"2863","","1764319331","XBUA_Rufino_Sagun","639639931189","28 - Prepaid","Non-Active","November 28, 2025","NAPBOX: 4
 LCP: 1
 PORT: 5
 TECHNICIAN: Lester / Jeff
 ======================
 March 04 2026- client wants to report the connection not paid the monthly bill-clarisse","1,000","Active","278 Purok 5, Buayaen Byb Pang.",""
"2864","","1764320202","XSA_JulieMin_Fernandez","639928775041","28 - Prepaid","Non-Active","November 28, 2025","NAPBOX: 1
 LCP: 1
 P:  5
 TECHNICIAN: Freddie /Aljhan","1,000","Active","Purok 4, Sanlibo",""
"2865","","1764321889","XDU_Leiming_Agustin","639931239114","1 - Prepaid","Non-Active","November 28, 2025","NAPBOX:
 201-1
 BYB-26
 LCP:1
 Port:7
 TECHNICIAN:Jojo/june","1,000","Active","purok 6 dusoc bayambang pangasinan
 OK",""
"2866","","1764378953","TCA_Krishna_Besonia","639557740018","29 - Prepaid","Non-Active","November 29, 2025","Nap: 7
 ‎Port: 14
 ‎Technician: Jerome/Making
 Assist:Jhun Torres","1,000","Active","Purok 5 Carungay Bayambang Pangasinan",""
"2867","","1764387298","DCA_Jennifer_Bautista","639388133367","29 - Prepaid","Non-Active","November 29, 2025","LCP:0
 NAP:4
 Port:16
 TECHNICIAN:EDWARD/JOHN
 ASSISTED BY: Dante","1,000","Active","Purok 3, Carungay Bayambang Pangasinan",""
"2868","","1764387917","TPU_Leopoldo_Tuazon","639037306152","29 - Prepaid","Non-Active","November 29, 2025","Lcp:1
 ‎Nap: 5
 ‎Port:2
 ‎Technician: Jerome/Making
 Assist:Jhun Torres","1,000","Active","Purok 2 Pugo Bbang Pangasinan",""
"2869","","1764388253","XSG1_Angeline_Garcia","639928445056","5 - Prepaid","Non-Active","November 29, 2025","NAPBOX: 4 LCP: 1 PORT: 10
 TECHNICIAN: Boss Dong / Jeff
 
 OLD DD: 29
 RC: MAY 6 2026
 NEW DD: JUNE 02 2026-CLARISSE (FOR DELETE OF MAY)
 ==========================================
 OLD DD:2
 RC: JULY 27 2026 - RECONNECTION
 NEW DD: AUGUST 27 WITH 4 DAYS GRACE PERIOD-CLARISSE
 ==============
 September 9, 2026 Reconnection and Downgrade from 100mbps to 50mbps
 old dd 7
 new dd 5 - hans","799","Active","Purok 3, San Gabriel 1st Byb Pang.",""
"2870","","1764388502","XBW_Jiene_Galsim","639666227855","29 - Prepaid","Non-Active","November 29, 2025","NAPBOX: LCP 1 nap 3 Port: 6
 TECHNICIAN:NOMEL,JHUN VINTURA","1,000","Active","Purok 3 Bongato West bayambang pangasinan",""
"2871","","1764397567","XHE_Markchristian_Flores","639674903043","29 - Prepaid","Non-Active","November 29, 2025","P:  16
 TECHNICIAN: Freddie /Aljhan","1,000","Active","purok 1, Hermoza",""
"2872","","1764399725","TPU_Dick_Campos","639954453151","29 - Prepaid","Non-Active","November 29, 2025","nap:7
 lcp:1
 port:6","1,000","Active","Purok 3 Pugo Kitigan Bbang Pangasinan
 OK",""
"2873","","1764399852","DAP_Florentina_Garcia","639098345410","29 - Prepaid","Non-Active","November 29, 2025","LCP:1
 NAP:5
 Port:16
 TECHNICIAN:EDWARD/JOHN
 ASSISTED BY:Dante","1,000","Active","Purok 2 Apalen Bayambang Pangasinan",""
"2874","","1764401684","MLAO_Jericon_Lanuza","639209687414","29 - Prepaid","Non-Active","November 29, 2025","Port: 15
 TECHNICIAN: bart","1,500","Active","341 laoac East alcala pang",""
"2875","","1764403215","XMAG_Jorelle_Umali","639318453400","14 - Prepaid","Non-Active","November 29, 2025","NAPBOX: 4
 ‎LCP: 1 
 ‎Port: 9
 ‎TECHNICIAN: Darwin / Marvin
 ==============
 MAY 4 2026- CLIENT PAID LATE LAST APRIL 18 INTENDED FOR MARCH BILL
 ADVISED CLIENT WITHE THE NEW DD AND REPROCESS: NEW DD:  MAY 14 2026-CLARISSE
 CLIENT ACKNOWLEDGED VIA PHONE CALL","1,000","Active","#57 Zamora st. magsaysay Bayambang Pangasinan",""
"2876","","1764405056","XPRI_Wilma_Delossantos","639055183252","29 - Prepaid","Non-Active","November 29, 2025","NAPBOX: 7 LCP: 1 PORT: 4
 TECHNICIAN: Boss Dong / Jeff
 ===========
 June 23, 2026
 Downgrade from 100 to 50 Mbps - hans","799","Active","Zone 1, Primicias Bautista Pangasinan",""
"2877","","1764556864","TWA_Rojean_Cayabyab","639351667241","1 - Prepaid","Non-Active","December 01, 2025","Lcp:1
 ‎Nap: NA
 ‎Port:16
 ‎Technician: Jerome /Making
 Assist:Jhun Torres","1,000","Active","Purok 4 Wawa Bayambang Pangasinan",""
"2878","","1764564174","TWA_Wawa_Es","639988651108","10 - Prepaid","Non-Active","December 01, 2025","Lcp:1
 ‎Nap: na
 ‎Port:15
 ‎Technician: Jerome/Making
 Assist:Jhun Torres
 ====================
 old dd 1
 new dd 10 requested by sir jhun-clarisse","1,500","Active","Purok 2 Wawa Elemantary School Bbang
 OK",""
"2879","","1764566584","XSV_PearlJoy_Magno","639927304996","1 - Prepaid","Non-Active","December 01, 2025","NAPBOX: E
 ‎LCP: 1
 ‎Port: 2
 ‎TECHNICIAN: DARWIN/ LESTER","1,000","Active","Purok 5 San Vicente Bayambang Pangasinan",""
"2880","","1764570905","MBAU_Arlene_Busto","639772957281","1 - Prepaid","Non-Active","December 01, 2025","Port: 2
 TECHNICIAN: piolo","1,000","Active","Zone 2 Primicias Bautista Pangasinan",""
"2881","","1764573931","TCS_Allexine_Diala","639457796479","1 - Prepaid","Non-Active","December 01, 2025","Lcp:1
 ‎Nap: 8
 ‎Port:2‎
 ‎Technician: Jerome/ Making
 Assist:Jhun Torres","1,000","Active","Cadre Site, Bayambang Pangasinan",""
"2882","","1764575482","MSPA_AllanJoy_Suratos","639217299755","1 - Prepaid","Non-Active","December 01, 2025","Port: 1
 TECHNICIAN: piolo
 ================================
 
 May 05 2026
 MSPA_Allan_Suratos
 change to  MSPA_AllanJoy_Suratos
 requested by Sir Marben-Clarisse","1,000","Active","purok 2A San Apartado Alcala pangasinan",""
"2883","","1764576088","DCA_Carol_Caranto","639666221178","1 - Prepaid","Non-Active","December 01, 2025","NAPBOX:
 LCP:0
 NAP:7
 Port:16
 TECHNICIAN: Edward/Daniel 
 ASSISTED BY: Dante","1,500","Active","Purok 5 Carungay Bayambang Pangasinan",""
"2884","","1764577058","XINI_Irene_Escalicas","639273974742","10 - Prepaid","Non-Active","December 01, 2025","OK
 NAPBOX:
 201-4
 BYB-
 LCP:1
 NAP:3
 Port:7
 TECHNICIAN:Jojo/freddie
 old dd:1/ adjusted 7 days-darz/ new dd: 10","1,000","Active","Purok 7 Inirangan bayambang pangasian",""
"2885","","1764578343","MTA_Marygrace_Bayno","639633329874","1 - Prepaid","Non-Active","December 01, 2025","NAPBOX: 6
 LCP: 1
 PORT: 9
 TECHNICIAN: Marvin / Jeff","1,000","Active","Purok 2, Tatarac B'bang Pangsinan",""
"2886","","1764638686","MSPI_Joana_Duque","63951865903","2 - Prepaid","Non-Active","December 02, 2025","Port: 16
 TECHNICIAN: Jeff","1,000","Active","Bacerra st san pedro ili alcala pangasinan",""
"2887","","1764643226","DRE_Trishamae_Palaming","639393269079","2 - Prepaid","Non-Active","December 02, 2025","LCP:1
 NAP:5
 Port:14
 TECHNICIAN: Piolo/Papa Dong
 ASSISTED BY: Dante","1,000","Active","Purok 4 Reynado Bayambang Pangasinan",""
"2888","","1764654639","MKIS_Floriano_Nama","639933412891","2 - Prepaid","Non-Active","December 02, 2025","Port: 3
 TECHNICIAN: Jeff","1,000","Active","Zone 6 kisikis alcala pangasinan",""
"2889","","1764659072","MSPI_John_Mendoza","639516692821","2 - Prepaid","Non-Active","December 02, 2025","Port: 10
 TECHNICIAN: Jeff","1,000","Active","Zone 3 San pedro ili alcala pang",""
"2890","","1764664049","XAMS_Mitzi_Erguiza","639300048505","1 - Prepaid","Non-Active","December 02, 2025","Port:15
 ‎Technician:Daniel Lee Edward
 =========================
 June 1, 2026
 Approved adjustment: 7 days isolation.
 Service interruption started on May 28, 2026 at approximately 7:00 PM and was restored on May 31, 2026 at approximately 7:00 AM.
 As compensation for the outage, a 7-day adjustment to the payment schedule has been approved.
 – Clarisse
 ==========
 August 29 2026
 Reconnection and Downgrade
 old dd 2
 new dd 1 - hans","799","Active","Purok 3 Amancosiling Sur Bayambang Pangasinan",""
"2891","","1764665321","DPA_Jhedzydryck_Visda","639567495558","2 - Prepaid","Non-Active","December 02, 2025","LCP:0
 NAP:1
 Port:14
 TECHNICIAN: Piolo/Papa Dong
 ASSISTED BY: Dante","1,000","Active","Purok 2 Pangdel Bayambang Pangasinan",""
"2892","","1764666970","MSV_Ninarose_Laurencio","639565910773","2 - Prepaid","Non-Active","December 02, 2025","Port- 8
 Technicians: Pedro/Jerome
 ========
 August 12, 2026 Downgrade from 100 to 50MBPS - hans","799","Active","Zone 4, San Vicente, Alcala, Pangasinan",""
"2893","","1764733002","MBAU_Maejoy_Guevarra","639918067820","3 - Prepaid","Non-Active","December 03, 2025","Port:9
 ‎Technician:Daniel Lee Renz","1,000","Active","Zone 1 primicias bautista pangasinan",""
"2894","","1764733326","DINI_Arlyn_Dulay","639633860169","3 - Prepaid","Non-Active","December 03, 2025","NAPBOX: 8
 LCP: 1
 PORT: 16
 TECHNICIAN: Marvin / Jeff","1,000","Active","Seroy, Inirangan Byb Pang.",""
"2895","","1764735740","XCB_Melba_Javate","639519924640","21 - Prepaid","Non-Active","December 03, 2025","OK
 NAPBOX: LCP1 NAP 6
 TECHNICIAN:NOMEL,friede
 ==========
 September 9, 2026 Due Date Adjustment
 additional 7 days due date adjustment due to almost 2 weeks power interruption
 old dd 3
 new dd 10 - hans
 =========
 September 11, 2026 Due Date Adjustment
 additional 7 days due date adjustment due to almost 2 weeks power interruption
 old dd 10
 new dd 17 - hans
 new dd: 19-darz, 2 days no internet due to main line problem
 -------------------------------------
 SEPTEMBER 16 2026
 OLD DD: 19
 NEW DD: OCTOBER 21 2026 REPAIRED BY JOJO 2 DAYS ADJUSTMENT -CLARISSE","1,000","Active","Purok 3 Cabayaosan mangatarem pangasinan",""
"2896","","1764735912","AM1_Angelika_Adriano","639483911931","3 - Prepaid","Non-Active","December 03, 2025","Port:9
 ‎Technician:Daniel Lee Renz","800","Active","Purok 2 Ambayat 1st Bayambang Pangasinan",""
"2897","","1764752065","DHE_Leilanie_Macayana","639663184746","3 - Prepaid","Non-Active","December 03, 2025","NAPBOX: 3
 LCP: 1
 PORT: 3
 TECHNICIAN: Marvin / Jeff","1,000","Active","Purok 5, Hermoza BYB Pang.
 OK",""
"2898","","1764754194","XDP_Carmela_Chambers","639090399107","27 - Prepaid","Non-Active","December 03, 2025","NAPBOX:5
 LCP:1
 P: 
 TECHNICIAN: John/Edward
 OLD DD:JAN 3 2026
 DC JAN 07 2026","1,000","Active","M.H Del Pilar, Bayambang, Pangasinan",""
"2899","","1764755295","AM2_AldrinRyan_Sinfuego","639052942419","16 - Prepaid","Non-Active","December 03, 2025","‎OK
 Lcp:1
 ‎Nap: 7
 ‎Port:13
 ‎Technician:Daniel Lee Renz
 old dd: 4/ adjusted for 7 days no electricity/ new dd 16-darz","800","Active","Purok 3 Ambayat 2nd Bayambang Pangasinan",""
"2900","","1764809424","TWA_Guillermo_Junio","639272091605","4 - Prepaid","Non-Active","December 04, 2025","Nap 1 Port 7","1,000","Active","Purok 3 Wawa Bayambang Pangasinan",""
"2901","","1764818046","MSJC_Carla_Dularte","639954527461","4 - Prepaid","Non-Active","December 04, 2025","Port: 7
 TECHNICIAN: bart/renz","1,000","Active","Zone 4 San Juan Alcala Pangasinan",""
"2902","","1764818754","MTA_Johnverlix_Abalos","639858433293","4 - Prepaid","Non-Active","December 04, 2025","NAPBOX:2
 LCP:1
 Port:11
 TECHNICIAN:piolo/boss dong","1,000","Active","Purok 3 tatarac b.bang Pangasinan",""
"2903","","1764823754","XSTP_Isagani_Ramos","639639980914","4 - Prepaid","Non-Active","December 04, 2025","NAPBOX:4
 LCP:10
 P: 5
 TECHNICIAN: John/Edward","1,000","Active","Zone 5, San Antonio, Sto. Tomas, Pangasinan",""
"2904","","1764825661","MSJC_Divine_Padilla","639083749802","4 - Prepaid","Non-Active","December 04, 2025","Port: 8
 TECHNICIAN: bart/renz","1,000","Active","Zone 4 san juan alcala pangasinan",""
"2905","","1764829857","DHE_Rhea_Solis","639507687817","4 - Prepaid","Non-Active","December 04, 2025","Port:3
 TECHNICIAN: Ma King/ Jerome
 ASSISTED BY: Dante","1,000","Active","Purok 1 Hermoza Bayambang Pangasinan",""
"2906","","1764836445","MSV_Teslin_Isong","639260821517","4 - Prepaid","Non-Active","December 04, 2025","OK
 Port: 11
 TECHNICIAN: edward","1,000","Active","Zone 4 san vicente alcala pangasinan",""
"2907","","1764838039","XBN_LovelleGrace_Tesoro","639305735323","6 - Prepaid","Non-Active","December 04, 2025","Nap7 Port3
 TECHNICIAN: Darwin/Piolo/Boss Dong
 ==========
 May 29, 2026 - Downtime
 OLD DD - 4
 NEW DD - 6
 2 days no Connection - hans","1,000","Active","Melon St. Bical Norte Bayambang Pangasinan
 OK",""
"2908","","1764838316","MSJC_Anna_Masiglat","639618381472","4 - Prepaid","Non-Active","December 04, 2025","Port:6
 ‎Technician:Daniel Lee Renz","1,000","Active","Zone 4 Sna juan alcala pangasinan",""
"2909","","1764899301","MLAO_Felly_Cabuan","639277846116","5 - Prepaid","Non-Active","December 05, 2025","Port: 13
 TECHNICIAN: Jeff/marvin","1,000","Active","Zone 3 Laoac East Alcala Pangasinan",""
"2910","","1764902942","MLAO_Ian_Deleon","639068344458","5 - Prepaid","Non-Active","December 05, 2025","Port: 14
 TECHNICIAN: Jeff/marvin","1,000","Active","Zone 3 Laoac East Alcala Pangasinan",""
"2911","","1764903137","XHE_Willy_Oloa","639331751733","5 - Prepaid","Non-Active","December 05, 2025","P: 9
 TECHNICIAN: John/fred","1,000","Active","Purok 5 jeminez, Hermosa, Bayambang, Pangasinan",""
"2912","","1764907038","XMP_Stephanie_Ringor","639059201053","5 - Prepaid","Non-Active","December 05, 2025","OK
 Nap-5
 Port- 8
 Technicians: Pedro/Jerome
 =========
 Additional 3 days grace period due to 3 days no connection - hans","1,000","Active","Purok 2, Manambong Parte, Bayambang, Pangasinan",""
"2913","","1764916969","MLAO_Jelyn_Alejo","639460840039","18 - Prepaid","Non-Active","December 05, 2025","Port: 12
 TECHNICIAN: Jeff/marvin/june/Jojo
 OLD DD:5/ DC: March 9/ RC:April 6/ NEW DD: 3 May-Darz
 ----------------------
 AUG 16 2026
 OLD DD: 3 
 DC:12
 RC: 16
 NEW DD: SEPT 7 2026-CLARISSE
 =================
 September 22, 2026 late payment
 old dd 7
 new dd 18 - hans","1,000","Active","Zone 6 laoac west alcala pangasinan",""
"2914","","1764917076","MLAO_Roger_Gutierrez","63916319441","5 - Prepaid","Non-Active","December 05, 2025","Port: 12
 TECHNICIAN: Jeff/marvin/june/Jojo","1,000","Active","Zone 6 laoac west alcala pang",""
"2915","","1764922042","MSPI_Anne_Gacutan","639702993923","5 - Prepaid","Non-Active","December 05, 2025","Port: 8
 TECHNICIAN: jeff/marvin","799","Active","Mj building subdivision san pedro ili alcala pang",""
"2916","","1764925084","MSPI_Francis_Cocos","639608020148","5 - Prepaid","Non-Active","December 05, 2025","Port: 10
 TECHNICIAN: jojo june","1,000","Active","Zone 2 San Pedro Ili alcala pangasinan",""
"2917","","1764992538","TCS_Erlinda_Payomo","639121464320","6 - Prepaid","Non-Active","December 06, 2025","201-1
 BYB-49
 LCP-1
 Nap-8
 Port- 5
 Technicians: Pedro/Jerome
 C/O: Jhun Torres","1,000","Active","Lopez Jaena St., Cadre Site, Bayambang, Pangasinan",""
"2918","","1764999141","XBER_Reynald_Calpito","639932839138","6 - Prepaid","Non-Active","December 06, 2025","NAPBOX:1
 LCP:12
 P: 9
 TECHNICIAN: John/Eduard","1,000","Active","Sitio Cabalitan, Bersamin, Alcala, Pangsinan
 Barangay Hall ng Bersamin, sya yung secretary. dun nalang sya daanan",""
"2919","","1765013063","XMP_Ashley_Sante","639946938733","13 - Prepaid","Non-Active","December 06, 2025","Port:16
 ‎Technician:Daniel Lee  Renz
 old dd: 6/adjusted 7 days-darz/ new dd: 13","1,000","Active","Purok 3 sitio Bukeg manambong parte bayambang pangasinan",""
"2920","","1765013193","XBER_Romeo_Biala","639667146019","6 - Prepaid","Non-Active","December 06, 2025","NAPBOX:1
 LCP:12
 P: 16
 TECHNICIAN: John/Eduard","1,000","Active","Sitio Cabalitian, Bersamin, Alcala, Pangasinan",""
"2921","","1765254061","MCAN_Erlinda_Fronda","639567710621","9 - Prepaid","Non-Active","December 09, 2025","Port: 6
 TECHNICIAN: piolo/papadong","799","Active","Zone 4 canarvacanan Alcala pangasinan",""
"2922","","1765259212","TDA_Jennifer_Abalos","639939419926","9 - Prepaid","Non-Active","December 09, 2025","Lcp:1
 ‎Nap: na
 ‎Port:10
 ‎Technician: Jeff Marvin
 Assist:Jhun Torres","1,000","Active","Purok 2 Darawey Bayambang Pangasinan",""
"2923","","1765259262","MPE_Cathriel_David","639924097904","9 - Prepaid","Non-Active","December 09, 2025","Lcp:1
 ‎Nap: na
 ‎Port:10
 ‎Technician: Jeff Marvin
 Assist:Jhun Torres","799","Active","Zone 4 pob east alcala pang",""
"2924","","1765264869","DMAG_Nutrition_Office","639639873198","9 - Prepaid","Non-Active","December 09, 2025","LCP:1
 NAP:N/A
 Port:5
 TECHNICIAN: Edward/Daniel
 ASSISTED BY: Dante","1,500","Active","Magsaysay Bayambang Pangasinan
 OK",""
"2925","","1765268332","MSV_Rolan_Marcos","639556058682","9 - Prepaid","Non-Active","December 09, 2025","OK
 Port: 12
 TECHNICIAN: piolo/papadong","1,500","Active","Gabut st san vicente alcala pang",""
"2926","","1765269487","MSJC_Manilyn_Mortel","639090381345","9 - Prepaid","Non-Active","December 09, 2025","Port: 11
 TECHNICIAN: piolo/papadong","1,000","Active","Funston street san juan alcala pangasinan",""
"2927","","1765331418","XPS_Libert_Galsim","639858690912","10 - Prepaid","Non-Active","December 10, 2025","NAPBOX: 8
 ‎LCP: 1
 ‎Port: 10
 ‎TECHNICIAN: darwin/edward","1,000","Active","Poblacion Sur Bayambang Pangasinan",""
"2928","","1765333123","MSV_Wilfredo_Deguzman","639175779429","10 - Prepaid","Non-Active","December 10, 2025","Port: 4
 TECHNICIAN: Jeff marvin","799","Active","zone 2 San vicente Alcala pangasinan",""
"2929","","1765336894","XBED_Rowena_Cayabyab","639754207672","17 - Prepaid","Non-Active","December 10, 2025","LCP:1
 NAP:2
 Port:5
 TECHNICIAN:Jojo/june
 ==========
 May 29, 2026 - Downtime
 OLD DD - 10
 NEW DD - 17
 2 days no Connection - hans","1,000","Active","Purok 3 bedania mangatarem pangasinan",""
"2930","","1765339295","MSV_Daryll_Sison","639955855103","10 - Prepaid","Non-Active","December 10, 2025","Port: 12
 TECHNICIAN: making jerome","1,500","Active","Zone 4 San vicente Alcala Pangasinan",""
"2931","","1765339662","XDU_Marcelino_Paca","639770719544","10 - Prepaid","Non-Active","December 10, 2025","Lcp:1
 ‎Nap: 3
 ‎Port:13
 ‎Technician:Daniel Lee Renz","1,000","Active","Purok 5 Dusoc Bayambang Pangasinan",""
"2932","","1765340896","MSV_Maeann_Robin","63992426794","10 - Prepaid","Non-Active","December 10, 2025","Port: 13
 TECHNICIAN: Jeff marvin","1,000","Active","Zone 4 San vicente Alcala Pangasinan",""
"2933","","1765347519","XBED_Maricris_Cayabyab","639319335471","12 - Prepaid","Non-Active","December 10, 2025","LCP:1
 NAP:2
 Port:7
 TECHNICIAN:Jojo/june
 ====================
 OLD DD: 10
 NEW DD: 12
 MAY 29 2026- ADJUSTED THE DD DUE TO FIBER BREAK-CLARISSE
 downgrade to 799-darz/ july 13,2026","799","Active","purok 3 bedania mangatarem pangasinan
 OK",""
"2934","","1765350404","MSPA_Karen_Baltazar","639276390563","10 - Prepaid","Non-Active","December 10, 2025","OK
 Port: 6
 TECHNICIAN: Jeff marvin","1,000","Active","Zone 3 San pedro Apartado Alcala Pang",""
"2935","","1765351059","TSV_Jenny_Jimenez","639504943579","10 - Prepaid","Non-Active","December 10, 2025","Lcp:1
 ‎Nap: 2
 ‎Port:1
 ‎Technician: Piolo/ Boss Dong
 Assist:Jhun Torres","1,000","Active","Purok 6 Sn.Vicente Bbang Pangasinan",""
"2936","","1765353012","MSPA_Aileen_Quinto","639512719328","10 - Prepaid","Non-Active","December 10, 2025","Port: 5
 TECHNICIAN: making","1,000","Active","Purok 5 San pedro apartado alcala pang",""
"2937","","1765358717","XPAL_Charlot_Gonzales","639466656600","10 - Prepaid","Non-Active","December 10, 2025","‎Port: 5
 ‎TECHNICIAN: darwin / edward","799","Active","zone 1 Palisoc Bautista Pangasinan",""
"2938","","1765418638","MSJC_Mimie_Manaois","6396733881691","11 - Prepaid","Non-Active","December 11, 2025","Port: 9
 TECHNICIAN: Jeff marvin","1,000","Active","Zone 1 San juan alcala pangasinan",""
"2939","","1765425219","MSPI_Jerney_Aguilar","639810320054","11 - Prepaid","Non-Active","December 11, 2025","","1,000","Active","Zone 3 asuncion st san pedro ili alcala pang",""
"2940","","1765427942","HAUS","639171586429","11 - Prepaid","Non-Active","December 11, 2025","","1,500","Active","buayaen Pangasinan",""
"2941","","1765433216","MPINE_Mindros_Quines","63923212982","11 - Prepaid","Non-Active","December 11, 2025","Port: 9
 TECHNICIAN: Jeff marvin","799","Active","Zone 5 pindangan centro alcala pangasinan",""
"2942","","1765442081","XDU_Gerry_Devera","639982919574","11 - Prepaid","Non-Active","December 11, 2025","NAPBOX:6
 LCP:1
 Port:8
 TECHNICIAN:piolo/boss dong","1,500","Active","Purok 7 dusoc b.bang Pangasinan",""
"2943","","1765443094","MSJC_Alma_Lumanit","639184282840","11 - Prepaid","Non-Active","December 11, 2025","Port: 11
 TECHNICIAN: Jeff marvin","1,000","Active","Canan San juan Alcala Pangasinan",""
"2944","","1765445202","MSJC_Robie_Revilla","639485275505","11 - Prepaid","Non-Active","December 11, 2025","Port 13","1,000","Active","Sitio canan San juan alcala Pangasinan
 OK",""
"2945","","1765506294","MPOG_Ruena_Lumapac","639509522740","12 - Prepaid","Non-Active","December 12, 2025","Port: 3
 TECHNICIAN: Jeff marvin","1,000","Active","Zone 2 Pogo Bautista Pangasinan",""
"2946","","1765508082","MKIS_Marivic_Sales","63917460679","12 - Prepaid","Non-Active","December 12, 2025","Port: 3
 TECHNICIAN: bart renz","1,000","Active","Santiago st kisikis alcala pang",""
"2947","","1765508674","XRE_Valentina_Bautista","639658012087","12 - Prepaid","Non-Active","December 12, 2025","","1,000","Active","Purok 2 reynado b.bang Pangasinan",""
"2948","","1765510896","XPA_Jeremiah_Carino","639353949591","12 - Prepaid","Non-Active","December 12, 2025","Port- 15
 Technicians: Pedro/Jerome","1,000","Active","Purok 2, Pangdel, Bayambang, Pangasinan",""
"2949","","1765520494","MPE_Teresa_Penson","639810129106","12 - Prepaid","Non-Active","December 12, 2025","Port: 14
 TECHNICIAN: Jeff marvin","799","Active","Zone 1 pob east Alcala pangasinan",""
"2950","","1765523583","XCB_Christian_Agacite","6391385608498","12 - Prepaid","Non-Active","December 12, 2025","OK
 NAP:6
 Port:4
 TECHNICIAN:Jojo/june","1,000","Active","Purok 2 cabayaoasan mangatarem",""
"2951","","1765525447","XAMS_JhezzaLyka_Maniling","639123456789","12 - Prepaid","Non-Active","December 12, 2025","P:9
 TECHNICIAN: Freddie /Edward","1,000","Active","Amangcosiling Sur, Bbang Pangasinan",""
"2952","","1765526675","MPINE_Elvis_Ramay","639270773398","12 - Prepaid","Non-Active","December 12, 2025","Port: 7
 TECHNICIAN: Jeff marvin","799","Active","Galleno St Pindangan Centro Alcala Pangasinan",""
"2953","","1765527717","MBSM_Eunice_Velano","639926297352","25 - Prepaid","Non-Active","December 12, 2025","Port: 4
 TECHNICIAN: bart renz","799","Active","Cabalitian BERSAMIN ALCALA PANG
 OK",""
"2954","","1765530524","XBUA_Piolo_Cabig","639102160789","15 - Prepaid","Non-Active","December 12, 2025","NAPBOX:5
 LCP:1
 Port:5
 TECHNICIAN:piolo/boss dong","799","Active","Purok 6 buayaen b.bang Pangasinan",""
"2955","","1765594222","MSTP_Edisa_Senica","639779293797","24 - Prepaid","Non-Active","December 13, 2025","Port: 3
 TECHNICIAN: Piolo papa Dong
 ============
 August 24, 2026 RECONNECTION
 Old dd 14
 new dd 24 - hans","1,000","Active","Zone 5 San agustin Sto tomas Pangasinan",""
"2956","","1765594537","MSTP_Narcisa_Ravarra","639979293797","13 - Prepaid","Non-Active","December 13, 2025","Port: 4
 TECHNICIAN: Jeff marvin","799","Active","Zone 5 San agustin Sto tomas Pangasinan",""
"2957","","1765601911","XNAN_Irwin_Cortez","639455843198","13 - Prepaid","Non-Active","December 13, 2025","Port: 1
 ‎TECHNICIAN: darwin/edward","1,000","Active","181 M. ah. Del Pilar St. Nandacan Bautista Pangasinan
 OK",""
"2958","","1765614365","XNAN_Olivia_DelosSantos","639277294025","1 - Prepaid","Non-Active","December 13, 2025","OK
 Port: 1
 ‎TECHNICIAN: EDWARD/DARWIN
 ============== 
 August 30 2026
 Reconnected: Provided New Modem, Previous Modem didnt retrieved due to previous owner already left. -clarisse
 Tech: Jojo/Marben","1,000","Active","Luna St. Nandacan Bautista Pangasinan",""
"2959","","1765674160","MSV_Jansen_Cabael","639534816328","15 - Prepaid","Non-Active","December 14, 2025","Port:2
 ‎‎Technician:Daniel Lee,Jeff,marvin,renz","1,000","Active","Sinabaan SAn vicente alcala Pangasinan",""
"2960","","1765682949","MPINE_Marilou_Ramay","639910377921","15 - Prepaid","Non-Active","December 14, 2025","Port: 6
 TECHNICIAN: Jeff marvin","799","Active","Pindangan Centro Alcala Pangasinan",""
"2961","","1765683478","MSPA_Mark_Nazareno","639516675061","15 - Prepaid","Non-Active","December 14, 2025","Port: 2
 TECHNICIAN: piolo,bart,Papadong,Renz","1,000","Active","Purok 3a San Pedro Apartado Alcala Pangasinan",""
"2962","","1765684075","MPINE_April_Ramay","639926564480","15 - Prepaid","Non-Active","December 14, 2025","Port: 8
 TECHNICIAN: Jeff marvin","1,000","Active","Torres st Pindangan Centro Alcala Pangasinan",""
"2963","","1765765753","XPS_Geriola_Estrada","639123456789","16 - Prepaid","Non-Active","December 15, 2025","Nap Info:
 201- 3
 BYB- 7
 LCP- 1
 Nap- 7
 Port- 5
 Technicians: Pedro/Jerome","1,000","Active","poblacion sur
 OK",""
"2964","","1765770068","DCA_Shirley_Flores","639156947614","15 - Prepaid","Non-Active","December 15, 2025","NAPBOX:
 201-A
 LCP:0
 NAP:3
 Port:15
 TECHNICIAN:PIOLO/DONG
 ASSISTED BY: DANTE/EDWIN","1,000","Active","Purok 2, Carungay Bayambang Pangasinan",""
"2965","","1765776118","XBUA_Arnold_Asuncion","639123456789","15 - Prepaid","Non-Active","December 15, 2025","Nap Info:
 201- 3
 BYB- 24
 LCP- 1
 Nap- 2
 Port- 10
 Technicians: Pedro/Jerome","1,000","Active","Buayaen Bayambang Pangasinan",""
"2966","","1765782064","DPA_Raquel_Junio","639152815281","15 - Prepaid","Non-Active","December 15, 2025","NAPBOX:
 201-A
 LCP:0
 NAP:1
 Port:16
 TECHNICIAN:PIOLO/DONG
 ASSISTED BY: DANTE","1,500","Active","Purok 1, Pangdel Bayambang Pangasinan
 OK",""
"2967","","1765782965","XPS_Marisse_Bato","639123456789","15 - Prepaid","Non-Active","December 15, 2025","201-3
 BYB-7
 LCP:7
 NAP:7
 Port:5
 TECHNICIAN:Jojo/june","1,000","Active","poblacion sur",""
"2968","","1765783894","MPINE_Geraldine_Quintero","639277293024","21 - Prepaid","Non-Active","December 15, 2025","Port:2
 ‎Technician Jeff,marvin
 =========
 DC 03/24/2026
 RC 03/27/2026
 OLD DD 15
 NEW DD  18 - HANS
 =======================
 MAY 30 2026
 OLD DD: 18
 RC: 30
 NEW DD: 21 -CLARISSE","1,000","Active","Zone 2 Pindangan West Alcala Pangasinan",""
"2969","","1765790024","MPE_Ronalie_Delacruz","639478643905","15 - Prepaid","Non-Active","December 15, 2025","Port:15
 ‎‎Technician bart Renz,jeff,marvin","1,000","Active","Zone 1 Pob east Alcala Pangasinan",""
"2970","","1765852448","MSTP_Andrew_Deleon","639489088965","16 - Prepaid","Non-Active","December 16, 2025","‎Port: 1
 ‎Technician making jerome","1,000","Active","173 san antonio sto tomas pangasinan",""
"2971","","1765854886","XLAO_Ronaldo_Tagulao","6391234567890","16 - Prepaid","Non-Active","December 16, 2025","NAPBOX:4
 LCP:4
 Port:5
 TECHNICIAN:piolo/boss dong","1,000","Active","Laoac, Alcala, Pangasinan",""
"2972","","1765867242","MBSM_Gilbert_Cabamongan","639695866941","16 - Prepaid","Non-Active","December 16, 2025","Port: 2
 TECHNICIAN: making jerome
 POWERED BY(AGENT): marben","1,000","Active","Sitio gualao bersamin alcala pangasinan",""
"2973","","1765867365","MBSM_Joann_Nicdao","639923539920","16 - Prepaid","Non-Active","December 16, 2025","Port: 1
 TECHNICIAN: making jerome
 POWERED BY(AGENT): marben","1,000","Active","Sitio Gualao Bersamin Alcala Pangasinan",""
"2974","","1765869001","XANU_Kristel_Sison","639850740949","16 - Prepaid","Non-Active","December 16, 2025","LCP:2
 NAP:3
 Port:2
 TECHNICIAN:piolo boss dong 
 POWERED BY(AGENT):Cris","799","Active","Anulid, Alcala Pangasinan",""
"2975","","1765936887","MSPA_Ressie_Cachin","639466723631","17 - Prepaid","Non-Active","December 17, 2025","Port: 9
 TECHNICIAN: Edward John","799","Active","Zone 3 San Pedro Apartado Alcala Pangasinan",""
"2976","","1765940421","XBUA_Rodrigo_Tucay","6396398058856","3 - Prepaid","Non-Active","December 17, 2025","201-3
 BYB-7
 LCP:1
 NAP:5
 Port:11
 TECHNICIAN:Jojo/boss dong
 =============
 OLD DD: FEB 17
 DC:FEB 21
 RC: FEB 23
 NEW DD: MARCH 19 2026-CLARISSE
 =======
 6/13/26 reset modem 1st time
 =======
 Reconnection July 3, 2026
 New de date every 3rd of the month - hans","1,000","Active","PUROK 5 BUAYAEN
 Ok",""
"2977","","1765941320","MSPA_Reynaldo_Vergara","639467183020","5 - Prepaid","Non-Active","December 17, 2025","Port: 11
 TECHNICIAN: Edward John
 =================
 OLD DD: FEB 17
 DC:FEB 19
 RC-MARCH 06
 NEW DD: APRIL 04, DELETE MARCH BILL-CLARISSE
 ==================================
 JUNE 09 2026
 OLD DD-4
 RC- JUNE 09 
 NEW DD: 5 -CLARISSE
 ====================
 JULY 11 2026
 AGENT CONFIRMED CLIENT DOWNGRADED FROM 1K TO 799 PLAN-CLARISSE","799","Active","Purok 4 San pedro Apartado alcala pang",""
"2978","","1765949089","XSA_Jerome_Deguzman","639123456789","19 - Prepaid","Non-Active","December 17, 2025","Nap Info:
 201- 4
 BYB- 65
 LCP- 1
 Nap- 1
 Port- 6
 Technicians: Pedro/Jerome
 
 
 DD:17 CHANGED TO 19-DARZ (NEW INSTALL 2 DAYS NO CONNECTION)","1,000","Active","Purok 4, Sanlibo, Bayambang, Pangasinan",""
"2979","","1765952088","TSV_Allysa_Carpio","639685982861","17 - Prepaid","Non-Active","December 17, 2025","Lcp:1
 ‎Nap: na
 ‎Port:15
 ‎Technician: Jojo/ Boss Dong
 Assist:Jhun Torres","1,000","Active","Purok 7 Sn.Vicente Bunkulan Bbang",""
"2980","","1765955524","DCA_Rhoma_Estanero","639956343378","17 - Prepaid","Non-Active","December 17, 2025","NAPBOX:
 LCP:0
 NAP:1
 Port:9
 TECHNICIAN:Nomel/Freddie 
 ASSISTED BY: Dante","1,000","Active","Purok 1 Carungay Bayambang Pangasinan",""
"2981","","1765959240","MKIS_Jayvee_Labiano","639167571581","17 - Prepaid","Non-Active","December 17, 2025","‎Port:12
 ‎Technician edward John","799","Active","Zone 1 kisikis alcala pangasinan",""
"2982","","1765962321","DPA_Gretchen_Asis","639212224819","25 - Prepaid","Non-Active","December 17, 2025","Port:8
 TECHNICIAN:Nomel/Freddie 
 ASSISTED BY: Dante
 ================
 OLD DD: 17
 MAY 26- CLIENT UPGRADED TO 200 MBPS (1500)
 NEW DD: EVERY 25TH REQUESTED BY TH AGENT- APPROVED-CLARISSE","1,500","Active","Purok 1, Pangdel Bayambang Pangasinan",""
"2983","","1765963717","XBN_Geneses_Abarcar","639267087708","17 - Prepaid","Non-Active","December 17, 2025","Nap Info:
 201- 4
 BYB- 0
 LCP- 3
 Nap- 5
 Port- 16
 Technicians: Pedro/Jerome","1,000","Active","Bical Norte",""
"2984","","1766020656","DMN_Marialuisa_Ancheta","639100598741","18 - Prepaid","Non-Active","December 18, 2025","Port:6
 TECHNICIAN:JOJO/VENTURA
 ASSISTED BY: DANTE/EDWIN","1,000","Active","Manambong Norte Bayambang Pangasinan",""
"2985","","1766026777","XTE_Henry_Penuliar","639369067294","10 - Prepaid","Non-Active","December 18, 2025","Nap Info:
 201- 3
 BYB- 7
 LCP- 1
 Nap- 6
 Port- 13
 Technicians: Pedro/Jerome
 =====================
 OLD DD: 18
 RC: JUNE 06 2026
 NEW DD: 6 -CLARISSE","1,000","Active","#75 telbang b.bang PANGASINAN",""
"2986","","1766027647","XSTP_Teresa_Terrado","639282791936","28 - Prepaid","Non-Active","December 18, 2025","Port:1
 TECHNICIAN:piolo/boss dong
 
 OLD DD: 18
 DC 22
 RC FEB 3
 NEW DD"" FEB 28 2026-CLARISSE","799","Active","130 SAN JOSE SAN TOTOMAS PANGASINAN",""
"2987","","1766028956","XBUA_Brian_Cayabyab","639077711005","18 - Prepaid","Non-Active","December 18, 2025","NAPBOX:2
 LCP:1
 P: 11
 TECHNICIAN: John/Eduard","1,000","Active","Requilman St, Bauyaen, Bayambang,  Pangasinan",""
"2988","","1766047528","XPIN_Janice_Torres","639949297580","18 - Prepaid","Non-Active","December 18, 2025","Port:7
 TECHNICIAN:piolo boss dong
 POWERED BY(AGENT):Cris","799","Active","Pindangan",""
"2989","","1766116230","MPINE_Esmael_Nario","639708290823","19 - Prepaid","Non-Active","December 19, 2025","Port:3
 ‎Technician Piolo Bos dong","1,000","Active","Zone 1 pindangan West Alcala pangasinan",""
"2990","","1766123215","MPINE_MiguelaOlivea_Perrion","639306421519","19 - Prepaid","Non-Active","December 19, 2025","Port:9
 ‎Technician Edward Freddie","799","Active","Pindangan East Alcala Pangasia",""
"2991","","1766128023","XPIN_Rhoda_Sabiano","639928723220","19 - Prepaid","Non-Active","December 19, 2025","Port:9
 ‎Technician:Daniel Lee Renz","1,000","Active","110 mencias pindangan Alcala Pangasinan",""
"2992","","1766128334","MANU_Anna_Calderon","639175218064","19 - Prepaid","Non-Active","December 19, 2025","Port:3
 ‎Technician Piolo Bos dong","1,000","Active","Zone 1 Anulid Alcala Pangasinan",""
"2993","","1766131433","MLAO_Donato_Aquino","639770941596","19 - Prepaid","Non-Active","December 19, 2025","","1,000","Active","Zone 3 laoac East alcala pangasinan",""
"2994","","1766132709","XPIN_Cindy_Torres","639918003213","19 - Prepaid","Non-Active","December 19, 2025","Port:10
 ‎Technician:Daniel Lee Renz 
 Jojo June","799","Active","Zone 6 labuan road pindangan centro alcala pangasinan",""
"2995","","1766197367","XMS_Larry_Magsano","639214448259","20 - Prepaid","Non-Active","December 20, 2025","Port:14
 TECHNICIAN:Jojo/june","1,000","Active","125 manambong sur bayambang pangasinan",""
"2996","","1766219573","XDU_Dyan_Asuncion","639383031208","1 - Prepaid","Non-Active","December 20, 2025","201-4
 BYB-65
 LCP:1
 NAP:5
 Port:11
 TECHNICIAN:Jojo/june
 ======
 7/29/26 mag walkin payment daw sila this day. -nomel
 7/31/26 reconnected","1,000","Active","Dusoc purok 7 bayambang pangasinan
 OK",""
"2997","","1766370152","MSPA_Maricho_DelosSantos","639306356489","22 - Prepaid","Non-Active","December 22, 2025","","799","Active","Purok 4 San Pedro Apartado Alcala Pangasinan",""
"2998","","1766371178","XNS_Jojo_Justo","639933563592","22 - Prepaid","Non-Active","December 22, 2025","","1,000","Active","ZONE 7 NIBALIW SUR BAUTISTA PANGASINAN",""
"2999","","1766374085","MSPA_Joan_Sabado","639704929732","22 - Prepaid","Non-Active","December 22, 2025","OK","1,000","Active","Purok 5 san pedro Apartado alcala Pangasinan",""
"3000","","1766375257","XPW_Eulakaye_Cariaga","639352937962","22 - Prepaid","Non-Active","December 22, 2025","Port 1
 ============
 DEC 22- Installation date client paid , 
 
 Feb 09,2026-late paid in the system already follow up client for January 2029 bill payment-Clarisse","799","Active","Poblacion west Bautista pangasinan",""