"No","","Account No","Name","Phone","Due Date - Payment Type","Tax","Register Date","Remark","Bill / Month","Status","Address","Action"
"3001","","1766376670","XAM1_Kurtjhared_Pablo","639567935545","28 - Prepaid","Non-Active","December 22, 2025","Port 10
 old dd: 22/adjusted 7 days-darz/new dd:29","1,000","Active","Purok 3 Ambayat 1st Bayambang Pangasinan",""
"3002","","1766381389","TWAR_Jay_Pablo","639153591993","27 - Prepaid","Non-Active","December 22, 2025","","1,000","Active","Purok 5 Warding Bayambang Pangasinan",""
"3003","","1766387597","TBA_Renier_Junio","639100927386","22 - Prepaid","Non-Active","December 22, 2025","OK","799","Active","Don Pascual 1st Bani Bayambang Pangasinan",""
"3004","","1766387784","MPW_Amado_Duque","639277294019","22 - Prepaid","Non-Active","December 22, 2025","","1,000","Active","Aguncillo st Poblacion west Alcala pangasinan",""
"3005","","1766389861","MSN_Agnes_Bueza","639457849362","1 - Prepaid","Non-Active","December 22, 2025","September 4, 2026 RECONNECTION
 old dd 22
 new dd 1 - hans","1,000","Active","Natl rd San nicolas alcala pang
 OK",""
"3006","","1766451299","TTAM_Lea_Maregmen","639497137017","23 - Prepaid","Non-Active","December 23, 2025","Port:6
 ‎Technician: Jerome/making/nomel
 Assist:Jhun Torres","1,000","Active","Purok 4 Tampog Bayambang Pangasinan",""
"3007","","1766456103","XID_Melanie_Geronimo","639123456789","28 - Prepaid","Non-Active","December 23, 2025","Additional 3 days grace period due to 3 days no connection - hans
 old dd:23/ adjusted 7 days-darz/new dd:30","1,000","Active","Idong",""
"3008","","1766459920","DBAL_Amy_Devera","639487153787","23 - Prepaid","Non-Active","December 23, 2025","Port:13
 TECHNICIAN:JOJO/VENTURA
 ASSISTED BY: DANTE/EDWIN","1,000","Active","Zone 1 Bautista Pangasinan",""
"3009","","1766461887","MBAU_Juditha_Guevarra","639773471718","23 - Prepaid","Non-Active","December 23, 2025","Port: 8
 TECHNICIAN: Jeff Marvin","1,000","Active","Zone 1 primicias Bautista Pangasinan",""
"3010","","1766466691","XSPA_MikayaPatricia_Costales","639123456789","23 - Prepaid","Non-Active","December 23, 2025","OK
 Port 4
 TECHNICIAN: John/Eduard","799","Active","San Pedro Apartado",""
"3011","","1766718269","TTAM_Rowena_Bumatay","639707232862","26 - Prepaid","Non-Active","December 26, 2025","","1,000","Active","Purok 4 Tampog Bayambang Pangasinan",""
"3012","","1766719377","MANU_Rebecca_Aglosolos","639625870947","26 - Prepaid","Non-Active","December 26, 2025","","1,500","Active","Zone 5B anulid Alcala pangasinan",""
"3013","","1766727876","XPA_Resty_Lagoy","639293333201","27 - Prepaid","Non-Active","December 26, 2025","may 29 2026
 add 2 days grace period Total of 6 days grace period due to 2 days no connectiuon-clarisse","1,000","Active","Purok 1 Pangdel",""
"3014","","1766733802","MBAU_Edgar_Valdez","639532596880","26 - Prepaid","Non-Active","December 26, 2025","","1,000","Active","Zone 4 primicias bautista pangasinan",""
"3015","","1766813809","XINA_Cherry_Laurino","639271835135","28 - Prepaid","Non-Active","December 27, 2025","","1,000","Active","Near Benitez Gasoline Station turn left Inanlorenzana Bayambang",""
"3016","","1766814796","DPA_Rizza_Eduria","639621922659","27 - Prepaid","Non-Active","December 27, 2025","","1,000","Active","",""
"3017","","1766819570","MBAU_Regine_Velano","639949938080","27 - Prepaid","Non-Active","December 27, 2025","","1,000","Active","Primicias Bautista Pangasinan",""
"3018","","1766820194","DPA_Joylyn_Labian","639776286573","18 - Prepaid","Non-Active","December 27, 2025","DC 05/05/2026
 RC 06/18/2026
 OLD DD 27
 NEW DD 18 - HANS","1,000","Active","Purok 1, Pangdel Bayambang Pangasinan",""
"3019","","1766828486","MLAO_Rhoda_Nabong","639857549946","27 - Prepaid","Non-Active","December 27, 2025","","1,000","Active","Zone 1 laoac east alcala pang",""
"3020","","1766837355","XCAC_Manilyn_Cortel","639060221474","28 - Prepaid","Non-Active","December 27, 2025","","1,000","Active","Zone 3 Cacandongan Bautista Pangasinan nearby maekrisanne resort",""
"3021","","1766848592","XBUA_Rowell_Palacpac","639635219037","28 - Prepaid","Non-Active","December 27, 2025","","799","Active","Purok 7, Buayaen BYB Pang.",""
"3022","","1766974281","MSN_Joanna_Carajay","639467291221","28 - Prepaid","Non-Active","December 29, 2025","","799","Active","Lawton st San nicolas Alcala Pangasinan",""
"3023","","1766987240","MSV_Nelia_Ferrer","639063840587","28 - Prepaid","Non-Active","December 29, 2025","","1,000","Active","Zone 5 san vicente alcala pangasinan",""
"3024","","1766995172","MPW_Lolita_Agustin","639165013732","7 - Prepaid","Non-Active","December 29, 2025","RC-FEB 07 2026
 NEW DD: MARCH 07 2026-CLARISSE","1,000","Active","Malone st. Poblacion east alcala pangasinan",""
"3025","","1767006638","XINA_Jennifer_Galisim","639090680480","28 - Prepaid","Non-Active","December 29, 2025","Client DC wrong activation date 3 it should be 29 so 28 plus 1 isolir day=Clarisse","1,000","Active","Purok II Inanlorenza Bayambang Pangasinan  landmark GMR Gasoline Station",""
"3026","","1767062766","MPW_Marvin_Danzil","639128150058","28 - Prepaid","Non-Active","December 30, 2025","","799","Active","Malone st Pob west Alcala Pangasinan",""
"3027","","1767067245","MANU_Cristel_Garcia","639959819592","28 - Prepaid","Non-Active","December 30, 2025","","1,000","Active","Zone 3 Anulid Alcala Pangasinan",""
"3028","","1767078990","MSPI_Manny_Macaseib","6393264414993","28 - Prepaid","Non-Active","December 30, 2025","","1,000","Active","Sitio kupi San pedro ili alcala pangasinan",""
"3029","","1767093889","XBUA_Omar_Barrogo","639810732881","9 - Prepaid","Non-Active","January 09, 2026","","1,000","Active","Purok 7, Buayaen, Bayambang, Pangasinan",""
"3030","","1767302057","MANU_Jerry_Gunrun","639090641729","3 - Prepaid","Non-Active","January 02, 2026","","1,000","Active","zone 2 Anulid Alcala pangasinan",""
"3031","","1767302871","MANU_Rene_Velasco","639484576614","2 - Prepaid","Non-Active","January 02, 2026","","1,000","Active","zone 2 Anulid alcala pangasinan",""
"3032","","1767303121","MANU_Maureen_Cabotaje","639121202728","2 - Prepaid","Non-Active","January 02, 2026","","1,000","Active","zone 2 anulid Alcala pangsinan",""
"3033","","1767330452","XINA_Baby_Loraine_Deguzman","639155052460","5 - Prepaid","Non-Active","January 02, 2026","NAPBOX:4 Port:15 TECHNICIAN:Lester/Pedro
 ==========
 Additional 3 grace period due to 3 days no connection - hans","1,000","Active","Address: Brgy. Inanlorenza, Bayambang, Pangasinan
 
 Nearest landmark: Near Inanlorenza Born again Church",""
"3034","","1767336288","XKIS_KimuelJohn_Cuizon","639544092559","9 - Prepaid","Non-Active","January 02, 2026","port 4
 tech: piolo/boss dong","799","Active","#47 Kisikis Alcala Pangasinan zone 4 near Flying V",""
"3035","","1767350050","XDU_Emerita_Perez","639922514308","26 - Prepaid","Non-Active","January 02, 2026","APRIL 17,2026- lient has committed to submit proof of payment for the February and March 2026 billing on or before April 30, 2026.
 In the event that the client is unable to trace or retrieve the said proof of payment, they agree to settle the outstanding balance amounting to ₱2,000.00 on or before April 30, 2026.In the meantime, the client shall settle the April 2026 billing amounting to ₱1,000.00 accordingly. - PROVIDE LETTER AGREEMENT TO TECH JEFFTO BE FORWARDED TO CLIENT - CLARISSE 
 =====================================
 SEPT 25 2026
 TAGGED ACCOUNT UNDER OVERDUE - DUE TO NON PAYMENT AFTER DUE DATE AND GRACE PERIOD GIVEN. VERIFIED CONNECTION AT MIKROTIK-CLARISSE
 ========
 7/3/26 Duedate adjusted 7days. old, new12 -lester
 ===========
 SEPTEMBER 26, 2026 RECONNECTION
 OLD DD 5
 NEW DD 26 - HANS","1,000","Active","Purok 7, Buayaen BYB Pang
 OK",""
"3036","","1767369802","TWA_Cristina_Menor","639926016466","5 - Prepaid","Non-Active","January 03, 2026","","1,000","Active","Purok 4 Wawa Tanggal Bbang Pangasinan",""
"3037","","1767389694","MANU_Anton_Pedrozo","63927910184","3 - Prepaid","Non-Active","January 03, 2026","","1,000","Active","zone 2 anulid alcala pangasinan",""
"3038","","1767389882","MANU_Evamaureen_Milo","639167144052","3 - Prepaid","Non-Active","January 03, 2026","","1,000","Active","zone 2 anulid alcala pangasinan",""
"3039","","1767390507","MANU_Alma_Perez","639067029574","6 - Prepaid","Non-Active","January 03, 2026","","1,000","Active","zone 4 anulid alcala pangasinan",""
"3040","","1767413960","TTA_Florencio_Bato","639615848231","10 - Prepaid","Non-Active","January 03, 2026","‎Lcp:1
 ‎Nap: 8
 ‎Port:16 
 ‎Technician: Jerome/Nomel
 Assist:Jhun Torres","1,000","Active","Purok 2, Tatarac Bbng Pangasinan
 OK",""
"3041","","1767425505","XAMS_Charismay_Cayabyab","639604780014","14 - Prepaid","Non-Active","January 03, 2026","","1,000","Active","Purok 6 Amancosiling Sur Bayambang Pangasinan near boudary of amancosiling and san Gabriel 1st",""
"3042","","1767430154","XPW_Shielamae_Delacruz","639275024405","6 - Prepaid","Non-Active","January 03, 2026","","1,000","Active","Poblacion west alcala pangasinan tabi ng dito tower",""
"3043","","1767433888","MBAU_Remy_Bangis","639295035721","5 - Prepaid","Non-Active","January 03, 2026","","1,000","Active","zone 3 Primicias Bautista Pangasian",""
"3044","","1767435208","MBAU_Bella_Rupisan","639165293061","5 - Prepaid","Non-Active","January 03, 2026","","799","Active","Villanueva Bautista Pangasinan",""
"3045","","1767482461","MANU_Rosette_Libunao","639212378491","6 - Prepaid","Non-Active","January 04, 2026","","1,000","Active","zone 2 anulid alcala pangasinan",""
"3046","","1767484126","MSV_Shiela_Vizconde","639338202095","9 - Prepaid","Non-Active","January 04, 2026","","1,000","Active","gabot st. san vicente alcala pangasinan
 Ok",""
"3047","","1767493536","MBAU_Anelyn_Fontanilla","639772930907","7 - Prepaid","Non-Active","January 04, 2026","","1,000","Active","Purok 4 Nibaliw norte bautista alcala pangasinan",""
"3048","","1767537289","XTAN_RayAn_Casillan","639051757953","7 - Prepaid","Non-Active","January 04, 2026","","1,000","Active","401 purok 3 sitio Pandel Tanolong Bayambang Pangasinan beside Jojo Casillan",""
"3049","","1767563691","MBSM_Yanka_Cabrera","639544077392","6 - Prepaid","Non-Active","January 05, 2026","PORT:9","1,000","Active","Sitio camangaan bersamin alcala pang
 OK",""
"3050","","1767586013","XNS_Froilan_Cruz","639914812344","5 - Prepaid","Non-Active","January 05, 2026","","1,000","Active","No. 9 Nibaliw Sur Bautista Pangasinan",""
"3051","","1767591766","XSA_Jocelyn_Deguzman","639911409766","5 - Prepaid","Non-Active","January 05, 2026","","1,000","Active","Sanlibo Purok 4",""
"3052","","1767599570","XBW_Remedios_Gonzales","639192781797","6 - Prepaid","Non-Active","January 05, 2026","","1,000","Active","200 Bongato west Bayambang Pangasinan dike area",""
"3053","","1767620865","TDP_Rochee_Padua","639957824101","12 - Prepaid","Non-Active","January 05, 2026","","1,000","Active","MH Del pilar Bbang (White house Dulay compound)",""
"3054","","1767659722","MSV_Roel_Glaze","639920265194","8 - Prepaid","Non-Active","January 06, 2026","","1,000","Active","Sitio sinabaan San vicente Alcala Pangasinan",""
"3055","","1767661770","XSG2_Marites_Macalalad","639978440238","9 - Prepaid","Non-Active","January 06, 2026","AUGU 7 - NO CONNECTION CREATED TICKET
 AUGUST 9- ISSUE RESOLVEED MOVE DUE DATE 2 DAYS
 OLD DD: AUGUST 7
 NEW DD: AUGUST 9 WITH 4 DAYS GRACE PERIOD -CLARISSE","1,000","Active","San Gabriel 2nd /Purok 1
 OK",""
"3056","","1767664938","XPW_Marites_Sablon","639486651482","6 - Prepaid","Non-Active","January 06, 2026","","799","Active","Castañeda St. Poblacion West, Alcala, Pangasinan",""
"3057","","1767670505","XAM1_Rosesalie_Feliciano","639453321046","6 - Prepaid","Non-Active","January 06, 2026","","799","Active","Purok 3 Ambayat 1st B.Bang PANGASINAN",""
"3058","","1767677424","XMAN_Dindo_Salcedo","639388186031","16 - Prepaid","Non-Active","January 06, 2026","Port 7
 Jojo/june
 OLD DD:7/ DC: 11/ RC: 12/ NEW DD: 9-DARZ
 old dd: 9/adjusted 7 days-darz/ new dd: 16","1,000","Active","Purok 2 Front of Ele,. Sch. Managos Bayambang",""
"3059","","1767689311","XPAR_Clarita_Lomibao","639813236068","9 - Prepaid","Non-Active","January 06, 2026","0981 323 6068 - alternative #","1,000","Active","Purok 3, Paragos, Bayambang, Pangasinan",""
"3060","","1767751428","MCAN_Jhunel_Baladad","639071514456","8 - Prepaid","Non-Active","January 07, 2026","","1,000","Active","70 Primicias St Canarvacanan Alcala Pangasinan",""
"3061","","1767754186","XTAN_Rolly_Junio","639919737337","7 - Prepaid","Non-Active","January 07, 2026","Isolir date is adjusted due to 2 days no connection - hans","1,000","Active","143 Purok 3 Sitio Pangdel, Tanolong BYB Pang.",""
"3062","","1767755541","XAM2_Franco_Basilio","639925149142","8 - Prepaid","Non-Active","January 07, 2026","","1,000","Active","Amabayat 2nd purok 2 malapit sa plaza likod nila kapitan",""
"3063","","1767763774","DHE_Jovita_Obenza","639109688321","8 - Prepaid","Non-Active","January 07, 2026","","1,000","Active","Purok 2, Hermoza Bayambang Pangasinan",""
"3064","","1767764905","MBSM_Rochelle_Blanco","639382041527","7 - Prepaid","Non-Active","January 07, 2026","","1,000","Active","Sitio cabalitian bersamin alcala pangasinan",""
"3065","","1767766541","TAM2_Dely_Juan","639647363655","9 - Prepaid","Non-Active","January 07, 2026","OK","1,000","Active","Purok 3 Ambayat 2nd Bbang",""
"3066","","1767775235","XSG1_Marvin_Paa","639095100480","23 - Prepaid","Non-Active","January 07, 2026","NAPBOX:5
 LCP:1
 P: 11
 TECHNICIAN: John/Making
 ================
 OLD DD: 9
 NEW DD: 16
 2 DAYS NO CONNECTION-CLARISSE
 ==========
 7/01/26 Duedate Adjusted 7 days, old16, new23 -lester","1,000","Active","Purok 3 san gabriel 1st Bayambang Pangasinan
 OK",""
"3067","","1767775408","XID_Ervin_Pacay","639683909047","13 - Prepaid","Non-Active","January 07, 2026","NAPBOX:3
 LCP:1
 Port: 3
 TECHNICIAN: John/ Making
 ============================
 May 29, 2026 - moved 2 days grace period- 
 OLD DD: 11
 NEW DD: 13-CLARISSE","799","Active","Purok 1 Brgy Idong Bayambang Pangasinan",""
"3068","","1767791057","DPA_Jerah_Torres","639777566947","8 - Prepaid","Non-Active","January 07, 2026","","1,000","Active","Purok  2 Pangdel Bayambang Pangasinan",""
"3069","","1767832136","DBAL_Zenaida_Sarmiento","639956323009","9 - Prepaid","Non-Active","January 08, 2026","","1,000","Active","Baluyot Bautista Pangasinan",""
"3070","","1767833110","XBED_Flora_Natoc","63924492111","8 - Prepaid","Non-Active","January 08, 2026","‎NAPBOX: 5
 ‎LCP: 1
 ‎Port: 2
 ‎TECHNICIAN:renz/Freddie","1,000","Active","Purok 1 Bedania, boundary po ng bedanya at pampano",""
"3071","","1767835417","XSTP_Jerrecell_Arandio","639633633253","8 - Prepaid","Non-Active","January 08, 2026","OK","799","Active","San Jose sto.tomas Pangasinan",""
"3072","","1767835546","MSV_Jennifer_Barnachea","639051133154","8 - Prepaid","Non-Active","January 08, 2026","","1,500","Active","Zone 5 san vicente alcala pangasinan",""
"3073","","1767841379","XSA_Lanie_Deguzman","639568946699","10 - Prepaid","Non-Active","January 08, 2026","NAPBOX:1
 LCP:1
 P: 8
 TECHNICIAN: John/Making","1,000","Active","Purok 4 barangay Sanlibo Bayambang Pangasinan Near Catalino Elementary School",""
"3074","","1767851362","XKIS_Lawayway_Itorma","639858472048","9 - Prepaid","Non-Active","January 08, 2026","Port:3 TECHNICIAN:piolo/boss dong","1,000","Active","Zone 4 Kisikis Alcala Pangasinan",""
"3075","","1767877408","TDA_Rodrigo_Favi","639065598399","12 - Prepaid","Non-Active","January 08, 2026","","1,000","Active","Purok 1 Darawey Bbang Pangasinan",""
"3076","","1767877584","TMA_Dick_Garcia","639636101042","10 - Prepaid","Non-Active","January 08, 2026","","1,000","Active","Purok 3 Malioer Bayambang Pang",""
"3077","","1767883223","TSV_Ricamae_Bato","639455005755","10 - Prepaid","Non-Active","January 08, 2026","","1,000","Active","Purok 6 Bunkulan Bayambang Pangasinan",""
"3078","","1767918573","MCAN_nans_Cabrera","639981868786","9 - Prepaid","Non-Active","January 09, 2026","","1,000","Active","Zone 4 Canarvacanan alcala pangasinan",""
"3079","","1767919420","XLAO_MajPurple_Mataban","639957952353","9 - Prepaid","Non-Active","January 09, 2026","LCP:4
 NAP:2
 Port:13
 TECHNICIAN:piolo/boss dong","1,000","Active","Laoac alcala Sa may basketball court",""
"3080","","1767924830","XINA_Peter_DeGuzman","639770939385","10 - Prepaid","Non-Active","January 09, 2026","tech: jojo/ jun
 AUGUST 2 2026 - REQUEST TO DOWNGRADE FROM 1K TO 799 PLAN -CLARISSE","799","Active","Inanlorenza purok 2 malapit sa covered court
 OK",""
"3081","","1767927288","XKIS_Lorna_Collado","639100187526","10 - Prepaid","Non-Active","January 09, 2026","","1,000","Active","ZONE 4 kisikis ALCALA PANGASINAN",""
"3082","","1767928488","XKIS_Julie_Respeto","639705753891","10 - Prepaid","Non-Active","January 09, 2026","Port:5
 TECHNICIAN:piolo/boss dong","1,000","Active","ZONE 4 kisikis ALCALA PANGASINAN",""
"3083","","1767929161","MANU_Maribel_Fernandez","639485617847","9 - Prepaid","Non-Active","January 09, 2026","‎Port: 6
 ‎TECHNICIAN:renz /Freddie.marben.","1,000","Active","Zone 2 Anulid Alcala Pangasinan",""
"3084","","1768001784","MSPI_Reggie_Lucido","639194165050","10 - Prepaid","Non-Active","January 10, 2026","","1,000","Active","Zone 4 san pedro ili alcala pangasinan",""
"3085","","1768002446","MSTP_Leshlie_Alonzo","639310290579","10 - Prepaid","Non-Active","January 10, 2026","","1,000","Active","Zone 2 sto nino sto tomas pangasinan",""
"3086","","1768021143","XSC_Edison_Llanda","639667730238","14 - Prepaid","Non-Active","January 10, 2026","NAPBOX:3
 LCP:1
 P: 12
 TECHNICIAN: John/Making","1,000","Active","Purok 2 Sancaguilis Bayambang 
 landmark: Purok 2 sancaguilis Old covered court",""
"3087","","1768021878","MPE_Marjorie_Bagayan","639062271240","10 - Prepaid","Non-Active","January 10, 2026","Port:11
 TECHNICIAN:piolo/boss dong
 POWERED BY(AGENT): Marvin","799","Active","P sison st Pob east Alcala Pangasinan",""
"3088","","1768022006","MLAO_Ligaya_Aguilar","639776409120","10 - Prepaid","Non-Active","January 10, 2026","","1,000","Active","Sinabaan rd laoac east alcala pangasinan",""
"3089","","1768104883","XNS_Judelyn_Ruetas_2","639308052480","17 - Prepaid","Non-Active","January 11, 2026","tech: Renz/Freddie
 ===================
 APRIL 15 2026
 MOVED DUE DATE DUE TO 4 DAYS INTERNET INTERMITTED AT THE AREA 
 OLD DD: 13
 NEW DD:  17-CLARISSE","799","Active","Nibaliw Sur Bautista Pangasinan
 OK",""
"3090","","1768115849","MPINE_Merle_Valerio","6399911221553","12 - Prepaid","Non-Active","January 11, 2026","tech:piolo/boss dong
 LCP:N/A
 NAP:N/A
 Port:10","799","Active","Zone 5 pindangan centro alcala pangasinan",""
"3091","","1768174819","MPW_Rhea_Garcia","639956237461","13 - Prepaid","Non-Active","January 12, 2026","Port:8
 TECHNICIAN:piolo/boss dong
 POWERED BY(AGENT): Marvin lucero","1,000","Active","Malone st Poblacion East Alcala Pangasinan",""
"3092","","1768180372","XDI_Jamaica_Agualin","639667264565","13 - Prepaid","Non-Active","January 12, 2026","tech: jojo/jun
 port: 10","1,000","Active","Diaz Dike Side, Bautista, Pangasinan  Near Plaza Old Brgy.Hall",""
"3093","","1768184412","MSN_Marites_Lomboy","639690136679","12 - Prepaid","Non-Active","January 12, 2026","Port:9
 TECHNICIAN:piolo/boss dong
 POWERED BY(AGENT): Marvin lucero","1,000","Active","19 aguindo st San Nicolas Alcala Pangasinan",""
"3094","","1768200145","XMAN_Ronalyn_Ravancho","639090609562","12 - Prepaid","Non-Active","January 12, 2026","","799","Active","Purok 1, Managos BYB Pang.",""
"3095","","1768205271","XWA_MarkHenry_Datuin","639510778196","19 - Prepaid","Non-Active","January 12, 2026","tech: freddie/renz/making/john","1,000","Active","Brgy. Wawa Bayambang Pangasinan",""
"3096","","1768209221","XBUA_Ryan_Cayabyab","639295659654","13 - Prepaid","Non-Active","January 12, 2026","tech: making/john","1,000","Active","Purok 3 Buayaen bayambang",""
"3097","","1768211755","DPA_Junior_Abalos","639945437470","14 - Prepaid","Non-Active","January 12, 2026","","1,000","Active","Purok 3 Pangdel Bayambang Pangasinan",""
"3098","","1768258753","MPE_Gerald_Robiso","639485376399","13 - Prepaid","Non-Active","January 13, 2026","Port:6
 TECHNICIAN:piolo/boss dong
 POWERED BY(AGENT): Marvin lucero","799","Active","Zone 1 Poblacion East Alcala Pangasinan",""
"3099","","1768259480","MPOG_Cecilio_Mejia","639543275084","6 - Prepaid","Non-Active","January 13, 2026","TECH: PIOLO/DONG
 port 4
 ===========
 July 6 2026 - RECONNECTION
 New due date every 6th of the month - hans","1,000","Active","Pogo bautista Pangasinan",""
"3100","","1768261413","TSV_Mida_Calimlim","639977930394","13 - Prepaid","Non-Active","January 13, 2026","‎Lcp:1
 ‎Nap: 1
 ‎Port:15
 ‎Technician: John/Making
 Assist:Jhun Torres","1,000","Active","Purok 1 Sn.Vicente Bbang Pangasinan",""
"3101","","1768265375","XPA_Blessie_Ramos","639925673681","13 - Prepaid","Non-Active","January 13, 2026","OK","1,000","Active","Purok 3, Pangdel BYB Pang.",""
"3102","","1768269900","XPAL_MarcGieopher_Bendijo","639478376518","13 - Prepaid","Non-Active","January 13, 2026","Port:
 TECHNICIAN:Jojo/june","799","Active","Palisoc zone 7 bautsta,Pangasinan
 OK",""
"3103","","1768307525","TDA_Vergel_Dulay","639455844946","14 - Prepaid","Non-Active","January 13, 2026","‎Lcp:1
 ‎Nap: NA
 ‎Port:15
 Technician: Jerome/Nomel
 Assist:Jhun Torres","1,000","Active","Purok 1 Darawey Bayambang Pangasinan",""
"3104","","1768307837","TRE_Sheila_Diaz","639850420573","14 - Prepaid","Non-Active","January 13, 2026","‎Lcp:1
 ‎Nap: NA
 ‎Port:4 
 ‎Technician: Jerome/Nomel
 Assist:Jhun Torres","1,000","Active","Purok 4 Renado Bbang Pangasinan",""
"3105","","1768340345","MBAU_Mercedita_Castillo","639926935870","14 - Prepaid","Non-Active","January 14, 2026","","1,000","Active","Zamora st villanueva bautista pangasinan",""
"3106","","1768340663","MPE_Israel_Libed","639062127390","14 - Prepaid","Non-Active","January 14, 2026","Port:16
 TECHNICIAN:piolo/boss dong
 POWERED BY(AGENT): Marvin Lucero","799","Active","Zone 3 Poblacion East Alcala Pangasinan",""
"3107","","1768340963","MSPI_Roseanne_Climaco","63938563811","15 - Prepaid","Non-Active","January 14, 2026","","799","Active","200 Ntl Rd San Pedro Ili alcala pangasinan",""
"3108","","1768347902","MBSM_Myrna_Larioza","639451358231","14 - Prepaid","Non-Active","January 14, 2026","Port:10
 TECHNICIAN:piolo/boss dong
 POWERED BY(AGENT):Marvin   lucero","1,000","Active","Camangaan bersamin alcala pangasinan",""
"3109","","1768366581","MSTP_Jennefer_Valdez","639922538212","14 - Prepaid","Non-Active","January 14, 2026","","799","Active","Zone 1 pob east Sto tomas Pangasinan",""
"3110","","1768376470","XPIN_Junior_Montero","639911332063","14 - Prepaid","Non-Active","January 14, 2026","","799","Active","Zone 1, Pindangan East Alcala Pangasinan",""
"3111","","1768438089","MBSM_Rusell_Corpuz","639512914282","15 - Prepaid","Non-Active","January 15, 2026","tech: jun/ joe mari
 LCP-12
 NAP:1
 Port:14","1,000","Active","Cabalitian Bersamin Alcala Pangasinan",""
"3112","","1768438777","MBSM_Roger_Cabanilla","639687290675","15 - Prepaid","Non-Active","January 15, 2026","ALC
 LCP-12
 NAP:8
 Port:2
 TECHNICIAN:Jojo/june
 Assisted by: marben","1,000","Active","Bilidan bersamin alcala pangasinan",""
"3113","","1768450641","TDA_Alona_Dulay","639260364270","15 - Prepaid","Non-Active","January 15, 2026","‎Lcp:1
 ‎Nap: NA
 ‎Port:16
 Tech: nomel/ivan
 =======
 August 15, 2026
 Temporary disconnection, nasa manila daw, ibabalik kapag nakauwi na as per sir Jhun - hans","1,000","Active","Purok 1 Darawey Bayambang Pangasinan",""
"3114","","1768458744","MSN_Edmar_Bernabe","639757936863","13 - Prepaid","Non-Active","January 15, 2026","RECONNECTION
 DC 02/24/2026
 RC 5/13/2026
 OLD DD 15
 NEW DD 13
 NEXT DD 06/13/2026 - HANS","1,000","Active","36 Natl rd San Nicolas Alcala Pangasinan",""
"3115","","1768460348","XINI_Corina_Beltran","639300427378","16 - Prepaid","Non-Active","January 15, 2026","Lcp:1
 Port:12
 Nap:8
 tech: renz/john","799","Active","Sitio Siroy Inirangan Bayambang,pangasinan",""
"3116","","1768527075","TPU_Jiselle_Tabora","639352913154","16 - Prepaid","Non-Active","January 16, 2026","tech: nomel/dong
 
 Jan 26 2026- Sir Jhun complained Client got DC due to Tech Nomel forget to paid the installation payment in the system.-Clarisse","1,000","Active","Purok 2 Pugo Bbang Pangasinan",""
"3117","","1768535310","XMAN_Rizaldy_Collado","639107449965","22 - Prepaid","Non-Active","January 16, 2026","tech: making/renz
 ==========
 DC 03/20/2026
 RC 04/22/2026
 OLD DD 16
 NEW DD 22
 NEXT DD 05/22/2026 - HANS","1,000","Active","Managos Bayambang(purok 1)",""
"3118","","1768539196","XAMS_Angelica_Mamaril","639455221975","21 - Prepaid","Non-Active","January 16, 2026","","1,000","Active","Amancosiling Sur, Bayambang",""
"3119","","1768550293","XTE_Mohaifa_Bandas","639101814024","19 - Prepaid","Non-Active","January 16, 2026","August 19, 2026 
 Reconnection 
 new due date 19 - hans","1,000","Active","telbang purok 7 muslim compound",""
"3120","","1768611255","MBAU_Ronilo_Castroverde","639953867263","17 - Prepaid","Non-Active","January 17, 2026","tech: piolo/marvin","1,000","Active","Zone 5 Villanueva Bautista Pangasinan",""
"3121","","1768611781","MCAN_Grace_Cabanilla","639469710974","19 - Prepaid","Non-Active","January 17, 2026","jeff/jun","799","Active","Funston street Canarvacanan Alcala Pangasinan",""
"3122","","1768614274","XID_Vanessa_Sabangan","639270491490","22 - Prepaid","Non-Active","January 17, 2026","LCP:1
 NAP:4
 Port:14
 TECHNICIAN:piolo/Marvin","1,000","Active","Purok 3 Idong Bayambang Pangasinan",""
"3123","","1768624621","XBED_Felix_Carbonel","639776285840","4 - Prepaid","Non-Active","January 17, 2026","OLD DD:  17
 RC- MAY 04 2026
 EW DD: JUNE 04 2026- FOR DELETE OF MAY 2026 (RECONNECTION)-CLARISSE","1,000","Active","Purok 1, Bedania Mangatarem Pangasinan
 OK",""
"3124","","1768696144","XBUA_Ramilito_Estapia","639951104311","19 - Prepaid","Non-Active","January 18, 2026","JOJO/JEROME
 port 11","1,000","Active","Purok 7, Buayaen, Bayambang, Pangasinan",""
"3125","","1768699497","DINI_Ian_Valdez","639107410882","18 - Prepaid","Non-Active","January 18, 2026","","1,000","Active","Purok 1 Inirangan Bayambang Pangasinan",""
"3126","","1768703855","XBUA_Mae_Nav","639662681868","28 - Prepaid","Non-Active","January 18, 2026","jerome/joe mari
 old dd: 19/adjusted 7 days -darz/ new dd:30","1,000","Active","Buayaen Bayambang after citi Hardware",""
"3127","","1768704353","XBED_Ladylyn_Delacruz","639123518991","25 - Prepaid","Non-Active","January 18, 2026","john/freddie
 port 5
 =========
 August 29 2026, paid si client and Request niya na idisconnect muna account nila pansamantala kasi baha sa kanila at walang kuryente na mga ilang araw, mag chachat daw si client once na ipapareconnect na. 
 - Hans","1,000","Active","Purok 6 Bedania Mangatarem, Pangasinan",""
"3128","","1768708637","XPIN_Mark_Quindara","639271780604","1 - Prepaid","Non-Active","January 18, 2026","P: 4
 TECHNICIAN: John/Freddi
 ========
 Reconnection August 1,2026 - hans","1,000","Active","Zone 3, Pindangan, Alcala, Pangasinan",""
"3129","","1768739092","MSPI_Lovely_Quines","639367857255","1 - Prepaid","Non-Active","January 18, 2026","September 1, 2026 RECONNECTION
 old dd 21
 new dd 1 - hans","799","Active","dona maria lourdes village,san pedro ili, alcala pangasinan",""
"3130","","1768739292","MANU_Estrella_Junio","639857548005","20 - Prepaid","Non-Active","January 18, 2026","LCP:3
 NAP:4
 Port:5
 TECHNICIAN:piolo/Marvin 
 POWERED BY(AGENT):Marben Lucero","1,000","Active","Zone 5-B Anulid Alcala
 Pangasinan",""
"3131","","1768739622","MSN_Alberto_Delosreyes","639814501302","21 - Prepaid","Non-Active","January 18, 2026","Port:15
 TECHNICIAN:piolo/marvin 
 POWERED BY(AGENT): Marben Lucero","1,000","Active","Lawton st San nicolas alcala pangasinan
 OK",""
"3132","","1768739796","MSV_Ariel_Tomabiao","639662396173","21 - Prepaid","Non-Active","January 18, 2026","Port:13
 TECHNICIAN:piolo/Marvin 
 POWERED BY(AGENT):Marben Lucero","1,000","Active","Zone 4 San Vicente Alcala Pangasinan",""
"3133","","1768779823","MPW_Mark_Gambol","639451027181","23 - Prepaid","Non-Active","January 19, 2026","P: 9
 TECHNICIAN: John/Freddie","1,000","Active","Zone 1 Poblacion West Alcala Pangasinan",""
"3134","","1768790338","MLAO_Argelyn_Lanuza","639272379281","19 - Prepaid","Non-Active","January 19, 2026","","1,000","Active","Zone 4 lanuza st laoac east alcala pangasinan",""
"3135","","1768793775","TPA_Rudolfo_Carino","639617173798","19 - Prepaid","Non-Active","January 19, 2026","LCP:1
 NAP:4
 Port:7
 TECHNICIAN:piolo/Marvin 
 POWERED BY(AGENT):John Torres
 =================
 RC- MAY 19 2026 (APRIL FOR DELETE)-CLARISSE
 NEW DD: JUNE 15 2026","1,000","Active","Purok 3 Dike Pangdel BBang Pangasinan",""
"3136","","1768798949","MBAU_Helen_Transfiguracion","639917046568","19 - Prepaid","Non-Active","January 19, 2026","OK","1,000","Active","Zamora st. villanueva bautista pangasinan",""
"3137","","1768805361","XAM2_Laurita_Madarang","639551940813","20 - Prepaid","Non-Active","January 19, 2026","Nap8 Port4
 tech: jojo/jerome","1,000","Active","purok 3 ambayat 2nd bayambang pangasinan",""
"3138","","1768807714","XTAM_Jovito_Lumibao","639605386204","20 - Prepaid","Non-Active","January 19, 2026","Technician:NOMELFLORES & Papa Dong
 Port 8","1,000","Active","Purok 3 Tampog Bayambang Pangasinan",""
"3139","","1768808274","DPA_Jerry_Ramos","639671854150","20 - Prepaid","Non-Active","January 19, 2026","NAPBOX:2
 LCP:1
 Port:8
 TECHNICIAN:Renz / Ma king
 Assisted by:Sir dante","1,000","Active","Purok 3 Pangdel Bayambang Pangasinan",""
"3140","","1768808665","DCA_Loreto_Navarrete","639921876750","20 - Prepaid","Non-Active","January 19, 2026","","1,000","Active","Purok 2 Carungay Bayambang Pangasinan",""
"3141","","1768808964","DCA_Felipe_Quijalvo","639685898652","20 - Prepaid","Non-Active","January 19, 2026","","1,000","Active","Purok 3 Carungay Bayambang Pangasinan",""
"3142","","1768824732","DRE_Eric_Ancheta","639498440968","20 - Prepaid","Non-Active","January 19, 2026","","1,000","Active","Purok 3 Reynado Bayambang Pangasinan",""
"3143","","1768873327","MANU_Joseph_Deleon","639544528779","20 - Prepaid","Non-Active","January 20, 2026","","1,000","Active","Zone 5b anulid alcala pangasinan",""
"3144","","1768891460","MLAO_Irene_Datugan","639544865426","21 - Prepaid","Non-Active","January 20, 2026","","1,000","Active","Zone 3 laoac east alcal pangasinan",""
"3145","","1768891966","XWA_Alexis_Diaz","639054741887","22 - Prepaid","Non-Active","January 20, 2026","NAPBOX:7
 LCP:1
 P: 12
 TECHNICIAN: John/Freddie","1,000","Active","WAWA BAYAMBANG, PANGASINAN",""
"3146","","1768893323","XDP_Elyza_Datuin","639549754346","21 - Prepaid","Non-Active","January 20, 2026","NAPBOX:4
 LCP:1
 P: 8
 TECHNICIAN: John/Freddie","1,000","Active","189 M.H Del Pilar",""
"3147","","1768905257","TBUA_Markanthony_Menor","639383625193","21 - Prepaid","Non-Active","January 20, 2026","renz/making","1,000","Active","Talimpugo, Buayaen Bbang Pangasinan",""
"3148","","1768920969","XSTP_Camille_Pascua","639511544570","24 - Prepaid","Non-Active","January 20, 2026","Nap info:
 ALC
 Lcp-11
 Nap-7
 Port: 2
 Technicians: Joemari/Jerome
 old dd:21/ new dd: 24 -darz","1,000","Active","Zone 2 San Antonio sto Tomas pangasinan",""
"3149","","1768955344","XBUA_Zaldy_Bugarin","639123456789","21 - Prepaid","Non-Active","January 21, 2026","jeff/jun","1,000","Active","Purok 4 Buayaen Bayambang Pangasinan",""
"3150","","1768958414","TPU_Freddie_Menor","639933752882","21 - Prepaid","Non-Active","January 21, 2026","‎‎Lcp:1
 ‎Nap: 7
 ‎Port:14
 ‎Technician: Making/Renz
 Assist:Jhun Torres","1,000","Active","Purok 3 Pugo Bayambang Pangasinan",""
"3151","","1768960317","XCS_KimOliver_Laforteza","639471641762","21 - Prepaid","Non-Active","January 21, 2026","","1,000","Active","Purok 5 Cadre Site Near Bayambang Baptist Church, Bayambang Pangasinan",""
"3152","","1768963500","XSTP_Rolly_Mercado","639103705620","21 - Prepaid","Non-Active","January 21, 2026","jerome/joe mari","1,000","Active","Zone 2, San Antonio, Santo Tomas, Pangasinan",""
"3153","","1768976956","XSG1_Maryjane_Deguzman","639914804695","22 - Prepaid","Non-Active","January 21, 2026","NAPBOX:4
 LCP:1
 P: 14
 TECHNICIAN: John/Freddie","1,000","Active","Purok 4 San Gabriel 1st Bayambang Pangasinan",""
"3154","","1768979613","MBSM_Rosalia_Cortel","639087982218","23 - Prepaid","Non-Active","January 21, 2026","tech: Freddie/John
 port 1
 ===================
 rc- august 2 2026
 next dd- Aug 232026-clarisse","799","Active","Camanggaan Bersamin Alcala pangasinan",""
"3155","","1769042825","MBSM_Jessie_Miguel","639081656183","22 - Prepaid","Non-Active","January 22, 2026","OK","1,000","Active","Camangaan Bersamin Alcala pangasinan",""
"3156","","1769049214","XMN_Gabriel_Gagar","639452798583","22 - Prepaid","Non-Active","January 22, 2026","Nap info:
 201-1
 Lcp-1
 Nap-1
 Port-1
 Technicians: Joemari/Jerome","1,000","Active","Bagong Baryo, Manambong Norte, Bayambang, Pangasinan",""
"3157","","1769060816","MSPI_Henie_Quiming","639207427403","22 - Prepaid","Non-Active","January 22, 2026","OK
 Port:16
 Nap:n/a
 TECHNICIAN:Jojo/Edward","1,000","Active","Zone 5 san pedro ili pangasinan",""
"3158","","1769063089","MSTP_Jimmy_Valdez","639671090262","1 - Prepaid","Non-Active","January 22, 2026","September 5, 2026 RECONNECTION
 old dd 22
 new dd 1 - hans","799","Active","Zone 1 Poblacion East Sto Tomas Pangasinan",""
"3159","","1769097618","XAP_Cristy_Agustin","639708686099","27 - Prepaid","Non-Active","January 23, 2026","OK
 LCP:1
 NAP:5
 Port:13
 TECHNICIAN:piolo/Marvin 
 POWERED BY(AGENT): office","1,000","Active","Purok 3 Brgy Apalen Bayambang Pangasinan",""
"3160","","1769131566","MPW_Mayann_Delacruz","639851316462","23 - Prepaid","Non-Active","January 23, 2026","P: 10
 TECHNICIAN: John/Freddie
 AGENT: Marvin","1,000","Active","Zone 1 castaneda st pob west alcala pangasinan",""
"3161","","1769136950","XMP_Violeta_Delossantos","639944148153","23 - Prepaid","Non-Active","January 23, 2026","","1,000","Active","Sitio Kaniogan, Manambong Parte BYB Pangasinan",""
"3162","","1769164007","XMAG_Marilyn_Villaroque","639319211855","24 - Prepaid","Non-Active","January 23, 2026","piolo/marvin","1,000","Active","Magsaysay Roxas St.Bayambang Pangasinan landmark: I lovemilk Tea",""
"3163","","1769212221","MSN_Joel_Manzano","639198502405","26 - Prepaid","Non-Active","January 24, 2026","Port:15
 TECHNICIAN:piolo/Marvin","799","Active","Merit st San nicolas alcala pangasinan",""
"3164","","1769246347","XZ5_Shehani_Garbosa","639928981059","25 - Prepaid","Non-Active","January 24, 2026","Technicians: Joemari/Jerome
 Nap-2
 Port: 9","1,500","Active","ZONE V BAYAMBANG, PANGASINAN
 OK",""
"3165","","1769299833","MKIS_Mark_Perez","639397227997","26 - Prepaid","Non-Active","January 25, 2026","Port:5
 TECHNICIAN:piolo/marvin","1,000","Active","Santiago St Kisikis Alcala Pangasinan
 OK",""
"3166","","1769300945","XKET_Vanessa_Fernandez","639762906354","25 - Prepaid","Non-Active","January 25, 2026","Technicians: Joemari/Jerome
 Port: 3","1,000","Active","Ketegan, Bautista, Pangasinan",""
"3167","","1769318733","XWAR_Antonia_Agustin","639674659073","27 - Prepaid","Non-Active","January 25, 2026","LCP:1
 NAP:7
 Port:11
 TECHNICIAN:piolo/marvin 
 POWERED BY(AGENT): XPACS","1,000","Active","Purok 5 warding bayambang pangasinan going to ambayat road after stallion gas station",""
"3168","","1769384672","XBUA_Nilo_Cayabyab","639468184796","26 - Prepaid","Non-Active","January 26, 2026","NAPBOX:4
 LCP:1
 Port:8
 TECHNICIAN:Renz / Ma king","1,000","Active","Purok5 Buayaen BYB",""
"3169","","1769388875","MSPI_Rubylyn_Magat","639671855698","26 - Prepaid","Non-Active","January 26, 2026","NAP:3
 Port:5
 TECHNICIAN:piolo/Marvin","1,000","Active","DMLV Subdivision San Pedro ili alcala Pangasinan",""
"3170","","1769389197","DCA_Editha_Valdez","639468482443","26 - Prepaid","Non-Active","January 26, 2026","NAPBOX:7
 LCP:
 P: 10
 TECHNICIAN: John/Freddie
 AGENT: Dante","1,000","Active","Purok 5 Carungay Bayambang Pangasinan",""
"3171","","1769391552","XSAN_KrizzaJane_Odayao","639913641206","26 - Prepaid","Non-Active","January 26, 2026","","799","Active","San Juan Alcala Pangasinan",""
"3172","","1769399803","XBUA_Edwin_Baratang","639674655930","20 - Prepaid","Non-Active","January 26, 2026","Port: 4
 Jojo/jerome","1,000","Active","Purok 2, Buayaen, Bayambang, Pangasinan",""
"3173","","1769400858","MSJC_Hermardine_Balibat","639502955443","26 - Prepaid","Non-Active","January 26, 2026","tech: piolo/marvin
 LCP:N/A
 
 NAP:N/A
 
 Port :13","1,000","Active","210 gabut st San Juan alcala Pangasinan",""
"3174","","1769414447","MPW_Victor_Calibuso","639978140090","27 - Prepaid","Non-Active","January 26, 2026","Feb 6 2026- client complained with no connection upon checking the tech forgot to pay the installation date via system last januiary 27 2026 -Clarisse","1,000","Active","Malone st Poblacion East Alcala Pangasinan",""
"3175","","1769421963","XSG2_Diane_Sanchez","639771676104","13 - Prepaid","Non-Active","January 26, 2026","JUNE 06 2026
 OLD DD: 5
 FOR DLETE APRIL AND MAY 
 RC: JUNE 06 2026
 NEXT DD: JULY 6 2026-CLARISSE
 ============================
 AUG 11 2026
 RC- JULY 17
 NEW DD: AUG 13 PLUS 4 DAYS GRACE PERIOD-CLARISSE","1,000","Active","Purok 1 San Gabriel 2nd Bayambang Pangasinan",""
"3176","","1769426323","XBUA_MaryJoy_Olano","639388199550","27 - Prepaid","Non-Active","January 26, 2026","Technicians: Joemari/Jerome
 Port-11
 ==========
 6/27/26 7days adjustment isolir","799","Active","Purok 2 talimpogo st buayaen bayambang pangasinan near brgy buayaen secretary house or prs place",""
"3177","","1769489183","XAM2_Adelaida_Basilio","639094736258","1 - Prepaid","Non-Active","January 27, 2026","June 1, 2026
 Approved adjustment: 7 days isolation.
 Service interruption started on May 28, 2026 at approximately 7:00 PM and was restored on May 31, 2026 at approximately 7:00 AM.
 As compensation for the outage, a 7-day adjustment to the payment schedule has been approved.
 – Clarisse","1,000","Active","Purok 1 ambayat 2nd Bayambang",""
"3178","","1769565712","XPA_Pel_Asuncion","639279126572","28 - Prepaid","Non-Active","January 28, 2026","tech: jeff/jun","799","Active","Near KRC Motorparts Purok 3 Pangdel Bayambang Pangasinan",""
"3179","","1769591952","MLAO_Maica_Palomata","639169257942","28 - Prepaid","Non-Active","January 28, 2026","LCP:N/A
 
 NAP:N/A
 
 Port:10
 
 
 
 TECHNICIAN:piolo/Marvin","799","Active","Velo st Laoac East Alcala Pangasinan",""
"3180","","1769641269","TAMS_Cherry_Tabadero","639092332945","28 - Prepaid","Non-Active","January 29, 2026","LCP:1
 
 NAP:2
 
 Port:10
  15.7733486
  120.4563072
 
 TECHNICIAN:piolo/marvin","1,000","Active","Purok 4 Amancosiling sur Bbang Pangasinan",""
"3181","","1769740100","XPAR_Anna_Pascua","639305591291","28 - Prepaid","Non-Active","January 30, 2026","DD: 30 - darz
 LCP:1
 
 NAP:8
 
 Port:16
 
 
 
 TECHNICIAN:piolo/Marvin","1,000","Active","Purok 2 brgy paragos Bayambang Pangasinan",""
"3182","","1769741754","XAMS_Noemi_Macandong","639453777616","7 - Prepaid","Non-Active","January 30, 2026","Port 10
 Pedro/Renz
 ===========
 feb 28 - old dd
 dc: March 2
 rc :march 3 2026 via website paid the wrong bill- reprocessed-Clarisse
 ===========
 DC 05/01/2026
 RC 06/11/2026
 OLD DD 28
 NEW DD 7 - HANS","1,000","Active","Purok 5 Amancosiling sur Bayambang Pangasinan
 OK",""
"3183","","1769750113","XBW_Baltazar_Galsim","639949594250","1 - Prepaid","Non-Active","January 30, 2026","NAP:4 Port:1
 Piolo/Marvin
 old DD:28- DC: 4/RC: 5/ new DD:29 -darz
 =================================
 JUNE 04 2026
 OLD DD: 29
 RC: JUNE 04
 NEW DD: JULY 01,2026 PLUS 3 DAYS GRACE PERIOD-CLARISSE","1,000","Active","purok 5 131 Bongato west
 lagpas ng  Bongas west elementary school
 malapit kay kagawad warren",""
"3184","","1769761074","XAMS_Reynaldo_Favi","639934018274","8 - Prepaid","Non-Active","January 30, 2026","Nap 2 Port 1
 Jeromel/Nomel
 old dd:1/ adjusted 7 days new dd: 8 -darz","799","Active","Purok 4 Amancosiling Sur Bayambang Pangasinan",""
"3185","","1769805883","MLAO_Geraldine_Delfinado","639156950475","28 - Prepaid","Non-Active","January 31, 2026","","1,000","Active","Zone 3 Laoac East alcala pangasinan",""
"3186","","1769806211","MLAO_Jay_Papa","639360565333","3 - Prepaid","Non-Active","January 31, 2026","","799","Active","Zone 1 laoac east alcala pangasinan",""
"3187","","1769830373","MSV_Jun_Jimenez","639661669874","3 - Prepaid","Non-Active","January 31, 2026","","1,500","Active","146 rizal st San Vicente Alcala Pangasinan",""
"3188","","1769842448","XBAL_Baluyot_NationalHighSchool","639274256390","2 - Prepaid","Non-Active","January 31, 2026","Port-9
 Technicians: Joemari/Jerome","1,000","Active","Manambong Brgy Road, Baluyot, Bautista, Pangasinan
 Senior High School BLDG 2",""
"3189","","1769929683","XMS_Raquel_Mejares","639751406195","5 - Prepaid","Non-Active","February 01, 2026","Port-1
 Technicians: Jefferson/Jerome","1,000","Active","Purok 3, Manambong Sur, Bayambang, Pangasinan",""
"3190","","1769943841","TZ4_Jenalyn_Arevalo","639481520999","13 - Prepaid","Non-Active","February 01, 2026","NAP 2
 LCP: 1
 PORT: 7
 
 TECHNICIAN: Jun V / Jeff / John
 Feb 13 2026- newly installed client
 Feb 14 2026- Tech forget to paid the client in the system-Clarisse","1,000","Active","Zone 4 Rizal ave. Bbang Pangasinan
 OK",""
"3191","","1769944080","XKET_Syndy_Mamaril","639923099671","2 - Prepaid","Non-Active","February 01, 2026","port 3
 tech: renz/jun","1,500","Active",": 19B, Ketegan Bautista Pangasinan
 LANDMARK : beside ketegan elementary school (papasok)",""
"3192","","1769985744","MLAO_Lelanie_Andaya","639275922755","4 - Prepaid","Non-Active","February 02, 2026","Nap 8 Port 8
 Jerome/Jeff","1,000","Active","Zone 1 Laoac East Alcala Pangasinan",""
"3193","","1769986195","MSV_Marelie_Pinto","639927680622","5 - Prepaid","Non-Active","February 02, 2026","Port 16
 JoJo/June","1,000","Active","231 tagama st San vicente Alcala Pangasinan",""
"3194","","1769986432","MSV_Nono_Riola","639682312650","5 - Prepaid","Non-Active","February 02, 2026","Port:15
 TECHNICIAN:Jojo/june","1,000","Active","Zone 4 San vicente Alcala pangasinan",""
"3195","","1769986672","MLAO_Venus_Gallego","639674283490","3 - Prepaid","Non-Active","February 02, 2026","","799","Active","Zone 5 laoac west alcala pangasinan",""
"3196","","1770024070","MSJC_Edson_Piano","639452253931","6 - Prepaid","Non-Active","February 02, 2026","Port:10
 TECHNICIAN:piolo/marvin","1,000","Active","Sitio Canan San Juan Alcala Pangasinan",""
"3197","","1770024484","XBAL_Baluyot_NationalHighSchool2","639274256390","2 - Prepaid","Non-Active","February 02, 2026","Port-5
 Technicians: Joemari/Jerome","1,000","Active","Zone 5, Baluyot, Bautista, Pangasinan
 Junior High School",""
"3198","","1770026565","TPU_Tito_Tambuyat","639454326249","4 - Prepaid","Non-Active","February 02, 2026","Lcp:1
 ‎Nap: NA
 ‎Port:15
 Technician: Making/Freddie
 Assist:Jhun Torres","1,000","Active","Purok 3 Pugo Bbang Pangasinan",""
"3199","","1770027178","MSN_Nenita_Tolentino","639509412765","4 - Prepaid","Non-Active","February 02, 2026","Port 7
 Jerome/Jeff","1,000","Active","lawton st san nicolas alcala pangasinan",""
"3200","","1770027338","MLAO_Maryann_Mendoza","639162046148","3 - Prepaid","Non-Active","February 02, 2026","","799","Active","zone 1 laoac east alcala pangasinan",""
"3201","","1770028310","XPIN_Glenda_Torio","639338138918","4 - Prepaid","Non-Active","February 02, 2026","Port 9
 Jerome/Jeff","1,000","Active","mencias st .pindangan west alcala pangasinan",""
"3202","","1770035166","XPAR_Arha_Martinez","639638552545","9 - Prepaid","Non-Active","February 02, 2026","LCP:1
 NAP:8
 Port:12
 TECHNICIAN:piolo/marvin","1,000","Active","Purok 2 Paragos Bayambang Pangasinan",""
"3203","","1770081866","XMAG_Precila_Basilio","639654867580","21 - Prepaid","Non-Active","February 03, 2026","Port 10
 Making/Marvin
 =======
 Reconnection  July 25, 2026
 old dd 5
 new dd 21 - hans","799","Active","Rodrigaso Compound Magsaysay Street Bayambang, Pangasinan",""
"3204","","1770106971","XBAL_Baluyot_NationalHighSchool3","639916734524","3 - Prepaid","Non-Active","February 03, 2026","Port-10
 Jerome/Jeff","1,000","Active","Zone 5, Baluyot, Bautista, Pangasinan
 Senior High School BLDG 1",""
"3205","","1770111681","XDU_Analiza_Castillo","639630088484","11 - Prepaid","Non-Active","February 03, 2026","Nap 1 Port 16
 Renz/June
 Old DD: 4/adjusted 7 days -darz/ new d: 11","1,000","Active","Purok 5, Dusoc Bayambang Pangasinan, Tabi ng Barangay Hall",""
"3206","","1770171917","XBAL_Baluyot_NationalHighSchool4","639916734524","5 - Prepaid","Non-Active","February 04, 2026","Port 11
 jeff/Jerome","1,000","Active","Zone 5, Baluyot, Bautista, Pangasinan
 Senior High School BLDG 1 2nd Floor",""
"3207","","1770175847","XAMS_Gerald_Cayabyab","639851302546","4 - Prepaid","Non-Active","February 04, 2026","‎READING NAP: 20
 ‎READING MODEM: 21
 ‎
 ‎NAPBOX: 
 ‎LCP: 
 ‎Port: 4
 ‎
 Tec :renz/juhn V,","799","Active","Amancosiling Sur, Bayambang pangasinan purok 5, Nearest Landmark: mismong bahay ni kagawad laja",""
"3208","","1770186210","XBUA_LyraPamela_Lea","639513101605","6 - Prepaid","Non-Active","February 04, 2026","OK
 NAPBOX:3
 LCP:1
 Port:8
 TECHNICIAN:John / Ma king","1,000","Active","Sakbit Purok 4, Buayaen, Bayambang Pangasinan",""
"3209","","1770205680","DHE_Josie_Junio","639099667812","5 - Prepaid","Non-Active","February 04, 2026","Nap 4 Port 14
 Making/Marvin","1,000","Active","Purok 5 Hermoza Bayambang Pangasinan
 OK",""
"3210","","1770258524","MLAO_Joel_Guinarez","639060038542","5 - Prepaid","Non-Active","February 05, 2026","Port 7
 Jojo/June","1,000","Active","Zone 6 laoac west Alcala Pangasinan",""
"3211","","1770266579","XBED_Florante_Ducusin","639453740133","13 - Prepaid","Non-Active","February 05, 2026","Nap Info:
 MGT
 Lcp-1
 Nap-3
 Port-1
 Technicians: Jefferson/Jerome
 ==========
 September 10, 2026 Due Date Adjustment
 additional 7 days due date adjustment due to almost 2 weeks power interruption
 old dd 6
 new dd 13 - hans","1,000","Active","purok 2 bedania mangaterm pangasinan after ng covered court at brgy hall ng bedania left side along the way.",""
"3212","","1770272697","XBAL_KurtIvanne_Lapada","639279116189","11 - Prepaid","Non-Active","February 05, 2026","NAPBOX: n/a
 LCP: n/a
 PORT: 2
 TECHNICIAN: Jun / Jeff
 =================
 APRIL 15 2026
 MOVED DUE DATE DUE TO 4 DAYS INTERNET INTERMITTED AT THE AREA 
 OLD DD: 7
 NEW DD:  11-CLARISSE","1,000","Active","Baluyot Bautista Pangasinan Maligaya Z4",""
"3213","","1770278180","MSV_Ruthina_Caloza","639761528598","5 - Prepaid","Non-Active","February 05, 2026","Port:16
 TECHNICIAN:Jojo/june","1,000","Active","Rizal st San Vicente Alcala Pangasinan",""
"3214","","1770293634","XAM2_Irene_Lomibao","639121842065","14 - Prepaid","Non-Active","February 05, 2026","Nap Info:
 201-4
 Byb-65
 Lcp-1
 Nap-4
 Port-12
 Technicians: Jefferson/Jerome
 ============
 Additional 3 days grace period due to 3 days no connection - hans
 old dd:6/ adjusted 7 days - darz/ new dd:13
 ==========
 Reconnection July 3 2026
 new due date every 3rd of the month - hans
 =========
 September 14, 2026 Due Date Adjustment
 additional 7 days due date adjustment due to almost 2 weeks power interruption
 old dd 3
 new dd 14 - hans","1,000","Active","Purok 1 Ambayat 2nd",""
"3215","","1770294903","MANU_Julius_Supnet","639637924472","6 - Prepaid","Non-Active","February 05, 2026","LCP:2
 NAP:4
 Port:4
 TECHNICIAN:piolo/marvin","799","Active","Zone 2 Anulid Alcala Pangasinan",""
"3216","","1770295994","MSV_Mij_Cabael","639278606261","6 - Prepaid","Non-Active","February 05, 2026","Port:10
 
 TECHNICIAN:piolo/marvin","1,000","Active","Sinabaan San vicente Alcala Pangasinan",""
"3217","","1770296397","MPINE_Ryan_Lanuza","639935545174","16 - Prepaid","Non-Active","February 05, 2026","Port 10
 Tech: Piolo/Marvin
 ==========
 July 16, 2026 - reconnection and downgrade
 new dd 16 - hans
 ===================
 Aug 16 2026
 client downgraded from1k to 799 plan-clarisse","799","Active","Zone 4 Pindangan Centro Alcala Pangasinan",""
"3218","","1770341302","XHE_Teody_Cuevas","639858028719","15 - Prepaid","Non-Active","February 06, 2026","BYB-49
 LCP:1
 NAP:8
 Port:14
 TECHNICIAN:Jojo/june
 ======
 DC 03/10/2026
 RC 03/17/2026
 OLD DD 6
 NEW DD 13
 NEXT DD 04/13/2026 - HANS
 ==========================
 may 29 2026
 old dd: 13
 New DD: 15
 2 DAYS NO CONNECTION-CLARISSE","1,000","Active","Purok 4 Hermosa Bayambang, Pang.",""
"3219","","1770345209","XBED_Fredie_Calugay","639368479748","6 - Prepaid","Non-Active","February 06, 2026","Lcp-1
 Nap-2
 Port-8
 
 Technicians: Jefferson/Jerome","1,000","Active","Purok 3, Bedania, Mangatarem, Pangasinan
 15.762902, 120.375428",""
"3220","","1770379467","XPA_Dante_Aquino","639686817302","19 - Prepaid","Non-Active","February 06, 2026","LCP:N/A
 NAP:N/A
 Port:15
 TECHNICIAN:piolo/marvin 
 =========
 DC 03/11/2026 (DOWNGRADE)
 RC 03/23/2026
 OLD DD 7
 NEW DD 19
 NEXT DD 04/19/2026 - HANS","799","Active","Pangdel Purok 1 Nearest Landmark: Katabing bahay nila Jennifer Aquino",""
"3221","","1770382460","XBED_Rosalie_Delacruz","639306157613","8 - Prepaid","Non-Active","February 06, 2026","Nap 2 Port 11
 Tech. jojo/jerome","1,000","Active","Purok 4, Bedania, Mangatarem, Pangasinan",""
"3222","","1770382569","XBED_Graceann_Geronimo","639913242028","8 - Prepaid","Non-Active","February 06, 2026","Nap-2
 Port-9
 Technicians: Joemari/Jerome","1,000","Active","Purok 4, Bedania, Mangatarem, Pangasinan
 OK",""
"3223","","1770426842","MSPI_Villiejane_Ilao","639475407261","13 - Prepaid","Non-Active","February 07, 2026","LCP:N/A
 NAP:1
 Port:8
 TECHNICIAN:piolo/Marvin 
 ==============
 DC June 19, 2026
 RC 06/22/2026
 OLD DD 10
 NEW DD 13 - HANS","799","Active","DMLV SUBDIVISION SAN PEDRO ILI ALCALA PANGASINAN",""
"3224","","1770446318","XSA_Rey_Delmonte","639941963849","16 - Prepaid","Non-Active","February 07, 2026","Port 1
 NOMEL& ALFREDO
 old dd: 9/adjusted 7 days-darz/ new dd:16","1,000","Active","Purok 1 Sanlibo Bayambang, Pang.",""
"3225","","1770462101","DCA_Lovelyann_Madarang","639938834820","8 - Prepaid","Non-Active","February 07, 2026","Nap-3
 Port-10
 Technicians: Joemari/Jerome
 Assisted by: Sir Dante Alonzo","1,500","Active","Purok 2 Carungay Bayambang Pangasinan
 OK",""
"3226","","1770462656","DTE_Alexis_Aquino","639385509269","8 - Prepaid","Non-Active","February 07, 2026","Nap-1
 Port-11
 Joemari/Jerome","1,000","Active","Purok 3 Telbang Bayambang Pangasinan",""
"3227","","1770514704","XPIN_HolyFamilyEducationalInstitutionInc","639217318049","9 - Prepaid","Non-Active","February 08, 2026","XPIN_HolyFamilyEducationalInstitutionInc
 Port-3
 Technicians: Joemari/Jerome","1,000","Active","Pindangan West, Alcala, Pangasinan",""
"3228","","1770515759","XBUA_Joanne_Delacruz","639919370455","9 - Prepaid","Non-Active","February 08, 2026","Port:4
 TECHNICIAN:John / Ma king","1,000","Active","Talimpugo buayaen bayambang pangasinan",""
"3229","","1770516011","XTE_Jocelyn_Tabuga","639318377338","9 - Prepaid","Non-Active","February 08, 2026","NAPBOX:8
 LCP:1
 Port:4
 TECHNICIAN:John / Ma king","1,000","Active","Telbang bayambang Pangasinan",""
"3230","","1770549748","XAM2_Jamelia_Gagan","639279106087","9 - Prepaid","Non-Active","February 08, 2026","NAP 6 ‎Port: 9
 Tec renz/jhun 
 =====================","1,000","Active","Purok 2 Ambayat 2nd Bayambang, Pangasinan 
 OK",""
"3231","","1770594833","MPE_Bong_Lagula","639615426797","9 - Prepaid","Non-Active","February 09, 2026","LCP:N/A
 NAP:N/A
 Port:5
 TECHNICIAN:piolo/marvin","1,000","Active","Merit st poblacion east alcala pangasinan",""
"3232","","1770596388","MANU_Roda_Cabotaje","639381207458","10 - Prepaid","Non-Active","February 09, 2026","OK","1,000","Active","Zone 2 Anulid Alcala Pangasinan",""
"3233","","1770606631","MSV_Esperanza_Aquino","639307235768","9 - Prepaid","Non-Active","February 09, 2026","LCP:3
 NAP:6
 Port:5
 TECHNICIAN:piolo/Marvin","1,500","Active","Jamboree st. san vicente Alcala Pangasinan",""
"3234","","1770619473","XAM2_Alex_Villar","639924547345","5 - Prepaid","Non-Active","February 09, 2026","OK
 NAP 4
 ‎Port: 9
 tec.renz /juhn
 ========
 5/27/26 reconnected
 =====================
 July 9 2026
 OLD DD: JUNE 27
 DC: JULY 1
 RC: JULY 9
 NEXT DD: AUGUST 5-CLARISSE","1,000","Active","Purok 2 Ambayat 2nd Bayambang Pangasinan",""
"3235","","1770629524","XBUA_Mark_Garcia","639306462799","10 - Prepaid","Non-Active","February 09, 2026","Port 12
 TECHNICIAN:
 NOMEL& ALFREDO","1,000","Active","Buayaen Bayambang Pangasinan",""
"3236","","1770638655","TBUA_William_Junio","639951516617","10 - Prepaid","Non-Active","February 09, 2026","NAPBOX: 4
 ‎LCP: 1
 ‎Port: 10
 Tec -renz -juhn v.","1,000","Active","Purok 5 Buayaen, Bayambang Pangasinan , SM apartment unit 2",""
"3237","","1770681138","MPINE_Simona_Antienza","639935545174","5 - Prepaid","Non-Active","February 10, 2026","LCP:N/A
 NAP:N/A
 Port:11
 TECHNICIAN:piolo/marvin 
 dc:april 14/ RC: May 3-darz
 ======================
 JULY 09 2026
 RECON FOR DELETE OF JUNE BILL 
 OLD DD:3
 DC:9
 NEW DD: 3
 CLARISSE
 =============
 August 14 2026, Reconnection and Downgrade from 100mbps to 50mbps - hans","799","Active","Zone 4 pindangan Centro alcala pang",""
"3238","","1770681516","MSV_Jonalyn_Dejesus","639914634074","10 - Prepaid","Non-Active","February 10, 2026","Port:5
 TECHNICIAN:piolo/Marvin","1,000","Active","Rizal st san vicente Alcala Pangasinan",""
"3239","","1770695824","XAM2_Rodel_Martin","639641541287","10 - Prepaid","Non-Active","February 10, 2026","Nap 4 Port7 
 Renz/June
 hindi naipaid sa system ng tech. disconnected si client. paid by darwin feb.15","1,000","Active","Ambayat 2nd Purok 1, Malapit sa Elementary School",""
"3240","","1770726913","XBUA_Nathy_Garcia","639852390831","16 - Prepaid","Non-Active","February 10, 2026","Port:5
 Renz / Ma king","1,000","Active","Purok 2 Buayaen, Bayambang, Pangasinan",""
"3241","","1770778895","TNS_Jay_Cayabyab","639387679212","15 - Prepaid","Non-Active","February 11, 2026","NAPBOX:N/A
 LCP:N/A
 Port:5
 TECHNICIAN:John / Ma king
 ========================
 MAY 2 2026- CLIENT REQUESTED FOR COMPENSATION DUE TO FREQUEST FIBER BREAK
 OLD DD: 11
 NEW DD: 15 CONFIRMED BY SIR JHUN- CLARISSE","1,000","Active","Zone 2 Nibaliw Sur Bautista Pangasinan",""
"3242","","1770784715","MPINE_Jorge_Galleno","639949938719","11 - Prepaid","Non-Active","February 11, 2026","Port:12
 TECHNICIAN:piolo/Marvin","1,000","Active","Pindangan Centro Alcala Pangasinan",""
"3243","","1770795887","XAP_Rodelyn_Castillo","639387792298","12 - Prepaid","Non-Active","February 11, 2026","OK
 Nap-7
 Port-3
 Technicians: Joemari/Jerome","1,000","Active","Purok 1, Apalen, Bayambang, Pangasinan",""
"3244","","1770807898","XBA_MALOURDES_MATABANG","639216602851","13 - Prepaid","Non-Active","February 11, 2026","LCP 1
 NAP 7 
 Port 14
 NOMEL& ALFREDO MANGRUBANG","1,000","Active","san carlos-basista-bayambang road. harap ng bani elementary school",""
"3245","","1770808403","XSTP_Lance_Marzan","639092457092","12 - Prepaid","Non-Active","February 11, 2026","Nap 8 Port 8
 Jeff/June","1,000","Active","zone 7 Sto.Niño sto. Tomas pangasinan nearest Landmark: Marquez water station",""
"3246","","1770816017","XSC_ReyJohn_Macapagong","639857785324","26 - Prepaid","Non-Active","February 11, 2026","OK
 Port: 16
 TECHNICIAN : NOMEL& ALFREDO MANGRUBANG
 =========
 SEPTEMBER 26, 2026 RECONNECTION
 OLD DD 12
 NEW DD 26 - HANS","1,000","Active","BRGY PUROK 4 SANCAGULIS BAHAY NAMIN WALANG GATE NASA LIKOD KAMI NG BAHAY NI NIDA REMILIOSA
 GARLITOS PATANONG NALNG PANGALAN KO SIR PTR. BONG",""
"3247","","1770857972","MANU_Sergio_Garcia","639605834353","4 - Prepaid","Non-Active","February 12, 2026","Port 1
 Jeff/june
 ========
 DC 05/21/2026
 RC 06/08/2026
 OLD D 12 
 NEW DD 4 - HANS","799","Active","Zone 6 Anulid Alcala pangasinan
 OK",""
"3248","","1770873163","MSPI_Eleanor_Delosantos","639478602962","12 - Prepaid","Non-Active","February 12, 2026","Port 7
 Jeff/june","1,000","Active","Zone 3 San Pedro ili alcala pangasinan",""
"3249","","1770878120","XSG1_Lolita_Valdoz","639764394729","18 - Prepaid","Non-Active","February 12, 2026","LCP:1
 NAP:5
 PORT:15
 TECHNICIAN:John / Jhun","1,000","Active","San Gabriel 1st, Purok 3 Black Gate, Beside Tabora Residence
 OK",""
"3250","","1770881569","MSPI_Derick_Macaraeg","639467186435","14 - Prepaid","Non-Active","February 12, 2026","NAPBOX: n/a
 LCP: n/a
 PORT: 3
 TECHNICIAN: Jun V/ Jeff","1,000","Active","Zone 3 San pedro ili alcala pangasinan",""
"3251","","1770959501","XBN_Joselle_Bancolita","639750157467","13 - Prepaid","Non-Active","February 13, 2026","Nap 1 Port 11
 Nomel/Dong","1,000","Active","Dalandan St. Brgy. Bical Norte, Bayambang, Pang.",""
"3252","","1770986555","XDI_Jilly_Calimlim","639275024545","14 - Prepaid","Non-Active","February 13, 2026","NAPBOX:N/A
 LCP:N/A
 Port:5
 TECHNICIAN:Piolo / Ma king","1,000","Active","Diaz Bauttista Dike Side",""
"3253","","1770988738","XDI_Ianclark_DeAsis","639940409234","14 - Prepaid","Non-Active","February 13, 2026","NAPBOX:N/A
 LCP:N/A
 Port:4
 TECHNICIAN:Piolo / Ma king","799","Active","Dike side palaganas compoud  Diaz Bautista Pangasinan",""
"3254","","1771030703","XDU_Rogelio_Gloria","639937836118","16 - Prepaid","Non-Active","February 14, 2026","LCP:1
 NAP:3
 Port:13
 TECHNICIAN:piolo/marvin","1,000","Active","Purok 3 Dusoc BYB.",""
"3255","","1771031427","MSV_Joan_Delosangeles","639673093025","20 - Prepaid","Non-Active","February 14, 2026","NAPBOX: n/a
 LCP: n/a
 PORT: 9
 TECHNICIAN: Jun V/ Jeff","1,000","Active","Zone 4 Rizal st san vicente Alcala pangasinan",""
"3256","","1771033150","TMAN_Jonjon_Academia","639302126669","16 - Prepaid","Non-Active","February 14, 2026","Nap info: N/A
 Port-10
 Technicians: Joemari/Jerome","1,000","Active","Purok 1 Managos Bbang Pangasinan",""
"3257","","1771053321","XMAI_Judiel_Adan","639918918166","14 - Prepaid","Non-Active","February 14, 2026","Port 10
 TECHNICIAN:NOMEL& ALFREDO MANGRUBANG","799","Active","Purok 1 Maigpa BYB",""
"3258","","1771066280","XBED_Kristine_Pascual","639277781720","19 - Prepaid","Non-Active","February 14, 2026","LCP1
 NAP:2
 PORT:12
 TECHNICIAN:John / Renz","1,000","Active","Brgy bedana purok 2 beside brngy hall Pangasinan",""
"3259","","1771070524","TTAM_Jeany_Gamangan","639752424621","16 - Prepaid","Non-Active","February 14, 2026","LCP-1
 Nap-3
 Port-2
 Technicians: Joemari/Jerome","1,000","Active","Purok 2, Tampog Bbang Pangasinan",""
"3260","","1771127071","XMAI_Chito_Datuin","639167355960","15 - Prepaid","Non-Active","February 15, 2026","port 4
 tech: jerome/ivan
 ====================
 MARCH 17- APPROVED BY SIR JAY 100 MBPS - 800 MONTHLY SPECIAL ARRANGEMENT-CLARISSE","799","Active","Near Brgy Hall Maigpa, Bayambang Pangasinan",""
"3261","","1771141403","TTAM_Jhona_Bumatay","639703128355","16 - Prepaid","Non-Active","February 15, 2026","Nap info:
 N/A
 Port-9
 Technicians: Joemari/Jerome","1,000","Active","Purok 4 Tampog Bayambang Pangasinan",""
"3262","","1771152773","DCA_Romeo_Bona","639122943162","16 - Prepaid","Active","February 15, 2026","Port 13
 NOMEL& ALFREDO MANGRUBANG","1,000","Active","Purok 6 Carungay Bayambang Pangasinan",""
"3263","","1771197453","MPW_Leticia_Pecio","639123031879","16 - Prepaid","Non-Active","February 16, 2026","NAPBOX: n/a
 LCP: n/a
 PORT: 11
 TECHNICIAN: Jun V/ Jeff","799","Active","Rizal st Poblacion East Alcala Pangasinan",""
"3264","","1771198000","MSTP_Maryjane_Pastor","639275369092","16 - Prepaid","Non-Active","February 16, 2026","NAPBOX: n/a
 LCP: n/a
 PORT: 2
 TECHNICIAN: Jun V/ Jeff","1,000","Active","00261 zone V, poblacion east, sto. Tomas pangasinan",""
"3265","","1771199203","MCAN_Joana_Calvero","639073910170","17 - Prepaid","Non-Active","February 16, 2026","Port 16
 Piolo/Marvin","799","Active","Funston st Canarvacanan alcala pangasinan",""
"3266","","1771207178","XAM2_Jomar_Capili","639812543183","16 - Prepaid","Non-Active","February 16, 2026","LCP-1
 Nap-7
 Port-15
 Technicians: Joemari/Jerome","1,500","Active","Purok 3 Ambayat 2nd
 Bayambang Pangasinan : After Barangay Hall/Plaza
 near a Chapel",""
"3267","","1771219932","XSV_Rona_Lumanog","639639976561","17 - Prepaid","Non-Active","February 16, 2026","LCP-1
 Nap-8
 Port-16
 Technicians: Joemari/Jerome","1,000","Active","Purok #4 Brgy. San. Vicente Bayambang Pangasinan",""
"3268","","1771283450","MSJC_Alejandro_Totaan","639544528748","17 - Prepaid","Non-Active","February 17, 2026","LCP:N/A
 NAP:N/A
 Port:14
 TECHNICIAN:piolo/marvin","1,000","Active","Funston st san Juan Alcala pangasinan",""
"3269","","1771283643","MSJC_Monaliza_Bacay","639452114243","17 - Prepaid","Non-Active","February 17, 2026","LCP:N/A
 NAP:N/A
 Port:4
 TECHNICIAN:piolo/marvin 
 ==========
 August 17, 2026 Downgrade from 100mbps to 50mbps - hans","799","Active","Zone 2 San juan alcala pangasinan",""
"3270","","1771290270","XMAI_Alma_Soriano","639317411597","17 - Prepaid","Non-Active","February 17, 2026","port 11
 NOMEL& ALFREDO","1,000","Active","Purok 2 Maigpa BYB",""
"3271","","1771290532","XMAI_Marina_Villegas","639660839809","17 - Prepaid","Non-Active","February 17, 2026","port 13
 Nomel/Dong","799","Active","Purok 2 Maipa BYB",""
"3272","","1771290693","XMAI_Roshiell_Montemayor","639770939422","17 - Prepaid","Non-Active","February 17, 2026","Port 1
 Nomel/Dong","1,000","Active","Purok 2 Maigpa BYB",""
"3273","","1771312913","XBE_Bernardino_Ramos","639850512268","17 - Prepaid","Non-Active","February 17, 2026","NAP:3
 LCP:1
 Port:1
 TECHNICIAN:Renz / Ma king","799","Active","Purok 5 Bongato East bayambang Pangasinan",""
"3274","","1771319213","XNN_Jonard_Tangonan","639270268747","18 - Prepaid","Non-Active","February 17, 2026","LCP:N/A
 NAP:N/A
 Port:4
 TECHNICIAN:piolo/renz","1,000","Active","Nibaliw Norte Bautista, PETROLINC gasoline Station kanto papasok white gate",""
"3275","","1771322916","XMAI_Sharon_Ocampo","639561588781","18 - Prepaid","Non-Active","February 17, 2026","LCP:N/A
 NAP:N/A
 Port:1
 TECHNICIAN:piolo/renz","1,000","Active","Purok 2 Nibaliw Maigpa",""
"3276","","1771370860","MSV_Angelina_Madriaga","639549981580","18 - Prepaid","Non-Active","February 18, 2026","Port 10
 NOMEL & ALFREDO","1,000","Active","Zone 5 san vicente Alcala pangasinan",""
"3277","","1771383918","MSV_Whiellice_Baladad","639566645856","18 - Prepaid","Non-Active","February 18, 2026","Port 7
 Nomel/Dong","1,000","Active","Zone 3 San vicente Alcala Pangasinan
 OK",""
"3278","","1771415792","XBED_Sarahjane_Cayago","639270655845","19 - Prepaid","Non-Active","February 18, 2026","NAP:2
 PORT:13
 TECHNICIAN:John / Renz","1,000","Active","Purok 2 beside ng barangay hall ng bedana beside kristine pascual  referred by Sir Mario",""
"3279","","1771468796","XSG2_Marlene_Baron","639273832403","20 - Prepaid","Non-Active","February 19, 2026","Port 9
 NOMEL FLORES & ALFREDO MANGRUBANG
 =========
 Additional 3 days grace period - hans","1,000","Active","Sitio Butot San Gabriel 2nd Lagpas ng School",""
"3280","","1771479980","XNAN_CyrilAnthony_Roco","639151451617","20 - Prepaid","Non-Active","February 19, 2026","Nap info: N/A
 Port: 4
 Technicians: Joemari/Jerom
 =========
 July 20, 2026 - Reconnection","799","Active","Nandacan-Poblacion East-Palisoc Road : Beside Bautista Public Cemetery",""
"3281","","1771491189","XBED_Maricel_Cardinez","639457930546","19 - Prepaid","Non-Active","February 19, 2026","LCP1
 NAP:2
 PORT:10
 TECHNICIAN:John / Renz","799","Active","Purok 2 Bedania Mangatarem Pangasinan",""
"3282","","1771495673","TSG2_Marichu_Ragos","639512515690","20 - Prepaid","Non-Active","February 19, 2026","Nap8 Port 12
 Alfredo and Nomel","1,000","Active","Purok 2 Brgy Iton SnGabriel 2nd Bbang Pangasinan",""
"3283","","1771545456","MSJC_Toro_Miranda","639810127509","20 - Prepaid","Non-Active","February 20, 2026","NAP:N/A
 LCP:N/A
 Port:15
 TECHNICIAN:Marvin V / Ma king","1,000","Active","Sitio canan san juan alcala pangasinan",""
"3284","","1771551599","DHE_Jewel_Miran","639100689595","21 - Prepaid","Non-Active","February 20, 2026","NAP 1 PORT 15
 Nomel/Dong","1,000","Active","Purok 4 Hermoza Bayambang Pangasinan",""
"3285","","1771554186","MLAO_Diwata_Muleta","639359115647","20 - Prepaid","Non-Active","February 20, 2026","NAP:N/A
 LCP:N/A
 Port:2
 TECHNICIAN:Marvin V / Ma king","1,000","Active","Zone 2 laoac east Alcala Pangasinan",""
"3286","","1771560717","XMAN_DanErl_Arroyo","639770431915","20 - Prepaid","Non-Active","February 20, 2026","LCP1
 NAP:6
 PORT:9
 TECHNICIAN:John / Renz","1,000","Active","Purok 4 Managos Bayambang Pangasinan",""
"3287","","1771567652","XNS_Reggie_Jimenez","639271289923","23 - Prepaid","Non-Active","February 20, 2026","Port: 7
 piolo/jerome/jojo
 OLD DD:21/DC:25/RC:26/ NEW DD:23-DARZ","1,500","Active","Zone 7 nibaliw sur Bautista Pangasinan, Near Zamboy Pharmacy Tapat ng Petrolinc",""
"3288","","1771572503","XZ3_Zarrah_Manuel","639772573338","21 - Prepaid","Non-Active","February 20, 2026","Nap-1 Port: 13
 Technicians: Piolo/Jojo/Jerome","1,000","Active","in front of PSU second gate 
 MOMOYO",""
"3289","","1771632653","MLAO_Takz_Tomita","639661586082","26 - Prepaid","Non-Active","February 21, 2026","PORT:7
 TECHNICIAN:John / Renz","799","Active","Zone 4 laoac east alcala pangasinan",""
"3290","","1771635204","XMAI_Joey_Mendoza","639956337316","1 - Prepaid","Non-Active","February 21, 2026","Port 12
 Alfredo and Nomel
 =====
 RECONNECTION (JOJO AND JEROME)
 05/15/2026 
 DC 04/25/2026
 RC 05/15/2026
 OLD DD 21
 NEW DD 11
 NEXT DD 06/11/2026 - HANS
 ===========
 July 31, 2026 - Reconnection
 new dd 1 - hans","799","Active","Purok 2 Maigpa, BYB
 OK",""
"3291","","1771640116","XNN_Crisanto_Ong","639988672100","23 - Prepaid","Non-Active","February 21, 2026","Port 10
 TECHNICIAN:John / Renz","799","Active","Nibaliw Norte, Bautista, Pangasinan",""
"3292","","1771642510","XSG2_Jeany_Sabado","639164135907","22 - Prepaid","Non-Active","February 21, 2026","NAP:8 PORT:14
 TECHNICIAN:John / Renz","1,000","Active","Purok 3,San Gabriel 2nd,Bayambang,Pangasinan",""
"3293","","1771659726","XBUA_JeleineRuth_Bugarin","639300980305","22 - Prepaid","Non-Active","February 21, 2026","Port:13
 TECHNICIAN:Marvin V / Ma king","1,500","Active","Bugarin Compound Purok 4 Buayaen, BYB",""
"3294","","1771767249","TDA_Hellen_Junio","639930738524","25 - Prepaid","Non-Active","February 22, 2026","Nap 2 Port 4
 Nomel/Dong","1,000","Active","Purok 3 Darawey Dike Bbang Pangasinan",""
"3295","","1771784979","MKIS_Arian_Cardenas","639176288810","23 - Prepaid","Non-Active","February 23, 2026","LCP:N/A
 NAP:N/A
 Port:7
 TECHNICIAN:piolo/marvin","1,000","Active","Zone 4 Kisikis Alcala pangasinan",""
"3296","","1771815739","MPINE_Joseph_Galleno","639100059980","23 - Prepaid","Non-Active","February 23, 2026","LCP:N/A
 NAP:N/A
 Port:13
 TECHNICIAN:piolo/marvin","1,000","Active","Galleno St Pindangan Centro Alcala Pangasinan",""
"3297","","1771891306","XAMN_Sheryll_Deguzman","639077706649","28 - Prepaid","Non-Active","February 24, 2026","NAP:1 Port:8
 TECHNICIAN:Ma king / John
 ============
 August 28, 2026 - Reconnection
 old dd 28
 new dd 24 - hans","1,000","Active","Purok 2 Amancosiling Norte, BYB",""
"3298","","1771891745","XAMN_Corazon_Palis","639123456789","5 - Prepaid","Non-Active","February 24, 2026","NAP:1 Port:2
 TECHNICIAN:John/ Ma king
 ====================
 OLD DD:24
 DC:28
 RC- MAY 2 2026
 NEW DD: MAY 28 2026 -CLARISSE
 =====================
 May 29 2026- New DD. -Clarisse 
 every 30th of the month but can settle every 3rd of next month-Clarisse
 =============================================
 RC: JUNE 03
 NEW DD: 03
 -CLARISSE","1,000","Active","Purok 2 Amancosiling Norte BYB",""
"3299","","1771892012","MSTP_Jennifer_Pasig","639923560868","27 - Prepaid","Non-Active","February 24, 2026","LCP: 10 NAP: 4 Port: 6
 TECHNICIAN: Raymund/Jojo/Jerome/Marvin","799","Active","San antonio sto tomas pangasinan",""
"3300","","1771971591","MSV_Josefina_Hueffmann","639176659685","25 - Prepaid","Non-Active","February 25, 2026","Port:7
 TECHNICIAN:Marvin V / Ma king D","1,000","Active","M pinto st San Vicente Alcala pangasinan",""
"3301","","1771972023","MSV_Zield_Nueva","639272216812","25 - Prepaid","Non-Active","February 25, 2026","LCP:
 NAP:
 PORT:9
 TECHNICIAN:John / Renz","1,000","Active","Zone 1 San Vicente Alcala Pangasinan",""
"3302","","1771992290","XDU_RoseAnn_Obana","639307331212","28 - Prepaid","Non-Active","February 25, 2026","Nap-1 Port-1
 Technicians: Raymund/Jojo/Jerome
 old dd:25/ adjusted 7 days-darz/ new dd:every 2","799","Active","Dusoc, Bayambang, Pangasinan",""
"3303","","1771993038","TAMS_Kristian_devera","639469983703","1 - Prepaid","Non-Active","February 25, 2026","Nap 7 Port 14
 Nomel/Dong
 OLD DD: 25
 August 30 2026 - agent requested to delete bill to recon 
 delete july and august 2026
 NEW DD: September 01 2026 -Clarisse","1,000","Active","Purok 6 Amancosiling sur Bbang Pangasinan",""
"3304","","1771997663","MSJC_Ula_Ruben","639562142889","25 - Prepaid","Non-Active","February 25, 2026","Port 8
 TECHNICIAN:Marvin V / Ma king D","1,000","Active","Burgos st San Juan Alcala pangasinan",""
"3305","","1772004216","MSJC_Jasper_Fortez","639565576689","25 - Prepaid","Non-Active","February 25, 2026","NAP:N/A
 LCP:N/A
 Port:12
 TECHNICIAN:Marvin V / Ma king D","1,000","Active","Burgos st San juan Alcala Pangasinan",""
"3306","","1772075819","MANU_Alvin_Dauz","639304982330","26 - Prepaid","Non-Active","February 26, 2026","LCP:3
 NAP:4
 PORT:7
 TECHNICIAN:John / Renz","1,000","Active","Zone 5 anulid alcala pangasinan",""
"3307","","1772084036","XTAM_Sherly_Lapurga","639301786596","26 - Prepaid","Non-Active","February 26, 2026","Nap 2 Port 14
 Nomel/Alfredo","1,000","Active","purok 3 tampog bayambang pangasinan near water station
 OK",""
"3308","","1772085271","MANU_Carmela_Labine","639506045108","26 - Prepaid","Non-Active","February 26, 2026","LCP:3
 NAP:4
 PORT:3
 TECHNICIAN:John / Renz","1,000","Active","Zone 5 Anulid Alcala Pangasinan",""
"3309","","1772094536","MANU_Edsanjoy_Tuazon","639050882628","27 - Prepaid","Non-Active","February 26, 2026","Lcp-3 Nap-4 Port-9
 jerome/jojo","1,000","Active","Zone 5 anulid alcala pangasinan",""
"3310","","1772096606","MANU_Christian_Diep","639673218168","26 - Prepaid","Non-Active","February 26, 2026","LCP:3 NAP:4 PORT:16
 TECHNICIAN:John / Renz","1,000","Active","Zone 5 Anulid alcala pangasinan",""
"3311","","1772099277","XSTP_Crichelle_Baltazar","639355409639","27 - Prepaid","Non-Active","February 26, 2026","LCP:10
 NAP:8
 Port:11
 TECHNICIAN:piolo/marvin","1,000","Active","zone 7 don barroga sto. Niño sto tomas pangasinan",""
"3312","","1772110453","XKET_Lilette_Matusalem","639165977587","27 - Prepaid","Non-Active","February 26, 2026","Port 5 
 John/Renz","1,000","Active","Zone 3 ketegan palisoc road Bautista Pangasinan Nearest Landmark: gasoline station near new cemetery Bautista Pangasinan",""
"3313","","1772110768","XBE_Linaflor_Aban","639293871088","27 - Prepaid","Non-Active","February 26, 2026","LCP:1
 NAP:6
 PORT:12
 TECHNICIAN:John / Renz","1,000","Active","Purok 7 Bongato East Bayambang Pangasinan",""
"3314","","1772148870","DTA_Josephine_Santos","639498205315","10 - Prepaid","Non-Active","February 27, 2026","LCP:1
 NAP:7
 Port:2
 TECHNICIAN:piolo/jojo
 POWERED BY(AGENT):Dante Alonzo","1,000","Active","Purok 1 Agapito st tatarac Bayambang Pangasinan
 OK",""
"3315","","1772152048","XAMS_Emmanuel_Mejia","639621288203","28 - Prepaid","Non-Active","February 27, 2026","Nap 2 Port 13
 Nomel/Alfredong","1,000","Active","Purok 4 Amancosiling Sur Bayambang Pangasinan",""
"3316","","1772162893","XSTP_Ronald_Gabbac","639859677593","27 - Prepaid","Non-Active","February 27, 2026","LCP:10 NAP:8 Port:12
 TECHNICIAN:piolo/marvin","799","Active","Zone 7 Don Barroga St. Sto. Niño Sto Tomas Pangasinan",""
"3317","","1772185007","DAP_Ashley_Torres","639510758361","10 - Prepaid","Non-Active","February 27, 2026","LCP:1
 NAP:5
 Port:14
 TECHNICIAN:piolo/jojo","1,000","Active","Purok 3 Apalen Bayambang Pangasinan",""
"3318","","1772196650","MKIS_Kyla_Sambajon","639946405839","2 - Prepaid","Non-Active","February 27, 2026","NAP:N/A
 LCP:N/A
 Port:6
 TECHNICIAN:Marvin V / Ma king D","799","Active","Zone 6 Santiago st Kisikis Alcala Pangasinan",""
"3319","","1772197034","MSV_Jeffrey_Noces","639073933013","1 - Prepaid","Non-Active","February 27, 2026","Nap Info: N/A
 Port-2
 Technicians: Joemari/Jerome","1,000","Active","Tagama st San Vicente Alcala Pangasinan",""
"3320","","1772197155","MSTP_Mary_Senica","639059070315","10 - Prepaid","Non-Active","February 27, 2026","NAPBOX: n/a
 LCP: n/a
 PORT: 9","799","Active","San agustin Sto tomas Pangasinan",""
"3321","","1772197369","MPE_Sherlyn_Tasani","639777886532","2 - Prepaid","Non-Active","February 27, 2026","NAP:N/A
 LCP:N/A
 Port:6
 TECHNICIAN:Marvin V / Ma king D","799","Active","Sison St Pob east alcala pangasinan",""
"3322","","1772198643","TDA_Clarisse_Agpoon","639106791991","6 - Prepaid","Non-Active","February 27, 2026","Nap info: N/A
 Port: 16
 Technicians: Michael/Jerome
 Assisted by: Sir Jhun Torres","1,000","Active","Purok 1 Darawey Riverside Bbang Pangasinan",""
"3323","","1772252535","XBED_Mylene_Medina","639460164361","2 - Prepaid","Non-Active","February 28, 2026","PORT:6
 TECHNICIAN:John / Renz
 old DD:1/ DC:4 / new DD 1/ RC April 5-darz","799","Active","Purok 5 Bedania Mangatarem Panagsinan",""
"3324","","1772272823","XAM1_Robert_Mangoba","639060720519","1 - Prepaid","Non-Active","February 28, 2026","PORT:9
 TECHNICIAN:John / Renz","1,500","Active","Purok 2 Ambayat 1st Bayambang Pangasinan",""
"3325","","1772427577","XBE_AlyssaDiane_Manlongat","639854864219","4 - Prepaid","Non-Active","March 02, 2026","Lcp-1
 Nap-6
 Port-13
 
 Technicians: Joemari/Jerome","1,000","Active","Bongato East Bayambang Pangasinan",""
"3326","","1772428374","XNN_Jenifer_Tagulao","639073883920","4 - Prepaid","Non-Active","March 02, 2026","","799","Active","Nibaliw Norte Bautista, Pangasinan
 15.811606, 120.459228",""
"3327","","1772430089","DTAN_Emmanuel_Onte","639625719717","8 - Prepaid","Non-Active","March 02, 2026","Port: 8
 Technicians: Joemari/Jerome","1,000","Active","Sitio Bacante Tanolong Bayambang Pangasinan",""
"3328","","1772438935","XRE_Lerma_Nacur","639270010176","8 - Prepaid","Non-Active","March 02, 2026","Lcp-1
 Nap-N/A
 Port: 5
 Technicians: Joemari/Jerome","1,000","Active","Purok 2 Reynado Bayambang Pangasinan",""
"3329","","1772444542","XSG2_Lenie_Ranario","639277807111","21 - Prepaid","Non-Active","March 02, 2026","port 16
 Tech: Nomel/Alfredong
 ========================
 OLD DD: 9
 RC: JUNE 19 2026
 NEW DD: JULY 15 2026 - CLARISSE","1,000","Active","Purok 1, San Gabriel 2nd, Bayambang Pangasinan
 OK",""
"3330","","1772511306","XWAR_Christian_Catayna","639380517895","4 - Prepaid","Non-Active","March 03, 2026","NAPBOX:4
 LCP:1
 Port:12
 TECHNICIAN:making/marvin","799","Active","Purok 2 Warding Bayambang Pangasinan",""
"3331","","1772579686","MSPI_Emma_Danzil","639526400888","10 - Prepaid","Non-Active","March 04, 2026","NAPBOX: n/a
 LCP: n/a
 PORT: 5
 TECHNICIAN: Jun V/ Jeff","1,000","Active","Bacerra st San pedro ili alcala pangasinan",""
"3332","","1772579788","MLAO_Jonalyn_Pinto","639669921740","8 - Prepaid","Non-Active","March 04, 2026","NAP:7
 LCP:4
 Port:9
 TECHNICIAN:Marvin V / Ma king D","1,000","Active","Zone 1 laoac east Alcala pangasinan",""
"3333","","1772605524","XMP_Aiza_Monte","639638592718","10 - Prepaid","Non-Active","March 04, 2026","port 4
 LCP 1 
 Nap 5
 Alfredo and Nomel","799","Active","Manambong Parte Bayambang Pangasinan/Evacuation Center",""
"3334","","1772611874","XBE_Shirley_Manlongat","639700510252","4 - Prepaid","Non-Active","March 04, 2026","Lcp-1
 Nap-6
 Port-14
 Technicians: Joemari/Jerome","1,000","Active","Purok 1, Bongato East, Bayambang, Pangasinan",""
"3335","","1772628794","XMS_Arlyn_Auncion","639951293851","18 - Prepaid","Non-Active","March 04, 2026","Port 9
 TECHNICIAN: NOMELFLORES ALFREDO MANGRUBANG
 old dd:8/new dd:11-darz
 old dd:11/adjusted 7 days-darz/new dd:18","1,000","Active","zone 3, manambong sur, bayambang pangasinan",""
"3336","","1772673970","XSTP_JohnPaul_Corpuz","639631726620","5 - Prepaid","Non-Active","March 05, 2026","LCP:10
 NAP:8
 PORT:13
 TECHNICIAN:John / Renz","1,000","Active","zone 6 sto. Niño sto tomas pang.",""
"3337","","1772677538","XSTP_Junvic_Corpuz","639305481677","5 - Prepaid","Non-Active","March 05, 2026","LCP:10
 NAP:8
 PORT:15
 
 TECHNICIAN:John / Renz","1,000","Active","Zone 5 Sto.Niño Santo Tomas Pangasinan",""
"3338","","1772685491","XTE_CarlaYanes_Serran","639454221290","9 - Prepaid","Non-Active","March 05, 2026","LCP:1
 NAP:6
 Port:13
 TECHNICIAN:piolo/jojo","1,000","Active","Telbang Dike Bayambang
 referred by: Belle Malicdem",""
"3339","","1772690518","TTAM_Gener_Encinas","639682862679","9 - Prepaid","Non-Active","March 05, 2026","Nap info:
 201-3
 Byb-24
 Lcp-1
 Nap-2
 Port: 15
 Technicians: Michael/Jerome","1,000","Active","Purok 3 Tampog Bayambang Pangasinan
 OK",""
"3340","","1772690703","TPU_Michelle_Sagun","639271189914","22 - Prepaid","Non-Active","March 05, 2026","LCP:1
 NAP:2
 PORT:4
 TECHNICIAN:John / Renz
 AGENT: Sir Jhun Torres","1,000","Active","Purok 2 Pugo Bayambang Pangasinan",""
"3341","","1772692518","XPOG_Estelita_Milanes","639107726381","5 - Prepaid","Non-Active","March 05, 2026","NAP:N/A
 LCP:N/A
 Port:4
 TECHNICIAN:Marvin V / Ma king D","1,000","Active","Zone 3 Pogo Bautista Pangasinan",""
"3342","","1772773497","XPOG_Karen_Lucena","639938804474","8 - Prepaid","Non-Active","March 06, 2026","LCP:
 NAP:
 PORT:5
 TECHNICIAN:John / Renz","799","Active","Barangay pogo zone3 sa likod ng plaza Referred by: Jerome Alonsagay",""
"3343","","1772785859","XAMN_Rowena_Devera","639081638052","24 - Prepaid","Non-Active","March 06, 2026","Port 13
 Tech. jojo/piolo","1,000","Active","Purok 4 Amancosiling Norte BYB",""
"3344","","1772884149","XMAN_Elmer_Valdez","639308295057","9 - Prepaid","Non-Active","March 07, 2026","LCP:1
 NAP:7
 PORT:11
 TECHNICIAN:John / Renz","1,000","Active","Purok 5 brgy Managos Bayambang Pangasinan",""
"3345","","1772885493","XBER_Jedidiah_DelosSantos","639687535905","9 - Prepaid","Non-Active","March 07, 2026","NAP:2
 LCP:12
 Port:1
 TECHNICIAN:Marvin V / Ma king D","1,000","Active","173 Cacasiaan (Manuel/kentong Palay,Mais, Tobacco buying station)",""
"3346","","1772929349","MCAN_Jun_Cabanilla","639512719333","8 - Prepaid","Non-Active","March 08, 2026","NAP:N/A
 LCP:N/A
 Port:10
 TECHNICIAN:Marvin V / Ma king D","799","Active","Zone 2 Canarvacanan Alcala Pangasinan",""
"3347","","1772950970","XMS_Marlon_Catungal","639541862529","11 - Prepaid","Non-Active","March 08, 2026","Port 10
 Nomel/Alfredong
 old dd:8/new dd :11-darz","1,000","Active","Purok 3 Manambong Sur BYB",""
"3348","","1772955107","XMAN_JeffRhy_Agas","631234","10 - Prepaid","Non-Active","March 08, 2026","Nap info:
 201-4
 Byb-65
 Lcp-1
 Nap-6
 Port: 12
 Technicians: Michael/Jerome","1,000","Active","Purok 4 Brgy Managos Bayambang Pangasinan LandmarK: ZMJ Water Refilling Station",""
"3349","","1772958223","MPE_Lorna_DelosSantos","639667350226","8 - Prepaid","Non-Active","March 08, 2026","Port:7
 TECHNICIAN:Marvin V / Ma king D","1,000","Active","Rizal avenue st Pob east Alcala Pangasinan",""
"3350","","1772969042","XAM1_Josie_Lamo","639128764594","16 - Prepaid","Non-Active","March 08, 2026","LCP:1
 NAP:8
 PORT:9
 TECHNICIAN:John / Renz
 ===========
 September 10, 2026 Due Date Adjustment
 additional 7 days due date adjustment due to almost 2 weeks power interruption
 old dd 9
 new dd 16 - hans","1,000","Active","Purok 1 Ambayat 1st. Bayambang Pangasinan
 OK",""
"3351","","1773012971","THE_Rodolfo_Frias","639659683892","9 - Prepaid","Non-Active","March 09, 2026","NAPBOX: N/A
 LCP: N/A
 PORT: 7
 TECHNICIAN: Jun/Jeff","1,000","Active","Purok 1 Hermosa Bayambang Pangasinan",""
"3352","","1773020463","XBA_Alejandro_Rabanal","639190722940","14 - Prepaid","Non-Active","March 09, 2026","NAP:7
 LCP:1
 Port:15
 TECHNICIAN:Marvin V / Ma king D","1,000","Active","124 Hillside Bani Bayambang",""
"3353","","1773037229","MSPI_Virleh_Pilar","639275006850","20 - Prepaid","Non-Active","March 09, 2026","NAP:N/A
 LCP:N/A
 Port:11
 TECHNICIAN:Marvin V / Ma king D","1,000","Active","Arboleda St San pedro ili Alcala pangasinan",""
"3354","","1773046055","XDP_Oscar_Malicdem","639639263231","11 - Prepaid","Non-Active","March 09, 2026","LCP:1
 NAP:5
 Port:14
 TECHNICIAN:piolo/jojo","1,000","Active","M. H delpilar(Purok 7) Bayabang Pangasinan",""
"3355","","1773057358","TMAN_Espinosa_Tolentino","639752040828","10 - Prepaid","Non-Active","March 09, 2026","Nap info:
 201-4
 Byb-65
 Lcp-1
 Nap-7
 Port-8
 Technicians: Michael/Jerome","1,000","Active","Purok 5 Managos Bayambang Pangasina",""
"3356","","1773059376","DPS_Renderick_Fernandez","639919173641","12 - Prepaid","Non-Active","March 09, 2026","NAPBOX: 7
 LCP: 1
 PORT: 7
 TECHNICIAN: Jun V/ Jeff","1,000","Active","Publacion Sur Bayambang Pangasinan",""
"3357","","1773103086","MSPI_Jesus_Figuracion","639513080183","10 - Prepaid","Non-Active","March 10, 2026","NAP:N/A
 LCP:N/A
 Port:3
 TECHNICIAN:Marvin V / Ma king D","799","Active","424 espiritu st san pedro ili alcala pangasinan",""
"3358","","1773113367","MPE_Tomas_Villoria","639088819809","11 - Prepaid","Non-Active","March 10, 2026","NAPBOX: n/a
 LCP:  n/a
 PORT: 16
 TECHNICIAN: Jun V/ Jeff","799","Active","Castaneda st poblacion east alcala pangasinan",""
"3359","","1773114514","XBUA_Romarce_DelaCruz","639219485331","10 - Prepaid","Non-Active","March 10, 2026","TECHNICIAN: NOMELFLORES ALFREDO MANGRUBANG
 port 14 LCP 1 Nap 5","1,000","Active","Purok 5 Buayaen, Bayambang Pangasinan",""
"3360","","1773118234","MPINE_Leah_Lhemos","639955208576","10 - Prepaid","Non-Active","March 10, 2026","NAP:N/A
 LCP:N/A
 Port:5
 TECHNICIAN:Marvin V / Ma king D","1,000","Active","Zone 2 pindangan east alcala pangasinan",""
"3361","","1773128418","XPIN_JonaJane_Rowui","639937262856","10 - Prepaid","Non-Active","March 10, 2026","NAP:N/A
 LCP:N/A
 Port:4
 TECHNICIAN:Marvin V / Ma king D","1,000","Active","Zone 1 Torres Tt. Pindangan Centro Alcala Pangasinan",""
"3362","","1773153804","XPIN_Sanny_Ramos","639928248452","11 - Prepaid","Non-Active","March 10, 2026","NAP:N/A
 LCP:N/A
 Port:10
 TECHNICIAN:Marvin V / Ma king D","1,000","Active","zone 1 torres st. Pindangan centro alcala pangasinan",""
"3363","","1773186835","MSPI_Adonis_Adsuara","639215634862","11 - Prepaid","Non-Active","March 11, 2026","OK
 NAPBOX: n/a
 LCP: n/a
 PORT: 6
 TECHNICIAN: Jun V/ Jeff","1,000","Active","Zone 3 San pedro ili Alcal Pangasinan",""
"3364","","1773201507","XDI_Rene_Natividad","639544157173","15 - Prepaid","Non-Active","March 11, 2026","OK
 NAPBOX: n/a
 LCP: n/a
 PORT: 5
 TECHNICIAN: Jun V/ Jeff
 ===========================
 August 23 2026
 OLD DD: 12
 NEW DD: 15 PLUS 4 DAYS GRACE PERIOD - MOVED DUE DATE FOR 3 DAYS NO CONNECTION .
 REPAIRD BY JOHN AND RENZ- CLARISSE","799","Active","Dike side Espiritu compound, Diaz Bautista, Pangasinan",""
"3365","","1773206347","XBA_Jerry_Catchillar2","639364454873","25 - Prepaid","Non-Active","March 11, 2026","LCP:1
 NAP:7
 Port:4
 TECHNICIAN:piolo/jojo
 -----------------------
 OLD DD"" 11
 RC"" JULY 29 NEXT DD"" AUG 25 2026-CLARISSE","1,000","Active","7 Gots Bani Bayambang Pangasinan",""
"3366","","1773272947","DBS_Steve_Obenza_Waamos1","639614590354","14 - Prepaid","Non-Active","March 12, 2026","NAPBOX: 5
 LCP: 1
 PORT: 15
 TECHNICIAN: Jun V/ Jeff","1,000","Active","Purok 2 Bical sur Bayambang Pangasinan",""
"3367","","1773278870","TEST1","639171586429","12 - Prepaid","Non-Active","March 12, 2026","","1,000","Active","sakbit",""
"3368","","1773289826","XCS_Romeo_De_Guzman","639087035238","13 - Prepaid","Non-Active","March 12, 2026","NAP:8
 LCP:1
 Port:7
 TECHNICIAN:Marvin V / Ma king D","799","Active","Cadresite Bayambang Pangasinan tabi ng barangay hall pangatlong bahay sa right side with green gate referred by: XCS Josephine Montada",""
"3369","","1773316925","TPAL_Maryjoy_Lomibao","639638517266","13 - Prepaid","Non-Active","March 12, 2026","NAPBOX: n/a
 LCP: n/a
 PORT: 2
 TECHNICIAN: Jun V/ Jeff","1,000","Active","Zone 3 Palisoc Bautista Pangasinan",""
"3370","","1773371321","MPE_Marygrace_Aguda","639690386810","13 - Prepaid","Non-Active","March 13, 2026","NAPBOX: N/A
 LCP: N/A
 PORT: 6
 TECHNICIAN: Jun V/ Jeff","1,000","Active","P.sison st poblacion east alcala pangasinan",""
"3371","","1773397459","DTA_Daisy_Ragos","639388185930","16 - Prepaid","Non-Active","March 13, 2026","NAPBOX: 1
 LCP: 1
 PORT: 10
 TECHNICIAN: Jun V/ Jeff","1,000","Active","Purok 3 Tatarac Bayambang Pangasinan",""
"3372","","1773408544","TPA_Merna_Galindo","639939420580","5 - Prepaid","Non-Active","March 13, 2026","Nap info:
 201-1
 Byb-26
 Lcp-1
 Nap-1
 Port-1
 Technicians: Raymund/Jojo/Jerome
 ===========
 RECONNECTION
 DC 05/26/2026
 RC 06/09/2026
 OLD DD 17
 NEW DD 5 - HANS","1,000","Active","Purok 3 Pangdel Bbang Pangasinan",""
"3373","","1773453240","MSPA_Geomel_Alvarez","639473347805","20 - Prepaid","Non-Active","March 14, 2026","NAP:N/A
 LCP:N/A
 Port: 1
 TECHNICIAN:Marvin V / Ma king D","1,000","Active","Purok 2A San pedro apartado alcala pangasinan",""
"3374","","1773466828","XTAN_Larry_Andres","639475015883","15 - Prepaid","Non-Active","March 14, 2026","NAP:8
 LCP:1
 Port:4
 TECHNICIAN:Marvin V / Ma king D","799","Active","PUROK 3 SITIO PANGDEL TANOLONG",""
"3375","","1773538526","XSTP_Jamaica_Florida","639384382905","18 - Prepaid","Non-Active","March 15, 2026","NAPBOX: 4
 LCP: 12
 PORT: 2
 TECHNICIAN: Jun V/ Jeff","799","Active","Zone 1, San Antonio , Sto.Tomas , Pangasinan",""
"3376","","1773542629","XMAG_FrankieMae_DeGuzman","639682213081","24 - Prepaid","Non-Active","March 15, 2026","NAPBOX: 7
 LCP: 1
 PORT: 4
 
 TECHNICIAN: Jun V/ Jeff
 old dd:17/adjusted 7 days/ new dd: 24-darz","1,000","Active","Magsaysay Bayambang Pangasinan",""
"3377","","1773546493","XMAN_Mario_Vidal","639511849019","6 - Prepaid","Non-Active","March 15, 2026","NAPBOX: 4
 LCP: 1
 PORT: 8
 TECHNICIAN: Edward / Jeff","1,000","Active","PUROK 3 BRGY. MANAGOS, BAYAMBANG, PANGASINAN",""
"3378","","1773553841","XCB_Ruth_Ann_Laoag","639194651656","17 - Prepaid","Non-Active","March 15, 2026","NAP:3
 LCP:1
 Port:2
 TECHNICIAN:Marvin V / Ma king D","1,000","Active","PUROK 3, CABAYAOASAN, MANGATAREM, PANGASINAN
 
 landmark : Cabayaoasan Water Refilling Station",""
"3379","","1773621736","MPINE_Don_Fortez","639959617439","14 - Prepaid","Non-Active","March 16, 2026","Lcp:
 Port:9
 Nap:
 TECHNICIAN: renz - juhn v","1,000","Active","Purok liwliwa Pindangan East Alcala pangasinan",""
"3380","","1773633724","TWA_Grace_Aquino","639062666696","17 - Prepaid","Non-Active","March 16, 2026","NAP:7
 LCP:1
 Port:14
 TECHNICIAN:Marvin V / Making","1,000","Active","Purok 2 Wawa Bayambang Pangasinan",""
"3381","","1773648881","XSV_Justine_Prestoza","639289401287","24 - Prepaid","Non-Active","March 16, 2026","NAP:N/A
 LCP:N/A 
 Port:2
 TECHNICIAN:Marvin V / Ma king D
 old dd: 17/ adjusted 7 days-darz/ new dd: 24","1,000","Active","PUROK 3 BRGY. SAN VICENTE, BAYAMBANG, PANGASINAN",""
"3382","","1773656016","XBUA_Ma.Gemma_Simeon","639454936067","17 - Prepaid","Non-Active","March 16, 2026","NAPBOX: 5
 LCP: 1
 PORT: 15
 TECHNICIAN: Jun V/ Jeff","1,000","Active","Purok 5 Buayaen Bayambang,
 Pangasinan landmark: Jams store along d hiway
 B4 Emmanuel's way school",""
"3383","","1773712141","XCS_Joey_Nabua","639171222899","28 - Prepaid","Non-Active","March 17, 2026","NAP:1
 LCP:1
 Port:1
 TECHNICIAN:Marvin V / Ma king D","1,000","Active","303 St. Alfred street, Cadre Site, Bayambang Pangasinan",""
"3384","","1773728492","XBED_Gervacio_Agacite","639677164610","24 - Prepaid","Non-Active","March 17, 2026","MGT
 Lcp-1
 Nap-2
 Port-16
 Technicians: Raymund/Jojo/Jerome
 old dd:17   /adjusted 7 days-darz/ new dd: 24","1,000","Active","Purok 2 barangay Bedania referred by Sir Mario Near Barngay Hall",""
"3385","","1773788837","TZ5_Lovely_Galsim","639103191577","18 - Prepaid","Non-Active","March 18, 2026","Nap info:
 201-1
 Byb-26
 Lcp-1
 Nap-2
 Port-1
 Technicians: John/Jerome","799","Active","Zone 5 Bbang Pangasinan",""
"3386","","1773801147","MSN_Giovana_Guarino","639983806851","18 - Prepaid","Non-Active","March 18, 2026","NAPBOX: n/a
 LCP: n/a
 PORT: 7
 TECHNICIAN: Jun V/ Jeff","1,000","Active","Castaneda st San nicolas alcala pangasinan",""
"3387","","1773802307","TZ5_Angelina_Caberos","639100374781","18 - Prepaid","Non-Active","March 18, 2026","Lcp-1
 Nap-2
 Port-3
 Technicians: John/Jerome","1,000","Active","Zone 5 Bbang Pangasinan",""
"3388","","1773804240","XID_Riza_Sabado","639954453853","18 - Prepaid","Non-Active","March 18, 2026","NAP:N/A
 LCP:N/A
 Port:15
 TECHNICIAN:Marvin V / Ma king D","799","Active","Idong Bayambanng Pangasinan near barangay hall and school.",""
"3389","","1773812523","MPINE_Jonathan_Alarcio","639389121971","20 - Prepaid","Non-Active","March 18, 2026","NAP:N/A
 LCP:N/A
 Port:13
 TECHNICIAN:Marvin V / Ma king D","799","Active","Pindangan Centro Alcala Pangasinan",""
"3390","","1773897983","MSV_Mack_Mendoza","639318635548","19 - Prepaid","Non-Active","March 19, 2026","NAPBOX: n/a
 LCP: n/a
 PORT: 4
 TECHNICIAN: Jun V/ Jeff","799","Active","Zone 3 San Vicente Alcala pangasinan",""
"3391","","1773904386","MSV_Christian_Fernandez","639175456767","19 - Prepaid","Non-Active","March 19, 2026","NAPBOX: 6
 LCP: 3
 PORT: 6
 TECHNICIAN: Jun V/ Jeff","1,000","Active","Lopez st San vicente alcala pangasinan",""
"3392","","1773919210","TPU_Kaela_Laza","639605604719","20 - Prepaid","Non-Active","March 19, 2026","LCP:1
 NAP:2
 Port:3
 TECHNICIAN:piolo/jojo","1,000","Active","Purok 3 Pugo Bayambang Pangasinan",""
"3393","","1773961223","MLAO_Flordeliza_Andaya","639983828247","20 - Prepaid","Non-Active","March 20, 2026","LCP:
 NAP:
 PORT:13
 TECHNICIAN:John / Renz","1,000","Active","Zone 4 Laoac east Alcala Pangasinan",""
"3394","","1773976341","XMAI_Joseph_Tamayo","639770497449","20 - Prepaid","Non-Active","March 20, 2026","","1,500","Active","Brgy. Maigpa",""
"3395","","1773986896","MLAO_Michelle_Pinto","639455479766","20 - Prepaid","Non-Active","March 20, 2026","NAP:2
 LCP:4
 Port:14
 TECHNICIAN:Marvin V / Ma king D","799","Active","Zone 6 Laoac west alcala pangasinan",""
"3396","","1774039200","MLAO_Lolita_Peregrino","639156930282","21 - Prepaid","Non-Active","March 21, 2026","OK
 LCP:N/A
 NAP:N/A
 Port:15
 TECHNICIAN:nomel/piolo/dong","1,000","Active","Zone 4 Lanuza Street Laoac east alcala pangasinan",""
"3397","","1774095162","TZ1_Alvin_Lucena","639455824526","24 - Prepaid","Non-Active","March 21, 2026","NAPBOX: 4
 LCP: 1
 PORT: 7
 TECHNICIAN: Jun V/ Jeff","1,000","Active","Zone 1 Comercial strip stall Quezon Blvd Bayambang Pangasinan",""
"3398","","1774142837","XSV_Hilda_DeGuzman","639958603440","22 - Prepaid","Non-Active","March 22, 2026","LCP:1
 NAP:2
 PORT:8
 
 TECHNICIAN:John / Renz","799","Active","Purok 7  Brgy San Vicente, Bayambang, Pangasinan",""
"3399","","1774222671","XBE_Eduardo_PalatinoJr","639270246586","26 - Prepaid","Non-Active","March 23, 2026","OK
 NAPBOX:  4
 LCP: 1
 PORT: 1
 TECHNICIAN: Jun V/ Jeff
 ========
 June 30, 2026
 Downgrade from 100mbps to 50mbps - hans","799","Active","Tapat ng bongato east evangelicals church",""
"3400","","1774224197","MPOG_Josephine_Dionisio","639212199222","6 - Prepaid","Non-Active","March 23, 2026","NAP:N/A
 LCP:N/A
 Port:3
 TECHNICIAN:Marvin V / Ma king D
 ============
 September 10, 2026 RECONNECTION
 old dd 23
 new dd 6 - hans","1,000","Active","Zone 5 pogo Bautista pangasinan",""
"3401","","1774225127","MPW_Marites_Osternag","639452783775","23 - Prepaid","Non-Active","March 23, 2026","NAP:N/A
 LCP:N/A
 Port:11
 TECHNICIAN:Marvin V / Ma king D","799","Active","Poblacion west Alcala pangasinan",""
"3402","","1774228811","TWA_Ernesto_Cancino","639707721366","24 - Prepaid","Non-Active","March 23, 2026","LCP:1
 NAP:
 Port:2
 TECHNICIAN: michael/jojo","1,000","Active","Purok 4, Wawa Tanggal Bbang Pangasinan",""
"3403","","1774232928","XDA_Leny_Abalos","639123467890","28 - Prepaid","Non-Active","March 23, 2026","LCP:
 NAP:
 PORT:1
 TECHNICIAN: John / Renz
 old dd:25/adjusted 7 days-darz/ new dd:2","1,000","Active","Purok 3 Brgy. Darawey",""
"3404","","1774246895","MSV_MariaElena_Ilar","639955334634","28 - Prepaid","Non-Active","March 23, 2026","Nap info: N/A
 Port-12
 Technicians: Michael/Jerome","1,000","Active","Zone 2 Rizal st San Vicente Alcala pangasinan",""
"3405","","1774257260","XCS_Paulgerald_Tamin","639707401404","24 - Prepaid","Non-Active","March 23, 2026","LCP:1
 NAP:2
 Port:12
 TECHNICIAN: michael/jojo","1,000","Active","305 Cadre site Bayambang Pangasinan",""
"3406","","1774260285","XAMN_Buenafe_Asuncion","639959232039","24 - Prepaid","Non-Active","March 23, 2026","LCP:1
 NAP:8
 Port:7
 TECHNICIAN: michael/jojo","1,000","Active","Purok 3 Amangcosiling Norte Bayambang Pangasinan",""
"3407","","1774350319","XSTP_Mau_Nuncio","639858469240","25 - Prepaid","Non-Active","March 24, 2026","NAPBOX: 8
 LCP: 10
 PORT: 8
 TECHNICIAN: Jun V/ Jeff","799","Active","Zone 7 Sto.Nino Sto Tomas Pangasinan",""
"3408","","1774401524","TWA_Gemma_Sultan","639267101203","26 - Prepaid","Non-Active","March 25, 2026","Lcp:1
 Port:11
 Nap:
 TECHNICIAN:renz-juhn v","1,000","Active","Purok 4 Wawa Bayambang Pangasinan",""
"3409","","1774422938","XPU_Maggie_Solomon","639063716388","28 - Prepaid","Non-Active","March 25, 2026","Nap info: N/A
 Port-16
 Technicians: Lester/Jerome","799","Active","Purok 2 Pugo Bayambang Pangasinan malapit sa plaza",""
"3410","","1774423055","XPA_MarkJosh_Espejo","639050248225","27 - Prepaid","Non-Active","March 25, 2026","NAP:7
 LCP:1
 Port:7
 TECHNICIAN:Marvin V / Ma king D","1,000","Active","Purok 2 Pangdel Pangasinan",""
"3411","","1774423134","XPA_Loreta_Barrion","639050248225","8 - Prepaid","Non-Active","March 25, 2026","NAPBOX: N/A
 LCP:  N/A
 PORT: 8
 TECHNICIAN: EDWARD / JEFF","1,000","Active","Purok 2 Pangdel Bayambang Pangasinan",""
"3412","","1774525739","XPA_MikeAlmer_Carino","639707304409","27 - Prepaid","Non-Active","March 26, 2026","NAP:8
 LCP:1
 Port:16
 TECHNICIAN:Marvin V / Ma king D","1,000","Active","#235A PUROK 2 PANGDEL, BAYAMBANG, PANGASINAN",""
"3413","","1774585644","XPOB_FritzGerald_Esguerra","639295105133","12 - Prepaid","Non-Active","March 27, 2026","Nap info: N/A
 Port-14
 
 Technicians: Nomel/Jerome","1,000","Active","P. Sison Street, Poblacion East, Alcala, Pangasinan Landmark: Poblacion East Brgy Hall",""
"3414","","1774607337","DHE_Rafael_Mejia","639817613321","30 - Prepaid","Non-Active","March 27, 2026","NAPBOX: 4
 LCP: 1
 PORT: 1
 TECHNICIAN: JEFF","1,000","Active","Purok 6 Hermosa Bayambang Pangasinan",""
"3415","","1774621521","MSPI_Jessie_Soriano","639318412625","28 - Prepaid","Non-Active","March 27, 2026","Lcp:
 Port:6
 Nap:
 TECHNICIAN:renz-juhn -marbin","1,000","Active","Zone 2 San pedro ili alcala pangasinan
 OK",""
"3416","","1774719099","MLAO_Melissa_Pacubas","639361042909","1 - Prepaid","Non-Active","March 29, 2026","Lcp:
 Port:13
 Nap:
 TECHNICIAN: renz - juhn v","799","Active","Zone 1 laoac east Alcala pangasinan",""
"3417","","1774719328","MBAU_Isagani_Evangelista","639940019778","28 - Prepaid","Non-Active","March 29, 2026","Lcp:
 Port:12
 Nap:
 TECHNICIAN:renz -juhn v -marben","799","Active","Primicias bautista Pangasinan",""
"3418","","1774766952","MPW_Jay_Calderon","639198448939","30 - Prepaid","Non-Active","March 29, 2026","NAP:N/A
 LCP:N/A
 Port:15
 TECHNICIAN:Marvin V / Ma king D","1,000","Active","Malone st Poblacion East Alcala pangasinan",""
"3419","","1774771009","XSV_Joseph_Quiray","639560920574","30 - Prepaid","Non-Active","March 29, 2026","Nap info:
 201-3
 Byb-24
 Lcp-1
 Nap-6
 Port-6
 Technicians: Michael/Jerome","1,000","Active","Purok 3 San Vicente Bayambang  Pangasinan, Nearest Landmark: BESIDE SAN VICENTE E/S RUSSEL&ERROL STORE PAPASOK",""
"3420","","1774772645","XBUA_Vicent_Toreja","639702632716","22 - Prepaid","Non-Active","March 29, 2026","LCP: 1
 NAP:3
 Port:16
 TECHNICIAN:nomel/marvin","1,000","Active","lot 01  Nueva Esperanza Sub. Buayaen Bayambang Pangasinan landmark: Toreja Car care Center",""
"3421","","1774838041","MBSM_Adorasion_Catindig","639165652589","30 - Prepaid","Non-Active","March 30, 2026","NAP:1
 LCP:12
 Port:7
 TECHNICIAN:Marvin V / Ma king D","1,000","Active","Cabalitian bersamin alcala pangasinan",""
"3422","","1774917819","MLAO_Armenio_Baysa","639487768643","1 - Prepaid","Non-Active","March 31, 2026","Nap:8 Port:9","799","Active","Zone 1 laoac East Alcala Pangasinan",""
"3423","","1774932477","TINI_Robert_Espejo","639915198167","28 - Prepaid","Non-Active","March 31, 2026","Lcp:
 Port:15
 Nap:
 TECHNICIAN: renz - juhn v","1,000","Active","Purok 5 Inirangan Bbang Pangasinan  near born again chapel",""
"3424","","1774932825","XTAN_Eddie_Junio","639928641592","20 - Prepaid","Non-Active","March 31, 2026","NAP:3
 LCP:1
 Port:12
 TECHNICIAN:Papa dong / Ma king","1,000","Active","purok 3 sitio pandel bayambang tanolong
 OK",""
"3425","","1774934502","XBUA_Marlyn_Delacruz","639953591329","28 - Prepaid","Non-Active","March 31, 2026","NAPBOX: 5
 LCP: 1
 PORT: 10
 TECHNICIAN: JEFF","1,000","Active","Purok 5, Buayaen Bayambang Pangasinan",""
"3426","","1774937910","TWA_Karla_Fernandez","639157733213","1 - Prepaid","Non-Active","March 31, 2026","NAP:N/A
 LCP:1
 Port:6
 TECHNICIAN:Marvin V / Ma king D","1,000","Active","Purok 4 Wawa Tanggal Bbang Pangasinan",""
"3427","","1774941080","XNAN_JohnAlexander_Pilarca","639914826856","1 - Prepaid","Non-Active","March 31, 2026","Nap info: N/A
 Port-9
 Technicians: Michael/Jerome","1,000","Active","#233 Arellano St. Nandacan Bautista Pangasinan",""
"3428","","1774944835","XAM1_Lorenzo_Bugarin","639634174279","7 - Prepaid","Non-Active","March 31, 2026","Lcp:
 Port:13
 Nap:
 TECHNICIAN: renz - juhn v","1,000","Active","Purok 3 Ambayat 1st",""
"3429","","1774946353","XKIS_Joanna_Ildefonso","639073281999","1 - Prepaid","Non-Active","March 31, 2026","Lcp:
 Port:3
 Nap:
 TECHNICIAN: juhn v Renz Lucero","1,000","Active","183 Kisikis Alcala Pangasinan",""
"3430","","1775003945","Rosalyn Fernandez","639530760580","1 - Prepaid","Non-Active","April 01, 2026","Nap info: N/A
 Port-6
 Technicians: Michael/Jerome
 ===========
 August 1, 2026 Reconnection
 new dd  1 - hans","1,000","Active","2 Hilario Apartment Ketegan Bautista",""
"3431","","1775012834","XID_Sharmaine_Rega","639660718218","5 - Prepaid","Non-Active","April 01, 2026","Nap info:
 201-4
 Byb-65
 Lcp-1
 Na-4
 Port-15
 Technicians: Piolo/Jerome","1,000","Active","Barangay Idong Purok 3 Bayambang Pangasinan Nearest Landmark: Idong Inanlorenza Elementary School",""
"3432","","1775029495","MLAO_JohnAce_Tabula","639272200067","6 - Prepaid","Non-Active","April 01, 2026","Lcp:
 Port:9
 Nap:
 TECHNICIAN: renz - juhn v","1,000","Active","Zone 6 Laoac East alcala Pangasinan",""
"3433","","1775090389","MSTP_Virginia_Granado","639614249714","9 - Prepaid","Non-Active","April 02, 2026","LCP:N/A
 NAP:N/A
 Port:2
 TECHNICIAN:piolo/boss dong","1,000","Active","San Agustin Sto Tomas Pangasinan",""
"3434","","1775090725","MSTP_Cedric_Sevilla","639287400813","6 - Prepaid","Non-Active","April 02, 2026","","1,000","Active","San Antonio sto Tomas  Pangasinan",""
"3435","","1775180353","MSN_Mimi_Villedo","639392339007","9 - Prepaid","Non-Active","April 03, 2026","LCP:N/A
 NAP:N/A
 Port:11
 TECHNICIAN:piolo/bossdong","1,000","Active","136 arboleda st san nicolas Alcala pangasinan",""
"3436","","1775276604","XPIN_Nilson_Tolentino","639657041127","6 - Prepaid","Non-Active","April 04, 2026","NAP:N/A
 LCP:N/A
 Port:4
 TECHNICIAN:Marvin V / Ma king D","1,500","Active","Brgy :
 PINDANGAN EAST, ALCALA PANGASINAN 
 ( malapit sa arko ng Alcala-Sto. Tomas boundary) Tindahan - TOLENTINO STORE",""
"3437","","1775292146","DPA_IzzyYvone_Junio","639168371493","8 - Prepaid","Non-Active","April 04, 2026","NAPBOX: 2
 LCP: 1
 PORT: 10
 TECHNICIAN: EDWARD/JEFF","1,000","Active","Purok 3 Pangdel Bayambang Pangasinan
 OK",""
"3438","","1775346537","TAM2_Valerie_Asuncion","639566752902","8 - Prepaid","Non-Active","April 05, 2026","OK
 Lcp:
 Port:13
 Nap:
 TECHNICIAN: renz - juhn v","1,000","Active","Purok 3 Ambayat2nd Bbang Pangasinan",""
"3439","","1775429968","MSV_Charles_Larioza","639985325220","8 - Prepaid","Non-Active","April 06, 2026","OK
 Nap info: N/A
 Port-3
 Technicians: Michael/Jerome","1,000","Active","Rizal St San Vicente Alcala Pangasinan",""
"3440","","1775435835","XBUA_Rob_Rosales","639101359982","8 - Prepaid","Non-Active","April 06, 2026","NAPBOX: 2
 LCP: 1
 PORT: 8
 TECHNICIAN: EDWARD/JEFF","1,000","Active","Purok 5 Requilman st. Buayaen",""
"3441","","1775436044","XSTP_RyanVista_Pequet","639511293207","7 - Prepaid","Active","April 06, 2026","OK
 NAP:N/A
 LCP:N/A
 Port:16
 TECHNICIAN:Marvin V / Ma king D","1,000","Active","Sto. Niño Sto. Tomas Pang.",""
"3442","","1775438084","MSV_Johnray_Delacuz","639075135706","9 - Prepaid","Non-Active","April 06, 2026","NAP:N/A
 LCP:N/A
 Port:12
 TECHNICIAN:Marvin V / Ma king D","1,000","Active","Gubut street san juan alcala pangasinan",""
"3443","","1775450615","XKIS_Arjay_Itorma","639612270538","6 - Prepaid","Non-Active","April 06, 2026","NAP:N/A
 LCP:N/A
 Port:8
 TECHNICIAN:Marvin V / Ma king D","1,000","Active","Address : 41 Kisikis, Alcala, Pangasinan",""
"3444","","1775454820","TWA_Michelle_Sabado","639617547392","8 - Prepaid","Non-Active","April 06, 2026","LCP:1
 NAP:1
 PORT:9
 TECHNICIAN:John / Jojo","1,000","Active","Purok 3 Wawa Alfiesta Bbang Pangasinan
 OK",""
"3445","","1775478957","TMAI_Adonis_Martin","639101304033","9 - Prepaid","Non-Active","April 06, 2026","Nap info: N/A
 Port-1
 Technicians: Michael/Jerome","1,000","Active","Purok 4 Sitio Pinalapa Maigpa Bbang Pangasinan",""
"3446","","1775483428","XPIN_Suzie_Cabingas","639552500669","7 - Prepaid","Non-Active","April 06, 2026","NAP:N/A
 LCP:N/A
 Port:9
 TECHNICIAN:Marvin V / Ma king D
 Assisted by: sir Cris","799","Active","zone 3 Pindangan centro alcala pangasinan",""
"3447","","1775550546","XAM2_Bonifacio_Redolfa","639943168019","8 - Prepaid","Non-Active","April 07, 2026","Lcp:
 Port:12
 Nap:
 TECHNICIAN: renz - juhn v","1,000","Active","Ambayat II Bayambang Pangasinan",""
"3448","","1775556741","XPIN_Maryann_Agustin","639915844100","8 - Prepaid","Non-Active","April 07, 2026","NAP:N/A
 LCP:N/A
 Port:3
 TECHNICIAN:Marvin V / Ma king D","1,000","Active","#53 PINDANGAN WEST, ALCALA",""
"3449","","1775569782","MBSM_Ben_Tadeo","639260132362","10 - Prepaid","Non-Active","April 07, 2026","NAP:N/A
 LCP:N/A
 Port:1
 TECHNICIAN:Marvin V / Piolo / Ma king D","799","Active","Camangaan bersamin alcala pangasinan",""
"3450","","1775599908","DRE_Jennyrose_Zinampan","639457961026","3 - Prepaid","Non-Active","April 08, 2026","Lcp:1
 Port:12
 Nap:1
 TECHNICIAN: renz - juhn v
 ==========
 July 3, 2026 - RECONNECTION
 new dd every 3rd of the month - hans","1,000","Active","Purok 2 Reynado Bayambang Pangasinan",""
"3451","","1775603479","DPS_Helenaricci_Landingin","639700667136","9 - Prepaid","Non-Active","April 08, 2026","Lcp:
 Port:12
 Nap:
 TECHNICIAN: renz - juhn v","1,000","Active","Rizal St Publacion Bayambang Pangasinan",""
"3452","","1775608723","TPU_Virgilio_Tamondong","639566755136","8 - Prepaid","Non-Active","April 08, 2026","LCP:1
 NAP:
 PORT:10
 TECHNICIAN:John / Jojo","1,000","Active","Purok 1 Pugo Bayambang Pangasinan",""
"3453","","1775610212","XINA_Ricky_Lomandas","639811599232","12 - Prepaid","Non-Active","April 08, 2026","NAPBOX: 3
 LCP: 1
 PORT: 11
 
 TECHNICIAN: EDWARD/JEFF
 =========================
 MAY 29 2026
 OLD DD: 10
 NEW DD: 12
 2 DAYS NO CONNECTION-CLARISSE","1,000","Active","Purok 1 Inanlorenza Bayambang Pangasinan",""
"3454","","1775611077","MSV_Cipriano_Fiesta","639176930878","8 - Prepaid","Non-Active","April 08, 2026","Nap info: N/A
 Port-4
 Technicians: Michael/Jerome
 =========
 August 13, 20266 - Downgrade from 100mbps to 50mbps - hans","799","Active","Tagama st San vicente Alcala Pangasinan
 OK",""
"3455","","1775615527","XPIN_Ladelyn_Bebat","639934577613","8 - Prepaid","Non-Active","April 08, 2026","NAP:N/A
 LCP:N/A
 Port:5
 TECHNICIAN:Marvin V / Ma king D","1,000","Active","Pindangan West Zone 3 Alcala Pangasinan.",""
"3456","","1775632983","XSTP_Darwin_DelosSantos","639065266200","9 - Prepaid","Non-Active","April 08, 2026","NAP:3
 LCP:12
 Port:4
 TECHNICIAN:Marvin V / Ma king D
 Assisted by: sir Cris","1,000","Active","San Antonio Sto. Tomas Pangasinan",""
"3457","","1775700307","MSJC_Virgie_Alvaro","639263290139","10 - Prepaid","Non-Active","April 09, 2026","NAP:N/A
 LCP:N/A
 Port:11
 TECHNICIAN:Marvin V / Piolo / Ma king D","1,000","Active","San juan canan alcala pangasinan",""
"3458","","1775701424","MSV_Aldrin_David","639677332131","9 - Prepaid","Non-Active","April 09, 2026","LCP:N/A
 NAP:N/A
 Port:3
 TECHNICIAN:piolo/boss dong","799","Active","Sinabaan  San Vicente alcala pangasinan",""
"3459","","1775702292","XHE_Robert_Basina","639092328129","10 - Prepaid","Non-Active","April 09, 2026","NAPBOX: N/A
 LCP: N/A
 PORT: 7
 TECHNICIAN: EDWARD/JEFF","1,000","Active","Purok 5 sitio Jimenez Hermoza Bayambang Pangasinan",""
"3460","","1775706013","XSTP_Fatima_Almonte","639534562984","11 - Prepaid","Non-Active","April 09, 2026","NAP:N/A
 LCP:N/A
 Port:4
 TECHNICIAN:Marvin V / Piolo / Ma king D
 Assisted by: Sir cris","1,000","Active","Zone 5 Salvacion Sto. Tomas",""
"3461","","1775706641","XSG2_Marla_Sarmiento","639387684793","15 - Prepaid","Non-Active","April 09, 2026","NAPBOX:N/A
 LCP:N/A
 Port:1
 TECHNICIAN:piolo/nomel/Marvin","1,500","Active","San Gabriel 2nd bayambang Pangasinan",""
"3462","","1775708489","XSG2_Loraine_Catalan","639176482385","9 - Prepaid","Non-Active","April 09, 2026","NAPBOX: 8
 LCP: 1
 PORT: 10
 TECHNICIAN: EDWARD / JEFF","1,000","Active","Purok 2 San Gabriel 2nd",""
"3463","","1775799088","XDP_Catherine_Ellarma","639509273513","10 - Prepaid","Non-Active","April 10, 2026","LCP:1
 NAP:
 PORT:11
 TECHNICIAN:John / Jojo","1,000","Active","MH Del Pilar Bayambang Pangasinan near Jose Taming apartment",""
"3464","","1775802364","XBER_Jonalyn_Fernandez","639153505499","10 - Prepaid","Non-Active","April 10, 2026","NAP:N/A
 LCP:N/A
 Port:3
 TECHNICIAN:Marvin V / Piolo / Ma king D","1,000","Active","Sitio camanggahan bersamin ALCALA pangasinan",""
"3465","","1775815667","XPIN_MarkGil_Cabiso","639933731955","10 - Prepaid","Non-Active","April 10, 2026","NAP:N/A
 LCP:N/A
 Port:5
 TECHNICIAN:Marvin V / Piolo / Ma king D
 Assisted by: Sir cris","799","Active","Cabotaje Street Pindangan Centro",""
"3466","","1775815973","XZ6_Jessica_Terrado","639386883822","9 - Prepaid","Non-Active","April 10, 2026","OK
 LCP:1
 NAP:5
 Port:06
 TECHNICIAN:nomel/piolo/dong","1,000","Active","Brgy.Zone VI,Bayambang, Pangasinan",""
"3467","","1775866171","XPIN_Eddie_Lazaga","639078862912","11 - Prepaid","Non-Active","April 11, 2026","NAPBOX:  n/a
 LCP: n/a
 PORT: 12
 TECHNICIAN: Edward/ Jeff
 ASSISTED: Sir Cris","1,000","Active","185 Torres Street, Pindangan Centro",""
"3468","","1775866550","XPRI_Rakshan_Obcina","639773471339","11 - Prepaid","Non-Active","April 11, 2026","NAPBOX: 7
 LCP: 5
 PORT: 3
 TECHNICIAN: EDWARD/JEFF","1,000","Active","Zone3,katingaan,Primicias Bautista,Pangasinan",""
"3469","","1775869813","BarangayAmbayat2nd_BayambangSK","639940405742","13 - Prepaid","Non-Active","April 11, 2026","Lcp:1
 Port:8
 Nap:6
 TECHNICIAN: renz - juhn v
 =================
 OLD DD: 9
 RC: JUNE 17 2026
 NEW DD: JULY 13 2026-CLARISSE
 =========================
 September 11 2026
 Client (Sir Dean Ocsona) ask for adjustment due to power outage last August 30- Sept 08 2026 - 9 days 
 verified with OLT - need to settled the September bill before the adjustment can be applied. Client acknowledged -Clarisse","1,000","Active","Address (with Purok): Purok 2 Ambayat 2nd Bayambang, Pangasinan",""
"3470","","1775874199","XAM2_Jenny_Alonzo","639153547693","18 - Prepaid","Non-Active","April 11, 2026","Lcp:
 Port:8
 Nap:
 TECHNICIAN: renz - juhn v
 --------------------------
 SEPT 17 2026
 OLD DD: AUG 13
 RECON AUG 18
 NEW DD: SEPT 18 2026-CLARISSE","799","Active","purok 2 Ambayat 2nd,Bayambang Pangasinan Nearest Landmark:After High school 
 OK",""
"3471","","1775874717","XSAN_Milalona_Cayog","639667337307","11 - Prepaid","Non-Active","April 11, 2026","NAPBOX: n/a
 LCP: n/a
 PORT: 6
 TECHNICIAN: Edward / Jeff
 ASSISTED: Sir Cris","1,000","Active","San juan canan zone 6",""
"3472","","1775881063","XPRI_Efren_Punzalan","639954797531","21 - Prepaid","Non-Active","April 11, 2026","OK
 Nap: 3
 Port: 9
 Technicians: Piolo/Jerome","1,000","Active","Zone 2, Primicias Bautista Pangasinan",""
"3473","","1775881314","XSTP_Imelda_Almon","639850906860","11 - Prepaid","Non-Active","April 11, 2026","NAPBOX: n/a
 LCP: n/a 
 PORT: 5
 TECHNICIAN: Edward / Jeff
 ASSISTED: Agent Cris","1,500","Active","Salvacion sto tomas",""
"3474","","1775885900","DCA_Anecia_Rosales","639455376108","13 - Prepaid","Non-Active","April 11, 2026","LCP:1
 NAP:1
 PORT:12
 TECHNICIAN:John / Jojo","1,000","Active","Purok 6 Carungay Bayambang Pangasinan",""
"3475","","1775908969","XPIN_Sanny_Cabotaje","639302534833","12 - Prepaid","Non-Active","April 11, 2026","Nap info: N/A
 Port-6
 
 Technicians: Nomel/Jerome
 Assisted by: Sir Cris Catalan","1,000","Active","Torres street pindangan centro  referred bu Sir Cris Torres",""
"3476","","1775962866","MCAN_Michael_Castanares","639478711125","12 - Prepaid","Non-Active","April 12, 2026","NAP:N/A
 LCP:N/A
 Port:11
 
 TECHNICIAN:Marvin V / Piolo / Ma king D
 Assisted by: Sir Marben","1,000","Active","Delos santos street canarvacanan alcala pangasinan",""
"3477","","1776036072","DTA_Elmar_Quijalvo","639674451067","13 - Prepaid","Non-Active","April 13, 2026","LCP:1
 NAP:7
 PORT:5
 TECHNICIAN:John / Jojo","1,000","Active","Purok 1 Tatarac Bayambang Pangasinan",""
"3478","","1776036234","MPE_Marygrace_Dancel","639544635668","13 - Prepaid","Non-Active","April 13, 2026","NAP:N/A
 LCP:N/A
 Port:8
 TECHNICIAN:Marvin V / Piolo / Ma king D","1,000","Active","Arboleda St Poblacion East Alcala Pangasinan",""
"3479","","1776036409","MSTP_Roxannemae_Tamayo","639386360623","13 - Prepaid","Non-Active","April 13, 2026","Nap info:N/A
 Port: 4
 Technicians: Piolo/Jerome","799","Active","Zone 1 San Agustin Sto Tomas pangasinan",""
"3480","","1776039752","XKIS_Danica_Castillo","639705053523","13 - Prepaid","Non-Active","April 13, 2026","NAP:N/A
 LCP:N/A
 Port:9
 TECHNICIAN:Marvin V / Piolo / Ma king D
 Assisted by: Sir cris","1,000","Active","Zone 3 Kisikis Alcala, Pangasinan",""
"3481","","1776046108","XAMS_JoyAnn_Fernandez","639556630509","14 - Prepaid","Non-Active","April 13, 2026","NAPBOX: 8
 LCP: 1
 PORT: 16
 TECHNICIAN: Edward / Jeff","1,000","Active","Purok 4 Amangcosiling Sur Riverside Bayambang Pangasinan",""
"3482","","1776050909","MSTP_Lilibeth_Palad","639949938504","15 - Prepaid","Non-Active","April 13, 2026","NAP:N/A
 LCP:N/A
 Port:6
 TECHNICIAN:Marvin V / Piolo / Ma king","799","Active","Zone 1 San Agustin Sto Tomas Pangasinan",""
"3483","","1776082173","XAMN_Grace_Lacambra","639513087227","14 - Prepaid","Non-Active","April 13, 2026","NAPBOX: 3
 LCP: 1
 PORT: 16
 TECHNICIAN: EDWARD/JEFF","799","Active","Purok 1, Amancosiling Norte",""
"3484","","1776120234","MLAO_Severino_Mendoza","639662670330","14 - Prepaid","Non-Active","April 14, 2026","Lcp:
 Port:9
 Nap:
 TECHNICIAN: renz - juhn v","1,500","Active","Zone 1 looac East Alcala Pangasinan",""
"3485","","1776130050","XAM1_Anabel_Sanguyo","639275053202","15 - Prepaid","Non-Active","April 14, 2026","Lcp:
 Port:11
 Nap:
 TECHNICIAN: renz - juhn v","1,000","Active","Purok 1 Ambayat 1st, Bayambang Pangasinan",""
"3486","","1776132908","TPU_Geraline_Junio","639153514573","15 - Prepaid","Non-Active","April 14, 2026","Nap info:
 201-4
 Byb-65
 Lcp-1
 Nap-5
 Port-7
 Technicians: Piolo/Jerome","1,000","Active","Purok 1 Pugo Bayambang Pangasinan",""
"3487","","1776133300","TSG2_Analiza_Talinio","639956455847","16 - Prepaid","Non-Active","April 14, 2026","OK
 NAPBOX: 8
 LCP: 1
 PORT: 3
 TECHNICIAN: Edward / Jeff","1,000","Active","Purok 2 Baltazar SnGabriel  2nd  Bbang Pangasinan",""
"3488","","1776136766","XCB_Annie_Santos","639122334653","14 - Prepaid","Non-Active","April 14, 2026","NAP:2
 LCP:1
 Port:4
 TECHNICIAN:Marvin V/ Ma king","1,000","Active","Purok 7, Cabayaoasan, Mangatarem, Pangasinan",""
"3489","","1776137392","TTAM_Charizza_Tamayo","639318397603","14 - Prepaid","Non-Active","April 14, 2026","Nap info:
 201-3
 Byb-7
 Lcp-1
 Nap-7
 Port-1
 Technicians: Piolo/Jerome
 Assisted by: Sir Jhun Torres","799","Active","Purok 1 Tampog  Bayambang  Pangasinan",""
"3490","","1776210634","XTE_Jessica_Ellorza","639505089226","15 - Prepaid","Non-Active","April 15, 2026","LCP:1
 NAP:6
 PORT:11
 TECHNICIAN:John / Jojo","1,000","Active","Purok1 Telbang Byb.",""
"3491","","1776212150","DWAR_Sarahjane_Rico","639076058270","15 - Prepaid","Non-Active","April 15, 2026","Port-11
 Technicians: Piolo/Jerome
 Assisted by: Sir Dante Alonzo","1,000","Active","Purok 6, Warding Bayambang Pangasinan",""
"3492","","1776226307","MBAU_Virgilio_Velasco","639917046035","15 - Prepaid","Non-Active","April 15, 2026","NAP:N/A
 LCP:N/A
 Port:4
 TECHNICIAN:Marvin V / Ma king","1,000","Active","Zone 3 Primicias Bautista Pangasinan",""
"3493","","1776295964","MLAO_Espie_Rosal","639123031553","16 - Prepaid","Non-Active","April 16, 2026","NAP:N/A
 LCP:N/A
 Port:1
 TECHNICIAN:Marvin V / Piolo / Ma king
 Assisted by:ma'am Valenng","1,000","Active","Zone 4 Laoac East Alcala Pangasinan",""
"3494","","1776316270","XBED_Jericho_Lopez","639460021423","28 - Prepaid","Non-Active","April 16, 2026","Lcp:
 Port:3
 Nap:
 TECHNICIAN: renz - juhn v
 ==============
 Downgrade 06/22/2026
 Downgrade form 100 Mbps to 50 Mbps - hans
 ====================
 OLD DD: 17
 RC: AUG 28
 NEXT DD: SEPT 28 2026 -CLARISSE","799","Active","Brgy. Penia Pedania Bedania Mangatarem",""
"3495","","1776322625","MSTP_Ailynjan_Delacruz","639530334160","17 - Prepaid","Non-Active","April 16, 2026","Nap info: N/A
 Port-7
 Technicians: Piolo/Jerome","1,000","Active","San agustin Sto tomas Pangasinan",""
"3496","","1776380402","MSTP_Chris_Tamondong","639484695207","17 - Prepaid","Non-Active","April 17, 2026","LCP-11
 Nap-7
 Port-4
 Technicians: Piolo/Jerome
 Assisted by: Sir Marben Lucero","799","Active","Zone 2 San antonio Sto tomas Pangasinan",""
"3497","","1776387809","MSTP_Brenda_Ubaldo","639157178434","17 - Prepaid","Non-Active","April 17, 2026","OK
 Nap info: N/A
 Port-1
 Technicians: Piolo/Jerome","799","Active","Zone 6 San Marcos Sto tomas pangasinan",""
"3498","","1776389082","DHE_Angel_Menez","639911447061","17 - Prepaid","Non-Active","April 17, 2026","NAPBOX: 7
 LCP: 1
 PORT: 8
 TECHNICIAN: Joemari / Jeff
 ASSISTED BY: Sir Dante","1,000","Active","Purok 3 Hermoza Bayambang Pangasinan",""
"3499","","1776469352","MLAO_Verlita_Gomez","639064650820","23 - Prepaid","Non-Active","April 18, 2026","Nap Info:
 ALC
 Lcp: 4
 Nap: 7
 Port: 11
 Technicians: Piolo/Joemari/Jerome
 ---------------------------
 rc= aug 2 2026
 new dd: sept 23 2026-clarisse","1,000","Active","Zone 1 Laoac East Alcala Pangasinan",""
"3500","","1776469750","XPIN_Cristeta_Fortez","639935769369","1 - Prepaid","Non-Active","April 18, 2026","LCP:
 NAP:
 PORT:14
 TECHNICIAN:John / Edward
 =================
 OLD DD: 18
 RC: JUNE 03
 NEW DD: JULY 3-CLARISSE
 ==================
 OLD DD: 3
 RC: JULY 11 2026
 NEXT DD: AUG 11 2026-CLARISSE
 ==================
 OLD DD AUG 11 2026
 RECON AUG 31 2026 
 NEW DD: OCTOBER 1 26 -CLARISSE","1,000","Active","Zone 7 Pindangan Centro",""
"3501","","1776471610","MSN_Jennilyn_Delacruz","639933643482","20 - Prepaid","Non-Active","April 18, 2026","LCP:
 NAP:
 PORT:8
 TECHNICIAN: Jojo and Edward","1,000","Active","Zone 2 Aguinaldo St San Nicolas Alcala Pangasinan",""
"3502","","1776474182","XAM1_Gizelle_DeGuzman","639069754558","25 - Prepaid","Non-Active","April 18, 2026","OK
 Lcp:
 Port:3
 Nap:
 TECHNICIAN: renz - juhn v
 old dd:18/adjusted 7 days-darz/ new dd: 25","1,000","Active","Purok 1, Ambayat 1st Bayambang Pangasinan",""
"3503","","1776515570","TSG1_Marcela_Ferrer","639858610225","28 - Prepaid","Non-Active","April 18, 2026","Nap Info:
 201-4
 Byb-65
 Lcp-1
 Nap-4
 Port-12
 Technicians: Joemari/Jerome","1,000","Active","Purok 2 SnGabriel 1st Bayambang Pangasinan",""
"3504","","1776591281","XBS_Lolita_Cayabyab","639066160197","20 - Prepaid","Non-Active","April 19, 2026","NAPBOX: 5
 LCP: 1
 PORT: 10
 TECHNICIAN: MARVIN / JEFF","1,000","Active","Bical Sur, Bayambang,Pangasinan 09555786144",""
"3505","","1776598438","XMS_Raffy_Lasquite","639060323611","20 - Prepaid","Non-Active","April 19, 2026","NAPBOX: N/A
 LCP: 1
 PORT: 14
 TECHNICIAN: MARVIN/JEFF","1,000","Active","Manambong Sur Subdivision Bayambang Pangasinan",""
"3506","","1776645014","MSTP_Louie_Marzan","639658190212","25 - Prepaid","Non-Active","April 20, 2026","LCP:10
 NAP:8
 PORT:8
 TECHNICIAN:John / Edward","1,000","Active","Sto nino sto tomas Pangasinan",""
"3507","","1776669118","XDI_Romeo_Sison","639452106823","21 - Prepaid","Non-Active","April 20, 2026","NAP:N/A
 LCP:N/A
 Port:3
 TECHNICIAN:Jeff / Ma king","799","Active","Sitio. Namualan Norte, Brgy. Diaz, Bautista, Pangasinan",""
"3508","","1776682398","DDA_Jennyrose_Barrozo","639273651664","21 - Prepaid","Non-Active","April 20, 2026","LCP: 1
 NAP:2
 Port:14
 TECHNICIAN:nomel/marvin","1,000","Active","Purok 3 Darawey Bayambang Pangasinan",""
"3509","","1776730368","DCS_Khristeenmae_Sison","639065598071","21 - Prepaid","Non-Active","April 21, 2026","NAPBOX: 6
 LCP: 1
 PORT: 13
 TECHNICIAN: Making/Jeff","1,000","Active","Cadre Site Bayambang Pangasinan
 Ok",""
"3510","","1776731262","MPE_Evelyn_Inigo","639984247921","21 - Prepaid","Non-Active","April 21, 2026","Nap Info: N/A
 Port: 4
 Technicians: Joemari/Jerome","1,000","Active","soriano st poblacion east alcala pangasinan
 OK",""
"3511","","1776731324","DCA_Johnglenn_Ragasa","639452130956","22 - Prepaid","Non-Active","April 21, 2026","LCP: 0
 NAP:2
 Port:9
 TECHNICIAN:nomel/marvin","1,000","Active","Purok 2 Carungay Bayambang Pangasinan",""
"3512","","1776733386","MPINE_Marvinrey_Miranda","639166043230","22 - Prepaid","Non-Active","April 21, 2026","Nap Info: N/a
 Port: 3
 Technicians: Piolo/Joemari/Jerome
 Assisted by: Valerie","1,500","Active","Pindangan Centro Alcala pangasinan",""
"3513","","1776753666","MSTP_Carizza_Corpuz","639813228476","21 - Prepaid","Non-Active","April 21, 2026","Nap Info:
 ALC
 Lcp: 10
 Nap: 8
 Port: 2
 Technicians: Joemari/Jerome","1,000","Active","Santo nino sto tomas pangasinan
 OK",""
"3514","","1776754234","XHE_Hazel_Abalos","639070990887","27 - Prepaid","Non-Active","April 21, 2026","LCP: 
 NAP:
 Port:16
 TECHNICIAN:nomel/marvin","799","Active","Purok 3 Hermoza, Bayambang Pangasinan",""
"3515","","1776813446","MBAU_Renynalyn_Guevarra","639932839274","23 - Prepaid","Non-Active","April 22, 2026","LCP:4
 NAP:3
 PORT:10
 TECHNICIAN:John / Edward
 ========================
 old dd: 23
 isolir: 9
 RC: JULY 13 2026
 NEXTDD: AUG 04 2026-CLARISSE","1,000","Active","Zone 1 primicias bautista pangasinan",""
"3516","","1776865000","TNN_Joy_Cayabyab","639271239713","23 - Prepaid","Non-Active","April 22, 2026","Nap Info: N/A
 Port: 4
 Technicians: Joemari/Jerome","1,000","Active","NIbaliw Norte  zone 5 Bautista Pangasinan",""
"3517","","1776872482","MSTP_Yvonnie_Dacalanio","639671856733","24 - Prepaid","Non-Active","April 22, 2026","Lcp:
 Port:9
 Nap:
 TECHNICIAN: renz - juhn v","799","Active","La Luna Sto. Tomas Pangasinan",""
"3518","","1776915927","XPA_Marino_Cayabyab","639166080197","23 - Prepaid","Non-Active","April 23, 2026","Nap Info: N/A
 Port: 9
 Technicians: Joemari/Jerome","1,000","Active","Purok 1 Brgy Pangdel Bayambang Pangasinan
 ok",""
"3519","","1776921491","XAMS_Efren_Benitez","639459744866","23 - Prepaid","Non-Active","April 23, 2026","NAPBOX: 8
 LCP: 1
 PORT: 10
 TECHNICIAN: Making/Jeff","1,000","Active","Purok 5 Amancosiling Sur Bayambang Pangasinan",""
"3520","","1776923309","XMAN_Leticia_Siatriz2","639507885487","28 - Prepaid","Non-Active","April 23, 2026","LCP:N/A
 NAP:N/A
 Port:11
 TECHNICIAN: office 
 old dd:23/adjusted 7 days/new dd: 30-darz","799","Active","Purok 2, Managos,Bayambang,Pangasinn",""
"3521","","1776931453","MSJC_Anthony_Adsuara","639365962467","25 - Prepaid","Non-Active","April 23, 2026","LCP:
 NAP:
 PORT:4
 TECHNICIAN:John / Edward","799","Active","Agoncillo st San juan alcala pangasinan",""
"3522","","1776940152","MANU_JanJoshua_Totaan","639280798014","23 - Prepaid","Non-Active","April 23, 2026","LCP:2
 NAP:5
 PORT:6
 TECHNICIAN:John / Edward","1,000","Active","Bacolor st anulid alcala pangasinan",""
"3523","","1776985150","MSTP_Reallin_Cabural","639070204559","24 - Prepaid","Non-Active","April 24, 2026","Lcp:
 Port:10
 Nap:
 TECHNICIAN: renz - juhn v","799","Active","San agustin Sto tomas Pangasinan",""
"3524","","1776988930","XAM2_Glenda_Ocsona","639927362793","24 - Prepaid","Non-Active","April 24, 2026","LCP:1
 NAP:6
 PORT:2
 TECHNICIAN:John / Edward","1,000","Active","Purok 2 Ambayat 2nd Bayambang Pangasinan",""
"3525","","1777022921","MSJC_Jelame_Itorma","639935288650","24 - Prepaid","Non-Active","April 24, 2026","Lcp:
 Port:13
 Nap:
 TECHNICIAN: renz - juhn v","1,000","Active","Sitio Canan San juan Canan Alcala pangasinan",""
"3526","","1777076489","XBUA_Fred_Consul","639638592555","27 - Prepaid","Non-Active","April 25, 2026","OK
 NAP:4
 LCP:1
 Port:4
 TECHNICIAN:Jeff / Ma king","1,000","Active","Purok 1 Barangay Buayaen Bayambang Pangasinan",""
"3527","","1777091348","MSV_Rowena_Ferrer","639566354482","26 - Prepaid","Non-Active","April 25, 2026","OK
 Nap Info: N/A
 Port: 5
 Technicians: Joemari/Jerome","1,000","Active","Rizal st San vicente Alcala Pangasinan",""
"3528","","1777098998","MSN_Amadeo_Tagama","639199830144","26 - Prepaid","Non-Active","April 25, 2026","Nap Info: N/A
 Port: 3
 Technicians: Joemari/Jerome","799","Active","Zone 3 San Nicolas Alcala Pangasinan",""
"3529","","1777155113","MPW_Donald_Formentos","639930726763","28 - Prepaid","Non-Active","April 26, 2026","NAPBOX: n/a
 LCP: n/a
 PORT: 12
 TECHNICIAN: Edward / Jeff
 ASSISTED: Valerie","1,000","Active","Zone 1 castaneda st Pob west Alcala Pangasinan",""
"3530","","1777162549","MTA_Wely_Asuncion","639303092700","28 - Prepaid","Non-Active","April 26, 2026","LCP: 1
 NAP:1
 Port:13
 TECHNICIAN:nomel/marvin
 ====================
 may 29 2026
 old dd: 27
 new dd: 29 - moved 2 days no connection- clarisse","1,000","Active","Purok 3 Tatarac Bayambang Pangasinan",""
"3531","","1777168523","TWA_Brenda_Junio","639279966122","27 - Prepaid","Non-Active","April 26, 2026","Nap Info: N/A (white Nap)
 Port: 1
 Technicians: Joemari/Jerome","1,000","Active","Purok 4 Wawa Tanggal Bbang Pangasinan",""
"3532","","1777240221","MPINE_Leonida_Nelmida","639922058598","27 - Prepaid","Non-Active","April 27, 2026","LCP:
 NAP:
 PORT:7
 TECHNICIAN:John / Edward","1,000","Active","Zone 1 Pindangan West Alcala Pangasinan",""
"3533","","1777251969","TPU_Willy_Solomon","639752032944","27 - Prepaid","Non-Active","April 27, 2026","Nap-2
 Port-7
 Technicians: Joemari/Jerome","1,000","Active","Purok 3 Pugo Bbang Pangasinan",""
"3534","","1777265211","DBN_Resty_Sabangan1","639155885042","28 - Prepaid","Non-Active","April 27, 2026","LCP:1
 NAP:1
 Port:1
 TECHNICIAN:piolo/boss dong","1,000","Active","Avocado st Bical Norte Bayambang Pangasinan",""
"3535","","1777265974","XAMS_Lourdes_Masiglat","639777546708","28 - Prepaid","Non-Active","April 27, 2026","NAP:N/A
 LCP:N/A
 Port:11
 TECHNICIAN:Jeff / Ma king","1,000","Active","Purok 6, Amancosiling Sur Bayambang Pangasinan",""
"3536","","1777268312","XID_MarkDavid_Matabang","639123758737","27 - Prepaid","Non-Active","April 27, 2026","LCP: none
 NAP:none
 Port:11
 TECHNICIAN:nomel/marvin
 ========================
 JULY 29 2026
 CLIENT WALK IN DUE TO NO CONNECTION LAST JULY 25 AFTER POWER OUTAGE CLIENT PAID LAST JULY 27 VIA WEBSITE STILL NO CONNECTION OFR 3 DAYS OFFER TO ADJUST THE GRACE PERIOD INSTEAD OF MOVEMENT OF DUE DATE  , CLIENT AGREED FOR 7 DAYS GRACE PERIOD- 
 SAME DD: 27 NEW ISOLIR 7 DAYS APPLICABLE FOR AUGUST 2026 -CLARISSE","1,000","Active","Purok 3 Barangay Idong, Bayambang Pangasinan sa likod ng Elementary School ng Idong
 OK",""
"3537","","1777288210","XBUA_Sunny_Justo","639634796896","28 - Prepaid","Non-Active","April 27, 2026","LCP:N/A
 NAP:N/A
 Port:1
 TECHNICIAN:piolo/boss dong","799","Active","Purok 6 Kalye Onse Buayaen Bayambang Pangasinan",""
"3538","","1777336236","MSTP_Roamer_Reboja","639993288937","28 - Prepaid","Non-Active","April 28, 2026","NAPBOX: N/A
 LCP: N/A
 PORT: 2
 TECHNICIAN: Edward / Jeff","799","Active","San jose Sto Tomas Pangasinan",""
"3539","","1777336982","MSTP_Leah_Escobar","639454581037","1 - Prepaid","Non-Active","April 28, 2026","LCP:N/A
 NAP:N/A
 Port:8
 TECHNICIAN:piolo/boss dong
 ========
 July 20, reconnection
 new d 20 with only 4 days isolir - hans
 ==========
 September 5, 2026 RECONNECTION
 old dd 20
 new dd 1 - hans","1,000","Active","San agustin Sto tomas Pangasinan",""
"3540","","1777345861","MSTP_Joyceann_Brul","639668641743","22 - Prepaid","Non-Active","April 28, 2026","NAPBOX: N/A
 LCP: N/A
 PORT: 2
 TECHNICIAN: Edward / Jeff
 =========
 July 22, 2026 reconnection 
 New dd 22
 old dd 28 - hans","1,500","Active","San Agustin Sto tomas Pangasinan",""
"3541","","1777374796","TSV_Rolly_Solomon","639913032672","28 - Prepaid","Non-Active","April 28, 2026","OK","1,000","Active","Purok 4 Sn.Vicente Bayambang Pangasinan",""
"3542","","1777422797","MPW_Crislyn_Ancero","639525405962","28 - Prepaid","Non-Active","April 29, 2026","Nap Info: N/A
 Port-16
 Technicians: Joemari/Jerome","1,500","Active","Malone st Poblacion west alcala pangasinan
 oK",""
"3543","","1777429797","TDU_Elmer_Abalos","639544637668","28 - Prepaid","Non-Active","April 29, 2026","Port:8
 Nap:1
 TECHNICIAN: renz - juhn v","1,000","Active","Purok 1 Dusoc Bbang  Pangasinan
 OK",""
"3544","","1777433125","TSV_Mailene_Arboleda","639163051954","28 - Prepaid","Non-Active","April 29, 2026","Lcp:
 Port:11
 Nap:
 TECHNICIAN: renz - juhn v","799","Active","Purok 4 Sn.Vicente  Bayambang  Pangasinan
 OK",""
"3545","","1777434322","MBSM_Longie_Ancero","639553949461","28 - Prepaid","Non-Active","April 29, 2026","LCP:N/A
 NAP:N/A
 Port:2
 TECHNICIAN:piolo/boss dong","1,500","Active","Bilidan Bersamin Alcala Pangasinan",""
"3546","","1777441341","XSG2_Rowena_Biay","639167740103","28 - Prepaid","Non-Active","April 29, 2026","NAPBOX: 8
 LCP: 1
 PORT: 6
 TECHNICIAN: Edward / Jeff","1,000","Active","Purok 2, San Gabriel 2nd Bayambang Pangasinan",""
"3547","","1777505535","MBSM_Mark_Salvador","639150739578","28 - Prepaid","Non-Active","April 30, 2026","Lcp:
 Port:2
 Nap:
 TECHNICIAN: renz - juhn v","1,000","Active","Camangaan st Bersamin Alcala Pangasinan",""
"3548","","1777509412","XDU_Marites_Castillo","639854854073","28 - Prepaid","Non-Active","April 30, 2026","Nap Info: N/A
 Port-5
 Technicians: Joemari/Jerome","1,000","Active","Brgy.Dusoc",""
"3549","","1777511360","XPIN_Ronald_Dumaoal","639938621051","28 - Prepaid","Non-Active","April 30, 2026","NAPBOX: n/a
 LCP: n/a
 PORT: 3
 TECHNICIAN:  Marvin / Jeff
 ASSISTED: SIR CRIS","799","Active","Zone 3 pindangan centro alcala pangasinan.",""
"3550","","1777513801","XAMN_Lea_Gastardo","639083254005","28 - Prepaid","Non-Active","April 30, 2026","LCP:1
 NAP:1
 Port:1
 TECHNICIAN:piolo/boss dong","1,000","Active","Purok 2 Amangcosiling Norte Bayambang pangasinan",""
"3551","","1777517079","XBED_Angelica_Cabrera","639453841474","28 - Prepaid","Non-Active","April 30, 2026","NAP:2
 LCP:1
 Port:13
 TECHNICIAN:Edward / Ma king
 old dd:28/ adjusted 7 days -darz/new dd: 5","799","Active","Purok 2 Bedania, Mangatarem Pangasinan
 OK",""
"3552","","1777524475","XCB_Jonie_Espiritu","639281784130","1 - Prepaid","Non-Active","April 30, 2026","NAP:5
 LCP:1
 Port:2
 TECHNICIAN:Edward / Ma king
 =========================
 OLD DD: 28
 RC: JUNE 04 2026
 NEW DD: JULY 01 PLUS 4 DAYS GRACE PERIOD- CLARISSE","799","Active","Purok 4 142 Cabayaosan Mangatarem Pangasinan",""
"3553","","1777525525","XSTP_Domingo_Marquez","639282791936","4 - Prepaid","Non-Active","April 30, 2026","NAPBOX: 3
 LCP: 10
 PORT: 2
 TECHNICIAN:  Jeff/Renz","799","Active","Zone 7, Santo Domingo Santo Tomas KAPITBAHAY NI XSTP_Teresa_Terrado",""
"3554","","1777527270","MPW_Rosemarie_Pastor","639566390254","28 - Prepaid","Non-Active","April 30, 2026","Lcp:
 Port:12
 Nap:
 TECHNICIAN: renz - juhn v","1,000","Active","Malone St Poblacion West Alcala Pangasinan",""
"3555","","1777531787","XPIN_Jessieca_Torres","639127412583","28 - Prepaid","Non-Active","April 30, 2026","NAPBOX: n/a
 LCP: n/a
 PORT: 8
 TECHNICIAN: Jeff / Marvin
 ASSISTED: SIR CRIS","799","Active","Pindangan centro zone 7 alcala pangasinan",""
"3556","","1777531886","XPIN_Bill_Agustin","639685649661","28 - Prepaid","Non-Active","April 30, 2026","NAPBOX: n/a
 LCP: n/a
 PORT: 16
 TECHNICIAN: Marvin  / Jeff
 ASSISTED : Sir Cris","1,000","Active","Pindangan west zone 6 labuan road",""
"3557","","1777616557","XSV_KrystalGaile_Ballesteros","639777539760","4 - Prepaid","Non-Active","May 01, 2026","LCP:1
 NAP:8
 Port:1
 TECHNICIAN:piolo","1,000","Active","Purok 4, Espiritu Compound, San Vicente, Bayambang, Pangasinan",""
"3558","","1777639450","XBUA_Rudy_Velasco","639216347822","2 - Prepaid","Non-Active","May 01, 2026","Lcp:
 Port:5
 Nap:
 TECHNICIAN: renz - Eduard","1,000","Active","Purok 2 Talimpugo St. Buayaen Bayambang Pangasinan
 OK",""
"3559","","1777674124","MKIS_Maryjane_Ramos","639566382283","4 - Prepaid","Non-Active","May 02, 2026","Nap Info: N/A
 Port-3
 Technicians: Joemari/Jerome","1,000","Active","Zone 1 Kisikis Alcala Pangasinan",""
"3560","","1777678379","MPINE_Corleto_Lazaga","639277293024","17 - Prepaid","Non-Active","May 02, 2026","NapBox: N/A
 LCP: 
 Port: 4
 Technicians: Joemari/Jerome","799","Active","Zone 1 Pindangan West Alcala Pangasinan",""
"3561","","1777681636","XBW_Marites_Pacleb","639634807275","2 - Prepaid","Non-Active","May 02, 2026","Lcp:1
 Port:8
 Nap:1
 TECHNICIAN: renz - Eduard","1,000","Active","Purok 7 Bongato West, Bayambang Pangasinan",""
"3562","","1777683157","XHE_Eden_Camorongan","639666611726","3 - Prepaid","Non-Active","May 02, 2026","NAP:N/A
 LCP:N/A
 Port:14
 TECHNICIAN:Jeff / Ma king
 Over span Fee:1000","1,000","Active","Brgy. Hermoza Bayambang Pangasinan sa likod ng Plaza",""
"3563","","1777689316","XDA_RizzaJane_Gloria","639365059629","3 - Prepaid","Non-Active","May 02, 2026","Port:11
 TECHNICIAN:piolo/boss dong","1,000","Active","Darawey Bayambang Pangasinan",""
"3564","","1777700695","XBW_AshleyMae_Ramos","639152696171","4 - Prepaid","Non-Active","May 02, 2026","NAP:1
 LCP:1
 Port:8
 TECHNICIAN:Edward / Ma king","1,000","Active","7 Bongato West, Bayambang Pangasinan",""
"3565","","1777701322","XSTP_DanicaJoy_Pulido","639508304941","4 - Prepaid","Non-Active","May 02, 2026","NAPBOX: 4
 LCP: 11
 PORT: 2
 TECHNICIAN:  Jeff/Renz","1,000","Active","#97 San Antonio Sto. Tomas Pangasinan",""
"3566","","1777703528","XHE_DonnaMae_Pahaganas","639387764971","2 - Prepaid","Non-Active","May 02, 2026","LCP: 
 NAP:
 Port:6
 TECHNICIAN:nomel/marvin","1,000","Active","Purok 1. Hermoza Bayambang Pangasinan
 OK",""
"3567","","1777764763","DMA_Carol_Padua","639506697630","4 - Prepaid","Non-Active","May 03, 2026","LCP:1
 NAP:5
 Port:10
 TECHNICIAN:piolo","1,000","Active","Purok 3 Malioer Bayambang Pangasinan",""
"3568","","1777785869","MPE_Precious_Grande","639940940844","6 - Prepaid","Non-Active","May 03, 2026","NapBox: n/a
 LCP: n/a
 Port: 4
 Technicians: Jeff/Renz","1,000","Active","P sison st. Poblacion Alcala Pangasinan",""
"3569","","1777795633","XSG2_Mercy_DeGuzman","639670229549","5 - Prepaid","Non-Active","May 03, 2026","NapBox:N/A
 LCP:N/A
 Port:2
 Technicians:piolo/nomel/Marvin 
 ========
 May 29, 2026 - Downtime
 Isolir date, 2 days adjusted
 2 days no Connection - hans","1,000","Active","Purok 3 Sitio Lagare San Gabriel 2nd Bayambang Pangasinan
 OK",""
"3570","","1777799792","XAM2_PettyJay_Ocsona","639771203957","18 - Prepaid","Non-Active","May 03, 2026","NapBox:
 LCP:
 Port:3
 Technicians:Edward / Ma king
 =========
 7/14/26 Done Pullout Modem/Unplugged nap4 port11 -making/edward
 ========
 7/18/26 Reconnection","1,000","Active","Purok 1 Ambayat 2nd, Bayambang Pangasinan
 OK",""
"3571","","1777853508","XSTP_Emmanuel_Semana","639164097143","11 - Prepaid","Non-Active","May 04, 2026","NapBox:4
 LCP:10
 Port:12
 Technicians: NOMEL FLORES, MARVIN VILLIDAR,","1,000","Active","Zone 6 San Antonio Sto.Tomas Pangasinan",""
"3572","","1777853692","XTE_Shirley_Tinte","639502909875","5 - Prepaid","Non-Active","May 04, 2026","OK
 NapBox:6
 LCP:1
 Port:14
 Technicians: Edward/ Ma king","799","Active","Purok 1, Sison compound
 Telbang",""
"3573","","1777855658","XTA_Perlita_Marcelo","639454902441","4 - Prepaid","Non-Active","May 04, 2026","Nap Info: 
 201-4
 Byb-65
 Lcp-1
 Nap-7
 Port-15
 Technicians: Joemari/Jerome","1,000","Active","Purok 1 Tatarac Bayambang Pangasinan,  Tabi ng church at center black gate",""
"3574","","1777857800","XBUA_Dennis_Asuncion","639083174869","5 - Prepaid","Non-Active","May 04, 2026","NapBox:4
 LCP:1
 Port:5
 Technicians: Edward/ Ma king","1,000","Active","Purok 1 Buayaen, Bayambang, Pangasinan",""
"3575","","1777859881","DCA_Samny_Granflor","639976520996","4 - Prepaid","Non-Active","May 04, 2026","LCP:1
 NAP:1
 Port:10
 TECHNICIAN:piolo","1,000","Active","Purok 6 Carungay Bayambang",""
"3576","","1777870496","XSPI_Brenda_Yazon","639811547355","5 - Prepaid","Non-Active","May 04, 2026","NapBox: 1
 LCP: 
 Port: 9
 Technicians: Joemari/Jerome","1,000","Active","Phase II Lot 2 Blk 11 Ruby St. Doña Maria Lourdes Village ,San Pedro ili,Alcala",""
"3577","","1777882827","XSAN_Rebina_Quibual","639926594843","6 - Prepaid","Non-Active","May 04, 2026","NapBox:N/A
 LCP:N/A
 Port:9
 Technicians: Edward/ Ma king","1,000","Active","Agoncillo St. San Juan Alcala Pangasinan",""
"3578","","1777892352","TDU_Bahazar_Abalos","639059008074","6 - Prepaid","Non-Active","May 04, 2026","NapBox: N/A
 LCP: 
 Port: 13
 Technicians: Joemari/Jerome
 ==================
 JULY 8 2026- DOWGRADED TO 799-CLARISSE","799","Active","Purok 3 Brgy Dusoc Bbang Pangasinan",""
"3579","","1777905116","XPIN_Freddie_Cabiso","639923297798","5 - Prepaid","Non-Active","May 04, 2026","NapBox: 
 LCP: 
 Port: 14
 Technicians: Joemari/Jerome","799","Active","Zone 2 pindangan centro alcala pangasinan
 OK",""
"3580","","1777939620","XSTP_Arlyn_Pulido","639467235500","5 - Prepaid","Non-Active","May 05, 2026","NapBox: 4
 LCP: 10
 Port: 7
 Technicians: Joemari/Jerome","1,000","Active","Zone 5 San Antonio, Sto. Tomas, Pangasinan",""
"3581","","1777943793","XSV_Sharmaine_Abalos","639272402760","6 - Prepaid","Non-Active","May 05, 2026","NapBox: N/A
 LCP: 
 Port: 15
 Technicians: Joemari/Jerome","1,000","Active","Purok 3 San Vicente Bayambang
 OK",""
"3582","","1777960908","TAM2_Glomar_Abalos","639120033628","5 - Prepaid","Non-Active","May 05, 2026","NapBox: 7
 LCP: 1
 Port: 1
 Technicians: Jeff/Renz","799","Active","Purok 3 ambayat 2nd Bbang Pangasinan",""
"3583","","1777984297","DHE_Markwilliamlim_Abalos","639107837814","7 - Prepaid","Non-Active","May 05, 2026","NapBox:N/A
 LCP:N/A
 Port: 16
 Technicians:piolo/john
 AGENT: Dante Alonzo","1,000","Active","Purok 3 Hermoza Bayambang Pangasinan
 OK",""
"3584","","1778006473","MLAO_Markjayson_Vallegos","639456031324","6 - Prepaid","Non-Active","May 06, 2026","NapBox: n/a
 LCP: n/a
 Port: 3
 Technicians: Jeff/Renz","1,000","Active","Alcantara st Laoac East Alcala Pangasinan",""
"3585","","1778025730","XINA_Antonio_Bayona","639060480601","13 - Prepaid","Non-Active","May 06, 2026","NapBox:3
 LCP:1
 Port:1
 Technicians: NOMEL FLORES, MARVIN VILLIDAR
 old dd:6/ adjusted 7 days-darz/ new dd:13","799","Active","Purok1 Inanlorenza Bayambang Pangasinan",""
"3586","","1778050164","TDU_Jackielou_Roy","639164520483","6 - Prepaid","Non-Active","May 06, 2026","NapBox: N/A
 LCP: 
 Port: 14
 Technicians: Joemari/Jerome","1,000","Active","Purok 3 Dusoc Bbang Pangasinan",""
"3587","","1778057535","MSJC_Jose_Paras","639703854811","7 - Prepaid","Non-Active","May 06, 2026","NapBox: N/A
 LCP: 
 Port: 13
 Technicians: Joemari/Jerome","1,000","Active","Rizal st san juan alcala pangasinan",""
"3588","","1778122218","XSTP_Nancy_Laureta","639192055540","10 - Prepaid","Non-Active","May 07, 2026","OK
 NapBox: 8
 LCP: 10
 Port: 9
 Technicians: Joemari/Jerome","1,000","Active","Sto ñino sto. Tomas Pangasinan",""
"3589","","1778123021","XMAN_Brandy_Salcedo","639451883647","7 - Prepaid","Non-Active","May 07, 2026","NapBox:6
 LCP:1
 Port:7
 Technicians: Edward/ Ma king","1,000","Active","Purok 4 Managos Bayambang Pangasinan",""
"3590","","1778129746","XMAN_Carlos_Valdoz","639539054713","16 - Prepaid","Non-Active","May 07, 2026","NapBox:6
 LCP:1
 Port:16
 Technicians: Edward/ Ma king
 ===============================
 kune 04 2026-
 requested bY the client new DD: JULY 16 PLUS 4 DAYS GRACE PERIOD CAN PAY ON OR BEFORE JULY 20 2026
 SINCE SALARY DATE- SENIOR- CLARISSE","1,000","Active","Purok 4 Managos Bayambang Pangasinan",""
"3591","","1778136289","XSV_Elizabeth_Bolima","639096482809","8 - Prepaid","Non-Active","May 07, 2026","NapBox:6
 LCP:1
 Port:2
 Technicians: Edward/ Ma king
 =============================
 June 3, 2026
 Approved adjustment: 7 days isolation.
 Service interruption started on May 28, 2026 at approximately 7:00 PM and was restored on May 31, 2026 at approximately 7:00 AM.
 As compensation for the outage, a 7-day adjustment to the payment schedule has been approved.
 – Clarisse
 ===================================
 
 July 8 2026- reprocessed payment due to 600.00 discrepance, Maam shei just paid 200 via website dut to wrong discount 
 resolution: manual treansaction send the 600.00 and unpaid the June bill- reprocessed attached the proof of of payment to customer details for reference,-Clarisse
 ================","1,000","Active","Purok 4, San Vicente Bayambang Pangasinan",""
"3592","","1778148394","XBW_Ronnie_Galsim","639100546632","8 - Prepaid","Non-Active","May 07, 2026","NapBox:4
 LCP:1
 Port:5
 Technicians: NOMEL FLORES, MARVIN VILLIDAR","1,000","Active","PUROK 4 BONGATO WEST BAYAMBANG PANGASINAN Galsim Compound/Tindahan ni Enteng malapit",""
"3593","","1778195643","MSN_Marsha_Nozawa","639193708155","8 - Prepaid","Non-Active","May 08, 2026","NapBox:N/A
 LCP:N/A
 Port:11
 Technicians:piolo/Alfredo","1,000","Active","Castaneda st San Nicolas Alcala Pangasinan",""
"3594","","1778200034","XZ6_Eric_Imatong","639999822328","4 - Prepaid","Non-Active","May 08, 2026","NapBox:2
 LCP:1
 Port:9
 Technicians:piolo/NOMEL/Alfredo
 ========
 Additional 3 days grace period due to 3 days no connection - hans
 =========
 August 4, 2026
 old dd - 15
 new dd - 4 - hans","1,000","Active","Brgy Zone VI, Bayambang, Pangasinan",""
"3595","","1778200772","XANU_Charlie_DeGuzman","639955494595","9 - Prepaid","Non-Active","May 08, 2026","NapBox:3
 LCP:3
 Port:2
 Technicians:piolo/Edward","1,000","Active","#35 Zone V A Barangay  Anulid Alcala Pangasinan.",""
"3596","","1778236162","XBUA_Daisyreen_DeGuzman","639916474203","9 - Prepaid","Non-Active","May 08, 2026","NapBox:2
 LCP:1
 Port:13
 Technicians:piolo/Edward","799","Active","281 Buayaen, Purok V, Bayambang, Pangasinan, Nearest Landmark: Alejandro's Place Event & Resort",""
"3597","","1778293300","MSPI_Alona_Suratos","639553488002","11 - Prepaid","Non-Active","May 09, 2026","NapBox:N/A
 LCP:N/A
 Port:5
 Technicians: Edward/ Ma king","799","Active","Zone 4 San pedro ili alcala pangasinan",""
"3598","","1778323103","XDU_MarkLester_DeVera","639218779634","13 - Prepaid","Non-Active","May 09, 2026","NapBox:4
 LCP:1
 Port:13
 Technicians: NOMEL FLORES, RENZ","2,500","Active","Brgy. Dusoc, Bayambang",""
"3599","","1778371448","TINI_Jr_Delacruz","639150076266","12 - Prepaid","Non-Active","May 10, 2026","NapBox: 4
 LCP: 1
 Port: 1
 Technicians: Jeff/John","1,000","Active","Purok 7 inirangan Bbang Pangasinan
 OK",""
"3600","","1778380251","XSTP_Melvie_Belano","639195192026","10 - Prepaid","Non-Active","May 10, 2026","NapBox: N/A
 LCP: 
 Port: 2
 Technicians: Joemari/Jerome","799","Active","Zone 6 Sto Nino, Sto Tomas Pangasinan",""
"3601","","1778388149","XAMS_Natali_Lopez","639276568343","14 - Prepaid","Non-Active","May 10, 2026","NapBox:2
 LCP:1
 Port:14
 Technicians: Edward/ Ma king","1,000","Active","Purok 4 Amancosiling Sur",""
"3602","","1778388809","DCA_MANNY_Ragasa","639100150114","10 - Prepaid","Non-Active","May 10, 2026","NapBox:3
 LCP:0
 Port:12
 Technicians: NOMEL FLORES, MARVIN VILLIDAR, Jefferson","1,000","Active","Purok 2 Carungay Bayambang Pangasinan",""
"3603","","1778399975","DCA_Manny_Ragasa","639100150114","10 - Prepaid","Non-Active","May 10, 2026","NapBox:1
 LCP:0
 Port:13
 Technicians: NOMEL FLORES, MARVIN VILLIDAR","1,000","Active","Purok 2 Carungay Bayambang Pangasinan",""
"3604","","1778412905","XBED_Juliana_Catubig","639062448621","12 - Prepaid","Non-Active","May 10, 2026","NapBox:5
 LCP:1
 Port:9
 Technicians:piolo/boss dong","1,000","Active","150 Bedania Purok7 Mangatarem Pangasinan",""
"3605","","1778421109","DAP_Shirly_Bugarin","639705681653","13 - Prepaid","Non-Active","May 10, 2026","NapBox: 5
 LCP: 1
 Port: 14
 Technicians: Joemari/Jerome","1,000","Active","Purok 3 Apalen Bayambang Pangasinan",""
"3606","","1778456551","MPE_HenryJones_Calvero","639455479697","11 - Prepaid","Non-Active","May 11, 2026","NapBox:N/A
 LCP:N/A
 Port:7
 Technicians: Edward/ Ma king","1,000","Active","Zone 4 Poblacion East Alcala Pangasinan",""
"3607","","1778465330","XMAG_Ryan_Dizon","639062416567","27 - Prepaid","Non-Active","May 11, 2026","LCP:1
 Port:13
 Technicians:piolo/Alfredo","1,000","Active","Magsaysay Bayambang Pangasinan",""
"3608","","1778475622","MPW_Roel_Lucido","639309293308","11 - Prepaid","Non-Active","May 11, 2026","NapBox:N/A
 LCP:N/A
 Port:9
 Technicians: Edward/ Ma king","1,000","Active","Agocillo st. Poblacion West Alcala Pangasinan",""
"3609","","1778511027","XMAN_Alfredo_Codal","639709109272","19 - Prepaid","Non-Active","May 11, 2026","NapBox:5
 LCP:1
 Port:10
 Technicians:piolo/Alfredo 
 Old DD:12/ adjusted 7 days-darz/ new DD:19","1,000","Active","Purok 3, Managos Bayambang Pangasinan",""
"3610","","1778550875","XSG2_Cherry_Yango","639650351376","20 - Prepaid","Non-Active","May 12, 2026","NapBox: 
 LCP: 
 Port: 15
 Technicians: Jeff/Renz/Jerome
 =====================
 sept 3 2026
 OLD DD"" 19
 New DD:  sept 20 2026
 1 day movement of due date 
 repaired by nomel -Clarisse","1,000","Active","Purok 2, Balatazar, San Gabriel 2nd, Bayambang, Pangasinan, 2423, philippines
 OK",""
"3611","","1778552352","XAM2_Reymark_Virceles","639064403918","14 - Prepaid","Non-Active","May 12, 2026","NapBox:3
 LCP:1
 Port:1
 Technicians:piolo/Alfredo 
 -------------------
 SEPT 14 2026 
 SIR LESTER CLARIFIED THE BILLING OF THE CLIENT
 SEPT 10 2026 PAID VIA WEBSITE BUT DIDNT RECONNECT DUE TO THE AUGUST BILL IS UNPAID WHICH IS 0 AMOUNT,
 PAID THE AUGUST BILL TO AUTOMATICALLY RECONNECT - NEW DD IS EVERY 14TH OF THE MONTH 
 OCT 14 2026 -CLARISSE","1,000","Active","Purok 1 Ambayat 2nd, Bayambang Pangasinan",""
"3612","","1778553085","XSG2_Justine_Manzano","639271435138","12 - Prepaid","Non-Active","May 12, 2026","LCP:none
 Port:12
 Technicians: NOMEL FLORES, MARVIN VILLIDAR","1,000","Active","San Gabriel 2nd Bayambang, Pangasinan",""
"3613","","1778555602","XDI_Christian_Avan","639123015769","12 - Prepaid","Non-Active","May 12, 2026","NapBox: N/A
 LCP: 
 Port: 1
 Technicians: Joemari/Jerome","799","Active","Sitio Capaoay Diaz Bautista Pangasinan",""
"3614","","1778557102","DAP_Erlisa_Valeroso","639648811538","12 - Prepaid","Non-Active","May 12, 2026","NapBox: 6
 LCP: 1
 Port: 15
 Technicians: Jeff/John","1,000","Active","Putok 3 Apalen Bayambang Pangasinan
 OK",""
"3615","","1778580246","DZ1_Jobillen_Casingal","639636303997","13 - Prepaid","Non-Active","May 12, 2026","NapBox:N/A
 LCP:N/A
 Port:13
 Technicians:piolo/Alfredo","1,500","Active","Zone 1 Bayambang Pangasinan",""
"3616","","1778580717","DZ1_Emily_Rosario","639924251971","13 - Prepaid","Non-Active","May 12, 2026","NapBox:N/A
 LCP:N/A
 Port:14
 Technicians:piolo/Alfredo 
 ========================
 June 16 2026- Agent requested to upgrade from 100 mbps-200 mbps i500 plan-clarisse","1,500","Active","Zone 1 Bayambang Pangasinan",""
"3617","","1778627546","MSV_Rhoda_Cortez","639628290017","13 - Prepaid","Non-Active","May 13, 2026","OK
 NapBox:N/A
 LCP:N/A
 Port:10
 Technicians: Edward/ Ma king","1,000","Active","M pinto St san vicente Alcala Pangasinan",""
"3618","","1778633218","MSV_John_Callanta","639566382286","13 - Prepaid","Non-Active","May 13, 2026","OK
 NapBox:N/A
 LCP:N/A
 Port:4
 Technicians: Edward/ Ma king","1,000","Active","Zone 2 San Vicente Alcala Pangasinan",""
"3619","","1778634194","DMP_Catherine_Libres","639567950390","13 - Prepaid","Non-Active","May 13, 2026","NapBox:n/a
 LCP: n/a
 Port: 11
 Technicians: Jeff/John","1,000","Active","Sentro Manambong Parte",""
"3620","","1778640833","XMAI_Elma_Vinluan","639975273596","15 - Prepaid","Non-Active","May 13, 2026","NapBox: 
 LCP: 
 Port: 1
 Technicians: Joemari/Jerome","1,000","Active","Purok 4, Maigpa Bayambang Pangasinan
 OK",""
"3621","","1778659124","DCS_Norma_Martinez","639681749594","14 - Prepaid","Non-Active","May 13, 2026","NapBox:4
 LCP:1
 Port:6
 Technicians:piolo/Alfredo","1,000","Active","279 Cadre Site Bayambang Pangasinan",""
"3622","","1778729621","XAM1_Ronnie_Villar","639518899669","14 - Prepaid","Non-Active","May 14, 2026","NapBox:N/A
 LCP:N/A
 Port:3
 Technicians:piolo/Alfredo
 Referred by Maam Shei","799","Active","Purok 1 ambayat 1st, Bayambang Pangasinan",""
"3623","","1778743507","XZ1_Julita_Dumanlang","639276630307","15 - Prepaid","Non-Active","May 14, 2026","NapBox:N/A
 LCP:N/A
 Port:15
 Technicians:piolo/NOMEL/Alfredo","1,000","Active","BLK 3 stall 2 Quadricentennial Bldg Rizal Ave. Zone 1 Bayambang Pangasinan",""
"3624","","1778754597","XAMS_JhonBenhur_Devera","639939423469","15 - Prepaid","Non-Active","May 14, 2026","NapBox:N/A
 LCP:N/A
 Port:15
 Technicians: Edward/ Ma king","1,000","Active","Amancosiling sur Bayambang, Pangasinan Purok 6",""
"3625","","1778818793","MSPI_Noel_Pacaldo","639859714243","15 - Prepaid","Non-Active","May 15, 2026","NapBox:n/a
 LCP:n/a
 Port:6
 Technicians: Jeff/Renz","799","Active","DMLV Subdivision San Pedro Ili Alcala Pangasinan
 OK",""
"3626","","1778822936","XZ1_Rodrigo_DeGuerto","639924100251","15 - Prepaid","Non-Active","May 15, 2026","NapBox:
 LCP:
 Port:16
 Technicians: NOMEL FLORES, Alfredo, piolo","799","Active","Bayambang Public Market Zone 1 Bayambang Pangasinan 
 Beauty Salon",""
"3627","","1778823197","XSTP_Carl_Quitan","639175020215","16 - Prepaid","Non-Active","May 15, 2026","NapBox:None
 LCP:none
 Port:1
 Mayor's Security Guard
 Technicians: NOMEL FLORES, Alfredo","799","Active","#18 Brgy.Laluna  Sto.Tomas Pangasinan",""
"3628","","1778823542","XSTP_Raff_Marquez","639178011113","23 - Prepaid","Non-Active","May 15, 2026","OK
 NapBox:None
 LCP:none
 Port:9
 mayor's security guard
 Technicians: Alfredo and Nomel
 -----------------------------
 
 05 Aug 2026 16:41:01 260805023 XSTP_Raff_Marquez 639178011113 1778823542 - 1778823542 Internet
 L.O.S Close Villa Syo.Tomas Poblacion West Sto.Tomas Pangasinan
 repaired date = August 7 2026
 
 16 Aug 2026 17:17:07 260816017 XSTP_Raff_Marquez 639178011113 1778823542 - 1778823542 Internet
 L.O.S Close Villa Syo.Tomas Poblacion West Sto.Tomas Pangasinan
 repaired date = August 19 2026
 
 August 21 2026- Client availed the 7 days movement of due date
 
 OLD DD: AUGUST 16 NEW DD: AUGUST 23 PLUS 4 DAYS GRACE PERIOD-CLARISSE","799","Active","Villa Syo.Tomas Poblacion West Sto.Tomas Pangasinan",""
"3629","","1778823805","MSN_Jinky_Fernandez","639279409746","17 - Prepaid","Non-Active","May 15, 2026","NapBox: 
 LCP: 
 Port: 12
 Technicians: Joemari/Jerome","1,000","Active","Aguinaldo st. san nicolas Alcala Pangasinan",""
"3630","","1778890690","MPE_Romel_Miral","639098516429","22 - Prepaid","Non-Active","May 16, 2026","NapBox:N/A
 LCP:N/A
 Port:2
 Technicians:piolo/Alfredo","1,000","Active","Arboleda St POBLACION EAST ALCALA PANGASINAN
 OK",""
"3631","","1778896853","TBA_Rose_Villanueva","639123207735","16 - Prepaid","Non-Active","May 16, 2026","NapBox:6
 LCP:1
 Port:3
 Technicians:piolo/Edward","1,000","Active","Sitio Leksab Bani Bayambang Pangasinan",""
"3632","","1778899522","XBED_Arlene_Cayabyab","639537065212","9 - Prepaid","Non-Active","May 16, 2026","NapBox: 1
 LCP: 1
 Port: 4
 Technicians: Joemari/Jerome
 ===========
 July 2, 2026 Reconnection
 new dd: 2 - hans
 =============
 September 9, 2026 Due Date Adjustment
 additional 7 days due date adjustment due to almost 2 weeks power interruption
 old dd 2
 new dd 9 - hans","1,000","Active","PUROK 3, BEDANIA MANGATAREM, PANGASINAN",""
"3633","","1778902948","XPIN_Rico_Medrano","639461187001","17 - Prepaid","Non-Active","May 16, 2026","NapBox: 
 LCP: 
 Port: 10
 Technicians: Joemari/Jerome","1,000","Active","Purok Mannaraon, Pindangan East, Alcala Pangasinan 2425",""
"3634","","1778980464","MPE_Terrence_Arce","639277404869","27 - Prepaid","Non-Active","May 17, 2026","OK
 NapBox: n/a
 LCP: n/a
 Port: 2
 Technicians: Jeff/Renz
 ==========
 August 27, 2026 RECONNECTION
 old dd 18
 new dd 27 - hans","1,000","Active","Arboleda St. Poblacion East Alcala Pangasinan",""
"3635","","1778980913","MSPI_Marites_Dingalan","639182671783","18 - Prepaid","Non-Active","May 17, 2026","NapBox: 1
 LCP: n/a
 Port: 11
 Technicians: Jeff/Renz","1,000","Active","Dmlv subdivision San pedro ili alcala pangasinan",""
"3636","","1778981150","MLAO_Amalia_Gallardo","639277377742","23 - Prepaid","Non-Active","May 17, 2026","NapBox:none
 LCP:none
 Port:6
 Technicians: NOMEL FLORES, MARVIN,","799","Active","Zone 3 Laoac East Alcala Pangasinan",""
"3637","","1778981678","MLAO_Maryrose_Martinez","639292006458","19 - Prepaid","Non-Active","May 17, 2026","NapBox: 
 LCP: 
 Port: 12
 
 Technicians: Jeff/Renz/Jerome","1,000","Active","Zone 1 Laoac East Alcala Pangasinan
 OK",""
"3638","","1778990036","XBED_Jessa_Dancel","639268419300","18 - Prepaid","Non-Active","May 17, 2026","NapBox: 5
 LCP: 1
 Port: 5
 Technicians: Joemari/Jerome","1,000","Active","Purok 7 Barangay Bedania Mangatarem 
 Pangasinan",""
"3639","","1779007909","XAM2_Gloria_Soriano","639064520851","18 - Prepaid","Non-Active","May 17, 2026","NapBox: 3
 LCP: 1
 Port: 4
 Technicians: Joemari/Jerome","1,000","Active","Purok 1 Ambayat 2nd Bayambang Pangasinan",""
"3640","","1779086183","MCAN_Geron_Geronilla","639294757137","18 - Prepaid","Non-Active","May 18, 2026","NapBox: n/a
 LCP: n/a
 Port: 14
 Technicians: Jeff/renz","799","Active","Arboleda st Canarvacanan alcala pangasinan",""
"3641","","1779103830","DCA_Ruth_Bugarin","639625221798","19 - Prepaid","Non-Active","May 18, 2026","NapBox:7
 LCP:0
 Port:15
 Technicians:piolo/Alfredo","1,000","Active","Purok 5 Carungay Bayambang Pangasinan",""
"3642","","1779108311","DCA_Rosaline_Buno","639512744116","19 - Prepaid","Non-Active","May 18, 2026","NapBox:6
 LCP:0
 Port:1
 Technicians:piolo/Alfredo","1,000","Active","Purok 5 Carungay Bayambang Pangasinan",""
"3643","","1779117114","MSPI_Emilinda_Aquino","639187697850","19 - Prepaid","Non-Active","May 18, 2026","NapBox:
 LCP:
 Port:12
 Technicians:John and Marvin","1,000","Active","DMLV SUBDIVISION San pedro Ili Alcala Pangasinan",""
"3644","","1779117265","MSPI_Myrna_Peralta","639604731847","27 - Prepaid","Non-Active","May 18, 2026","Port: 15
 Technicians: Joemari/Jerome","799","Active","DMLV SUDIVISION San pedro ili alcala Pangasinan",""
"3645","","1779117424","MPINE_Maryjoy_Perrion","639460829224","20 - Prepaid","Non-Active","May 18, 2026","NapBox:N/A
 LCP:N/A
 Port:11
 Technicians:piolo/Alfredo","799","Active","Purok Mannaraon Pindangan East Alcala Pangasinan",""
"3646","","1779146335","MSV_Lyka_Tablatin","639462786652","19 - Prepaid","Non-Active","May 19, 2026","NapBox:
 LCP:
 Port:13
 Technicians:John and Marvin","799","Active","Zone 2 San Vicente Alcala Pangasinan",""
"3647","","1779167920","XAMS_Rio_Maniling","639925380289","20 - Prepaid","Non-Active","May 19, 2026","NapBox:7
 LCP:1
 Port:3
 Technicians: Edward/ Ma king","1,000","Active","Purok 6 Amangcosiling Sur Bayambang Pangasinan kapitbahay ni Kagawad Julius Cayabyab",""
"3648","","1779168396","XSPI_Mariella_Gutierrez","639684448915","20 - Prepaid","Non-Active","May 19, 2026","NapBox:N/A
 LCP:N/A
 Port:14
 Technicians:piolo/Alfredo","1,000","Active","San Pedro ili Alcala Pangasinan (zone 2)
 San Pedro ili elementary school",""
"3649","","1779170174","TMAG_John_Palaganas","639453200452","20 - Prepaid","Non-Active","May 19, 2026","NapBox: 
 LCP: 1
 Port: 12
 Technicians: Joemari/Jerome","1,000","Active","Magsaysay Bbang  Pangasinan 
 Near half court",""
"3650","","1779191349","DPA_Jonavil_Conception","639517030189","23 - Prepaid","Non-Active","May 19, 2026","NapBox:1
 LCP:1
 Port:9
 Technicians:John","1,000","Active","Purok 3 Pangdel Bayambang Pangasinan",""
"3651","","1779199737","MSTP_Tony_Semana","639632359332","20 - Prepaid","Non-Active","May 19, 2026","NapBox:3
 LCP:12
 Port:5
 Technicians: NOMEL FLORES, MARVIN
 ============
 September 10, 2026 RECONNECTION
 Old dd - 20
 new dd - 6 - hans","1,000","Active","Zone 6 San agustin Sto Tomas Pangasinan",""
"3652","","1779213918","MPINE_Wilfred_Serapion","639916866465","21 - Prepaid","Non-Active","May 20, 2026","NapBox: 
 LCP: 
 Port: 13
 Technicians: Joemari/Jerome","1,000","Active","Pindangan East Alcala Pangasinan",""
"3653","","1779232752","XSTP_Assessors_Office","639360745849","20 - Prepaid","Non-Active","May 20, 2026","NapBox:1
 LCP:10
 Port:9
 Technicians: NOMEL FLORES, MARVIN","1,000","Active","Municipality of Sto. Tomas assessors office",""
"3654","","1779236106","XMAN_Celanie_Salinas","639105797306","23 - Prepaid","Non-Active","May 20, 2026","NapBox:5
 LCP:1
 Port:3
 Technicians:John and Making
 ==========
 May 29, 2026 - Downtime
 OLD DD - 21
 NEW DD - 23
 2 days no Connection - hans","799","Active","Purok 1 Managos Bayambang Pangasinan",""
"3655","","1779242914","XTAN_JoanaMarie_Bacani","639930738289","24 - Prepaid","Non-Active","May 20, 2026","LCP: 
 Port: 12
 Technicians: Joemari/Jerome","1,000","Active","Bacante Tanolong Bayambang Pangasinan",""
"3656","","1779243737","XBUA_JudelynCaragan_Canteen","639638512150","25 - Prepaid","Non-Active","May 20, 2026","NapBox:4
 LCP:1
 Port:7
 Technicians:Jeff and John","799","Active","Purok 3 Buayaen Bayambang Pangasinan Client's 2nd Account (Canteen)",""
"3657","","1779248533","MSPI_Ludivina_Evangelista","639277294018","20 - Prepaid","Non-Active","May 20, 2026","NapBox:N/A
 LCP:N/A
 Port:8
 Technicians:piolo/Alfredo","1,000","Active","Zone 3 San Pedro ili Alcala pangasinan",""
"3658","","1779249946","MCAN_Leeann_Adsuara","639481885773","20 - Prepaid","Non-Active","May 20, 2026","NapBox: n/a
 LCP: n/a
 Port: 5
 Technicians: Jeff/Renz/John","1,000","Active","Primicias st Canarvacanan Alcala Pangasinan",""
"3659","","1779253441","XSTP_Comelec_Dept","639175589925","22 - Prepaid","Non-Active","May 20, 2026","NapBox:1
 LCP:10
 Port:10
 Technicians: NOMEL FLORES, MARVIN,jhon","1,000","Active","Municipality of Sto.Tomas Comelec Dept. Look for Ms. Ada",""
"3660","","1779264108","DINI_Jennifer_Cayabyab","639466251469","23 - Prepaid","Non-Active","May 20, 2026","NapBox:8
 LCP:1
 Port:9
 Technicians:John","1,000","Active","Seroy Inirangan Bayambang Pangasinan",""
"3661","","1779267813","DCA_Jm_Alonzo","639927596601","23 - Prepaid","Non-Active","May 20, 2026","NapBox:4
 LCP:1
 Port:5
 Technicians:John","1,000","Active","Purok 7 Carungay Bayambang Pangasinan",""
"3662","","1779271954","XPIN_Angelie_Bisarra","639102488540","21 - Prepaid","Non-Active","May 20, 2026","NapBox:N/A
 LCP:N/A
 Port:12
 Technicians:piolo/Alfredo","799","Active","Zone 6 pindangan east ALCALA pangasinan",""
"3663","","1779321564","XSG2_Airene_Obcena","639277778467","25 - Prepaid","Non-Active","May 21, 2026","NapBox:N/A
 LCP:N/A
 Port:16
 Technicians:piolo/Alfredo","799","Active","San Gabriel 2nd Bayambang Pangasinan",""
"3664","","1779336318","XBUA_Elsie_Regala","639816686032","13 - Prepaid","Non-Active","May 21, 2026","NapBox:
 LCP:
 Port:13
 Technicians:Jeff and John
 old dd:25/new dd:30-darz
 -----------------------
 SEPT 13 2026
 RECON 
 OLD DD- 28 - FOR DELETE OF JULY AND SEPT CLIENT PAID THE AUGUST BILL
 NEXT DD"" OCT 13 2026 -CLARISSE","799","Active","Purok 6 Brgy Buayaen Kalye Onse Bayambang Pangasinan",""
"3665","","1779344199","XBED_Rosalinda_Mina","639918737959","25 - Prepaid","Non-Active","May 21, 2026","NapBox:1
 LCP:1
 Port:5
 Technicians:piolo/Alfredo","1,000","Active","Purok 3 Bedania ,Mangatarem, Pangasinan",""
"3666","","1779358927","XSPA_Eric_Gatchalian","639946849236","22 - Prepaid","Non-Active","May 21, 2026","NapBox:N/A
 LCP:N/A
 Port:3
 Technicians:piolo/Alfredo","799","Active","Purok 1 San Pedro apartado ALCALA pangasinan",""
"3667","","1779417189","XDU_Franco_Legaspi","639308014343","26 - Prepaid","Non-Active","May 22, 2026","NapBox:1
 LCP:1
 Port:11
 Technicians:Jeff and John
 ============
 Additional 3 days grace period due to 3 days no connection - hans","1,000","Active","Brgy. Dusoc purok 1 Bayambang Pangsinan Landmark:way pa darawey dike along da highway left side may vulcanizing& welding shop / Contact #1:09308014343
               #2:0967120065",""
"3668","","1779420341","XPIN_Roderick_Torres","639935310393","22 - Prepaid","Non-Active","May 22, 2026","OK
 NapBox:N/A
 LCP:N/A
 Port:4
 Technicians:piolo/Alfredo","799","Active","Pindangan Centro Alcala Pangasinan",""
"3669","","1779422353","TPU_Rizel_Tabangin","639669904036","26 - Prepaid","Non-Active","May 22, 2026","Nap:2
 Port:13
 Technicians: Edward/ Ma king","1,000","Active","Purok 2 Pugo Bayambang Pangasinan",""
"3670","","1779454260","MSPI_Clyde_Frankera","639994275980","25 - Prepaid","Non-Active","May 22, 2026","NapBox:N/A
 LCP:N/A
 Port:9
 Technicians: Edward/ Ma king","1,000","Active","Zone 3 San pedro ili alcala pangasinan",""
"3671","","1779492478","MSJC_Kurt_Tasani","639157181568","25 - Prepaid","Non-Active","May 23, 2026","NapBox:N/A
 LCP:N/A
 Port:1
 Technicians: Edward/ Ma king","1,000","Active","San Juan Canan alcala pangasinan",""
"3672","","1779498061","XAMS_Vina_Sales","639468451987","8 - Prepaid","Non-Active","May 23, 2026","NapBox:2
 LCP:1
 Port:15
 Technicians:Jeff and John
 DC: SEPTEMBER 1/ RC: SEPTEMBER 8/ NEW DD: 8","1,000","Active","Purok 4 Amancosiling Sur Bayambang, Pangasinan
 OK",""
"3673","","1779498373","XSAN_Jamell_Canete","639854837393","26 - Prepaid","Non-Active","May 23, 2026","NapBox:N/A
 LCP:N/A
 Port:15
 Technicians:piolo/Alfredo","1,000","Active","Zone 4B Asuncion Street San Nicolas Alcala Pangasinan",""
"3674","","1779545984","XPE_Myra_Africa","639090969074","25 - Prepaid","Non-Active","May 23, 2026","NapBox:N/A
 LCP:N/A
 Port:3
 Technicians:piolo/Alfredo","1,000","Active","Poblacion East Bautista Pangasinan",""
"3675","","1779587689","MSTP_Jonabelle_Bete","639702340479","26 - Prepaid","Non-Active","May 24, 2026","NapBox:12
 LCP:3
 Port:9
 Technicians:piolo/Alfredo","799","Active","Zone 6 San Antonio Santo tomas Pangasinan",""
"3676","","1779701376","MSPA_Marjorie_Soriano","639318317087","11 - Prepaid","Non-Active","May 25, 2026","NapBox: 
 LCP: 
 Port: 4
 Technicians: Joemari/Jerome","799","Active","Zone 1 San pedro apartado alcala pangasinan",""
"3677","","1779710239","XPRI_Saniata_Bisarra","639945764320","26 - Prepaid","Non-Active","May 25, 2026","NapBox: 
 LCP: 
 Port: 4
 Technicians: Joemari/Jerome","1,000","Active","127 Mabini Street, Zone 4 Primicias, Bautista, Pangasinan",""
"3678","","1779760327","MPINE_Jhen_Fortu","639925064505","26 - Prepaid","Non-Active","May 26, 2026","NapBox:N/A
 LCP:N/A
 Port:13
 Technicians:piolo/Alfredo","1,000","Active","Zone 6 Pindnagan Centro Alcala Pangasinan",""
"3679","","1779763424","XINA_Dorelyn_Lacsamana","639159359148","3 - Prepaid","Non-Active","May 26, 2026","NapBox:4
 LCP:1
 Port:6
 Technicians:Jeff and John
 ===============================
 July 26 - moved 7 days sue to 4 days delay of job order assistance  as reported via text also intermittent ( New DD: August 3 2026) also priority the tech visit today -clarisse","1,000","Active","Purok 1 Inanlorenzana Near gasoline Station Bayambang Pangasinan
 OK",""
"3680","","1779791830","XAMN_Bianca_Todio","639092160797","28 - Prepaid","Non-Active","May 26, 2026","NapBox:4
 LCP:1
 Port:4
 Technicians:Jeff and John
 =========
 Due date 3 days adjusted - hans","1,000","Active","Purok 1, Amangcosiling, Bayambang, Pangasinan",""
"3681","","1779798065","MSTP_May_Gorospe","639451024494","28 - Prepaid","Non-Active","May 26, 2026","NapBox: 
 LCP: 
 Port: 5
 Technicians: Joemari/Jerome","799","Active","Zone 4 Sna agustin Sto tomas Pangasinan",""
"3682","","1779842493","XBN_Jennilyn_Miranda","639158344910","27 - Prepaid","Non-Active","May 27, 2026","NapBox:7
 LCP:3
 Port:4
 Technicians:piolo/Alfredo","799","Active","Melon Street, Bical Norte, Bayambang",""
"3683","","1779862536","XBED_Virgillio_Lopez","639630547917","28 - Prepaid","Non-Active","May 27, 2026","NapBox:5
 LCP:1
 Port:8
 Technicians:piolo/Alfredo","1,000","Active","Purok 7 Bedania Mangatarem Pangasinan",""
"3684","","1779870787","XPIN_Darrel_Domingo","639398901653","1 - Prepaid","Non-Active","May 27, 2026","NapBox:N/A
 LCP:N/A
 Port:9
 Technicians: Edward/ Ma king
 old dd:28/new dd:1-darz","799","Active","Pindangan East Purok liwliwa zone 2
 referred by Sir Cris Torres",""
"3685","","1779922272","MSJC_Albert_Padua","639957987607","28 - Prepaid","Non-Active","May 28, 2026","NapBox: 
 LCP: 
 Port: 12
 Technicians: Joemari/Pedro/Jerome","799","Active","Canan st San juan alcala pangasinan",""
"3686","","1779922906","MLAO_Rose_Bautista","639977182605","28 - Prepaid","Non-Active","May 28, 2026","NapBox: 
 LCP: 
 Port: 7
 Technicians: Joemari/Pedro/Jerome","799","Active","Lanuza st Laoac east Alcala pangasinan",""
"3687","","1779928145","XMA_Ching_Caerlang","639457532555","28 - Prepaid","Non-Active","May 28, 2026","OK
 NapBox:6
 LCP:1
 Port:2
 Technicians: NOMEL FLORES, MARVIN","1,000","Active","Purok 6, Pinalapa Street, Malioer Bayambang Pangasinan",""
"3688","","1779930690","XDA_Anabel_Abalos","639776747576","1 - Prepaid","Non-Active","May 28, 2026","NapBox:
 LCP:
 Port:10
 Technicians:Jeff and John
 ============
 September 3, 2026 Downgrade from 100mbps to 50mbps - hans","799","Active","Purok 3 Darawey, Bayambang, Pangasinan",""
"3689","","1779931252","XSTP_Jongclin_Demasupil","639939445533","28 - Prepaid","Non-Active","May 28, 2026","NapBox:N/A
 LCP:N/A
 Port:6
 Technicians: Edward/ Ma king
 Agent cris","1,000","Active","Salvacion Sto. Tomas pangasinan",""
"3690","","1779934189","XBED_Guy_Lopez","63993322766","28 - Prepaid","Non-Active","May 28, 2026","NapBox:N/A
 LCP:N/A
 Port:7
 Technicians:piolo/Alfredo","1,000","Active","Purok 5 Bedania Mangatarem",""
"3691","","1779935724","DMA_Gina_Cayabyab","639082550289","28 - Prepaid","Non-Active","May 28, 2026","NapBox:3
 LCP:1
 Port:4
 Technicians: NOMEL FLORES, MARVIN","1,000","Active","Purok 1 Malioer Bayambang Pangasinan 
 OK",""
"3692","","1779939742","XZ4_KylaMae_Camacho","639092382165","28 - Prepaid","Non-Active","May 28, 2026","OK
 NapBox:
 LCP:
 Port:6
 Technicians:Jeff and John
 ==========
 Additional 3 days grace period - hans","1,000","Active","Zone 4 Burgos Street Bayambang Pangasinan",""
"3693","","1779945361","XTAN_Ella_Escosio","639850751851","28 - Prepaid","Non-Active","May 28, 2026","NapBox: 6
 LCP: 1
 Port: 12
 Technicians: Joemari/Jerome","1,000","Active","Purok 1 Centro Plaza Barangay Tanolong Bayambang Pangasinan",""
"3694","","1780021912","MLAO_Alicia_Mendoza","639549749166","11 - Prepaid","Non-Active","May 29, 2026","NapBox:N/A
 LCP:N/A
 Port:16
 Technicians: Edward/ Ma king","1,000","Active","Zone 3 Laoac East Alcala Pangasinan",""
"3695","","1780132049","XBER_Carmenelia_Aquino","639382484462","2 - Prepaid","Non-Active","May 30, 2026","NapBox:1
 LCP:12
 Port:15
 Technicians:piolo/Alfredo
 ============
 8/4/26 first offense reset modem. -ivan","1,000","Active","Sitio Cabalitian Bersamin Alcala Pangasinan
 OK",""
"3696","","1780256869","MANU_Mark_Tuazon","639271842931","1 - Prepaid","Non-Active","June 01, 2026","NapBox:4
 LCP:3
 Port:10
 Technicians: Edward/ Ma king","1,000","Active","Zone 5A Anulid Alcala Pangasinan",""
"3697","","1780269716","DTA_Elvira_Aquino","639388185930","1 - Prepaid","Non-Active","June 01, 2026","NapBox:1
 LCP:1
 Port:7
 Technicians:Jeff and John","1,000","Active","Purok 3 Tatarac Bayambang Pangasinan",""
"3698","","1780269973","DDP_SteveObenza_Waamos_Store","639614590354","2 - Prepaid","Non-Active","June 01, 2026","NapBox:4
 LCP:1
 Port:14
 Technicians: Edward/ Ma king","1,000","Active","MH Del Pilar  Bayambang Pangasinan",""
"3699","","1780272950","MLAO_Maryjane_Labitag","639544432226","3 - Prepaid","Non-Active","June 01, 2026","NapBox:
 LCP: 
 Port: 14
 Technicians: Joemari/Jerome","799","Active","Velo st laoac east alcala pangasinan",""
"3700","","1780275805","MANU_Rameil_Barbosa","639911221008","1 - Prepaid","Non-Active","June 01, 2026","NapBox:4
 LCP:3
 Port:11
 Technicians: Edward/ Ma king","799","Active","Zone 5a Anulid Alcala pangasinan",""
"3701","","1780281781","XSTP_AllenRose_Serapion","639396003371","2 - Prepaid","Non-Active","June 01, 2026","NapBox:6
 LCP:11
 Port:1
 Technicians:piolo/Alfredo","1,000","Active","zone 4, San Antonio, Santo Tomas, Pangasinan.",""
"3702","","1780282387","XPIN_MaetaRae_Nazareno","639569602320","23 - Prepaid","Non-Active","June 01, 2026","NapBox:N/A
 LCP:N/A
 Port:1
 Technicians:piolo/Alfredo 
 --------------------------
 SEPT 23 2026 
 RECON
 UPDATE BILLING
 OLD DD: SEPT 2
 NEW DD: OCT 23  2026-CLARISSE","1,000","Active","Purok 2 liwliwa pindangan east alcala pangasinan.",""
"3703","","1780284823","DPA_Frankie_Carino","639936679548","1 - Prepaid","Non-Active","June 01, 2026","NapBox: 8
 LCP: 1
 Port: 10
 Technicians: Joemari/Jerome","1,000","Active","Purok 3 Pangdel Bayambang Pangasinan",""
"3704","","1780298049","XID_JohnLester_Deleon","639941503802","11 - Prepaid","Non-Active","June 01, 2026","NapBox:3
 LCP:1
 Port:15
 Technicians:Jeff and John","1,000","Active","Idong Bayambang Pangasinan",""
"3705","","1780301147","TDP_Julius_Tablizo","639215043054","2 - Prepaid","Non-Active","June 01, 2026","NapBox:1
 LCP:1
 Port:3
 Technicians: Edward/ Ma king","1,000","Active","175 MH Delpilar Kalye 11 Bbang Pangasinan",""
"3706","","1780301342","XBE_Elisa_Manlongat","639933404762","2 - Prepaid","Non-Active","June 01, 2026","NapBox: 6
 LCP: 1
 Port: 15
 Technicians: Joemari/Jerome","1,000","Active","ddress (with Purok): Purok 1, 299 Bongato East Bayambang Pangasinan",""
"3707","","1780312338","MSPI_Feliciano_Nelmida","639918003196","3 - Prepaid","Non-Active","June 01, 2026","NapBox:N/A
 LCP:N/A
 Port:4
 Technicians:piolo/Alfredo","799","Active","Espiritu st San Pedro Ili Alcala Pangasinan",""
"3708","","1780361217","XMP_Dio_Poquiz","639270491460","5 - Prepaid","Non-Active","June 02, 2026","NapBox:N/A
 LCP:N/A
 Port:6
 Technicians: Edward/ Ma king","799","Active","Barangay Manambong Parte Zone 3 Bayambang Pangasinan",""
"3709","","1780371719","XPE_Herita_Chantioco","639158344910","3 - Prepaid","Non-Active","June 02, 2026","OK
 NapBox:N/A
 LCP:N/A
 Port:1
 Technicians:piolo/Alfredo
 9/21/26 first time reset modem by client","799","Active","#21  Poblacion East, Bautista, Pangasinan",""
"3710","","1780383899","XNS_AvrilMariann_Tagulao","639207070515","8 - Prepaid","Non-Active","June 02, 2026","NapBox:N/A
 LCP:N/A
 Port:7
 Technicians: Edward/ Ma king","1,000","Active","ZONE4 NIBALIW SUR BAUTISTA PANGASINAN",""
"3711","","1780394116","MLAO_Kyla_Castro","639556810456","5 - Prepaid","Non-Active","June 02, 2026","LCP: NONE
 NAP:NONE
 Port:2
 TECHNICIAN:NOMEL/MARVIN","799","Active","Zone 4 Laoac east Alcala Pangasinan
 OK",""
"3712","","1780410110","MSJC_Jomar_Advincula","639953784831","3 - Prepaid","Non-Active","June 02, 2026","NapBox:
 LCP: 
 Port: 10
 Technicians: Joemari/Jerome","1,000","Active","70 national rd. san juan alcala pangasinan",""
"3713","","1780445718","DBN_Renato_Carmisis","639500773848","8 - Prepaid","Non-Active","June 03, 2026","LCP:3
 NAP:3
 Port:5
 TECHNICIAN:NOMEL/MARVIN","1,000","Active","Anonas St Bical Norte Bayambang Pangasinan",""
"3714","","1780449010","MANU_Rialyn_Doliente","639850523496","3 - Prepaid","Non-Active","June 03, 2026","NapBox:
 LCP: 
 Port: 12
 
 Technicians: Joemari/Jerome","1,000","Active","195 Anulid Alcala Pangasinan",""
"3715","","1780469057","XPS_Lawrence_Galsim","639507700633","5 - Prepaid","Non-Active","June 03, 2026","NapBox: 7
 LCP: 1
 Port: 8
 Technicians: Joemari/Jerome","1,000","Active","Poblacion Sur Bayambang, Pangasinan",""
"3716","","1780489701","XAP_Airajane_Ventura","639932517413","8 - Prepaid","Non-Active","June 03, 2026","NapBox:2
 LCP:1
 Port:7
 Technician: Jeff and John","799","Active","apalen bayambang pangasinan
 purok 3 ventura residence",""
"3717","","1780497659","TMAN_Maricris_Bumadila","639923612300","14 - Prepaid","Non-Active","June 03, 2026","Port:12
 Technicians:piolo/Alfredo
 dc:11/rc:18/ new dd:14-darz","1,000","Active","Purok 1 Managos Bbang Pangasinan",""
"3718","","1780531498","XSA_Lerma_Abalos","639518469267","5 - Prepaid","Non-Active","June 04, 2026","NapBox:4
 LCP:1
 Port:3
 Technicians:piolo/Alfredo","1,000","Active","Samon Brgy.sanlibo",""
"3719","","1780558096","MPE_Jessica_Gasmen","639472875909","6 - Prepaid","Non-Active","June 04, 2026","NapBox:
 LCP:
 Port:8
 Technician: John and Edward","799","Active","Primicias st Poblacion East Alcala Pangasinan",""
"3720","","1780579234","XDI_Rimelyn_Fernandez","639514512928","8 - Prepaid","Non-Active","June 04, 2026","NapBox:N/A
 LCP:N/A
 Port:1
 Technicians:piolo/Alfredo 
 AGENT:cris Torres
 =========
 August 7, 2026
 Downgrade from 1000 to 799 - hans","799","Active","Full address: Sitio Namualan Norte, Diaz, Bautista, Pangasinan 
 Landmark: Namualan Norte Green Gate with sari-sari store look for Linda Mata",""
"3721","","1780632565","MPW_Shirley_Limpin","639666243668","10 - Prepaid","Non-Active","June 05, 2026","NapBox:
 LCP:
 Port:16
 Technician: John and Edward
 installed last june 6
 dc last june 15 tech forgot to pay adjust the dd to 10-clarisse","1,000","Active","125 mc arthur st poblacion west alcala pangasinan",""
"3722","","1780662766","XNS_Maribec_Victorio","639917165311","8 - Prepaid","Non-Active","June 05, 2026","NapBox:N/A
 LCP:N/A
 Port:1
 Technicians: Edward/ Ma king","1,000","Active","Zone 4 Nibaliw Sur, Bautista, Pangasinan",""
"3723","","1780707272","XDU_Ernesto_Ventura","639507707813","10 - Prepaid","Non-Active","June 06, 2026","OK
 NapBox:6
 LCP:1
 Port:6
 Technician: Jeff and John","1,000","Active","Dusoc Bayambang Pangasinan",""
"3724","","1780711914","XSTP_Limay_Tabin","639308598198","17 - Prepaid","Non-Active","June 06, 2026","Port2
 Ivan/jojo","799","Active","247, Zone 6 San Jose Santo Tomas Pangasinan
 OK",""
"3725","","1780726725","XBED_Karren_Bactat","639772901521","7 - Prepaid","Non-Active","June 06, 2026","Port:8
 Technicians:piolo/Alfredo","1,000","Active","Purok 5 Bedania",""
"3726","","1780728222","MBAU_Stephanie_Fernandez","639857549541","8 - Prepaid","Non-Active","June 06, 2026","Port: 4
 Technicians: Joemari/Jerome","1,000","Active","Ketegan Bautista Pangasinan",""
"3727","","1780729224","XZ1_Daiki_Escano","639957145257","25 - Prepaid","Non-Active","June 06, 2026","NapBox:
 LCP:
 Port:8
 Technician: Jeff and John","1,000","Active","ZONE 1 POBLACION BAYAMBANG PANGASINAN
 OK",""
"3728","","1780743538","DBUA_Joselito_Junio","639192408567","11 - Prepaid","Non-Active","June 06, 2026","NapBox:N/A
 LCP:N/A
 Port:12
 Technicians:piolo/Alfredo","1,000","Active","Palacpac Buyaen Bayambang Pangasinan",""
"3729","","1780746947","DBS_Max_Villiadar","639919369733","8 - Prepaid","Non-Active","June 06, 2026","NapBox:none
 LCP:none
 PoRT:16
 Technicians: NOMEL FLORES, MARVIN","1,000","Active","Bical Sur Bayambang Pangasinan",""
"3730","","1780747571","DCA_Melanie_Ramirez","639556830909","9 - Prepaid","Non-Active","June 06, 2026","NapBox: 1
 LCP: 1
 Port: 15
 Technicians: Joemari/Jerome","1,000","Active","Purok 6 Carungay Bayambang Pangasinan
 OK",""
"3731","","1780748326","XPOB_Mariettonie_Delizo","639488696650","9 - Prepaid","Non-Active","June 06, 2026","NapBox:N/A
 LCP:N/A
 Port:12
 Technicians: Edward/ Ma king","799","Active","Funston St. Poblacion East Alcala Pangasinan",""
"3732","","1780826823","MSTP_Pat_Herrera","6395190462557","9 - Prepaid","Non-Active","June 07, 2026","NapBox:8
 LCP:2
 PoRT:1
 Technicians: NOMEL FLORES, MARVIN,","1,000","Active","Sto domingo Sto tomas Pangasinan",""
"3733","","1780882958","XPIN_MariaElena_Sayson","639192551380","9 - Prepaid","Non-Active","June 08, 2026","NapBox:N/A
 LCP:N/A
 Port:5
 Technicians: Edward/ Ma king","1,000","Active","Pindangan West Zone 1 Alcala Pangasinan",""
"3734","","1780884122","XPIN_Hans_Itorma","639911478965","8 - Prepaid","Non-Active","June 08, 2026","NapBox:N/A
 LCP:N/A
 Port:1
 Technicians:piolo/Alfredo","1,000","Active","Pindangan West Zone 6 Alcala Pangasinan",""
"3735","","1780887737","XMP_Lourdes_Mejia","639242045079","8 - Prepaid","Non-Active","June 08, 2026","NapBox:N/A
 LCP:1
 Port:12
 Technicians: Edward/ Ma king","1,000","Active","1 Sagur Manambong Parte Bayambang Pangasinan",""
"3736","","1780904523","DMN_Roval_Olea","639192058768","10 - Prepaid","Non-Active","June 08, 2026","NapBox:N/A
 LCP:N/A
 Port:9
 Technicians: Edward/ Ma king","1,000","Active","#75 Manambong Norte Bayambang Pangasinan
 OK",""
"3737","","1780908666","XWAR_Amando_Villalva","639157520286","11 - Prepaid","Non-Active","June 08, 2026","NapBox:3
 LCP:1
 Port:4
 Technicians:piolo/Alfredo","799","Active","Purok 1 Brgy. Warding Bayambang Pangasinan",""
"3738","","1780920392","DTE_Rochelle_Posadas","639812881711","9 - Prepaid","Non-Active","June 08, 2026","NapBox:1
 LCP:1
 Port:5
 Technician: Jeff and John","799","Active","Purok 3 Telbang Bayambang Pangasinan",""
"3739","","1780920760","DTE_Reidajane_Lorenzana","639380808680","9 - Prepaid","Non-Active","June 08, 2026","NapBox:1
 LCP:1
 Port:10
 Technician: Jeff and John","799","Active","Purok 3 Telbang Bayambang Pangasinan",""
"3740","","1780965357","XAM1_Marivic_Collado","639125617653","10 - Prepaid","Non-Active","June 09, 2026","NapBox: n/a
 LCP:n/a
 Port:6
 Technician:renz","1,000","Active","Purok 2 Ambayat 1st, Bayambang Pangasinan
 OK",""
"3741","","1780973835","XCA_RizzaMae_Diaz","639091830316","9 - Prepaid","Non-Active","June 09, 2026","NapBox: 1
 LCP: 1
 Port: 14
 Technicians: Joemari/Jerome
 ========================
 August 9 2026
 from 1500 olan to 1000 plan DG - Clarisse","1,000","Active","Purok 6, Carungay, Bayambang, Pangasinan",""
"3742","","1780980389","MSN_Marc_Sardinia","639279929984","10 - Prepaid","Non-Active","June 09, 2026","NapBox: 
 LCP: 
 Port: 4
 Technicians: Joemari/Jerome","1,000","Active","Aguinaldo st san nicolas alcala pangasinan",""
"3743","","1780982713","XSA_Allan_Soriano","639557741958","10 - Prepaid","Non-Active","June 09, 2026","NapBox:6
 LCP:1
 Port:9
 Technicians:piolo/Alfredo","1,000","Active","PUROK 5 SANLIBO BAYAMBANG PANGASINAN ( SORIANO COMPOUND)",""
"3744","","1780995716","XTE_Larry_Fernandez","639077710644","13 - Prepaid","Non-Active","June 09, 2026","NapBox:1
 LCP:1
 Port:14
 Technicians: Edward/ Ma king
 ==========
 September 17, 2026 Late Payment
 old dd 10
 new dd 13 - hans","1,000","Active","Purok 3 Telbang Bayambang Pangasinan",""
"3745","","1781000760","XPIN_Marilou_Sibayan","639568956942","11 - Prepaid","Non-Active","June 09, 2026","NapBox:none
 LCP:none
 PoRT:6
 Technicians: NOMEL FLORES, MARVIN","1,000","Active","Zone 3 cabotaje st.Pindangan Centro Alcala Pangasinan",""
"3746","","1781000833","MSPI_MarieAnn_Briones","639694581932","10 - Prepaid","Non-Active","June 09, 2026","NapBox: 4
 LCP: 
 Port: 11
 Technicians: Joemari/Jerome","1,000","Active","Diamond st Subdivision San pedro ili alcala pangasinan",""
"3747","","1781051452","XSTP_Rodel_Sarmiento","639692841285","14 - Prepaid","Non-Active","June 10, 2026","Port:2
 Technicians:piolo/Alfredo","799","Active","Poblacion West Santo Tomas Pangasinan",""
"3748","","1781060338","XSN_Kharla_Dacanay","639665011521","13 - Prepaid","Non-Active","June 10, 2026","NapBox:none
 LCP:none
 PoRT:13
 Technicians: NOMEL FLORES, MARVIN","1,000","Active","#161 Delos Santos St. San Nicolas Alcala Pangasinan",""
"3749","","1781068796","XBUA_Menche_Orduna","639184992931","10 - Prepaid","Non-Active","June 10, 2026","NapBox:
 LCP:
 Port:14
 Technician: Jeff and John","799","Active","Purok 6 Buayaen Bayambang Pangasinan",""
"3750","","1781084434","XSA_Roel_Cacabilos","639121709525","13 - Prepaid","Non-Active","June 10, 2026","Activation Form/Installation Report ✅
 
 PPPOE CODE: XSA_Roel_Cacabilos
 
 Serial Number: HWTC07697BA6
 
 Vlan: 35
 
 Plan: 1000/100mbps
 
 Address: Purok 2, Sanlino, Bayambang, Pangasinan
 
 Contact Number: 09121709525
 
 Coordinates: 15.79204° N, 120.39220° E
 
 Reading Nap: 20.20
 Reading Modem: 21.67
 
 
 Activity
 Sc Blue:  1
 Sc Green: 1
 F-Clamp: 
 FOC Meters: apprx. 
 
 NapBox: 4
 LCP: 
 Port: 7","1,000","Active","Sanlibo bayambang 
 Caldito compound",""
"3751","","1781087001","XHE_Ashley_Magtanong","639462948496","11 - Prepaid","Non-Active","June 10, 2026","NapBox:4
 LCP:1
 Port:4
 Technicians:piolo/Alfredo","1,000","Active","Purok 2 Hermoza,Bayambang,Pangasinan",""
"3752","","1781089377","DMP_Wilma_Flores","639543372252","11 - Prepaid","Non-Active","June 10, 2026","NapBox: 5
 LCP: 
 Port: 2
 Technicians: Joemari/Jerome","1,000","Active","Purok 2 Manambong Parte Bayambang Pangasinan
 OK",""
"3753","","1781141493","XBUA_Romeo_Asuncion","639184992931","11 - Prepaid","Non-Active","June 11, 2026","NapBox:
 LCP:
 Port:15
 Technician: Jeff and John","799","Active","Purok 6, Kalye Onse Buayaen BYB Pang.",""
"3754","","1781155875","XKIS_Patricia_Robillos","639094939052","14 - Prepaid","Non-Active","June 11, 2026","Port:10
 Technicians:piolo/Alfredo","799","Active","Kisikis, Alcala, Pangasinan",""
"3755","","1781156536","XBW_Jhazmin_Dizon","639338103478","11 - Prepaid","Non-Active","June 11, 2026","NapBox:2
 LCP:1
 Port:2
 Technicians: Edward/ Ma king","1,000","Active","Bongato west",""
"3756","","1781156796","XINI_Sheila_Cayabyab","639481675221","13 - Prepaid","Non-Active","June 11, 2026","NapBox: 4
 LCP: 1
 Port: 14
 Technicians: Joemari/Jerome","1,000","Active","Purok 7, Inirangan Bayambang Pangasinan",""
"3757","","1781161301","MSPI_Yhen_Cabanlong","639608492402","11 - Prepaid","Non-Active","June 11, 2026","NapBox:none
 LCP:none
 PoRT:16
 Technicians: NOMEL FLORES, MARVIN,","1,000","Active","Sudivision phase 2 san pedro ili alcala pangasinan
 OK",""
"3758","","1781256898","XNN_Riza_Domingo","639274545351","13 - Prepaid","Non-Active","June 12, 2026","NapBox:N/A
 LCP:N/A
 Port:3
 Technicians: Edward/ Ma king","1,000","Active","Brgy Nibaliw Norte Bautista Pangasinan.",""
"3759","","1781307421","TTAN_Elma_Macaraeg","639519585381","14 - Prepaid","Non-Active","June 13, 2026","Port:1
 Technician: Jeff and John","1,000","Active","Hacienda Purok 2 Tanolong Bbang Pangasinan
 OK",""
"3760","","1781308207","TTAN_Erlinda_Junio","639158719354","14 - Prepaid","Non-Active","June 13, 2026","","799","Active","Purok 3 Tanolong Bbang Pangasinan",""
"3761","","1781309264","MBSM_Marjorie_Baldiviano","639267409342","15 - Prepaid","Non-Active","June 13, 2026","NapBox:N/A
 LCP:N/A
 Port:1
 Technicians: Edward/ Ma king","1,000","Active","Cabalitian Bersamin alcala pangasinan",""
"3762","","1781314943","XKIS_Ramil_Magpayo","639612335503","14 - Prepaid","Non-Active","June 13, 2026","Port:4
 Technicians:piolo/Alfredo","1,000","Active","322 barangay kisikis zone 6 Alcala Pangasinan",""
"3763","","1781323173","XPW_ChristianJoy_Medrano","639192512792","16 - Prepaid","Non-Active","June 13, 2026","OK
 NapBox:none
 LCP:none
 PoRT:16;
 Technicians: NOMEL FLORES, MARVIN,
 ============
 August 19 2026
 Additional 3 days due date to 3 days no connection (Late napuntahan for repair)  - hans","799","Active","11 National Rd. Zone 4 Poblacion West, Alcala, Pangasinan",""
"3764","","1781335274","XCA_Raymart_Lustre","639184119046","14 - Prepaid","Non-Active","June 13, 2026","Nap6 Port:10
 Technician: Jeff and John","1,000","Active","Bilyaran Dike, Purok 5 Carungay Bayambang Pangasinan
 OK",""
"3765","","1781354593","TWA_Jovani_Talinio","639267101203","15 - Prepaid","Non-Active","June 13, 2026","NapBox: 
 LCP: 
 Port: 7
 Technicians: Joemari/Jerome
 ===========","1,000","Active","Purok 4 Wawa Tanggal Bbang  Pangasinan",""
"3766","","1781419630","XBED_JohnMark_Blancaflor","639157580384","19 - Prepaid","Non-Active","June 14, 2026","NapBox:3
 LCP:1
 Port:3
 Technician: Jeff and John","1,000","Active","BRGY BEDANIA PUROK 2 MANGATAREM PANGASINAN",""
"3767","","1781425657","MLAO_Angelo_Ventura","639926946882","15 - Prepaid","Non-Active","June 14, 2026","NapBox:2
 LCP:4
 Port:7
 Technicians: Edward/ Ma king","1,000","Active","Bacolor street Laoac west alcala pangasinan",""
"3768","","1781427102","XSG2_Khaye_Pilaspilas","639456378186","15 - Prepaid","Non-Active","June 14, 2026","NapBox:N/A
 LCP:N/A
 Port:12
 Technicians:piolo/Alfredo","1,000","Active","Purok 2 San Gabriel 2nd Bayambang, Pangasinan
 OK",""
"3769","","1781484054","XBN_Lourdes_Aquino","639472518705","15 - Prepaid","Non-Active","June 15, 2026","NapBox: n/a
 LCP:n/a
 Port:
 Technician:renz marvin","1,000","Active","61 manga street bical Norte 
 Infront of Ninas cafe n Saint Vincent village",""
"3770","","1781484577","XAMS_Ariel_Cayabyab","639702430778","15 - Prepaid","Non-Active","June 15, 2026","NapBox:8
 LCP:1
 Port:1
 Technician: Jeff and John","799","Active","Purok5 Amancosiling Sur
 Ok",""
"3771","","1781490139","XPAL_Brando_Cacabilos","639777736876","17 - Prepaid","Non-Active","June 15, 2026","Port1
 Piolo/Alfredo","799","Active","Bautista Palisoc Zone 7
 OK",""
"3772","","1781493792","XAMS_Stela_Soriano","639854849019","22 - Prepaid","Non-Active","June 15, 2026","OK
 NapBox:8
 LCP:1
 Port:11
 Technician: Jeff and John
 =============
 SEPTEMBER 26, 2026 RECONNECTION
 OLD DD 15
 NEW DD 22 - hans","1,000","Active","Purok 5, Amancosiling Sur Bayambang Pangasinan",""
"3773","","1781496862","MLAO_Judyann_Aquino","639065925190","16 - Prepaid","Non-Active","June 15, 2026","NapBox:N/A
 LCP:N/A
 Port:1
 Technicians: Renz/ Marvin / Ma king/","799","Active","Zone 2 Laoac East Alcala Pangasinan",""
"3774","","1781497009","MANU_Marjorie_Gajardo","639672550457","17 - Prepaid","Non-Active","June 15, 2026","Port2
 Ivan/jojo","1,000","Active","Casto st Zone 6 Anulid Alcala pangasinan
 OK",""
"3775","","1781500057","XNN_Aisa_Ferrer","639639245730","28 - Prepaid","Non-Active","June 15, 2026","NapBox:
 LCP:
 Port:1
 Technician: Jeff and John
 ---------------------------
 AUG 3 2026 - CLIENT CANT ACCESS THE NET WITH GREEN LIGHT COLOR OR MODEM SCHED FOR TECH VISIT -CLARISSE 0967 071 8496
 New DD 28-dars","1,000","Active","Nibaliw norte Dike
 0967 071 8496",""
"3776","","1781522327","MSV_Nelson_Ursua","639754017492","16 - Prepaid","Non-Active","June 15, 2026","NapBox: n/a
 LCP:n/a
 Port:
 Technician:renz marvin making","1,000","Active","Jamboree st San vicente Alcala pangasinan",""
"3777","","1781523523","MPW_Clara_Belmonte","639603365720","18 - Prepaid","Non-Active","June 15, 2026","NapBox:none
 LCP:none
 PoRT:03
 Technicians: NOMEL FLORES, MARVIN","799","Active","Malone st Poblacion west alcala pangasinan
 OK",""
"3778","","1781568940","XBAL_Baluyot_NationalHighSchool5","639916734524","16 - Prepaid","Non-Active","June 16, 2026","NapBox:N/A
 LCP:N/A
 Port:4
 Technicians:piolo/Alfredo","1,000","Active","Zone 5, Baluyot, Bautista, Pangasinan
 Faculty building",""
"3779","","1781572886","XTE_Johara_Cuaresma","639176521292","18 - Prepaid","Non-Active","June 16, 2026","NapBox:6
 LCP:1
 Port:8
 Technicians:piolo/Alfredo/Renz","1,000","Active","Brgy. Telbang, Bayambang, Pangasinan
 OK",""
"3780","","1781574852","XAM2_Lea_Lavilla","639108219089","16 - Prepaid","Non-Active","June 16, 2026","NapBox: 6
 LCP: 1
 Port: 5
 Technicians: Joemari/Jerome","1,000","Active","Purok 2 Ambayat 2nd Bayambang Pangasinan
 OK",""
"3781","","1781581621","MSJC_Markrenz_Degracia","639266471425","16 - Prepaid","Non-Active","June 16, 2026","NapBox:N/A
 LCP:N/A
 Port:5
 Technicians: Marvin / Ma king","1,000","Active","Rizat St San Juan Alcala Pangasinan",""
"3782","","1781587646","XWAR_Irene_Agustin","639952054831","18 - Prepaid","Non-Active","June 16, 2026","Port2
 ivan/jojo","1,500","Active","Purok 6 Brgy. Warding Bayambang Pangasinan
 OK",""
"3783","","1781588856","BNHS_Luisa_Deguzman","639274837145","17 - Prepaid","Non-Active","June 16, 2026","NapBox:8
 LCP:1
 Port:2
 Technicians: Edward / Ma king
 =========================
 SEPT 17 2026 
 reconnection for delete of August Bill
 New DD: OCT 17 2026","799","Active","AISA Multipurpose Cooperative BNHS in front of court.",""
"3784","","1781590273","XTAM_Michael_Lapurga","639915603308","18 - Prepaid","Non-Active","June 16, 2026","NapBox: 5
 LCP: 1
 Port: 4
 Technicians: Joemari/Jerome","1,000","Active","nearby tampog barangay hall
 OK",""
"3785","","1781590434","XBN_DinoJames_Cayabyab","639683831710","17 - Prepaid","Non-Active","June 16, 2026","Nap5 Port9
 Piolo/Alfredo","1,000","Active","Bical Norte (Melon Street) Bayambang, Pangasinan
 OK",""
"3786","","1781618429","TPU_Jhay_Jadulco","639503193424","25 - Prepaid","Non-Active","June 16, 2026","OK
 NAP2 PORT12
 Jeff/John","1,000","Active","Purok 3 Pugo Bayambang Pangasinan",""
"3787","","1781709685","TSV_Marivic_Ramirez","639924106580","18 - Prepaid","Non-Active","June 17, 2026","NapBox:6
 LCP:1
 Port:15
 Technician: Jeff and John
 ===========
 August 17, 2026 Downgrade from 100mbps to 50mbps 
 FB: Jamaica Fronda Masiglat - hans","799","Active","Purok 6 Bunkulan Sn.Vicente  Bayambang Pangasinan
 OK",""
"3788","","1781742954","MBSM_Gloria_Velano","639525586458","19 - Prepaid","Non-Active","June 18, 2026","NapBox:N/A
 LCP:N/A
 Port:1
 Technicians:piolo/Alfredo/renz","799","Active","Cabalitian Bersamin Alcala pangasinan",""
"3789","","1781744035","XSTP_DILG","639175589925","18 - Prepaid","Non-Active","June 18, 2026","NapBox:
 LCP:
 PoRT:11
 Technicians: NOMEL FLORES, MARVIN","1,000","Active","Municipality of Sto.Tomas",""
"3790","","1781821061","XBW_Jonathan_Malicdem","6395163415126","19 - Prepaid","Non-Active","June 19, 2026","NapBox: 1
 LCP: 
 Port: 9
 Technicians: Joemari/Jerome","799","Active","Purok : 6 Bongato west Bayambang Pangasinan
 OK",""
"3791","","1781826388","XBAL_Rodrigo_Gellido","639772615084","19 - Prepaid","Non-Active","June 19, 2026","NapBox: 
 LCP: 
 Port: 3
 Technicians: Joemari/Jerome","1,000","Active","#464 zone 6 baLuyot Bautista Pangasinan
 OK",""
"3792","","1781826497","MSV_Olivia_Garcia","639218887248","19 - Prepaid","Non-Active","June 19, 2026","NapBox:N/A
 LCP:N/A
 Port:14
 Technicians:piolo/Alfredo/renz","1,000","Active","Zone 2 Rizal St. San vicente Alcala Pangasinan
 OK",""
"3793","","1781866460","TSV_Maryden_Ramirez","639227670179","20 - Prepaid","Non-Active","June 19, 2026","NapBox:6
 LCP:1
 PoRT:1
 Technicians: NOMEL FLORES, Alfredo","1,000","Active","Purok 6 Sn.Vicente  Bunkulan Bbang Pangasinan",""
"3794","","1781919447","XAMS_Jocelyn_Salomon","639244832612","21 - Prepaid","Non-Active","June 20, 2026","OK
 NapBox:N/A
 LCP:N/A
 Port:12
 Technicians:piolo/Marvin","1,000","Active","Amancosiling Sur, Bayambang, Pangasinan",""
"3795","","1781921347","XTAN_Maila_Guevarra","639949235942","20 - Prepaid","Non-Active","June 20, 2026","NapBox: 
 LCP: 
 Port: 13
 Technicians: Edward/Jerome","1,000","Active","Sitio Bacante, Purok 1 Tanolong Bayambang Pangasinan
 OK",""
"3796","","1782011742","XAM1_MaryJane_Nacpil","639123455355","21 - Prepaid","Non-Active","June 21, 2026","OK
 NapBox:1
 LCP:1
 Port:14
 Technician: John and Renz
 Rep.Shei","1,000","Active","Purok 3 Ambayat 1st, Bayambang, Pangasinan",""
"3797","","1782024615","XZ6_MarkAnthony_Oroy","639813176759","22 - Prepaid","Non-Active","June 21, 2026","NapBox:2
 LCP:1
 Port:7
 Technicians: Edward / Ma king","1,000","Active","Zone 6 Campo, Bayambang, Pangasinan
 OK",""
"3798","","1782048043","DHE_Alexielouise_Lomboy","639358696304","22 - Prepaid","Non-Active","June 21, 2026","NapBox: 
 LCP: 
 Port: 6
 Technicians: Joemari/Jerome","1,000","Active","Purok 5 hermoza Bayambang Pangasinan",""
"3799","","1782077290","MSN_Ritchard_Castres","639924251986","22 - Prepaid","Non-Active","June 22, 2026","NapBox:none
 LCP:none
 PoRT:8
 Technicians: NOMEL FLORES, Alfredo","1,000","Active","Arboleda st San Nicolas Alcala Pangasinan",""
"3800","","1782086055","XMAI_Mariel_Aquino","639269521715","22 - Prepaid","Non-Active","June 22, 2026","NapBox:N/A
 LCP:N/A
 Port:2
 Technicians:piolo/Marvin","1,000","Active","Nibaliw Purok 2 Maigpa Bayambang Pangasinan",""
"3801","","1782088118","MSPI_Julito_Bacerra","639192727534","22 - Prepaid","Non-Active","June 22, 2026","NapBox:none
 LCP:none
 PoRT:15
 
 Technicians: NOMEL FLORES, Alfredo","1,500","Active","Baccerra St San pedro ili alcala pangasinan / landmark manok / jojo bacerra",""
"3802","","1782092046","MPINE_Rechelle_Mabalot","639483724319","22 - Prepaid","Non-Active","June 22, 2026","NapBox:none
 LCP:none
 PoRT:6
 Technicians: NOMEL FLORES, Alfredo","799","Active","Purok 5 Manaraon Pindangan East Alcala Pangasinan / Landmark Aling Lenny Store",""
"3803","","1782097846","XSV_Jay_Habana","639943625634","22 - Prepaid","Non-Active","June 22, 2026","NapBox: 
 LCP: 
 Port: 3
 Technicians: Joemari/Jerome","799","Active","San Vicente Alcala Pangasinan",""
"3804","","1782128568","TWAR_Sheryl_Castro","639516172837","23 - Prepaid","Non-Active","June 22, 2026","NapBox:7
 LCP:1
 Port:11
 Technicians:piolo/Alfredo","1,000","Active","Purok 5 Warding Bayambang Pangasinan
 OK",""
"3805","","1782171156","MLAO_Jordan_Sison","639386326346","26 - Prepaid","Non-Active","June 23, 2026","NapBox:1
 LCP:4
 Port:2
 Technicians: Edward / Ma king
 ==========
 Additional 3 days due date due to 3 days los nap - hans","1,000","Active","Zone 5 Laoac West Alcala Pangasinan/Landmark Basketball court dulong kanto
 OK",""
"3806","","1782173143","XAM2_Leslie_Tomas","639283210345","27 - Prepaid","Non-Active","June 23, 2026","NapBox:6
 LCP:1
 Port:3
 Technicians:piolo/Marvin 
 ==========
 Deffective Modem upon Installation/ due date will adjust old23, new 27. -lester","799","Active","Purok 2 Ambayat 2nd Bayambang, Pangasinan
 OK",""
"3807","","1782176486","XSTP_MDRRMO","639317830488","23 - Prepaid","Non-Active","June 23, 2026","NapBox: 
 LCP: 
 Port: 3
 Technicians: Joemari/Renz/Jerome","1,000","Active","Poblacion West, Sto. Tomas, Pangasinan",""
"3808","","1782177183","XSG2_Marvino_Pinto","639266832502","23 - Prepaid","Non-Active","June 23, 2026","NapBox:8
 LCP:1
 PoRT:1
 Technicians: NOMEL FLORES, ALFREDO","1,000","Active","San Gabriel 2nd Bayambang Pangasinan
 OK",""
"3809","","1782182901","MLAO_Jane_Villanueva","639277791390","26 - Prepaid","Non-Active","June 23, 2026","NapBox:1
 LCP:4
 Port:5
 Technicians: Edward / Ma king
 3 days no internet-old dd:23/new dd:26-darz","799","Active","Zone 5 Laoac West Alcala Pangasinan
 OK",""
"3810","","1782185997","XBE_Arlene_Boquiren","639108950353","24 - Prepaid","Non-Active","June 23, 2026","NapBox:1
 LCP:1
 Port:10
 Technician: Jeff and John","1,000","Active","Bongato East Bayambang Pangasinan Purok 3
 OK",""
"3811","","1782191727","MBAU_Danhenrey_Mendoza","639917050947","23 - Prepaid","Non-Active","June 23, 2026","NapBox:N/A
 LCP:N/A
 Port:1
 Technicians: Edward / Ma king
 =======
 August 28, 2026 Downgrade from 100mbps to 50mbps - hans","799","Active","Zone 3 zamora st Villanueva Pangasinan
 OK",""
"3812","","1782218864","MSPI_Josephine_Melegrito","639193435684","24 - Prepaid","Non-Active","June 23, 2026","NapBox:N/A
 LCP:N/A
 Port:11
 Technicians: Edward/ Ma king","1,000","Active","Bacerra st San pedro ili Alcala Pangasinan
 OK",""
"3813","","1782266085","XMAI_Belle_Valen","639268077699","27 - Prepaid","Non-Active","June 24, 2026","NapBox:none
 LCP:none
 PoRT:3
 Technicians: NOMEL FLORES, ALFREDO","1,000","Active","Dos Brgy Maigpa Bayambang Pangasinan",""
"3814","","1782274945","TDU_Gretchen_Albinio","639931716477","26 - Prepaid","Non-Active","June 24, 2026","NapBox:
 LCP:
 Port:16
 Technician: Jeff and John
 ============
 August 27, 2026 Downgrade from 100mbps to 50mbps - hans","799","Active","Purok 3 Dusoc Bbang Pangasinan
 OK",""
"3815","","1782346508","MCAN_Liberty_Piojo","63963364134","25 - Prepaid","Non-Active","June 25, 2026","Port8
 Ivan/jojo","799","Active","34B Funston St canarvacanan Alcala Pangasinan
 OK",""
"3816","","1782346813","MLAO_Maicah_Merrera","639774490267","27 - Prepaid","Non-Active","June 25, 2026","NapBox:N/A
 LCP:N/A
 Port:7
 Technicians: Edward/ Ma king","799","Active","Zone 1 Laoac East Alcala Pangasinan/landmark Hotspot Resto bar
 OK",""
"3817","","1782377447","XCAC_RaquelCayabyab_Canteen","639108384459","25 - Prepaid","Non-Active","June 25, 2026","NapBox: 
 LCP:
 Port:11
 Technician:renz marvin","799","Active","purok 2 cacandongan bautista
 OK",""
"3818","","1782443243","XBED_Phauleen_Payoran","639173908768","26 - Prepaid","Non-Active","June 26, 2026","OK
 NapBox: 5
 LCP:
 Port:11
 Technician:renz marvin","1,000","Active","Purok 1 Bedania Mangatarem Pangasinan",""
"3819","","1782444111","DMAG_Germainelee_Orcino","639156944195","26 - Prepaid","Non-Active","June 26, 2026","NapBox:N/A
 LCP:N/A
 Port:3
 Technicians: Edward/ Ma king","1,000","Active","Zamora st. Magsaysay bayambang Pangasinan
 OK",""
"3820","","1782451702","TWA_Jelyn_Villon","639307972656","26 - Prepaid","Non-Active","June 26, 2026","NapBox:
 LCP:
 Port:1
 Technician: Jeff and John","1,000","Active","Purok 4, Wawa, Bayambang, Pangasinan.",""
"3821","","1782453463","XKIS_Shaira_Campos","639318626209","25 - Prepaid","Non-Active","June 26, 2026","NapBox: 
 LCP: 
 Port: 4
 Technicians: Joemari/Jerome","1,000","Active","Zone 2, Kisikis, Alcala, Pangasinan
 OK",""
"3822","","1782453582","XRE_Mylene_Oliquino","639551182664","28 - Prepaid","Non-Active","June 26, 2026","NapBox:none
 LCP:1
 Port:7
 Technicians: NOMEL FLORES, ALFREDO ,JHON","1,000","Active","Reynado Bayambang Pangasinan",""
"3823","","1782458845","XDP_Zenaida_Tagulao","639516348910","27 - Prepaid","Non-Active","June 26, 2026","OK
 Port: 8
 Nap5
 Technicians: Joemari/Jerome","1,000","Active","Brgy. M.H. Del Pilar, Bayambang ,Pangasinan",""
"3824","","1782622026","XCB_Rassel_Miergas","639919224930","28 - Prepaid","Non-Active","June 28, 2026","OK
 DD:29
 NapBox:5
 LCP:1
 Port:8
 Technicians: Edward/ Ma king","1,000","Active","Purok 6 Cabayaoasan, Mangatarem, Pangasinan",""
"3825","","1782645484","DCS_Jezreel_Torres","639500773248","1 - Prepaid","Non-Active","June 28, 2026","NapBox:2
 LCP:1
 Port:15
 Technicians:piolo","1,000","Active","Purok 8 Upper Cadre site Bayambang Pangasinan
 OK",""
"3826","","1782653653","XTAM_Mildred_Martinez","639518899743","28 - Prepaid","Non-Active","June 28, 2026","OK
 Installed date:29
 NapBox: 2
 LCP: 1
 Port: 15
 Technicians: Joemari/Jerome","1,000","Active","Purok 3 Tampog, Bayambang, Pangasinan",""
"3827","","1782665680","MSPI_Hazel_Mata","639927503404","28 - Prepaid","Non-Active","June 29, 2026","dd:29
 Port:5
 Technicians:piolo/Marvin","1,000","Active","Espiritu street San pedro Ili alcala Pangasinan
 OK",""
"3828","","1782697167","XBED_Leo_Catubig","639270492363","28 - Prepaid","Non-Active","June 29, 2026","NapBox:
 LCP:
 Port:9
 Technicians: Ma king/ edward","1,000","Active","Purok 6, Brgy. Bedania, Mangatarem, Pangasinan
 OK",""
"3829","","1782698511","MSTP_JohnCyryl_Ober","639953954592","28 - Prepaid","Non-Active","June 29, 2026","NapBox:N/A
 LCP:N/A
 Port:4
 Technicians:piolo/Marvin
 DD:29","799","Active","Poblacion East Sto tomas Pangasinan / tapat bg raton Store/valdez compound",""
"3830","","1782732066","XPIN_JudyAnn_Auingan","639938520919","6 - Prepaid","Non-Active","June 29, 2026","NapBox:N/A
 LCP:N/A
 Port:16
 Technicians: Ma king / Edward/ Renz","1,000","Active","Zone 2 Pindangan West Alcala Pangasinan",""
"3831","","1782777932","MBAU_Manuel_Nonog","639455380088","1 - Prepaid","Non-Active","June 30, 2026","NapBox: 3
 LCP: 4
 Port: 11
 Technicians: Joemari/Jerome","1,000","Active","Zone 2 Primicias Bautista pangasinan
 OK",""
"3832","","1782781622","XINA_Gertrude_Roy","639765804957","1 - Prepaid","Non-Active","June 30, 2026","NapBox: 4
 LCP: 1
 Port: 3
 Technicians: Joemari/Jerome","799","Active","Barangay Inanlorenza Bayambang Pangasinan
 OK",""
"3833","","1782807033","XTE_Elizalde_Lobo","639304391655","4 - Prepaid","Non-Active","June 30, 2026","NapBox:N/A
 LCP:1
 Port:9
 Technicians: Ma king / Edward","1,000","Active","293 Telbang Bayambang / Sancagullis Drink Well Water Station
 OK",""
"3834","","1782809862","DAMS_Elementary_School","639282618353","1 - Prepaid","Non-Active","June 30, 2026","NapBox:5
 LCP:1
 Port:14
 Technicians:piolo/Marvin","1,000","Active","Amancosiling sur Bayambang Pangasinan",""
"3835","","1782810769","XCAC_Concepcion_Consuelo","639369029901","1 - Prepaid","Non-Active","June 30, 2026","NapBox:N/A
 LCP:N/A
 Port:12
 Technicians: Ma king / Edward","1,000","Active","Cacandongan Bautista, Pangasinan Zone 4
 OK",""
"3836","","1782821890","MSPI_Joel_Resquid","639518379313","2 - Prepaid","Non-Active","June 30, 2026","NapBox:N/A
 LCP:N/A
 Port:12
 Technicians: Ma king / Edward","1,000","Active","Bacerra st San pedro ili alcala pangasinan
 OK",""
"3837","","1782822067","MBSM_Joebel_Baldiviano","639635200329","1 - Prepaid","Non-Active","June 30, 2026","Ok
 NapBox: 
 LCP: 
 Port: 9
 Technicians: Joemari/Jerome","799","Active","Camangaan bersamin alcala pangasinan",""
"3838","","1782822283","MCAN_Lourd_Abalos","639542832684","1 - Prepaid","Non-Active","June 30, 2026","NapBox: 
 LCP: 
 Port: 11
 Technicians: Joemari/Jerome","1,000","Active","Aguinaldo st Canarvacanan Alcala Pangasinan
 OK",""
"3839","","1782869813","DAMS_Elementary_School2","639282618353","9 - Prepaid","Non-Active","July 01, 2026","NapBox:5
 LCP:1
 Port:15
 Technicians:piolo/Marvin
 =======================
 JULY 20 2026
 NEW DD IS EVERY 9TH OF THE MONTH-CLARISSE","1,000","Active","Amancosoling Sur Bayambang Pangasinan",""
"3840","","1782870192","DAMS_Elementary_School3","639282618353","9 - Prepaid","Non-Active","July 01, 2026","NapBox:N/A
 LCP:N/A
 Port:10
 Technicians:piolo/Marvin 
 ===========================
 JU;Y 20 2026
 CLIENTS NEW DD IS EVERY 9TH-CLARISSE","1,000","Active","Amancosoling Sur, Bayambang Pangasinan",""
"3841","","1782886565","XKET_MarkWilson_Fernandez","639476082417","2 - Prepaid","Non-Active","July 01, 2026","NapBox: 
 LCP: 
 Port: 5
 Technicians: piolo/Jerome","1,500","Active","Zone 2, Ketegan Bautista Pangasinan
 OK",""
"3842","","1782902275","MPINE_Abegail_Gutierrez","639918685692","2 - Prepaid","Non-Active","July 01, 2026","NapBox:N/A
 LCP:N/A
 Port:7
 Technicians: Ma king / Edward","1,000","Active","Pindangan East Alcala pangasinan / arko/Erwin Bautista
 OK",""
"3843","","1782903743","MSV_Melissa_Andres","639510507091","4 - Prepaid","Non-Active","July 01, 2026","NapBox: n/a
 LCP:n/a
 Port:3
 Technician:renz alfredo","1,000","Active","Zone 3 San Vicente Alcala pangasinan/Cipriano Highschool
 OK",""
"3844","","1782951000","XSG2_LeahLee_Lambino","639674954763","2 - Prepaid","Non-Active","July 02, 2026","NapBox:none
 LCP:none
 PoRT:3
 
 Technicians: NOMEL FLORES, ALFREDO, JEFFERSON","1,000","Active","San Gabriel 2nd Sitio lagari
 OK",""
"3845","","1782954105","XMP_Irene_Macaraeg","639928829576","3 - Prepaid","Non-Active","July 02, 2026","NapBox:7
 LCP:1
 Port:2
 Technicians: Ma king / Edward","799","Active","Mananbong Parte Bayambang Pang.",""
"3846","","1782956885","XTAM_Catherine_Villegas","639542956911","8 - Prepaid","Non-Active","July 02, 2026","NapBox:2
 LCP:1
 Port:11
 Technician: Jeff and John","1,000","Active","Purok 6 Brgy. Tampog, Bayambang, Pangasinan
 Ok",""
"3847","","1783034588","MLAO_Julius_Pablo","639959550279","3 - Prepaid","Non-Active","July 03, 2026","NapBox:7
 LCP:4
 Port:12
 Technicians:piolo/Marvin","1,500","Active","Zone 1 Laoac East Alcala Pangasinan
 OK",""
"3848","","1783041549","MLAO_Maryjoy_Aquino","639852966075","3 - Prepaid","Non-Active","July 03, 2026","NapBox:N/A
 LCP:N/A
 Port:14
 Technicians:piolo/Marvin","1,000","Active","Zone 2 Laoac East Alcala Pangasinan
 Ok",""
"3849","","1783041692","MSPI_Happymae_Catubay","639307243939","3 - Prepaid","Non-Active","July 03, 2026","NapBox:N/A
 LCP:N/A
 Port:5
 Technicians:piolo/Marvin","799","Active","Zone 1 San Pedro Ili Alcala Pangasinan / landmark Server sa kisikis
 OK",""
"3850","","1783041828","MSPI_Adam_Catubay","639303307026","3 - Prepaid","Non-Active","July 03, 2026","NapBox:N/A
 LCP:N/A
 Port:6
 Technicians:piolo/Marvin","799","Active","Zone 1 San pedro ili Alcala Pangasinan / landmark server sa Kisikis
 OK",""
"3851","","1783043379","XZ4_ChristianDave_Quitaleg","639667900448","4 - Prepaid","Non-Active","July 03, 2026","NapBox:N/A
 LCP:N/A
 Port:5
 Technicians: Ma king / Edward","1,000","Active","Sagun Bldg 3rd floor, Zone 4, Bayambang, Pangasinan 
 unang pinto tabi ng hagdan
 OK",""
"3852","","1783046361","XID_Jamae_Rosales","63985075882","3 - Prepaid","Non-Active","July 03, 2026","NapBox:2
 LCP: 
 Port: 11
 Technicians: Joemari/Jerome","1,000","Active","Purok 1 Idong Bayambang Pangasinan
 OK",""
"3853","","1783047993","XMN_Henry_Cayabyab","639506089819","3 - Prepaid","Non-Active","July 03, 2026","NapBox:N/A
 LCP:N/A
 Port:7
 Technicians: Ma king / Edward","799","Active","Manambong Norte Bayambang Pangasinan
 OK",""
"3854","","1783050712","XAMS_Raul_Soriano","639091216657","3 - Prepaid","Non-Active","July 03, 2026","NapBox:
 LCP:
 Port:1
 Technician: Jeff and John","1,000","Active","Putok 3, Amancosiling Sur BYB Pang
 OK",""
"3855","","1783052236","TBE_Rachelle_Daileg","639097773311","4 - Prepaid","Non-Active","July 03, 2026","NapBox:3
 LCP:1
 Port:2
 Technicians: Ma king / Edward","1,000","Active","Purok 5 Bongato East Bbang Pangasinan
 OK",""
"3856","","1783066731","XAMS_Jamaica_Erguiza","639123251925","3 - Prepaid","Non-Active","July 03, 2026","NapBox:3
 LCP:1
 Port:9
 Technician: Jeff and John","1,000","Active","Purok 3, Amancosiling Sur BYB Pang
 OK",""
"3857","","1783070642","XAMS_Emily_Erguiza","639914753013","3 - Prepaid","Non-Active","July 03, 2026","NapBox:3
 LCP:1
 Port:10
 Technician: Jeff and John
 ========
 September 3, 2026 Downgrade from 100 mbps to 50mbps - hans","799","Active","Purok 3, Amancosiling Sur BYB Pang.
 OK",""
"3858","","1783072576","XSTP_PaulaJane_Parayno","639054104846","7 - Prepaid","Non-Active","July 03, 2026","NapBox:4
 LCP:11
 Port:4
 Technicians:piolo/Marvin","799","Active","Sto. Niño, Sto. Tomas, Pangasinan
 OK",""
"3859","","1783117116","MSPI_Marivic_Lopez","639949592319","7 - Prepaid","Non-Active","July 04, 2026","NapBox:N/A
 LCP:N/A
 Port:1
 Technicians:piolo/Marvin","1,000","Active","Zone 2 San Pedro Ili Alcala Pangasinan / landmark malapit sa Manok
 OK",""
"3860","","1783129893","TWA_Lyka_Menor","639673904311","10 - Prepaid","Non-Active","July 04, 2026","NapBox: 
 LCP: 
 Port: 16
 Technicians: Joemari/Jerome
 ====================
 September 14 2026 - Agent downgraded the Plan from 1k to 799-clarisse","799","Active","Purok 4 Wawa Tanggal Bbang Pangasinan",""
"3861","","1783130901","MBAU_Krisia_Magalong","639565072388","4 - Prepaid","Non-Active","July 04, 2026","NapBox: n/a
 LCP:n/a
 Port:13
 Technician:renz alfredo","799","Active","Zone 4 Cacandongan Bautista pangasinan
 OK",""
"3862","","1783133377","XSIN_Madelyn_Bataller","639452338126","7 - Prepaid","Non-Active","July 04, 2026","NapBox:N/A
 LCP:N/A
 Port:4
 Technicians:piolo/Marvin","1,000","Active","65 Zone 1 Sinabaan, Bautista Pangasinan
 OK",""
"3863","","1783144555","XPIN_Ednalyn_Balbin","639945129123","6 - Prepaid","Non-Active","July 04, 2026","NapBox:
 LCP:
 Port:7
 Technicians: Ma king / Edward/ Renz","799","Active","Zone 4 Pindangan West Alcala Pangasinan
 OK",""
"3864","","1783148782","XBUA_Jocelyn_Asuncion","639516985937","4 - Prepaid","Non-Active","July 04, 2026","nap5 port2","799","Active","Purok 6, Buayaen, Bayambang, Pangasinan
 OK",""
"3865","","1783180163","TWAR_Aljon_Aglosolos","639663178701","6 - Prepaid","Non-Active","July 04, 2026","OK
 NapBox:5
 LCP:1
 Port:11
 Technicians:piolo/Marvin","1,000","Active","Purok 4 Warding Bayambang Pangasinan",""
"3866","","1783206114","MANU_Ernie_Frial","639552214029","7 - Prepaid","Non-Active","July 05, 2026","NapBox: 3
 LCP:2
 Port:5
 Technician:renz Adrian","799","Active","Zone 2 Anulid Alcala Pangasinan
 OK",""
"3867","","1783206741","MSV_Romeo_Bautista","639054407074","8 - Prepaid","Non-Active","July 05, 2026","NapBox:none
 LCP:none
 PoRT:6
 Technicians: NOMEL FLORES, ALFREDO","1,000","Active","Zone 2 San Vicente Alcala Pangasinan",""
"3868","","1783211987","DPA_Gloria_Laiz","639531150915","7 - Prepaid","Non-Active","July 05, 2026","NapBox: 
 LCP: 
 Port: 14
 Technicians: Joemari/Jerome","1,000","Active","Purok 1 Pangdel Bayambang Pangasinan
 OK",""
"3869","","1783235627","XBUA_CarrelMae_DelaCruz","639919257155","6 - Prepaid","Non-Active","July 05, 2026","Port:14
 Technician: Jeff and John","1,000","Active","Bravo compound Talimpugo Buayaen Bayambang Pangasinan
 OK",""
"3870","","1783244278","XBUA_AlgienGwyneth_Valdez","639489376625","6 - Prepaid","Non-Active","July 05, 2026","NapBox:2
 LCP:1
 Port:9
 Technician: Jeff and John","799","Active","Purok 5 Requilman St. Buayaen, Bayambang, Pangasinan
 OK",""
"3871","","1783304438","XAM2_RizalynMae_Rosete","639100453023","15 - Prepaid","Non-Active","July 06, 2026","NapBox:8
 LCP:1
 Port:1
 Technicians:piolo/Marvin 
 FOC 80 meters
 =============
 September 14, 2026 Due Date Adjustment
 additional 7 days due date adjustment due to almost 2 weeks power interruption
 old dd 8
 new dd 15 - hans","1,000","Active","Purok 3 Ambayat 2nd Bayambang Pangasinan
 OK",""
"3872","","1783309593","XBE_Leoderick_Ramos","639673207431","6 - Prepaid","Non-Active","July 06, 2026","NapBox:3
 LCP:1
 PoRT:9
 Technicians: NOMEL FLORES, ALFREDO","799","Active","Purok 6 Bonggato East Bayambang Pangasinan
 OK",""
"3873","","1783315072","XPIN_Rosalina_Torres","639917998741","6 - Prepaid","Non-Active","July 06, 2026","NapBox:N/A
 LCP:N/A
 Port:6
 Technicians: Ma king / Edward/ Renz
 ==============================
 August 4 2026
 -Client decided to downgrade from 1k plan to 799 plan - bill adjusted -Clarisse","799","Active","zone 5 Pindangan Centro Alcala Pangasinan
 OK",""
"3874","","1783381536","XSPI_Juliet_Capales","639086561626","8 - Prepaid","Non-Active","July 07, 2026","NapBox: 
 LCP: 
 Port: 1
 Technicians: Joemari/Piolo/Jerome","1,000","Active","Sitio Pangdel, San Pedro Ili, Alcala, Pangsinan
 OK",""
"3875","","1783386772","DBE_Genesis_Devera","639157146796","7 - Prepaid","Non-Active","July 07, 2026","OK
 NapBox:4
 LCP:1
 PoRT:9
 Technicians: NOMEL FLORES, ALFREDO","1,000","Active","258 Bongato East Bayambang Pangasinan",""
"3876","","1783389359","XBUA_Cherilyn_Junio","639509273915","7 - Prepaid","Non-Active","July 07, 2026","NapBox:2
 LCP:1
 Port:14
 Technician: Jeff and John","1,000","Active","Purok 5, Requilman St. Buayaen BYB Pang.
 OK",""
"3877","","1783400682","MPW_MichaelAngelo_Resta","639369352991","8 - Prepaid","Non-Active","July 07, 2026","NapBox:none
 LCP:none
 PoRT:10
 Technicians: NOMEL FLORES, ALFREDO","799","Active","Zone 5 Poblacion West Alcala Pangasinan
 OK",""
"3878","","1783400794","MPW_Jaime_Cabuco","639486433928","8 - Prepaid","Non-Active","July 07, 2026","NapBox:none
 LCP:none
 PoRT:6
 Technicians: NOMEL FLORES, ALFREDO","1,000","Active","Malone st Poblacion West Alcala Pangasinan
 OK",""
"3879","","1783468118","XPIN_Aileen_DeVera","639614266088","8 - Prepaid","Non-Active","July 08, 2026","NapBox: 
 LCP: 
 Port: 15
 Technicians: Joemari/Piolo/Jerome","1,000","Active","Zone 1, Torres St. Pindangan Centro Alcala Pangsinan
 OK",""
"3880","","1783481119","MSV_Jerwell_Cerezo","639954031004","9 - Prepaid","Non-Active","July 08, 2026","OK
 NapBox:
 LCP:
 Port:8
 Technicians: Ma king / Edward","1,000","Active","Zone 5 San Vicente Alcala Pangasinan",""
"3881","","1783561506","MSPI_James_Olidan","639454165650","9 - Prepaid","Non-Active","July 09, 2026","NapBox:
 LCP:
 Port:7
 Technicians: Ma king / Edward","1,000","Active","Zone 1 San Pedro Ili Alcala Pangasinan /landmark INC
 OK",""
"3882","","1783595617","TWA_Joseph_Padilla","639549752579","10 - Prepaid","Non-Active","July 09, 2026","NapBox: 
 LCP: 
 Port: 15
 Technicians: Joemari/Jerome","1,000","Active","Purok 4 Tanggal Wawa Bayambang Pangasinan
 OK",""
"3883","","1783647044","TAMS_Ronnel_Maniling","639073594359","10 - Prepaid","Non-Active","July 10, 2026","NapBox: 3
 LCP: 
 Port: 2
 Technicians: Joemari/Jerome","1,000","Active","Purok 6 Amancosiling Sur Bbang Pangasinan
 OK",""
"3884","","1783649856","XTA_Joy_Remillosa","639811600262","10 - Prepaid","Non-Active","July 10, 2026","NapBox:6
 LCP:1
 Port:7
 Technicians:piolo/Marvin","1,000","Active","Address (with Purok): Purok 2 Patricio Street Tatarac Bayambang Pangasinan
 OK",""
"3885","","1783658178","XPIN_Cristina_Quines","639515520487","10 - Prepaid","Non-Active","July 10, 2026","NapBox: 
 LCP:
 Port:1
 Technician:renz jasper","1,000","Active","Zone 6 Pindangan Centro Alcala Pangasinan",""
"3886","","1783663033","TSG1_Criselda_Ragos","639157458744","10 - Prepaid","Non-Active","July 10, 2026","NapBox:8
 LCP:1
 Port:14
 Technician: Jeff and John","1,000","Active","Purok 7 SnGabriel 1st  Bayambang Pangasinan
 OK",""
"3887","","1783689166","DBAL_Jovino_Dauz","639913886246","13 - Prepaid","Non-Active","July 10, 2026","Port:13
 Technicians:piolo/Marvin 
 AGENT: Dante Alonzo","1,000","Active","Zone 4 Baluyot Bautista Pangasinan
 OK",""
"3888","","1783728116","XANU_Mariel_Belarmino","639482900808","13 - Prepaid","Non-Active","July 11, 2026","Alternative Contact Number: 09128206126
 NapBox: 7
 LCP:2
 Port:16
 Technician:renz Adrian","799","Active","ZONE 4 ANULID ALCALA PANGASINAN
 OK",""
"3889","","1783729508","XPIN_Dibie_Torres","639345738435","12 - Prepaid","Non-Active","July 11, 2026","PoRT:2
 Technicians: NOMEL FLORES, ALFREDO, 
 Assisted by, sir cris
 ============
 August 7, 2026 Downgrade from 1000 to 799 - hans","799","Active","Zone6 Pindangan Centro Alcala
 OK",""
"3890","","1783738011","MSV_Evangeline_Libed","639062927390","15 - Prepaid","Non-Active","July 11, 2026","NapBox:8
 LCP:4
 Port:2
 Technicians:Edward / Ma king","799","Active","Zone 5 Sinabaan rd San vicente alcala Pangasinan
 OK",""
"3891","","1783757648","DTE_Gemalyn_Abug","639684170867","13 - Prepaid","Non-Active","July 11, 2026","NapBox:6
 LCP:1
 Port:11
 
 Technicians:piolo/Marvin","1,000","Active","Purok 5 Telbang Bayambang Pangasinan
 OK",""
"3892","","1783825386","XPIN_Rendyll_Nelmida","639858506051","12 - Prepaid","Non-Active","July 12, 2026","PoRT:3
 Technicians: NOMEL FLORES, ALFREDO, 
 Assisted by, sir cris","1,000","Active","zone 6 pindangan centro alcala pangasinan
 OK",""
"3893","","1783825558","XPIN_Jennie_Obar","63109941203428","15 - Prepaid","Non-Active","July 12, 2026","OK
 Port:2
 TECHNICIAN:NOMEL/ALFREDO 
 POWERED BY(SIR CRIS)
 delayed payment new dd: 15-darz","1,000","Active","ZONE 2 PUROK LIWLIWA PINDANGAN EAST ALCALA PANGASINAN",""
"3894","","1783835781","XPIN_Tyron_Vega","639941203437","13 - Prepaid","Non-Active","July 12, 2026","NapBox: n/a
 LCP:n/a
 Port:1
 Technician:renz Adrian","1,000","Active","Zone 2 purok liwliwa pindangan east alcala pangasinan
 OK",""
"3895","","1783844046","XPIN_Cecilia_Perrion","639635813305","14 - Prepaid","Non-Active","July 12, 2026","OK
 NapBox: 3
 LCP:12
 Port:19
 
 Technician:renz Adrian","1,000","Active","#35 Pindangan East Alcala Pangasinan",""
"3896","","1783866958","MSJC_Shaira_Deguzman","639567697146","14 - Prepaid","Non-Active","July 12, 2026","NapBox: 
 LCP: 
 Port: 5
 Technicians: Joemari/Jerome","1,000","Active","Zone 5 San juan Alcala pangasinan
 OK",""
"3897","","1783867330","MSJC_Valentina_Soriano","639917189143","13 - Prepaid","Non-Active","July 12, 2026","NapBox:
 LCP:
 Port:7
 Technicians: Ma king / Edward","799","Active","Rizal Street San Juan Alcala Pangasinan",""
"3898","","1783867618","MSTP_Lesther_Pilla","639062927390","14 - Prepaid","Non-Active","July 12, 2026","NapBox: 
 LCP:
 Port:16
 Technician:renz Adrian","799","Active","San agustin sto tomas pangasinan
 OK",""
"3899","","1783895914","TINI_Melvin_Palaming","639916116950","13 - Prepaid","Non-Active","July 13, 2026","NapBox:3
 LCP:1
 Port:13
 Technician: Jasper and John","1,000","Active","Purok 6 Inirangan Bbang Pangasinan
 OK",""
"3900","","1783896227","TINI_Aileen_Palaming","639241629639","13 - Prepaid","Non-Active","July 13, 2026","NapBox:3
 LCP:1
 Port:16
 Technician: Jasper and John","1,000","Active","Purok 6 Inirangan Bbang Pangasinan
 OK",""
"3901","","1783909865","XSTP_ZhaviaScarlet_Bello","639771520589","15 - Prepaid","Non-Active","July 13, 2026","OK
 NapBox: 08
 LCP:10
 Port:13
 Technician:renz Adrian
 2days no internet/ new dd: 15","799","Active","Zone 7 sto. Niño sto. Tomas Pangasinan",""
"3902","","1783910389","DDA_Constantino_Polintan","639277360473","15 - Prepaid","Non-Active","July 13, 2026","NapBox:  2
 LCP: 1
 Port:5
 Technician:renz Adrian","1,000","Active","Purok 3 deke Darawey Bayambang Pangasinan
 OK",""
"3903","","1783938671","XZ3_KeishaKamill_Balane","639480988763","14 - Prepaid","Non-Active","July 13, 2026","NapBox:N/A
 LCP:1
 Port:16
 Technicians:piolo/Marvin","1,000","Active","Brgy.Zone III Burgos St. BAYAMBANG PANGASINAN
 OK",""
"3904","","1783980848","MLAO_Nemrod_Agbing","639384554166","15 - Prepaid","Non-Active","July 14, 2026","NapBox:
 LCP:
 Port:2
 Technicians:Edward / Ma king","1,000","Active","Zone 4 Laoac East Alcala Pangasinan
 OK",""
"3905","","1783987850","XTAM_MarkJesher_Agbayani","639123456789","14 - Prepaid","Non-Active","July 14, 2026","NapBox:N/A
 LCP:N/A
 Port:11
 Technicians:piolo/Marvin","1,000","Active","Near Bilad Tampog boundary Bayambang pangasinan
 OK",""
"3906","","1783993253","XSG1_Jayson_Maregmen","639165549363","14 - Prepaid","Non-Active","July 14, 2026","NapBox:5
 LCP:1
 Port:16
 Technicians:Edward / Ma king","1,000","Active","San gabriel 1st Bayambang Pangasinan
 OK",""
"3907","","1784010637","TSV_Delaila_Samson","639488338726","15 - Prepaid","Non-Active","July 14, 2026","NapBox: 1
 LCP: 
 Port: 16
 Technicians: Joemari/Jerome","1,000","Active","Purok 1 sitio kapantulan Sn.Vicente Bbang Pangasinan
 OK",""
"3908","","1784010986","TMAN_Rowena_Tiongson","639482437363","15 - Prepaid","Non-Active","July 14, 2026","NapBox: 6
 LCP: 
 Port: 5
 Technicians: Joemari/Jerome","1,000","Active","Purok 4 Managos Bbang Pangasinan
 OK",""
"3909","","1784024700","TDA_Karla_Anasco","639637235997","15 - Prepaid","Non-Active","July 14, 2026","NapBox: 
 LCP: 
 Port: 6
 Technicians: Joemari/Jerome","1,000","Active","Purok 1 Darawey Bayambang Pangasinan
 OK",""
"3910","","1784084385","DAP_Yasmin_Iglesias","639569735649","15 - Prepaid","Non-Active","July 15, 2026","NapBox:  7
 LCP: 1
 Port:5
 Technician:renz Adrian","1,000","Active","Purok 2 Apalen Bayambang Pangasinan
 OK",""
"3911","","1784087046","MBAU_Elvie_Mercado","639361764982","16 - Prepaid","Non-Active","July 15, 2026","NapBox: 3
 LCP: 4
 Port: 12
 Technicians: Joemari/Jerome","1,000","Active","Zone 2 primicias bautista pangasinan
 OK",""
"3912","","1784094134","DPA_Nieves_Batalla","639927849078","18 - Prepaid","Non-Active","July 15, 2026","NapBox:
 LCP:
 Port:15
 Technicians:Edward / Ma king","1,000","Active","Purok 2 Pangdel Bayambang Pangasinan
 OK",""
"3913","","1784100055","XPE_RhianDarynn_Blanco","639307974157","17 - Prepaid","Non-Active","July 15, 2026","NapBox:  
 LCP: 
 Port: 4
 Technician:renz Adrian","1,000","Active","158 Don P. Tadeo zone 4 Poblacion East, Alcala Pangasinan
 OK",""
"3914","","1784159198","MSV_Pauljohn_Deangel","639456129864","20 - Prepaid","Non-Active","July 16, 2026","NapBox:
 LCP:
 Port:10
 Technicians:Edward / Ma king","799","Active","217 Natl Road San Vicente Alcala Pangasinan
 OK",""
"3915","","1784163731","MPINE_Michael_Ramay","639270773398","16 - Prepaid","Non-Active","July 16, 2026","NapBox:none
 LCP:none
 PoRT:1 
 Technicians: NOMEL FLORES, ALFREDO, Romeo","799","Active","Galleno st Pindangan Centro Alcala Pangasinan
 OK",""
"3916","","1784165605","XCS_Theodulo_Casingal","639467002232","16 - Prepaid","Non-Active","July 16, 2026","NapBox:
 LCP:1
 Port:5
 Technician: Jasper and John","799","Active","Kamangahan st., Cadre Site, Bayambang, Pangasinan",""
"3917","","1784174253","XBUA_Carlos_Tuppal","639302269146","16 - Prepaid","Non-Active","July 16, 2026","NapBox:N/A
 LCP:N/A
 Port:7
 Technicians:piolo/Marvin
 ==============
 SEPTMEBER 22, 2026 LATE PAYMENT
 OLD DD 16
 NEW DD 18 - HANS","1,000","Active","Palacpac st. Buayaen Bayambang Pang
 OK",""
"3918","","1784178986","XAMS_Lourdes_Rivera","639636318303","17 - Prepaid","Non-Active","July 16, 2026","NapBox:8
 LCP:1
 Port:10
 Technician: Jasper and John","1,000","Active","Purok 5, Amancosiling Sur, Bayambang Pangasinan",""
"3919","","1784194499","XPIN_Aldo_Madronio","639093930802","19 - Prepaid","Non-Active","July 16, 2026","NapBox:N/A
 LCP:N/A
 Port:2
 Technicians:piolo/Marvin 
 AGENT: Cris Torres
 ==========
 August 22, 2026 Downgrade from 100 mbps to 50mbps - hans","799","Active","Zone 1, Pindangan East Bayambang Pangasinan
 OK",""
"3920","","1784254644","MSV_Roxanne_Ramirez","639225151863","20 - Prepaid","Non-Active","July 17, 2026","NapBox: 
 LCP: 
 Port: 6
 Technicians: Joemari/Jerome","1,000","Active","Rizal st. san Vicente Alcala Pangasinan
 OK",""
"3921","","1784257969","XAM2_Danica_Villar","639466290211","17 - Prepaid","Non-Active","July 17, 2026","NapBox:4
 LCP:1
 Port:11
 
 Technicians:Romeo/ Ma king","799","Active","Purok 1 Ambayat 2nd Bayambang Pangasinan
 OK",""
"3922","","1784279496","XAMN_Raymond_Erguiza","639858610693","18 - Prepaid","Non-Active","July 17, 2026","NapBox:2
 LCP:1
 Port:12
 Technician: Jasper and John","1,000","Active","Purok 2 Amangcosiling Norte Bayambang Pangasinan
 OK",""
"3923","","1784291792","DHE_Becey_Agbuya","639318460783","20 - Prepaid","Non-Active","July 17, 2026","NapBox: n/a
 LCP: n/a
 Port: 12
 Technicians: Jeff/Romeo","799","Active","Purok 4 Hermoza Bayambang Pangasinan
 OK",""
"3924","","1784328623","MBSM_Darwin_Duque","639271253371","21 - Prepaid","Non-Active","July 18, 2026","NapBox: 
 LCP: 
 Port: 1
 Technicians: Piolo/Jerome","1,000","Active","Belidan Bersamin alcala pangasinan
 OK",""
"3925","","1784348259","XSAN_Christian_Padua","639092187248","19 - Prepaid","Non-Active","July 18, 2026","NapBox:N/A
 LCP:N/A
 Port:15
 Technicians:piolo/Marvin
 AGENT: Cris Torres","1,000","Active","San Juan Canan, Alcala, Pangasinan
 OK",""
"3926","","1784348880","XHE_Ryan_Jimenez","639857534575","18 - Prepaid","Non-Active","July 18, 2026","NapBox: 
 LCP: 
 Port: 15
 
 Technicians: Joemari/Jerome","799","Active","Purok 5 Sitio jimenez hermoza bayambang Pangasinan
 OK",""
"3927","","1784422830","MSV_Orlando_Dacanay","639955689766","20 - Prepaid","Non-Active","July 19, 2026","NapBox: 
 LCP: 
 Port: 10
 Technicians: Piolo/Jerome","1,500","Active","Jamboree st san vicente Alcala Pangasinan
 OK",""
"3928","","1784430860","MSPI_Jocelyn_Fernandez","639129512607","21 - Prepaid","Non-Active","July 19, 2026","NapBox:
 LCP:
 Port:9
 Technicians:Edward / Ma king","1,000","Active","Zone 1 San pedro ili alcala pangasinan
 OK",""
"3929","","1784437288","XPOB_Eunice_DelosSantos","639463835825","20 - Prepaid","Non-Active","July 19, 2026","Alternative Contact Number: 09393346244
 NapBox:
 LCP:
 Port:5
 
 Technicians:Edward / Ma king","799","Active","Address (with Purok): P Sison Street, Poblacion East, Alcala, Pangasinan
 OK",""
"3930","","1784452212","XID_Bryan_Brual","639941521752","21 - Prepaid","Non-Active","July 19, 2026","NapBox:N/A
 LCP:N/A
 Port:4
 Technicians:Jasper, Romeo","1,000","Active","Purok 2 Barangay Idong, Bayambang Pangasinan
 OK",""
"3931","","1784454013","MPE_Raymund_Bagayan","639157097566","21 - Prepaid","Non-Active","July 19, 2026","NapBox:
 LCP:
 Port:6
 Technicians:Edward / Ma king","799","Active","P. Sison St Poblacion East alcala Pangasinan",""
"3932","","1784504980","TPA_Erlinda_Esteban","639155469684","23 - Prepaid","Non-Active","July 20, 2026","NapBox: 
 LCP: 
 Port: 10
 Technicians: Piolo/Jerome","1,000","Active","Purok 2 Pangdel Bbang Pangasinan
 OK",""
"3933","","1784525379","XSPA_Marivic_Cuaresma","639618435690","21 - Prepaid","Non-Active","July 20, 2026","NapBox: 
 LCP: 
 Port: 9
 Technicians: Piolo/Jerome
 referred by Rose ann Nelmida","1,000","Active","Purok5 San pedro apartado Alcala Pangasinan
 OK",""
"3934","","1784525513","XBUA_Danny_Cayabyab","639627348581","21 - Prepaid","Non-Active","July 20, 2026","NapBox:
 LCP:
 Port:5
 Technician: John and Dong","1,000","Active","Purok 6 Buayaen Bayambang Pangasinan
 OK",""
"3935","","1784538605","MKIS_Benjar_Torres","639924123186","21 - Prepaid","Non-Active","July 20, 2026","NapBox:
 LCP:
 Port:3
 Technicians:Edward / Ma king","1,000","Active","Nama st zone 1 kisikis alcala Pangasinan
 OK",""
"3936","","1784590291","MSTP_RicaElla_Cacho","639461893656","22 - Prepaid","Non-Active","July 21, 2026","NapBox:
 LCP:
 Port:4
 Technician: John and Dong","1,000","Active","Zone 2 sto domingo Santo tomas pangasinan
 OK",""
"3937","","1784595631","TRE_Rolando_Calangian","639637092550","22 - Prepaid","Non-Active","July 21, 2026","NapBox: 6
 LCP: 
 Port: 15
 Technicians: Piolo/Jerome","1,000","Active","Purok 4 Reynado Bbang Pangasinan
 OK",""
"3938","","1784600554","MKIS_Lyden_Bregania","639915289821","21 - Prepaid","Non-Active","July 21, 2026","NapBox:
 LCP:
 Port:12
 Technicians:Edward / Ma king","799","Active","Nama st Kisikis alcala Pangasinan / Padol Compound
 OK",""
"3939","","1784676887","MKIS_Margie_Pasag","639931065340","22 - Prepaid","Non-Active","July 22, 2026","NapBox:
 LCP:
 Port:13
 Technician: John and Dong","1,000","Active","Nama st Kisikis alcala pangasinan
 OK",""
"3940","","1784677008","MBSM_Daisy_Gallarde","639365665761","22 - Prepaid","Non-Active","July 22, 2026","NapBox: n/a
 LCP: n/a
 Port: 2
 Technicians: Jeff/Adrian","1,000","Active","Cabalitian bersamin alcala pangasinan
 OK",""
"3941","","1784677787","DRE_Erlinda_Tamayo","639556472536","22 - Prepaid","Non-Active","July 22, 2026","OK
 NapBox: 5
 LCP: 
 Port: 10
 Technicians: Piolo/Jerome","1,000","Active","Purok 4 Reynado Bayambang Pangasinan",""
"3942","","1784690749","XINA_Alexander_Cacaitan","639953670079","1 - Prepaid","Non-Active","July 22, 2026","OK
 NapBox:3
 LCP:1
 Port:13
 Technician: Jasper and romeo","1,000","Active","MUSLIM COMPOUND PUROK UNO INANLORENZA BAYAMBANG PANGASINAN",""
"3943","","1784702159","TRE_William_Salvador","639165124592","22 - Prepaid","Non-Active","July 22, 2026","NapBox: 6
 LCP: 
 Port: 16 
 Technicians: Piolo/Jerome","1,000","Active","Purok 4 Renado Bbang Pangasinan
 OK",""
"3944","","1784773568","XTE_Helen_Surait","639306498687","24 - Prepaid","Non-Active","July 23, 2026","OK
 NapBox:n/a
 LCP:1
 Port:2
 Technician: Jasper and John","1,000","Active","TELBANG BAYAMBANG PANGASINAN",""
"3945","","1784774852","XNS_Rafael_Dimarucot","639455975002","23 - Prepaid","Non-Active","July 23, 2026","NapBox:
 LCP:
 Port:5
 Technicians:Edward / Ma king","1,000","Active","Nibaliw Sur Bautista Pangasinan
 OK",""
"3946","","1784782090","MCAN_Amelia_Inding","639526187027","23 - Prepaid","Non-Active","July 23, 2026","NapBox:none
 LCP:none
 PoRT:7
 Technicians: NOMEL FLORES, ALFREDO,","1,000","Active","Funston st Canarvacanan Alcala pangasinan
 OK",""
"3947","","1784801914","TSV_Ronalyn_Espiritu","639388186313","24 - Prepaid","Non-Active","July 23, 2026","OK
 NapBox:8
 LCP:1
 Port:10
 Technician: Jeff and John","1,000","Active","Purok 4 Espiritu Compound Sn.Vicente Bayambang Pangasinan",""
"3948","","1784858977","MKIS_Melver_Clemente","639771218929","24 - Prepaid","Non-Active","July 24, 2026","NapBox:n/a
 LCP:n/a
 Port:11
 Technician: Jasper and renz","799","Active","Zone 4 kisikis alcala pangasinan
 OK",""
"3949","","1784873882","XMS_Francisco_Bautista","639921521449","25 - Prepaid","Non-Active","July 24, 2026","NapBox:n/a
 LCP:n/a
 Port:2
 Technician: Jasper and romeo","1,000","Active","Manambonh Sur Bayambang Pangasinan
 OK",""
"3950","","1784886517","XBUA_Jonalyn_Erguiza","639392575702","24 - Prepaid","Non-Active","July 24, 2026","NapBox:
 LCP:
 Port:9
 Technician: Jeff and John","1,000","Active","Purok 7, Palacpac, Buayaen, Bayambang, Pangasinan
 OK",""
"3951","","1784888238","XTE_Arnel_Maat","639278090721","1 - Prepaid","Non-Active","July 24, 2026","OK
 NapBox:N/A
 LCP:1
 Port:6
 Technicians:piolo/nomel/Marvin
 activator.darz
 =========
 September 4, 2026 RECONNECTION
 old dd 28 
 new dd 1 - hans","1,000","Active","Purok 7, Telbang Bayambang Pangasinan",""
"3952","","1784950126","XTAM_Lezyl_Tomas","639485325621","27 - Prepaid","Non-Active","July 25, 2026","NapBox:2
 LCP:1
 Port:4
 Technicians:Edward / Ma king","1,000","Active","Purok 3 Tampog, Bayambang, Pangasinan
 OK",""
"3953","","1784950398","XBED_Estrelita_DelaCruz","639544591709","27 - Prepaid","Non-Active","July 25, 2026","NapBox:
 LCP:
 Port:10
 Technicians:Edward / Ma king","1,000","Active","Purok 5 Bedania Mangatarem Pangasinan
 OK",""
"3954","","1784953266","DTA_Sheila_Pereja","639451931215","25 - Prepaid","Non-Active","July 25, 2026","NapBox: 2
 LCP: 
 Port: 13
 Technicians: Piolo/Jerome","1,000","Active","Purok 3, Tatarac, Bayambang, Pangsinan
 OK",""
"3955","","1785024361","XPIN_Gemma_Piamonte","639936302510","28 - Prepaid","Non-Active","July 26, 2026","NapBox:N/A
 LCP:N/A
 Port:6
 Technicians:piolo/Marvin","1,000","Active","Zone 2, Pindangan West, Alcala, Pangasinan
 OK",""
"3956","","1785037700","XMS_Kareen_Lasquite","639065700324","13 - Prepaid","Non-Active","July 26, 2026","NapBox:n/a
 LCP:n/a
 Port:8
 Technician: Jasper and romeo
 ====================
 September 13 2026 - reconnection 
 For delete of August Bill
 New DD"" OCTOBER 13 2026-CLARISSE","1,000","Active","purok tres leksab subdivision Manambong Sur subdivision Bayambang Pang
 OK",""
"3957","","1785068244","TDA_Lourdes_Miguel","639277776735","27 - Prepaid","Non-Active","July 26, 2026","LCP: NONE
 NAP:NONE
 Port:1
 TECHNICIAN:NOMEL/ALFREDO","1,000","Active","Purok 1 Darawey Riverside Bbang Pangasinan
 OK",""
"3958","","1785069873","TDP_Prescilla_Fuentes","639850754587","28 - Prepaid","Non-Active","July 26, 2026","NapBox:  
 LCP:1
 Port:2
 Technician:renz Adrian","1,000","Active","145 MH Del Pilar st. Bbang Pangasinan
 OK",""
"3959","","1785113754","XPW_Rhea_Tagulao","639926788254","27 - Prepaid","Non-Active","July 27, 2026","OK
 NapBox:N/A
 LCP:N/A
 Port:1
 Technicians:piolo/Marvin","1,000","Active","10 Poblacion West Bautista Pangasinan",""
"3960","","1785114898","XBUA_Teresa_Elbambo","63906902134","27 - Prepaid","Non-Active","July 27, 2026","NapBox:
 LCP:
 Port:6
 Technician: Jeff and John","1,000","Active","Purok 7, Palacpac ST Buayaen, Bayambang, Pangasinan
 OK",""
"3961","","1785119474","XBUA_Jennifer_Antonio","639760866642","27 - Prepaid","Non-Active","July 27, 2026","NapBox:3
 LCP:1
 Port:12
 Technician: Jeff and John","1,000","Active","Purok4 Buayaen,Bayambang,Pang.
 OK",""
"3962","","1785120434","MSN_Rowena_Cabrera","639395181130","28 - Prepaid","Non-Active","July 27, 2026","NapBox:
 LCP:
 Port:12
 Technicians:Edward / Ma king","1,000","Active","121 Castañeda Street San Nicolas Alcala Pangasinan
 OK",""
"3963","","1785126083","XPA_MaeRamos_Martin","639369240155","27 - Prepaid","Non-Active","July 27, 2026","NapBox:1
 LCP:1
 Port:15
 Technicians:piolo/Marvin","1,000","Active","Purok 3 Pangdel Bayambang Pangasinan
 OK",""
"3964","","1785197494","TMAN_Edna_Bumadilla","639510517992","28 - Prepaid","Non-Active","July 28, 2026","Port: 13
 Technicians: Joemari/Jerome
 activator.darz","1,000","Active","Purok 1 Managos Bbang Pangasinan
 OK",""
"3965","","1785214301","XMAN_JudyAnn_Caparra","639275638686","28 - Prepaid","Non-Active","July 28, 2026","NapBox:n/a
 LCP:n/a
 Port:8
 Technician: Jasper and romeo","799","Active","Prk. 1 Brgy. Managos Bayambang Pangasinan
 Ok",""
"3966","","1785214618","XAM1_Josie_Magpantay","639762514347","28 - Prepaid","Non-Active","July 28, 2026","NapBox: 
 LCP: 
 Port: 14
 Technicians: Joemari/Jerome","1,000","Active","Purok 2 Ambayat 1st Bayambang Pangasinan
 OK",""
"3967","","1785221924","XDU_Romeo_Romero","639671082400","28 - Prepaid","Non-Active","July 28, 2026","NapBox:none
 LCP:none
 PoRT:10
 Technicians: NOMEL FLORES,ROMEO","799","Active","Purok 3, Dusoc Bayambang Pangasinan
 OK",""
"3968","","1785283538","XSPI_JohnAlexander_Pilarca","639914826856","1 - Prepaid","Non-Active","July 29, 2026","NapBox:N/A
 LCP:N/A
 Port:1
 Technicians:piolo/Marvin 
 =======================
 AUGUST 14 2026
 UPDATE DUE DATE MAKE IT 1 TO AVOID CONFUSION FOR THE CLIENT-CLARISSE
 NEXT DD IS SEPT 1 2026","799","Active","AE2Z CAR WASH SAN PEDRO ILI ALCALA
 OK",""
"3969","","1785294498","XPIN_MaryJoyce_Lopez","639924123164","28 - Prepaid","Non-Active","July 29, 2026","NapBox:N/A
 LCP:N/A
 Port:4
 Technicians:piolo/Marvin 
 AGENT:cris Torres","799","Active","Pindangan east liwliwa zone 2
 OK",""
"3970","","1785298102","XPIN_DennisRoldan_Agsaoay","639663200790","28 - Prepaid","Non-Active","July 29, 2026","NapBox:N/A
 LCP:N/A
 Port:3
 Technicians:piolo/Marvin 
 AGENT:cris Torres","1,000","Active","161 Zone 1, Pindangan East, Alcala, Pangasinan",""
"3971","","1785299814","DBE_Markbrian_Pido","639553017717","28 - Prepaid","Non-Active","July 29, 2026","NapBox:  2
 LCP: 1
 Port: 6
 Technician:renz Adrian","1,000","Active","Purok 4 Bungato East Bayambang Pangasinan
 OK",""
"3972","","1785300011","DBE_Arnold_Deguzman","639674453294","28 - Prepaid","Non-Active","July 29, 2026","NapBox:  2
 LCP: 1
 Port: 7
 Technician:renz Adrian","1,000","Active","Purok 4 Bongato East Bayambang Pangasinan
 OK",""
"3973","","1785325742","XAMS_Pedro_Panis","639544635746","1 - Prepaid","Non-Active","July 29, 2026","NapBox:7
 LCP:1
 Port:10
 Technicians:piolo/Marvin","1,000","Active","Purok 6 Amancosiling Sur, Bayambang Pangasinan
 OK",""
"3974","","1785409187","XBW_Gilbert_Galela","639077707295","1 - Prepaid","Non-Active","July 30, 2026","NapBox:1
 LCP:1
 Port:10
 Technician: Jasper and romeo","799","Active","Purok 7 196 Bongato West Bayambang, Pangasinan
 OK",""
"3975","","1785461519","DCA_Elvie_Abrena","639277281450","1 - Prepaid","Non-Active","July 31, 2026","OK
 NapBox:  7
 LCP:  0
 Port: 2
 Technician:renz Adrian","1,000","Active","Purok 5 Carungay Bayambang Pangasinan",""
"3976","","1785465637","XZ5_Charlene_Barboza","639647625148","1 - Prepaid","Non-Active","July 31, 2026","NapBox:2
 LCP:1
 Port:4
 Technicians:piolo/Marvin","1,000","Active","76, Zone 5, Bayambang Pangasinan
 OK",""
"3977","","1785469756","XDA_Leah_Dulay","639065925147","2 - Prepaid","Non-Active","July 31, 2026","NapBox:
 LCP:
 Port:4
 Technician: Jeff and John
 15.765185,120.444426
 ========================
 NEW DD: AUGUST 2 DUE TO DELAY REPAIR 
 OLD DD: 1
 NEW DD: 2-CLARISSE","1,000","Active","Purok 1 Darawey Bayambang Pangasinan
 OK",""
"3978","","1785476468","MKIS_Crisologo_Sorio","639939413247","1 - Prepaid","Non-Active","July 31, 2026","NapBox:
 LCP:
 Port:13
 Technicians:Edward / Ma king
 Assisted by: sir marben","1,000","Active","Zone 2 Kisikis Alcala Pangasinan
 OK",""
"3979","","1785494390","DSV_Amy_Salvador","639171660996","1 - Prepaid","Non-Active","July 31, 2026","NapBox:1
 LCP:1
 Port:10
 Technician: Jeff and John","1,000","Active","San Vicente Bayambang Pangasinan
 OK",""
"3980","","1785495703","DHE_Jericamay_Torres","639466721462","1 - Prepaid","Non-Active","July 31, 2026","NapBox:
 LCP:
 Port:15
 Technician: Jasper and romeo and edwin","1,000","Active","Purok 3 Hermosa Bayambang Pangasinan
 OK",""
"3981","","1785500581","XBW_Nerissa_Tiopo","639948714252","1 - Prepaid","Non-Active","July 31, 2026","NapBox:2
 LCP:1
 PoRT:9
 Technicians: NOMEL FLORES, ALFREDO","1,000","Active","#50 Purok 2 Bongato west Bayambang Pangasinan beside barangay Hall
 OK",""
"3982","","1785581601","TSV_Delfin_Erolin","639664855895","2 - Prepaid","Non-Active","August 01, 2026","NapBox:6
 LCP:1
 Port:15
 Technicians:piolo/Marvin 
 AGENT:Jhun Torres","1,000","Active","Purok 4 Sn.Vicente Bayambang Pangasinan
 OK",""
"3983","","1785640707","XMAG_Leopoldo_Bato","639498205323","12 - Prepaid","Non-Active","August 02, 2026","NapBox: 
 LCP: 
 Port: 16
 Technicians: Piolo/Jerome
 FHTT94957198
 FOC Meters: apprx. 100m","799","Active","Magsaysay St Bayambang Pangasinan
 OK",""
"3984","","1785645654","XPIN_Agustin_Nario","639279711706","4 - Prepaid","Non-Active","August 02, 2026","NapBox: 
 LCP: 
 Port: 15
 Technicians: Piolo/Jerome","799","Active","Aguada St., Pindangan West, Alcala, Pangasinan
 Ok",""
"3985","","1785650118","XNS_Mariane_Panique","639916700560","7 - Prepaid","Non-Active","August 02, 2026","NAPBOX:
 LCP:
 PORT:1
 TECHNICIAN: Jeff,John","1,000","Active","Purok 7 #150 Nibaliw Sur Bautista, Pangasinan
 OK",""
"3986","","1785662006","XBN_Emmanuel_Cayabyab","639104489219","12 - Prepaid","Non-Active","August 02, 2026","NapBox: 5
 LCP: 
 Port: 8
 Technicians: Piolo/Jerome
 FOC Meters: apprx. 90m","799","Active","Purok 4 Bical Norte
 OK",""
"3987","","1785811319","XDU_Danilo_Canelas","639617909672","21 - Prepaid","Non-Active","August 04, 2026","OK
 NAPBOX:
 LCP:
 PORT:8
 TECHNICIAN:John and Renz
 FOC: 130 meters","1,000","Active","Purok 3, Dusoc Bayambang Pangasinan",""
"3988","","1785813218","XTAM_Thomas_Asendido","639569905784","16 - Prepaid","Non-Active","August 04, 2026","OK
 NAPBOX:5
 LCP:1
 PORT:1
 TECHNICIAN:John and Marvin
 METERS OF CABLE:70","1,000","Active","Purok 3, Tampog Bayambang Pangasinan",""
"3989","","1785838808","MSPI_Lorenz_Ramirez","639187697850","5 - Prepaid","Non-Active","August 04, 2026","NapBox: 
 LCP: 
 Port: 12
 Technicians: Piolo/Jerome","1,000","Active","DMLV SUBDIVISION SAN PEDRO ILI
 OK",""
"3990","","1785844274","MLAO_Emelyn_Manuel","639955147140","24 - Prepaid","Non-Active","August 04, 2026","NapBox:
 LCP:
 Port:4
 Technician: Ma king / Marvin
 FOC Meters:650 meters","1,000","Active","Zone4 368 Velo St. Laoac East Alcala Pangasinan
 OK",""
"3991","","1785844887","XPIN_AnnaRica_Mayo","639923058027","5 - Prepaid","Non-Active","August 04, 2026","NapBox: 
 LCP: 
 Port: 5
 
 Technicians: Piolo/Jerome","1,000","Active","Zone 1 Pindangan East Alcala Pangasinan
 OK",""
"3992","","1785902164","Brgy_Pindangan_Centro","6312345678910","1 - Prepaid","Non-Active","August 05, 2026","","1,000","Active","Pindangan Centro Alcala Pangasinan
 OK",""
"3993","","1785905310","XPIN_Jayvee_Tubera","6399119392059","5 - Prepaid","Non-Active","August 05, 2026","NapBox: 
 LCP: 
 Port: 6
 Technicians: Piolo/Jerome
 agent cris","1,000","Active","Pindangan east doña aurora st. Alcala pangasinan
 OK",""
"3994","","1785916542","XPIN_Bryan_Bagana","639924549083","5 - Prepaid","Non-Active","August 05, 2026","NapBox: 
 LCP: 
 Port: 7
 Technicians: Piolo/Jerome
 agent cris","1,000","Active","Doña aurora St.  Zone 1 Pindangan East Alcala Pang
 OK",""
"3995","","1785922646","XPA_Soledad_Cayabyab","639153952210","7 - Prepaid","Non-Active","August 05, 2026","Port: 6
 Technicians: Piolo/Jerome","1,000","Active","Purok 1 Pangdel Bayambang Pangasinan
 OK",""
"3996","","1785926953","XTE_Ildefonso_Cayabyab","639515410453","12 - Prepaid","Non-Active","August 05, 2026","NapBox: 1
 LCP: 
 Port: 6
 Technicians: Piolo/Jerome
 HWTCF3E6829E","1,000","Active","Telbang Bayambang Pangasinan
 OK",""
"3997","","1785979284","XAM1_Severino_Bugarin","639635219047","10 - Prepaid","Non-Active","August 06, 2026","NapBox: 
 LCP: 
 Port: 13
 Technicians: Piolo/Jerome","1,000","Active","Ambayat 1st Bayambang Pangasinan.
 OK",""
"3998","","1785979289","XMS_DaniellaJoy_Lasquite","639707371549","19 - Prepaid","Non-Active","August 06, 2026","OK
 NapBox: 
 LCP: 
 Port: 13
 Technicians: Piolo/Jerome
 Apprxm 180 meters","1,000","Active","PUROK 2 MANAMBONG SUR BAYAMBANG PANGASINAN",""
"3999","","1785979564","XNAN_MaryAnne_Ragos","639633335424","12 - Prepaid","Non-Active","August 06, 2026","NapBox: n/a
 LCP: n/a
 Port: 1
 Technicians: Jeff/Romeo
 ZTXGCEAF58BE
 FOC Meters: 140","1,000","Active","Purok 3 Nandacan Bautista Pangasinan
 OK",""
"4000","","1786005281","DCA_Elmer_Pacubas","639686651992","13 - Prepaid","Non-Active","August 06, 2026","HWTC66A44DA3
 NapBox: 1
 LCP: 
 Port: 3
 Technicians: Piolo/Jerome
 FOC Meters: apprx. 180m","1,000","Active","Purok 6 Carungay Bayambang Pangasinan
 OK",""