"No","","Account No","Name","Phone","Due Date - Payment Type","Tax","Register Date","Remark","Bill / Month","Status","Address","Action"
"1001","","700015","XAP_Jasmien_Francisco","639752295767","1 - Prepaid","Non-Active","March 26, 2024","nap 6
 port p
 piolo
 jayson
 ==========
 DC 10/29/25 - Ice
 RC 10/29/25 - Ice
 5 days adjusted dd due to typhoon old DD 11/26 new dd Dec 1 for delete Nov. Bill-ej","1,000","Active","Purok 2 Apalen Bayambang",""
"1002","","5700051","XSV_Wilford_Bato","639751031009","7 - Prepaid","Non-Active","March 27, 2024","OK
 Nap 1
 Port 5
 Lester/Dave
 ==========
 DC 10/30/25 - Ice
 ===========
 September 11, 2026 RECONNECTION
 old dd 27
 new dd 7  - hans","1,000","Active","Purok 1 San Vicente",""
"1003","","5200012","XPS_Mariafe_Seledio","639481038730","28 - Prepaid","Non-Active","March 27, 2024","OK
 Nap 6
 Port 15
 Edward
 Pedro/Jeff
 ==========
 DC 10/30/25 - Ice
 ===================
 OLD DD: 27
 NEW DD:  28 plus 5 days grace period, moved 2 days due to repair - Clarisse","1,000","Active","Poblacion Sur Bayambang",""
"1004","","242500020","XBW_Jeanette_Buising","639569829092","2 - Prepaid","Non-Active","April 02, 2024","port 4
 nap 4
 lester
 dave
 
 
 
 RC 12/9/25 - Ice","1,000","Active","Purok 5 Bongato West bayambang",""
"1005","","400060","XAMS_Norly_Pangasian","639509491300","5 - Prepaid","Non-Active","April 05, 2024","Jeff/Jasper
 Nap 6 
 Port 5","1,000","Active","Purok 6 Amangcosiling Sur",""
"1006","","2900061","XHE_Vilma_Sabangan","639087671122","13 - Prepaid","Non-Active","April 06, 2024","nap 6
 port 16
 jerome
 piolo
 
 ==========
 DC 10/10/25
 RC 10/10/25
 ===========
 DC 11/14/25 - Ice (Ma'amClarisse)
 old dd: 6/ adjusted 7 days darz- new dd: 13","1,000","Active","Purok 2 Hermoza Bayambang",""
"1007","","2400025","XCA_Arlyn_Navarrete","639082702957","6 - Prepaid","Non-Active","April 08, 2024","Lester/Dave
 Nap6
 port 12
 ============
 Old DD 8
 DC 10/14/25 - Ice
 6 days consumed
 RC 10/23/25 - Ice
 New DD 17
 ==============
 RC 12/23/25
 ===============
 OLD DD: FEB 23
 DC:FEB 27
 RC-MARCH 10 2026
 NEW DD: APRIL 6 2026 -CLARISSE","1,000","Active","Purok 5 Carungay",""
"1008","","5500042","XSG1_Gina_Tamayo","639566109761","8 - Prepaid","Non-Active","April 08, 2024","NAP 1
 PORT 6
 MAKING
 JETHRO
 ============
 DC 10/14/25 - Ice
 RC 10/14/25 - Ice
 ----------------
 11/15/25- remit by Sir Jhun via cash , november payment","1,000","Active","San Gabriel 1st Bayambang",""
"1009","","3600008","XDP_Nelson_Junio","639472617924","14 - Prepaid","Non-Active","April 09, 2024","OK
 Nap 5
 port 9
 Lester
 Dave
 ========
 DC 11/17/25 - Ice
 RC 11/17/25 - Ice
 ===========
 OLDDD: 9
 RC FEB 14 2026-CLARISSE","1,000","Active","M.H Delpilar Bayambang",""
"1010","","2400026","XCA_Jason_Parana","639957294351","27 - Prepaid","Non-Active","April 10, 2024","Nap 3 
 Port 11
 Piolo
 
 Recon Oct 27","1,000","Active","Carungay Bayambang",""
"1011","","3200027","XINI_Rhiana_Alonzo","639817301965","22 - Prepaid","Non-Active","April 15, 2024","nap 2
 port 6
 Piolo/Pedro
 ==========
 7/1/26 duedate adjusted 7days old15, new22 -lester","1,000","Active","Purok 3 Inirangan Bayambang Pangasinan
 Ok",""
"1012","","400061","XAMS_Marissa_Laza","639707721261","17 - Prepaid","Non-Active","April 15, 2024","nap 6
 port 6
 piolo
 making","1,000","Active","Amancosiling Sur Bayambang",""
"1013","","4200037","XMAN_Trisha_Navarro","639706487316","16 - Prepaid","Non-Active","April 16, 2024","Piolo
 Making
 DC 11/19/25 - Ice
 RC 11/19/25 - Ice
 ======================================
 June 1, 2026
 Approved adjustment: 7 days isolation.
 Service interruption started on May 28, 2026 at approximately 7:00 PM and was restored on May 31, 2026 at approximately 7:00 AM.
 As compensation for the outage, a 7-day adjustment to the payment schedule has been approved.
 – Clarisse","1,000","Active","Managos Bayambang",""
"1014","","4200038","XMAN_Maricar_Papa","639924302154","12 - Prepaid","Non-Active","March 14, 2024","Lcp:1
 Port:12
 Nap:7
 ========
 Vince/Jayson
 For deletion August Billing
 DC 9/8/25
 RC 9/15/25
 New DD :10/15/25
 ===========
 DC 10/21/25 - Ice
 RC 10/21/25 - Ice
 ========
 Old dd 15
 DC 11/19/25 - Ice
 4 days consumed
 RC 11/24
 New DD 12/20-ej
 ========
 DC 01/24/26
 RC 02/16/26
 Old DD 20
 New DD 16
 Next DD - 03/16/2025 - Hans
 =========
 DC 04/20/2026
 RC 04/27/2026
 OLD DD 16
 NEW DD 24 
 NEXT DD 05/24/2026 - HANS
 ======================
 OLD DD: 24
 RC: JUNE 03
 NEW DD: JULY 03 2026-CLARISSE
 -----------------------
 AUGUST 16 2026
 OLD DD: 3
 NEW DD"" 12 -CLARISSE","1,000","Active","Purok 6 Managos",""
"1015","","2400028","XCA_Sheryl_Echaure","639777148026","15 - Prepaid","Non-Active","March 14, 2024","Edward/Pedro
 Sept 06 2025- moved due date due to no connection for 1 day. 
 next dd: Oct 15 2025-Clarisse
 DC 11/19/25 - Ice
 RC 11/19/25 - Ice","1,000","Active","Purok 5 Carungay",""
"1016","","4200039","XMAN_Jocelyn_Valdoz","639994942579","28 - Prepaid","Non-Active","April 17, 2024","Piolo/Marnold
 Nap 6
 Port 10
 11/20/25 MOVED DAW PALA ANG DUEDATE NI CLIENT NG 21
 DC 11/19/25 - Ice
 RC 11/21-ej
 ===
 DC 03/25/2026
 RC 03/28/2026
 OLD DD 21
 NEW DD 24
 NEXT DD 04/24/2026 - HANS
 DC:28/RC:3/NEW DD:1-DARZ","1,000","Active","Purok 4 Managos",""
"1017","","10100002","XCB_Efrelyn_German","639187651062","24 - Prepaid","Non-Active","April 17, 2024","Piolo/Marnold
 Nap2
 Port 7
 ==========
 DC 10/22/25 - Ice
 RC 10/23/25 - Ice
 old dd:17   /adjusted 7 days-darz/ new dd:24","1,000","Active","Purok 7  Cabayaoasan Mangatarem",""
"1018","","500012","XAM1_Girlie_Fernandez","639104712536","25 - Prepaid","Non-Active","April 18, 2024","Lester/Dave
 Nap 1
 Port 8
 old dd:18/ adjusted 7 days-darz/ new dd:25","1,000","Active","Purok 2 Ambayat 1st",""
"1019","","400062","XAMS_Mariechu_Casingal","639859560309","19 - Prepaid","Non-Active","April 19, 2024","Marnold/Jasper
 Np 1
 Port 13
 DC 11/25/25 - Ice
 RC 11/25/25 - Ice
 ==========================
 June 1, 2026
 Approved adjustment: 7 days isolation.
 Service interruption started on May 28, 2026 at approximately 7:00 PM and was restored on May 31, 2026 at approximately 7:00 AM.
 As compensation for the outage, a 7-day adjustment to the payment schedule has been approved.
 – Clarisse","1,000","Active","Purok 4 Amangcosiling Sur
 OK",""
"1020","","400063","XAMS_Markjohn_Devera","639707721255","19 - Prepaid","Non-Active","April 19, 2024","Marnold/Jasper
 Nap 7
 Port 15
 =================
 DC 11/25/25 - Ice
 RC 11/25/25 - Ice","1,000","Active","Purok 5 Amangcosiling Sur
 OK",""
"1021","","240423135611","XBUA_Jannina_Bonzon","639618794382","23 - Prepaid","Non-Active","April 23, 2024","Lester/Jeff/Markjude
 Port 3","1,000","Active","SAKBIT STREET BUAYAEN BYB PNG",""
"1022","","240423162010","XBUA_MaryGrace_Lasquite","639507634934","28 - Prepaid","Non-Active","April 23, 2024","Marnold
 Port 2
 Nap
 DC MARCH 13 2025 ALDRIN
 old dd:23/adjusted 7 days -darz/new dd:30","1,000","Active","PUROK 7 BUAYAEN BYB PNG
 OK",""
"1023","","240423162329","XWA_Joseph_Evangelista","639212293780","28 - Prepaid","Non-Active","April 23, 2024","Piolo/Jomari
 Port 2
 DC 8/28/25
 RC. 9/30/25
 New DD 10/24/25
 
 ============
 DC 11/27/25 - Ice (DD of 23-24)
 =========
 3 days due date adjustment - hans","1,000","Active","Wawa bayambang PNG",""
"1024","","240423165337","XBUA_Annalhea_Carino","639388904304","23 - Prepaid","Non-Active","April 23, 2024","Marnold NAP-7 (Port 3)","1,000","Active","PUROK 7 PALACPAC ST. BUAYAEN BYB PNG",""
"1025","","240424112321","XBUA_Mario_Payomo","639504940540","28 - Prepaid","Non-Active","April 24, 2024","Dave/Jasper
 Port 1
 =================
 OLD DD: 24
 NEW DD: 26 - MOVED DUE DATE DUE TO 2 DAYS NOCONNECTION-CLARISSE
 MAY 29 2026","1,000","Active","PUROK 5 REQUILMAN ST.BUAYAEN BYB PNG",""
"1026","","240424112735","XBUA_Judelyn_Caragan","639638512150","28 - Prepaid","Non-Active","April 24, 2024","Lester/Mj / Port 2
 ============
 JULY 24- PAID VIA CASH FOR THE MONTH OF august
 ==========
 Recon 12/12/25 - Walk-in fee(M'Belle)
 ===================================
 APRIL 17 2026- CLIENT WALK IN AND CONFIRMED HIS NEW DD: APRIL 28 2026-CLARISSE","1,000","Active","PUROK 6 BUAYAEN BYB PNG
 OK",""
"1027","","240424210902","XBUA_Danilo_Asuncion","639070717626","28 - Prepaid","Non-Active","April 24, 2024","Jeff/Jasper
 Port 5
 ==========
 DC 11/3/25 - Ice
 RC 11/4/25 - Ice
 =========
 May 29, 2026 - Downtime
 Only isolir date is adjusted kasi bawal lumagpas  sa 28 ang due date","1,000","Active","SAKBIT STREET BUAYAEN BYB PNG",""
"1028","","6400070","XTAN_Juanito_Junio","639562916522","18 - Prepaid","Non-Active","April 25, 2024","Marnold/Pedro
 Nap 8
 Port 6
 ==========
 7/10/26 Done pullout modem/Unplugged nap8 port10 -piolo/marvin
 ==========
 July 18 2026 - Reconnection - hans","1,000","Active","Purok 3 Sitio Pandel Tanolong
 OK",""
"1029","","242300015","XBE_Emily_Morilia","639208967544","25 - Prepaid","Non-Active","April 25, 2024","PIOLO/JOMARI
 
 04-28-25- Noted on the said request (need to settle The 1,000 balance payment on April 30,2025) Client is not aware with the 2 months past due. (March & april) due to late payment 
 Next DD: May 25.2025 - Client requested due date every 25th. approved. 
 -Clarisse
 9 days consume
 june 04-send payment via gcash 
 same DD: 25
 ==========
 DC 10/28/25 - Ice
 RC 11/3/25 - Ice","1,000","Active","Purok 1 Bongato East Bayambang Pangasinan
 OK",""
"1030","","5500043","XSG1_Eric_Maballo_Camacho","639563844100","25 - Prepaid","Non-Active","April 25, 2024","NAP 3 Port 15
 JEFF/MARK JUDE
 ==========
 DC 10/28/25 - Ice
 RC 10/28/25 - Ice","1,000","Active","Purok 1 San Gabriel 1st Bayambang Pangasinan",""
"1031","","5800036","XSC_Leona_Mejia","639318462903","26 - Prepaid","Non-Active","April 26, 2024","Marnold/Jethro
 Port 5
 
 ==========
 DC 10/29/25 - Ice","1,000","Active","Purok 3 Sancagulis
 
 UNPAID NOV
 DC DEC 4
 paid via gcash dec 1",""
"1032","","4400025","XMP_Maricris_Villegas","639384391312","27 - Prepaid","Non-Active","April 26, 2024","OK
 Marnold/Jethro
 Port 2
 
 26 old due date
 dc April 28 2025
 rc June 26 2025
 NEW DD: JULY 24
 ==========
 DC 10/28/25 - Ice
 RC 10/29/25 - Ice
 ============
 DC 11/27/25 - Ice (DD of 23-24)
 RC 11/28/25 - Ice 
 ==========
 3 days due date adjusted due to 3 days LOS - hans","1,000","Active","Manambong Parte",""
"1033","","240429140002","XBUA_Mariel_Enardicido","639514438982","5 - Prepaid","Non-Active","April 29, 2024","Piolo/Making/Jayon
 Port 3
 
 Client requested to moved due date to May 05- total - 1,165 -Clarisse
 Client paid via cash - May 05
 New DD: June 05
 -Clarisse
 ===============
 OLD DD: OCT 05 2025
 DC 10/9/2025- 4 DAYS EXCEED
 UNPAID OCT BILLING
 ===============
 For Deletion Oct Bill
 Reconnection 11/5/25
 NEW DD: Dec. 1 
 (Payment deducted from salary of Aljhan on nov 15. approved by sir Jay) -Ice
 OLD DD:1/ADJUSTED 4 DAYS-DARZ/NEW DD: 5","799","Active","PUROK 3 BUAYAEN BYB PNG",""
"1034","","7600033","XZ6_Maryann_Royo","639100634998","7 - Prepaid","Non-Active","April 29, 2024","Marnold/Mark jude
 Nap 5
 Port 13
 old dd:30/adjusted 7 days -darz/new dd:7","1,000","Active","Zone 6 Bayambang",""
"1035","","240430073858","XBUA_Wilfredo_Requilman","639075437948","28 - Prepaid","Non-Active","April 29, 2024","Jasper/Dave
 Port 2","1,000","Active","REQUILMAN ST. BUAYAEN BYB PNG",""
"1036","","240430130401","XBUA_Geraldo_Quejadas","639204447403","28 - Prepaid","Non-Active","April 30, 2024","Mj/Johan/Piolo
 Port 4
 ==========
 August 1, 2026 
 DOWNGRADE FROM 1000 TO 799 - HANS","1,000","Active","SAKBIT STREET BUAYAEN BYB PNG",""
"1037","","5500044","XSG1_Aileen_Lapada","639517337439","19 - Prepaid","Non-Active","April 30, 2024","OK
 Dave/Piolo
 Nap 4
 Port 14
 MAY 28- MOVED  DUE DATE TO JUNE 01 DUE TO NO CONNECTION UPON PAYMENT-CLARISSE
 
 ===============
 DC 10/8/2025
 RC 10/8/2025
 ========
 DC 11/4/25 - Ice
 RC 11/7/25 - Ice
 ===+=++
 New DD 19_ clarisse","1,000","Active","Purok 3 San Gabriel 1st",""
"1038","","242300016","XBE_Christina_Camacho","639304387291","9 - Prepaid","Non-Active","May 02, 2024","Marnold/Mj
 Nap 2
 Port 1","1,000","Active","Purok 4 Bongato East",""
"1039","","240503125103","XBS_Amy_Deleon","639936202772","15 - Prepaid","Non-Active","May 03, 2024","Lester/DavE
 nAP 5
 pORT 16
 ==============
 NASUNUGAN- NEW DD; AUG 15 2025
 FROM 1500- 1000 PLAN
 DC 11/19/25 - Ice
 RC 11/19/25 - Ice","1,000","Active","Bical Sur Bayambang",""
"1040","","240504170135","XBUA_Alma_Palacpac","639127400274","4 - Prepaid","Non-Active","May 04, 2024","OK
 Lester/Dave
 ========
 DC 11/7/25 - Ice
 RC 11/7/25 - Ice","1,000","Active","PUROK 7 PALACPAC BUAYAEN BYB PNG",""
"1041","","4300011","XMN_Evangeline_Camacho","639662503408","8 - Prepaid","Non-Active","May 07, 2024","Lester/dAVE
 pORT 13
 ==============
 april 23-old dd
 DC APRIL 28 2025-5 days
 RC JUNE 11 2025
 nEW july 6 due date
 -----------
 JULY 9 2025 DC - ALDRIN
 JULY 18 2025 RC - ALDRIN
 8/19/25 DC- Ice
 9/8/25 RC- Ej
 10/1/25-New DD
 
 ========
 Old DD 1
 DC 11/4/25 - Ice
 3 days consumed
 RC 12/1
 New DD 12/29-ej
 ==============
 OLD DD:1
 DC:JAN. 6 2026
 DELETE JAN AND FEB BILL  FOR RECONNECTION-CLARISSE
 New DD 10-darz
 Old DD:10/ adjusted 7 days-darz/ new d: 17
 dc:July 21/RC:Sept. 8/new dd:8","1,000","Active","Bagong Bario Manambong Parte BYB PNG",""
"1042","","4400026","XMP_Cara_Carisma","639811600196","15 - Prepaid","Non-Active","May 15, 2024","DC 11/19/25 - Ice
 RC 11/19/25 - Ice","1,000","Active","Sagur St, Brgy  Manambong Parte",""
"1043","","4400027","XMP_Markjoy_Ayop","639551549112","7 - Prepaid","Non-Active","May 07, 2024","Marnold/Pedro
 Nap 7
 Port 12","1,000","Active","Purok 5 Manambong Parte",""
"1044","","400065","XAMS_Brenda_Paningbatan","639494618386","8 - Prepaid","Non-Active","May 08, 2024","Piolo
 Nap 6
 Port 7","1,000","Active","Purok 4 Amangcosiling Sur",""
"1045","","5600012","XSG2_Merly_Medrano","639165467544","8 - Prepaid","Non-Active","May 08, 2024","Lester/Jeff
 Port 3
 DC FEB 28 2025
 
 
 04-09-25
 MARCH PAID BILLING - MARCH 09 GCASH REF# 7026 527 509739
 PAID MONTH OF APRIL BILLING 04-09- GCASH REF#7027 595 872679
 NO MARCH & BILLING PAYMENT BUTTON.
 -CLARISSE","1,000","Active","Purok 2 San Gabriel 2nd",""
"1046","","6400071","XTAN_Kemvirlee_Bacani","639519489774","15 - Prepaid","Non-Active","May 09, 2024","Jasper/Marnold
 Port 2","1,000","Active","Purok 1 Tanolong",""
"1047","","240509132708","XBUA_Wilson_Inocencio","639467002115","7 - Prepaid","Non-Active","May 09, 2024","Johan/Making
 Port 1
 DC MARCH 18 2025 ALDRIN
 RC MARCH 19 2025 ALDRIN
 
 ==========
 DC 10/10/25
 RC 10/10/25
 ===========
 DC 11/14/25 - Ice (Ma'amClarisse)
 RC 11/25/25 - Ice
 
 April 09 2026- Client settled the 2 months for recon (Jan-feb) new DD: May 05 2025 -Clarisse .
 Delete Dec and April Bill
 DC April/ RC: June 7,2026-darz","1,000","Active","Purok 5 Buayaen BAYAMBANG PANGASINAN",""
"1048","","3200029","DINI_Ricardo_Baldelomar","639958652836","16 - Prepaid","Non-Active","May 09, 2024","Dante/Piolo/Jayson
 Port 3","1,000","Active","Purok 1 Inirangan",""
"1049","","5800038","EllaikaAnn_Curameng","639455835538","15 - Prepaid","Non-Active","May 09, 2024","OK
 Lester/Dave","1,000","Active","Sancagulis Bayambang Pangasinan",""
"1050","","3200030","XINI_Zenaida_Codoy","639813227320","4 - Prepaid","Non-Active","May 09, 2024","NAP 3
 PORT 14
 Johansen/Making
 
 DD- MAY 09
 5 DAYS CONSUME
 MAY 14- DC -CLIENT  REQUESTED TO DC
 ======================================
 OLD DD 9
 RC JAN 4 2026
 NEW DD FEB 4 2026","1,000","Active","Purok 6 Inirangan Bayambang Pangasinan",""
"1051","","240509184856","XBUA_Prince_Tamin","639706483033","17 - Prepaid","Non-Active","May 09, 2024","PORT 1
 JEFF/JOEMARI","1,500","Active","PUROK 5 BUAYAEN BYB PNG",""
"1052","","2400030","DCA_Albert_Beltran","639664523278","9 - Prepaid","Non-Active","May 09, 2024","NAP 2
 PORT 14
 Jeff/Joemari","1,000","Active","Carungay Bayambang Pangasinan",""
"1053","","240510131614","DDU_JohnDenver_Velasquez","639946941569","18 - Prepaid","Non-Active","May 10, 2024","OK
 Nap 2
 Port 5","1,000","Active","Purok 4 Dusoc",""
"1054","","240510131948","DDU_Vedasto_Mendoza","639286679740","10 - Prepaid","Non-Active","May 10, 2024","Dante
 Nap 5
 Port 4","1,000","Active","Purok 6 Buayaen",""
"1055","","6600025","DTE_Rosiephine_Junio","639198400132","10 - Prepaid","Non-Active","May 10, 2024","Jeff/Jayson
 Nap 1
 Port 9","1,000","Active","BRGY TELBANG BYB PNG",""
"1056","","240510165222","DDU_Mario_Barrogo","639811591566","20 - Prepaid","Non-Active","May 10, 2024","Marnold/Jasper/Dante
 Nap 5
 Port 8
 ====================
 OLD DD:10
 NEW DD""20 =CONFIRMED BY SIR DANTE DUE TO TYPHOON UWAN=CLARISSE","1,000","Active","Dusoc Bayambang",""
"1057","","5800039","XSC_Diane_Cabaddu2","639208403207","19 - Prepaid","Non-Active","January 18, 2023","Port: 11
 Account sa Bahay
 
 OLOD DD: JULY 18
 JULY 21 2025 DC
 AUGUST 06-RC PAID VIA CASH
 NEW DD: SEPTEMBER 03 2025 
 
 ===============
 DC 10/9/2025.
 RC 10/9/2025
 ========
 DC 11/7/25 - Ice
 RC ^ NEW DD: 11/19/2025 APPROVED BY SIR JAY
 ==========
 DC 12/23/2025
 RC 03/14/2026
 OLD DD 19
 NEW DD 10
 NEXT DD 04/10/2026 - HANS 
 =========
 Reconnection 05/23/2026
 DC 04/23/2026
 OLD DD 19
 NEW DD 23
 NEXT DD 06/23/2026 - HANS","1,000","Active","Purok 4, Sancagulis, Bayambang, Pangasinan",""
"1058","","240511112113","XAM1_Carmela_Dagami","639932714380","24 - Prepaid","Non-Active","May 10, 2024","NAP 3
 LCP-2
 Piolo
 MARCH 10 2025 DC ( FOR DELETE OF MARCH BILLING)
 JULY 17 2025 RC - ALDRIN
 NEXT DD: AUGUST 17 2025
 =====
 Seven days due date adjustment - hans","1,000","Active","Purok 1 Ambayat 1st",""
"1059","","240511112434","TSG1_Judy_Marigmen","63912345678","10 - Prepaid","Non-Active","May 10, 2024","NAP 1
 PORT 11
 jhun torres
 Edward/Making","1,000","Active","Purok 6 San Gabriel 1st",""
"1060","","5500045","TSG1_Leonida_Ramos","639663170097","10 - Prepaid","Non-Active","May 10, 2024","NAP 1 
 PORT 7
 Jhun Torres 
 Edward/Making","1,000","Active","Purok 7 San Gabriel 1st Bayabang Pangasinan",""
"1061","","5300037","TPU_Malene_Solis","639506082311","9 - Prepaid","Non-Active","May 09, 2024","Jhun Torres
 Edward/Making","1,000","Active","Purok 1 Pugo Bayambang Pangasinan",""
"1062","","2600015","TDA_Evangeline_Bautista","639709370305","11 - Prepaid","Non-Active","May 11, 2024","Jhun Torres 
 Edward/Making","1,000","Active","Purok 1 Darawey Bayambang Pangasinan",""
"1063","","2900063","DHE_Jaymart_Publico","639388114478","15 - Prepaid","Non-Active","May 15, 2024","","1,000","Active","Hermoza Bayambang Pangasinan",""
"1064","","3200031","XINI_Joy_Cayabyab","639324821647","11 - Prepaid","Non-Active","May 11, 2024","NAP 8
 PORT 15
 Marnold/Jayson
 
 ==============
 DC 9/16/2025 - Xpacs
 ==========
 DC 10/16/25 - Ice
 RC 10/18/25 - Ice
 ========
 DC 11/17/25 - Ice","1,000","Active","Purok 7 Inirangan Bayambang Pangasinan",""
"1065","","1600031","XBN_Marieta_Agbuya","639304400193","13 - Prepaid","Non-Active","May 13, 2024","Edward /Making
 Nap 5
 Port 15
 ==============
 old DD 13
 DC 10/20/25 - Ice
 RC 10/20/25
 7 days consumed
 New DD 11/13/25
 =============
 DC 11/18/25 - Ice
 RC 11/18/25 - Ice","1,000","Active","purok 7 Atis Street Bical Norte",""
"1066","","240513161229","DDU_Alexander_Barrogo","639089194087","20 - Prepaid","Non-Active","May 13, 2024","OK
 Dante
 Nap 6 
 Port 11
 DEC 19 2025= OLD DD 13 MOVE TO 20 REQUESTED BY SIR DANTE","1,000","Active","Purok 7 Dusoc",""
"1067","","4400028","DMP_Maricar_Limson","639638592725","4 - Prepaid","Non-Active","May 13, 2024","Dante
 Port 13
 OLD DD 13 MOVE TO 22
 ==========
 September 8, 2026 RECONNECTION
 Old dd 22
 new dd 4 - hans","1,000","Active","Purok 1 Manambong Parte",""
"1068","","240515104055","XBUA_Jimaelyn_Herrera","639092863830","20 - Prepaid","Non-Active","May 20, 2024","Jerome/Jeff
 Nap 4
 Port 3
 ==============
 DC 10/23/25 - Ice
 RC 10/23/25 - Ice","1,000","Active","Purok 5 Buayaen Bayambang Pangasinan",""
"1069","","300021","XAMN_Fabiana_Bautista","639285974525","15 - Prepaid","Non-Active","May 16, 2024","Joemari/Jeff
 Nap 8
 Port 9
 ==================
 04-15-25 - paid 2k via cash for april & may. advance payment-Clarisse
 june 16 2025- advance payment via cash (june-august) 3000-Clarisse","1,000","Active","Purok 3 Amangcosiling Norte",""
"1070","","5500047","TSG1_Eunice_Ramos","639090305602","15 - Prepaid","Non-Active","May 15, 2024","Jhun Torres
 Nap 2
 Port 10","1,000","Active","Purok 3 San Gabriel 1st",""
"1071","","6600026","XTE_Elma_Campo","639185034535","1 - Prepaid","Non-Active","May 16, 2024","Johan/Jayson
 Port 4
 old dd 21
 RECON NOV 20 2025
 ==========
 DC 05/20/2026
 RC 06/01/2026
 OLD DD 16
 NEW DD 1 - HANS","1,000","Active","Purok 7 Telbang",""
"1072","","7000023","TWA_Budong_Mejia","639254827429","18 - Prepaid","Non-Active","May 18, 2024","Lester/Dave
 ================
 August 18 2026
 Agent Jhun Requested to downgrade the plan 1k to 799, requested by the client -Clarisse","799","Active","Purok 4 Wawa Bayambang Pangasinan",""
"1073","","6500034","DTA_EdwardJay_Marinas_Asuncion","639949360629","17 - Prepaid","Non-Active","May 18, 2024","Johan/Making
 DC MARCH 17 2025 ALDRIN","1,000","Active","Purok 3 Tatarac Bayambang Pangasinan",""
"1074","","6600028","XTE_Rohaina_Omar","639503037704","20 - Prepaid","Non-Active","May 20, 2024","Jeff/Jasper
 ==============
 JULY 23 2025 RC SUBS DI NA DAW MAGPAPAPULL OUT
 
 RC 10/24/25 - Ice
 ============
 DC 11/25/25 - Ice(DC of DD 19 - 22)
 RC 11/25/25 - Ice","1,000","Active","PUROK 7 Telbang Bayambang PNG / LANDMARK Asiana learning school
 UNPAID AUG
 DC AUG 22",""
"1075","","240520122944","TDU_John_Dagangon","639924107053","20 - Prepaid","Non-Active","May 20, 2024","Jeff/Jasper","1,000","Active","Purok 4 Dusoc Bayambang Pangasinan",""
"1076","","400066","XAMS_Raymond_Erguiza_Gallardo","639157839499","20 - Prepaid","Non-Active","May 20, 2024","Edward/Pedro
 ==============
 DC 10/23/25 - Ice
 RC 10/23/25 - Ice
 ============
 DC 11/25/25 - Ice(DC of DD 19 - 22)
 RC 11/25/25 - Ice","1,000","Active","Purok 4 Brgy. Amangcosiling Sur",""
"1077","","500013","AM1_Ben_Collado","639462242924","15 - Prepaid","Non-Active","May 15, 2024","Jerome
 reconnection","1,000","Active","BRGY AMBAYAT 1ST BYB PNG",""
"1078","","240521175307","XBUA_Giancarl_Perez","639858702675","21 - Prepaid","Non-Active","May 21, 2024","PORT 3
 Jeff/Jasper
 
 ============
 DC 11/25/25 - Ice(DC of DD 19 - 22)
 RC 11/25/25 - Ice","1,000","Active","PUROK 6 BUAYAEN BYB PNG",""
"1079","","240521183131","XBUA_Rogelio_Justo","639959079972","1 - Prepaid","Non-Active","May 21, 2024","5/26/2025-DC
 
 Old due date 21 
 5 days exceed
 Disconnected MAY 26 2025
 Reconnected JUNE 4 2025
 
 New due date june 29 2025
 ==========
 DC 11/3/25 - Ice
 RC 11/4/25 - Ice
 =====================
 OLD DD: MAY 29
 NEW DD: 1 
 2 DAYS NO CONNECTION- CLARISSE","1,000","Active","PUROK 5 BUAYAEN BYB PNG",""
"1080","","500014","TAM1_Jenie_Manalang","639317410506","22 - Prepaid","Non-Active","May 22, 2024","Jhun 
 Port 13","1,000","Active","PUROK 1 AMBAYAT 1ST BYB PNG",""
"1081","","400067","XAMS_Julian_Paningbatan","639952750834","22 - Prepaid","Non-Active","May 22, 2024","OK
 Piolo/Making
 Nap 2
 Port 9","1,000","Active","Purok 4 Amangcosiling Sur",""
"1082","","240522152610","XBS_Markdanilo_Payomo","639052934460","28 - Prepaid","Non-Active","May 22, 2024","OK
 PORT 12
 Lester/Dave
 ==========
 DC 11/3/25 - Ice
 RC 11/3/25 - Ice
 old dd:28/ adjusted 6 isolir days -darz/new dd: 4","1,000","Active","Bical Sur Bayambang Pangasinan",""
"1083","","240522164610","XBUA_Angelyn_Sagun","639518933136","28 - Prepaid","Non-Active","May 22, 2024","Johan/Jasper
 Port 4
 old dd:22/ adjusted 7 days/ new dd: 29 - darz","1,000","Active","PUROK 3 BUAYAEN BYB PNG",""
"1084","","5400022","TRE_Eliza_Marcelo","639777858633","22 - Prepaid","Non-Active","May 22, 2024","NAP 5
 PORT 5
 Jeff/Edward","1,000","Active","Purok 5 Reynado Bayambang Pangasinan",""
"1085","","240523102038","XBUA_Rolando_Ventura","639515412773","28 - Prepaid","Non-Active","May 23, 2024","OK
 Port 4
 Johan/Making
 
 04-22-25- Client requested to move due date. Next DD: mAY 30,2025-Clarisse","1,000","Active","NUEVA ESPARANZA SUBDIVISION BUAYAEN BYB PNG",""
"1086","","1600032","DBN_Marife_Asuncion","639187582804","23 - Prepaid","Non-Active","May 23, 2024","Nap 1
 Port3
 Lester/Dave","1,000","Active","Avocado Street Bical Norte Bayambang Pangasinan",""
"1087","","6500036","XTA_Adrian_Pardales","639929124263","8 - Prepaid","Non-Active","May 24, 2024","Piolo
 04-09-25-DC -Clarisse
 ========================
 old due date 27
 dc april 9 2025-13 days
 rc june 26 2025 paid via cash
 new dd: july 14
 ======================
 DUE-DATE: 28/2025
 ==========
 DC 11/3/25 - Ice
 RC 11/4/25 - Ice
 ==============
 feb 3 2026 -client paId the wrong monthly bill *feb it should be jan bill. reprocessed then reconnect client. informed client about the process-Clarisse
 ===============
 APRIL 08 2026
 OLD: 28
 DC: 4 DELET FEB AND MARCH BILL FOR RECON
 NEW DD: MAY 4 2026-CLARISSE
 dc: august 8/ rc: september 8-darz","800","Active","Tatarac Bayambang
 OK",""
"1088","","300024","XAMN_Julie_Dizon","639484058876","19 - Prepaid","Non-Active","May 24, 2024","Piolo/Jojo
 Nap 1
 Port 11
 ========
 DC 11/17/25 - Ice
 RC 11/26/25 - Ice
 ==============
 OLD DD 27  DELETE DEC 2025 AND JAN BILL 2026
 feb 19 2026- reconnection
 NEW DD: MARCH 19 2026-CLARISSE","1,000","Active","PUROK 2 AMANGCOSILING NORTE BYB PNG",""
"1089","","4400029","XMP_Michelle_DelosSantos","639279634479","24 - Prepaid","Non-Active","May 24, 2024","LCP 1
 NAP 4
 PORT 5
 Marnold/Jasper
 ==========
 DC 10/28/25 - Ice
 RC 10/28/25 - Ice","1,000","Active","Purok Kanyogan Manambong Parte Bayambang Pangasinan",""
"1090","","6600029","XTE_Marissa_Bautista","639393546316","28 - Prepaid","Non-Active","May 25, 2024","Marnold/Jasper
 Nap 5 Port 1
 UNPAID NOV
 DC DEC 1
  7:05 AM!!
 Recon DEC 2!!
 =========
 Due date 3 days adjusted - hans","1,000","Active","PUROK 2 TELBANG BYB PNG",""
"1091","","5800040","XSC_Claire_Asuncion","639913219378","28 - Prepaid","Non-Active","May 25, 2024","Lester/Dave
 Nap 3
 Port 16
 ==========
 DC 10/28/25 - Ice
 RC 10/29/25 - Ice
 old dd:25/ adjusted 7 days-darz/ new dd: 30","1,000","Active","Purok 2 Sancagulis
 OK",""
"1092","","6900030","TWAR_Joeseann_Panonce","639810789382","27 - Prepaid","Non-Active","May 27, 2024","NAP 5
 PORT 3
 Lester/Pedro","1,000","Active","Purok 4 Warding Bayambang Pangasinan",""
"1093","","5700055","TSV_Perlita_Tomas","639516348790","28 - Prepaid","Non-Active","May 29, 2024","OK
 PORT 16
 Lester/Pedro","1,000","Active","San Vicente Bayambang Pangasinan",""
"1094","","240529171637","XBUA_Leonida_Tagaribay","639102211012","28 - Prepaid","Non-Active","May 29, 2024","OK
 Port 5
 jerome/monay
 ==========
 DC 11/3/25 - Ice
 RC 11/3/25 - Ice","1,000","Active","PUROK 6 BRGY BUAYAEN BYB PNG",""
"1095","","5400023","XRE_Katrina_Raguindin","639261450069","28 - Prepaid","Non-Active","May 29, 2024","nap 5
 Port 6
 lester/making
 RC 10/29/25 - Ice
 --------------------------
 OLD DD""28
 Have been disconnected yesterday 12/1/25, get reconnected 12/2/25 due to 10 days no internet access by the cause of typhoon UWAN, 
 new dd: dec 09 for delete of november bill.","1,000","Active","Purok 5 Brgy Reynado Bayambang Pangasinan",""
"1096","","5100005","XPAR_MariaFe_Fernandez_Ala","639150928858","28 - Prepaid","Non-Active","May 30, 2024","Making/Edward
 Nap 8
 Port 6
 Long Span","1,000","Active","Purok 2 Paragos",""
"1097","","5100006","XPAR_Ginalyn_Prestoza","639656457359","2 - Prepaid","Non-Active","May 30, 2024","Nap 7
 Port 8
 ===============
 AUG 14 2025 - JO for repair
 remarks:Slow internet
 cause:high reading
 activity:re patch sc at modem fix modem at wall. /Repaired
 
 ===============
 RC 10/10/25
 ==========
 Old DD 23
 DC 10/27/25 - Ice
 4 days consumed
 RC 11/6
 New DD 12/2-EJ
 for delete of November Billing","1,000","Active","2 Brgy Paragos Bayambang Pangasinan
 UNPAID AUG 
 DC AUG 30
 recon nov 23",""
"1098","","242300018","XBE_Cecelia_Ofiana","639661604957","28 - Prepaid","Non-Active","May 31, 2024","Edward/Pedro
 Port 1 
 Nap 7","1,000","Active","Purok 7 Bongato East",""
"1099","","4500018","XMS_Ernesto_Cacho","639556629611","28 - Prepaid","Non-Active","May 31, 2024","PORT 7
 MARNOLD/JASPER","1,000","Active","Purok 2 Manambong Sur Bayambang Pangasinan
 OK",""
"1100","","1600034","XBN_Babelyn_DelaCruz","639107195483","30 - Prepaid","Non-Active","May 31, 2024","Lcp1
 Nap:1
 Port:4
 TECHNICIAN:Marvin V / Ma king D
 old dd:30/ new dd:7-darz/ adjusted 7 days","1,000","Active","Papaya Street Bical Norte
 UNPAID AUG 
 DC SEP 4",""
"1101","","600043","XAM2_Gerlyn_Ocsona","639755510937","3 - Prepaid","Non-Active","June 01, 2024","NAP 4
 PORT 15
 Jeff/Dave
 ========
 May 29, 2026 - Downtime
 OLD DD - 1
 NEW DD - 3
 2 days no Connection - hans","1,000","Active","Ambayat 2nd Bayambang Pangasinan",""
"1102","","6500037","XTA_Jomari_Barnachea_Mercado","639666504201","1 - Prepaid","Non-Active","June 01, 2024","NAP 8
 PORT 10
 Jeff/ Dave","1,000","Active","Rizal Tatarac Bayambang Pangasinan
 
 
 
 PPPOE : Mikee Mercado",""
"1103","","5700056","XSV_Lilibeth_Flores","639504943186","4 - Prepaid","Non-Active","June 04, 2024","Jeff/Sonny
 Nap 2
 Port 14","1,000","Active","Bunkulan San Vicente Bayambang",""
"1104","","10000003","XTAM_Grande_Flores","639278006055","4 - Prepaid","Non-Active","June 04, 2024","Marnold/Jasper
 Nap 2
 Port 13
 
 ===============
 DC 10/9/2025
 RC 10/10/2025","1,000","Active","Purok 2 Tampog Bayambang",""
"1105","","5800041","XSC_Jeanette_Remilloza","639156638908","5 - Prepaid","Non-Active","June 04, 2024","Lester/Dave
 Nap 3
 Port 7
 
 
 
 ===============
 DC 10/9/2025
 RC 10/14/2025
 ========
 DC 11/7/25 - Ice
 RC 11/8/25 - Ice
 ---------------
 OLD DD: 4
 DC12/10
 RC-12/11
 NEW DD""5","1,000","Active","Purok 4 Sancagulis Bayambang",""
"1106","","5900004","XSA_Arlena_Albarida","639150280417","12 - Prepaid","Non-Active","June 04, 2024","Marnold/Jasper
 Nap 8 
 Port 1
 Update Coordinates-Lester
 OLD DD: 4 
 NEW DD: JAN 12 DUE TO 8 DAYS OF NO CONNECTION CAUSED BY TYPHOON UWAN","1,000","Active","Purok 7 Sanlibo Bayambang",""
"1107","","5700057","TSV_Charitty_Bato","639154125498","4 - Prepaid","Non-Active","June 04, 2024","Making/Edward/Jhun
 Port 10","1,000","Active","Purok 6 San Vicente Bayambang",""
"1108","","4900057","XPA_Jeramie_Abalos","639685829843","12 - Prepaid","Non-Active","June 05, 2024","PORT 2
 LESTER/DAVE
 ------
 7/2/26 duedate adjusted 7days old5, new12 -lester","1,000","Active","PUROK 3 PANGDEL BYB PNG
 OK",""
"1109","","4900058","XPA_TrixieMae_Eduria","639953287051","9 - Prepaid","Non-Active","June 05, 2024","PORT 1
 LESTER/DAVE
 
 ===============
 old DD 5
 DC 10/9/2025-ice
 4 days consumed
 RC 10/13/2025
 NEW DD: NOV 09-ej
 DC DEC 3 23 DAYS EXCEED 
 RC DEC 6 LATE PAYMENT with 1 day no connection due to fiber cut FOR DEC 15 NEW DD
 old dd: 15: adjusted 7 days-darz/ new dd: 22
 =======
 Due date adjusted due to 3 days no connection - hans
 =============
 Old DD 27 - DC july 31,2026
 RC August 9,2026. New DD August 9,2026 without grace period -lester","1,000","Active","PUROK 3 PANGDEL BYB PNG",""
"1110","","4200043","XMAN_Rita_Valdoz","639072223158","5 - Prepaid","Non-Active","June 05, 2024","OK
 Nap 7
 Port 10
 Edward/Making
 
 ===============
 DC 10/9/2025
 RC 10/9/2025","1,000","Active","Purok 6 Brgy.Managos",""
"1111","","5600013","XSG2_Lourdes_Soriano","639054875641","15 - Prepaid","Non-Active","June 05, 2024","lester/Dave
 Port 2
 DC MARCH 18 2025 ALDRIN
 
 APRIL 12 -CLIENT SEND PAYMENT VIA GCASH REF#9027 699 869 295 FOR RC 
 -CLARISSE
 ============================
 NEW DD: JUNE 17
 =========================
 aug 13- JO for repair
 Aug 14-Cause:/red Los defective SC at modem 
 Activity:re SC at modem/repaired.
 =============================
 New DD: SEPT 19 2025
 ============
 DC 11/25/25 - Ice
 RC 11/26/25 - Ice
 ==========
 OLD DD 19
 NEW DD 1 - HANS
 =========
 August 19, 2026 - Reconnection
 old dd 1
 ew dd 15 - hans","1,000","Active","San Gabriel 2nd BAYAMBANG PANGASINAN",""
"1112","","4900059","XPA_Ramon_Failanga","639060351346","5 - Prepaid","Non-Active","June 05, 2024","Piolo/Johansen
 Port 1","1,000","Active","PUROK 1 PANGDEL BYB PNG
 OK",""
"1113","","4900060","XPA_Virgilio_Datuin","639671372218","5 - Prepaid","Non-Active","June 05, 2024","Piolo/Johansen
 Port 3","1,000","Active","PUROK 1 PANGDEL BYB PNG",""
"1114","","5700058","XSV_Charlito_Dimalanta","639674460299","20 - Prepaid","Non-Active","June 05, 2024","OK
 Sonny/Jeff
 nap 1
 Port 6
 
 ============
 DC 11/25/25 - Ice(DC of DD 19 - 22)
 RC 11/25/25 - Ice","1,000","Active","Purok 2 San Vicente Bayambang",""
"1115","","4900061","XPA_Renalyn_Bautista","639936798665","12 - Prepaid","Non-Active","June 05, 2024","PioloJohansen
 Port 2
 old dd:5/ adjusted 7 days -darz/ new dd:12","1,000","Active","PUROK 1 PANGDEL BYB PNG
 OK",""
"1116","","5100008","XPAR_Marryann_Aguila","639218777108","6 - Prepaid","Non-Active","June 06, 2024","NAP 8
 PORT 8
 EDWARD/JEFF
 
 ==========
 DC 10/10/25
 RC 10/10/25","1,000","Active","Purok 2 Paragos Bayambang Pangasinan",""
"1117","","4400030","XMP_Norleen_Balingway","639155812205","28 - Prepaid","Non-Active","June 07, 2024","Jeff/Pedro
 nAP 4
 pORT 6
 
 ==========
 DC 10/10/25
 ==========
 OLD DD DEC 7 
 DC DEC 072025
 RC JAN 13 2026 DELE DEC AND JAN BILL GENERATE JAN BILL WITH UPDATED DATE-CLARISSE
 =========
 DC 01/17/2026
 RC 03/28/2026
 OLD DD 23
 NEW DD 28
 NEXT  DUE 04/28/2026 - HANS","1,000","Active","Purok 1 Kanyugan Manambong Parte",""
"1118","","2600017","TDA_Leo_Junio","639456547617","7 - Prepaid","Non-Active","June 07, 2024","Marnold/Jojo
 Port 8","1,000","Active","Darawey Bayambang",""
"1119","","240608223411","XBS_Edna_Justo","639958622754","8 - Prepaid","Non-Active","June 08, 2024","OK
 Nap 1 port 10
 Lester/Dave
 with OS 500","1,000","Active","Purok 3 Brgy Bical Sur Bayambang Pangasinan",""
"1120","","4400031","XMP_Teodista_Cayago","639562552640","10 - Prepaid","Non-Active","June 10, 2024","Edward/Pedro
 Nap 4
 Port 11","1,000","Active","Kanyugan Manambong Parte",""
"1121","","6500038","XTA_Arjay_Yandoc","639702121113","15 - Prepaid","Non-Active","June 10, 2024","Marnold/Jasper
 Nap 6
 Port 8
 ========
 DC 11/17/25 - Ice
 RC 11/18
 NEW DD: DEC 15 DUE TO 5 DAYS NO CONNECTION DUE TO TYPHOON UWAN","1,500","Active","Purok 2 Tatarac
 OK",""
"1122","","5500049","XSG1_Melanie_Favi","639468481312","17 - Prepaid","Non-Active","June 10, 2024","NAP 3
 PORT 16
 Jeff/Jojo
 
 ==============
 DC 9/12/2025 - Xpacs
 ===========
 May 29, 2026 - Downtime
 OLD DD - 10
 NEW DD - 17
 3 days no Connection - hans","1,000","Active","Purok 1 San Gabriel 1st Bayambang Pangasinan
 OK",""
"1123","","7000025","TWA_Emma_Serrano","639567958485","27 - Prepaid","Non-Active","June 11, 2024","Dave/Lester/Jhun
 Port 10
 
 
  DC 9/29/25     Request By: JHUN TORRES  
 Deleted Sept Bill 10/6/25  BY: Sir jay
 =========================
 DC 10/9/25 - Jhun Torres
 RC 11/9/25 REMITTED LAST NOV 15
 =========================
 
 new dd: 10 due to last reconnection is Oct 10 2026, adjusted the due date also confirmed by Sir Jhun-Clarisse delete add January 10 Bill instead of January 29 2026
 ===========================
 
 OLD DD-FEB 10
 RC-FEB 27
 NEW DD:  27-clarisse","1,000","Active","Purok 4 Wawa Bayambang Pangasinan",""
"1124","","242300020","XBE_Maria_Sison","639706486074","11 - Prepaid","Non-Active","June 11, 2024","Piolo/Jasper
 Nap 1
 Port 4","1,000","Active","Purok 3 Bongato East Bayambang",""
"1125","","500015","TAM1_Margie_Manalang","639687749776","11 - Prepaid","Non-Active","June 11, 2024","Dave/Lester/Jhun
 Port 2","1,000","Active","PUROK 1 AMBAYAT 1ST BYB PNG",""
"1126","","10000004","XTAM_Lorelie_Bautista","639391407342","11 - Prepaid","Non-Active","June 11, 2024","Johan/Marnold
 Nap 7
 Port 6
 ==========
 DC 10/16/25 - Ice
 RC 10/16/25 - Ice","1,000","Active","Purok 1 Tampog Bayambang",""
"1127","","5600014","XSG2_Jennifer_Manzano","639670575980","25 - Prepaid","Non-Active","June 11, 2024","Piolo/Jasper
 Nap 8
 Port 4
 04/05/25
 Client requested for reconnection, 
 Due date: March 11 2025
 Disconnection Date: March 21,2925 (10 days)
 Client is aware with the reconnection fee 1k 
 next billing is April 25,2025
 Client agreed.
 (For reconnection and change password)
 Case closed.
 - Clarisse
 
 ============
 DC 11/28/25 - Ice (DD of 25)
 RC 11/28/25 - Ice","1,000","Active","Sitio Botot San Gabriel 2nd Bayambang",""
"1128","","1600037","XBN_Frederick_Ancheta","639511788388","13 - Prepaid","Non-Active","June 13, 2024","Lester/Dave
 
 =============
 DC 11/18/25 - Ice
 RC 11/18/25 - Ice","1,000","Active","Melon Street Bical Norte Bayambang
 OK",""
"1129","","400068","XAMS_Pedro_Fabia","639307806994","28 - Prepaid","Non-Active","June 13, 2024","Jeff/Joemari
 Nap 1
 Port 1
 ""
 ==============
 DC 9/17/2025 - Xpacs""
 ===========
 Old DD 13
 DC 10/20/25 - Ice
 Rc 10/20/25
 7 days consume
 New DD 11/13/25
 =============
 DC 11/18/25 - Ice
 RC 11/19/25 - Ice
 ==========
 DC 04/17/2026
 RC 04/22/2026
 OLD DD 13
 NEW DD 19
 NEXT DD 05/19/2026 - HANS
 ===================
 RECONNECTED MAY 31 2026-CLARISSE
 ==========
 July 30, 2026 - Reconnection - hans","1,000","Active","Purok 4 Amangcosiling Sur",""
"1130","","4300012","XMN_Bernard_Iglesias","639859568730","15 - Prepaid","Non-Active","June 13, 2024","PORT 2
 LESTER/DAVE""
 ==============
 DC 9/17/2025 - Xpacs""
 ================
 MAY 29 2026-
 OLD DD: 13
 NEW DD: 15- 2 DAYS NO CONNCTION -CLARISSE","1,000","Active","Purok 1 Manambong Norte Bayambang Pangasinan",""
"1131","","240614182914","XBUA_Lizel_Devera","639998373204","14 - Prepaid","Non-Active","June 14, 2024","OK
 port 5
 Lester/Dave
 =============
 DC 11/18/25 - Ice
 RC 11/18/25 - Ice","1,000","Active","PUROK 7 BUAYAEN BYB PNG",""
"1132","","1300012","XBA_Levinson_Uy","639688512637","14 - Prepaid","Non-Active","June 14, 2024","NAP 1
 PORT2
 JEFF/JOEMARI
 =============
 DC 11/18/25 - Ice
 RC 11/18/25 - Ice","1,000","Active","Bani Bayambang Pangasinan",""
"1133","","5100009","XPAR_Reagan_Roque","639670720260","15 - Prepaid","Non-Active","January 01, 1970","Edward/jerome
 Nap 8 Port 12
 DC 11/19/25 - Ice
 RC 11/19/25 - Ice","1,000","Active","108 Purok 2 Brgy Paragos Bayambang Pangasinan",""
"1134","","3100016","XINA_Alma_Caoile","639174803710","15 - Prepaid","Non-Active","June 15, 2024","jeff/joemari
 Nap 4 Port 15","1,000","Active","Brgy Inanlorenza Bayambang Pangasinan
 OK",""
"1135","","240617111534","XBUA_Teresita_DeGuzman","639101307852","10 - Prepaid","Non-Active","June 17, 2024","Johan/Dave Nap 2 Port 4
 RECON AUG 12  REF # 6019 930 041974
 UNPAID AUG
 DC SEP 10 
 SEPT 1 DUE FOR AUG
 recon oct 26
 --------------------------------
 APRIL 21 - OLD DD
 RC-APRIL 24
 RC-MAY 3
 NEW DD: JUNE 01 -CLARISSE
 ---------------------------
 1 Old due date
 excess 3 days
 disconnected august 4 2025
 reconnected august 8 2025
 new due date every 3 of the month next billing september 3
 DC 9/19/25
 16 days exceed
 Next Due Oct.  18
 DC 11/21/25 - Ice
 RC 11/24/2025
 NEW DD""21
 ---------------------------------
 DC last December 21,2025
 RC JAN.10,2026
 NEXT DD: FEBRUARY 10,2026 NEED TO DELETE THE JANUARY BILL.","1,000","Active","PUROK 5 REQUILMAN STREET BUAYAEN BYB PNG",""
"1136","","240617174800","XBUA_Jonalin_Vinluan","639467331117","19 - Prepaid","Non-Active","June 17, 2024","NAP 3 
 PORT 15
 JOHAN/DAVE
 ===================
 MAY 29 2026
 OLD DD:17 
 NEW DD: 19
 ADJUESTED 2 DAYS DUE TO NO CONENCTION-CLARISSE","1,000","Active","LAZA ST. BUAYAEN BYB PNG",""
"1137","","240617175847","XBS_Fervilyn_Doctor","639927849737","19 - Prepaid","Non-Active","June 17, 2024","NAP 5
 PORT 11
 JOHAN/DAVE
 ==========
 DC 10/22/25 - Ice
 RC 10/23/25 - Ice
 =============
 Old DD 17
 DC 11/20/25 - Ice
 3 days consumed
 RC 12/1
 New DD 12/29-ej
 =========
 DC 03/03/2026
 RC 04/09/2026
 OLD DD 29
 NEW DD 9
 NEXT DD 05/09/2026 - HANS","1,000","Active","Purok 3 Bical Sur Bayambang Pangasinan
 OK",""
"1138","","2600018","TDA_Analyn_Bautista","639051726670","17 - Prepaid","Non-Active","June 17, 2024","OK
 LCP 5
 JEFF/JOSEPH
 WITH OVERSPAN 1K","1,000","Active","Purok 1 Darawey Bayambang Pangasinan",""
"1139","","700017","DAP_Junjun_Pescador","639466856999","18 - Prepaid","Non-Active","June 18, 2024","Dante/Johan/Pedro
 NAp 2
 Port 16","1,000","Active","Apalen Bayambang
 OK",""
"1140","","3200033","DINI_Virginia_Guevara","639541785343","16 - Prepaid","Non-Active","June 18, 2024","Dante/Johan/Making
 Nap 7
 old dd"" 18
 RC DEC 16 2025","1,000","Active","Purok 2 Inirangan Bayambang",""
"1141","","240618162119","XPA_Judy_Habagat","639913219291","28 - Prepaid","Non-Active","June 18, 2024","Piolo/Jasper
 Nap 6
 =========
 May 30, 2026 - Downtime
 Isolir date, 2 days adjusted
 2 days no Connection - hans","1,000","Active","Purok 1 Pangdel Bayambang",""
"1142","","5500050","XSG1_Roger_Estrada","639363169610","19 - Prepaid","Non-Active","June 19, 2024","Johan/Making
 Nap 1
 Port 12
 Move to Nap8 Port16","1,000","Active","Purok 2c San Gabriel 1st",""
"1143","","4200044","XMAN_Romnick_Mina","639949521730","24 - Prepaid","Non-Active","June 21, 2024","Johan/Making
 Port 9
 Nap 7
 ======================
 OLD DD: 21
 5/26/2025-DC
 RC- MAY 28,2025 PAID VIA CASH
 NEW DD: JUNE 24 
 ==========
 DC 10/28/25 - Ice
 RC 10/30/25 - Ice","1,000","Active","Purok 4 Managos Bayambang",""
"1144","","4400033","XMP_Christian_Veloria","639693729832","23 - Prepaid","Non-Active","June 21, 2024","Johan/Making
 Port 14
 
 04-22-25 - Client send payment via gcash ref#8027 970 700988 dated april 21 amounting 2000. for 2 subs: XAMS_ROGER_BATO
 XMP_CHRISTIAN_VELORIA
 -Clarisse
 ==============
 DC 10/24/25 - Ice
 RC 10/27/25 - Ice
 ============
 DC 11/25/25 - Ice(DC of DD 19 - 22)
 RC 11/25/25 - Ice
 ===============
 OLD DD: 21
 NEW DD: 23- MOVED DUE DATE 2 DAYS NO CONNECTION-CLARISSE","1,000","Active","Centro Manambong Bayambang",""
"1145","","240622143258","XBUA_Aiza_Dizon","639639976634","28 - Prepaid","Non-Active","June 22, 2024","port1
 ====================
 AUG 21- REQUEST TO MOVE DUE DATE- EVERY 25TH OF THE MONTH.
 NEXT DD: SEPT 25 2025
 
 ============
 DC 11/28/25 - Ice (DD of 25)
 RC 11/28/25 - Ice 
 ========== 
 Additional 3 days due date adjustment - hans","1,000","Active","Purok 6 Buayaen Bayambang",""
"1146","","3100018","XINA_Reila_Diso","639090642379","24 - Prepaid","Non-Active","June 24, 2024","NAP 2
 PORT 12
 JOHAN/PEDRO","1,000","Active","Purok 2 Inanlorenza Bayambang Pangasinan",""
"1147","","400073","XAMS_Ester_Devera","639461965965","24 - Prepaid","Non-Active","June 24, 2024","NAP 6
 PORT 8
 LCP 1
 JOHAN/PEDRO
 ==========
 DC 10/28/25 - Ice.
 RC 10/28/25 - Ice","1,000","Active","Purok 6 Amangcosiling Bayambang Pangasinan",""
"1148","","3100019","XINA_Christian_Galisim","639174582397","2 - Prepaid","Non-Active","June 25, 2024","Johan/Making
 Nap 2
 Port 7
 -----------------------
 OLD DD:25
 11/12=no connection
 11/19 restored 8 days adjustment
 New dd: December 2 2025","1,000","Active","Purok 2 Inanlorenza",""
"1149","","6400075","XTAN_Nicxon_Dacal","639666408687","25 - Prepaid","Non-Active","June 25, 2024","Johan/Making
 Nap 1
 Port 8
 ==========
 DC 10/28/25 - Ice
 RC 10/29/25 - Ice","1,000","Active","Tanolong Bayambang",""
"1150","","5600015","XSG2_Marie_Manzano","639929939698","25 - Prepaid","Non-Active","June 25, 2024","OK
 Johan/Pedro
 LCP 1
 PORT 1
 ==========
 DC 10/28/25 - Ice
 RC 10/28/25 - Ice
 ==========
 Client paid the wrong month she paid March instead of February
 Transaction edited by: Ma'am Clarisse
 ==========
 NAPBOX: 8
 LCP:1
 PORT: 9
 TECHNICIAN: JEFF / EDWARD
 ================================================
 June 1, 2026
 Approved adjustment: 7 days isolation.
 Service interruption started on May 28, 2026 at approximately 7:00 PM and was restored on May 31, 2026 at approximately 7:00 AM.
 As compensation for the outage, a 7-day adjustment to the payment schedule has been approved.
 – Clarisse","1,000","Active","Purok 3 San Gabriel 2nd Bayambang Pangasinan",""
"1151","","5600016","XSG2_Marcelina_Solis","639667901507","26 - Prepaid","Non-Active","June 26, 2024","Johan/Making
 Port 3","1,000","Active","Purok 3 Brgy SanGabriel 2nd Bayambang Pangasinan",""
"1152","","5600017","XSG2_Angelica_Dacasin","639064758659","28 - Prepaid","Non-Active","June 26, 2024","Johan/Making
 Port 2
 ==============
 26
 May 29 2025 dc
 June 1 2025 rc
 new dd: june 28
 DC 11/3
 6 days consumed
 rc 11/4
 New DD 11/29","1,000","Active","Purok 3 Brgy San Gabriel 2nd Bayambang Pangasinan",""
"1153","","7000028","TWA_Fatima_Beltran_Manlangit(tintin)","639353337039","28 - Prepaid","Non-Active","June 28, 2024","PORT 11
 PIOLO/JAYSON","1,000","Active","Purok 4 Wawa Bayambang Pangasinan",""
"1154","","3600010","XDP_Wilma_Javier","639622114949","28 - Prepaid","Non-Active","June 28, 2024","OK
 LCP 1
 PORT 3
 Jerome/Marnold
 Client Move Date every 1 of the month
 
 No extend,","1,000","Active","Del Pilar Bayambang Pangasinan",""
"1155","","500017","TAM1_Jenelyn_Manangan","639123456789","28 - Prepaid","Non-Active","June 28, 2024","Lester/Dave
 PORT 9","1,000","Active","MANANGAN COMPOUND AMBAYAT 1ST BYB PNG",""
"1156","","300025","XAMN_Sonny_Mamaril","639383949535","28 - Prepaid","Non-Active","June 28, 2024","Sonny/Jasper
 LCP 1
 NAP 1
 PORT 12","800","Active","PUROK 2 AMANGCOSILING NORTE BYB PNG",""
"1157","","3200035","XINI_Elmer_Sagun","639474148592","24 - Prepaid","Non-Active","June 28, 2024","LCP 1
 NAP 7
 PORT 3
 JEROME/MARNOLD
 
 04-10-25
 DC UNPAID MARCH 28 BILLING
 -CLARISSE
 
 MAY 20- RC PAID VIA GCASH BANK TRANNSFER 
 NEW DD: JUNE 20
 -----------------------
 NEW DD: DEC 24 2025 APPLIED THE 4 DAYS NO CONNECTION DUE TO TYPHOON","1,000","Active","Purok 5 Inirangan Bayambang Pangasinan",""
"1158","","400074","XAMS_Marilou_Cadorna","639158830152","28 - Prepaid","Non-Active","June 29, 2024","NAP 7
 PORT 9
 Lester/Jeff","1,000","Active","Purok 6 Amangcosiling Sur",""
"1159","","20300002","XNN_Marco_Abalos","639090504287","7 - Prepaid","Non-Active","July 01, 2024","Marnold/Jasper/Sonny/Jayson
 Port 2
 -----------------------------
 JULY 15 2025 DC - ALDRIN- 5 DAYS EXCEED
 RC- AUG  16 2025
 DD: SEPT 11
 
 ==============
 DC 9/16/2025 - Xpacs
 Done Pullout Modem/Unplug
 ==============
 RECONNECTION 04/07/2026
 LCP:
 NAP:
 PORT:11
 TECHNICIAN:John / Jojo","1,000","Active","Zone 6 Nibaliw Norte Bautista Pangasinan",""
"1160","","20300003","XNN_Felizardo_Paningbatan","639178497065","28 - Prepaid","Non-Active","July 28, 2024","Marnold/Jasper/Sonny/Jayson
 Port 3
 REC - MARCH 1 2025 
 CHANGE DUE DATE TO FROM MARCH 1 1  TO MARCH 28 2025 
 ALDRIN","1,000","Active","Nibaliw Norte Bautista Pangasinan",""
"1161","","6600030","XTE_Hania_Macadato","639301199779","27 - Prepaid","Non-Active","July 01, 2024","Piolo/Jayson
 Port 6
 ==========
 DC 10/17/25 - Ice
 RC 10/17/25 - Ice
 =============
 DC 11/18/25 - Ice
 RC 11/18/25 - Ice
 RC 12/23/25
 =====
 DC 02/27/2026
 RC 03/02/2026
 OLD DD 23
 NEW DD 27
 NEXT DD 03/27/2026 - HANS","1,000","Active","Purok 7 Telbang Bayambang",""
"1162","","20000001","XBAL_Fredden_Flores","639366709689","4 - Prepaid","Non-Active","July 01, 2024","PORT 2
 SONNY/JASPER
 PAid 2 months Sept And OCt
 old dd: 26
 DC:12/1/25
 RC: 12/3
 NEW DD"" 30
 =======================
 APRIL 15 2026
 MOVED DUE DATE DUE TO 4 DAYS INTERNET INTERMITTED AT THE AREA 
 OLD DD: 30
 NEW DD:  4-CLARISSE- DELETE APRIL BILL","1,000","Active","Zone 1 Baluyot Bautista Bayambang Pangasinan",""
"1163","","2600019","TDA_Myrna_Agpoon","639673226454","1 - Prepaid","Non-Active","July 01, 2024","PORT 6
 JOHAN/PEDRO","1,000","Active","Purok 1 Darawey Bayambang Pangasinan
 OK",""
"1164","","6900032","TWAR_Rowena_Beltran","639472019028","1 - Prepaid","Non-Active","July 01, 2024","NAP 4
 PORT 5","900","Active","Purok 3 Warding Bayambang Pangasinan",""
"1165","","20000002","XBAL_Jasper_Leonardo","639386891077","6 - Prepaid","Non-Active","July 01, 2024","Jasper/Sonny
 Port 1","799","Active","Zone 1 Baluyot Bautista Pangasinan",""
"1166","","20000003","XBAL_Daryl_Macasieb","639533846831","9 - Prepaid","Non-Active","July 02, 2024","Lester/Dave
 Port 1 nap8
 adjusted 7 days-darz new DD:9","1,000","Active","Zone 1 Baluyot Bautista
 OK",""
"1167","","5700061","XSV_Gloria_Grospe","639939423507","9 - Prepaid","Non-Active","July 02, 2024","Piolo/Jayson
 Port 12
 
 ========
 DC 11/7/25 - Ice
 RC 11/8/25 - Ice
 adjusted 7 days-darz new dd:9","1,000","Active","Purok 4 San Vicente Bayambang",""
"1168","","4300013","XMN_Ryan_Retorta","639122552486","3 - Prepaid","Non-Active","July 02, 2024","Jasper/Sonny
 Port 3","1,000","Active","Manambong Norte Bayambang Pangasinan",""
"1169","","6400076","XTAN_Arcenia_Macaraeg","639975298789","12 - Prepaid","Non-Active","July 02, 2024","Jasper/Sonny
 Port 4
 11/8/25 Repaid  Oct. Bill due to change plan from 1000 to 1500-EJ","1,500","Active","Purok 2 Tanolong Bayambang",""
"1170","","6500039","XTA_William_Magsumbol","639919370454","30 - Prepaid","Non-Active","July 02, 2024","NAP 3
 PORT 9
 JOHAN/PEDRO
 ---------------
 OLD DD 2
 NEW DD- 9 DUE TO 1 WEEK NO CONNECTION DURING THE TYPHOON UWAN
 NEXT DD' DEC 9
 =======
 DC 02/13/2026
 RC 03/30/2026
 OLD DD 9
 NEW DD 30 
 NEXT DD 04/30/2026 - HANS","1,000","Active","02 Agapito Tatarac Bayambang Pangasinan",""
"1171","","20400001","XCAB_Evelyn_Ramirez","639058033549","2 - Prepaid","Non-Active","July 02, 2024","PORT 1
 LESTER/DAVE","1,000","Active","87 Cabuaan Bautista Pangasinan",""
"1172","","240703153356","XBUA_Edna_Vallo","639384362414","8 - Prepaid","Non-Active","July 03, 2024","Sanjo/Jeff
 Port 9 
 Nap 3
 
 5/21/2025-DC
 ============
 DC 11/4/25 - Ice
 RC 11/6/25 - Ice
 old dd: 1  /adjusted 7 days-darz/ new dd: 8","1,000","Active","PUROK 4 BUAYAEN BYB PNG",""
"1173","","20000004","XBAL_Reinnamay_Capitle","639942201198","28 - Prepaid","Non-Active","July 03, 2024","PORT 1
 LESTER/DAVE
 
 UNPAID MARCH
 DC  APRIL 7
 DELETED MARCH BILL
 
 04-21-20-5 - Received payment via amounting 1k gcash 5027 934 355 837 dated april 20,2025. need to adjust due date.  - Clarisse
 ================================================
 
 OLD DD: JUNE 17
 June 20 2025- 3 DAYS
 July 3 2025
 new dd: AUG.01 2025
 
 
 04-21 client paid april payment via gcash ref#5027 962 191 002 dated april 21, Next DD is May 21,2025-Clarisse
 ========
 old DD 1
 DC 11/4/25 - Ice
 3 days consumed
 RC 11/25/25 - Ice
 new dd 12/22-ej
 dc:april 26/rc:may 3/ new dd: 30-darz
 ===========
 May 29, 2026 - Downtime
 OLD DD - 28
 NEW DD - Still 28th of the month kasi bawal lumagpas sa 28 ang due date, pero dinagdagan ang grace period
 2 days no Connection - hans","1,000","Active","Zone 6 Baluyot Bautista Pangasinan",""
"1174","","5700062","TSV_Menchie_Tomas","639399441608","3 - Prepaid","Non-Active","July 03, 2024","NAP 2
 PORT 16
 JOHAN/PEDRO","1,000","Active","Purok 6 San Vicente Bayambang Pangasinan",""
"1175","","4300014","XMN_Josefina_Junio","639631298096","5 - Prepaid","Non-Active","July 03, 2024","PORT 4
 JASPER/JAYSON
 DC MARCH 18 2025 ALDRIN
 RC MARCH 19 2025 ALDRIN
 OLD DD: 3
 DC- MAY 05
 RC-MAY 07 CLIENT PAID 1,300  NEXT PAYMENT IS JUNE 07: 700.00 ONLY
 -CLARISSE","1,000","Active","28 Manambong Norte Bayambang pangasinan",""
"1176","","4900063","DPA_Joana_Ramos","639090385977","3 - Prepaid","Non-Active","July 03, 2024","OK
 nap 4
 port 4
 JOHAN/PEDRO","1,000","Active","PUROK 3 PANGDEL BYB PNG",""
"1177","","400076","XAMS_Jenyl_Galsim","639707780464","4 - Prepaid","Non-Active","July 04, 2024","JOHAN/Making
 Nap 3 Port 14
 
 JUNE 4- OLD DD
 June 5 2025
 July 5 2025
 NEW DD: AUG 04
 ===============
 DC 10/9/2025
 RC 10/9/2025
 ========
 DC 11/7/25 - Ice
 RC 11/7/25 - Ice
 ========
 Additional 3 days grace period due to 3 days no connection - hans","799","Active","Purok 3 Amangcosiling Sur Bayambang Pangasinan",""
"1178","","2900067","XHE_Lovelyjoy_Menes","639943901914","4 - Prepaid","Non-Active","July 04, 2024","Johan/Making
 Nap 8
 Port 13
 
 
 ===============
 DC 10/9/2025
 RC 10/10/2025","1,000","Active","Purok 4 Brgy.Hermoza Bayambang Pangasinan",""
"1179","","2400031","DCA_Freddie_Ocampo","639157487005","4 - Prepaid","Non-Active","July 04, 2024","Sanjo/Jeff
 Nap 1 
 Port 7","1,000","Active","Purok 1 Carungay Bayambang Pangasinan",""
"1180","","20400002","XCAB_Teresa_Fernandez","639217075174","4 - Prepaid","Non-Active","July 04, 2024","Lester/Dave
 Port 2
 
 ===============
 DC 10/9/2025
 DC 10/10/2025","1,000","Active","Cabuaan Bautista Pangasinan",""
"1181","","400077","XAMN_Lyka_Ang","639124243541","5 - Prepaid","Non-Active","July 05, 2024","Jasper/Sonny
 Nap 8
 Port 12","1,000","Active","Purok 3 Amangcosiling Norte Bayambang Pangasinan",""
"1182","","4400034","XMP_Regine_Manaois1","639053334337","6 - Prepaid","Non-Active","July 06, 2024","Johan/Making
 Nap 3 
 Port 6
 old DD 6
 DC 10/14-Ice
 8 days consumed
 RC 10/24/25 - Ice
 NEw DD 11/16/25-ej
 
 ======
 RC 12/9/25 - Ice
 NEW DD=JAN 6 RECON","1,000","Active","Purok 1 Manambong Parte Bayambang Pangasinan",""
"1183","","5200017","XPS_Evangeline_Leal","639204289805","7 - Prepaid","Non-Active","July 06, 2024","Johan/Making
 Nap 8
 Port 1
 
 ==========
 OLD DD: OCT 06
 DC 10/10/25
 RC 10/11/25
 NEW DD: NOV 7 2025= CLARISSE
 ===========
 DC 11/14/25 - Ice (Ma'amClarisse)
 RC 11/14/25 - Ice","1,000","Active","DUQUE MEAT SHOP POB SUR BYB PNG",""
"1184","","240706165447","XBUA_Genelyn_Balidbid","639095063950","6 - Prepaid","Non-Active","July 06, 2024","PORT 1
 JOHAN/PEDRO
 
 paid via cash - 08/30/25- Sa house ngbayqad c/o: M\Loreen pingbili ng bigas","1,000","Active","PUROK 7 PALACPAC ST BUAYAEN BYB PNG",""
"1185","","240706165719","XCB_Cazandra_Bugarin","639509514402","13 - Prepaid","Non-Active","July 06, 2024","NAP 5
 PORT 9
 JOHAN/PEDRO
 
 ==========
 DC 10/10/25
 RC 10/11/25
 =========
 old dd: 6/ new dd:13-darz","1,000","Active","Purok 3 Cabayaoasan Mangatarem Pangasinan",""
"1186","","5700063","TSV_Julie_Junio","639307354876","8 - Prepaid","Non-Active","July 08, 2024","Sonny/Jeff
 Nap 5 Port 3","1,000","Active","Purok 5 San Vicente Bayambang Pangasinan",""
"1187","","400079","XAMS_Harvey_Fuellas","639653921199","8 - Prepaid","Non-Active","July 08, 2024","OK
 Sonny/Jeff
 Nap 6
 Port 10
 ============","1,000","Active","Purok 6 Amangcosiling Sur Bayambang Pangasinan",""
"1188","","3000022","XID_Gerald_Servillon","639618148993","15 - Prepaid","Non-Active","July 08, 2024","OK
 Lester/Dave
 Nap 3 Port 14
 
 Old due is 8, +7 days JUNE 12 2026","1,000","Active","Boundary of Idong/Sanlibo Roldan Compound",""
"1189","","240708185020","DRE_Richard_Solis","639566779652","8 - Prepaid","Non-Active","July 08, 2024","Jeff/Sonny
 NAP 2
 PORT 6
 ===========
 Additional 3 days grace period due to 3 days no connection - hans","1,000","Active","Purok 1 Reynado Bayambang Pangasinan",""
"1190","","2900069","XHE_Marygrace_Garcia","639537014024","28 - Prepaid","Non-Active","July 09, 2024","Sonny/Jasper
 Nap 4
 Port 16
 OLD DD: AUG 09
 DC-8/19/25-10 DAYS
 RC PAID VIA GCASH- SEPT 04
 NEW DD: SEPT 24
 ============
 DC 11/27/25 - Ice (DD of 23-24)
 RC-12/2
 NEW DD"" 30","1,000","Active","Purok 5 Hermoza Bayambang Pangasinan",""
"1191","","240709185838","XBS_Jayson_Villedar","639913525552","9 - Prepaid","Non-Active","July 09, 2024","PORT 2
 JOHAN/PEDRO","1,000","Active","Purok 2 Bical Sur Bayambang Pangasinan",""
"1192","","2600021","DDA_Joan_Watson","639663978999","15 - Prepaid","Non-Active","July 09, 2024","OK
 NAP 1 PORT 1
 PIOLO
 OLD DD 9 MOVED TO 15 requested by Sir Dante","1,000","Active","PUROK 3 DARAWEY BYB PNG",""
"1193","","2900070","DHE_Lina_Opina","639503964450","9 - Prepaid","Non-Active","July 09, 2024","NAP 6
 PORT 8
 JOHAN/PEDRO","1,000","Active","Purok 2 Hermoza Bayambang Pangasinan",""
"1194","","20300004","TNN_Jose_Matabang","639100126931","10 - Prepaid","Non-Active","July 10, 2024","OK
 Sonny/Jasper/Jhun Torres","1,000","Active","Nibaliw Norte Bautista Pangasinan",""
"1195","","3200036","XINI_Lionel_Eria","639294693709","7 - Prepaid","Non-Active","July 10, 2024","Johan/Making
 Port 1
 
 Ref no. 4020482737689 AUG Payment PAYMENTRECIEVE SEP 2
 DC AUG 22 
 Reconnected SEP 2
 UNPAID OCT
 DC OCT 21
 recon nov 1
 
 04-10-25
 NO PAST DUE RECORDED. CAN RECONNECT ANYTIME.
 -CLARISSE
 
 04-11-25
 RC- GCASH REF#4027 658 932 123.
 -clarisse
 
 ==============
 old dd:10
 new dd 19 because of the typhoon UWan
 old dd:19/ new dd:7","1,000","Active","Purok 1 Inirangan Bayambang Pangasinan
 ok",""
"1196","","6400077","DTAN_Regina_Paragas","639914375721","10 - Prepaid","Non-Active","July 10, 2024","Johan/Making/Dante
 Port 2","1,000","Active","Sitio Bakante Tanolong Bayambang Pangasinan
 OK",""
"1197","","20200001","XNS_Riqueza_Aquino","639488362041","13 - Prepaid","Non-Active","July 13, 2024","JOHAN/PEDRO
 PORT 5
 
 =============
 DC 11/18/25 - Ice
 RC 11/22/25 - Ice","1,000","Active","Nibaliw Sur Bautista Pangasinan",""
"1198","","20000006","XBAL_Nicole_Viray","639925058401","13 - Prepaid","Non-Active","July 13, 2024","Johan/PEDRO
 PORT 1","1,000","Active","Zone 5 Baluyot Bautista Pangasinan",""
"1199","","400080","XAMS_Vangeline_Vinluan","639929496218","15 - Prepaid","Non-Active","July 15, 2024","Lester
 NAP 6
 PORT 11","1,000","Active","Purok 6 Amangcosiling sur",""
"1200","","700018","XAP_Jake_Evangelista","639487869961","3 - Prepaid","Non-Active","August 03, 2024","Nap 6
 Port 6
 
 Johan/Making
 ========
 DC 11/7/25 - Ice","1,000","Active","Purok I Brgy Apalen Bayambang Pangasinan",""
"1201","","7000029","TWA_Myrna_Menor","639669741234","2 - Prepaid","Non-Active","August 02, 2024","","1,000","Active","Purok 4 Brgy Wawa Bayambang Pangasinan
 OK",""
"1202","","3200037","DINI_Jessabel_Pacubas","639639873198","30 - Prepaid","Non-Active","July 16, 2024","OK
 Nap 2 Port 9
 METERS OF CABLE:230
 
 OLD DD 16 MOVE TO 30","1,000","Active","Brgy Inirangan Bayambang Pangasinan",""
"1203","","3200038","DINI_Jefferson_Pacubas","639309588892","16 - Prepaid","Non-Active","July 16, 2024","Dante","1,000","Active","Purok 4 Brgy Inirangan Bayambang Pangasinan",""
"1204","","6300033","XTAM_Pamela_Agabao","639922059883","28 - Prepaid","Non-Active","July 16, 2024","Johan/Making
 Nap 5 Port 1
 
 
 ==========
 DC 10/28/25 - Ice
 RC 10/29/25 - Ice
 ============
 DC 11/28/25 - Ice (DD of 25)
 RC 11/28/25 - Ice 
 ===========
 3 days due date adjusted due to 3 days no connection - hans","1,000","Active","Purok5 Tampog Bayambang Pangasinan
 OK",""
"1205","","6600035","XTE_Adessa_Bugarin","639501071821","14 - Prepaid","Non-Active","August 05, 2024","Nap 5/Port 14
 OVERSPAN - 500
 Johan/Making
 ===========
 DC 11/14/25 - Ice (Ma'amClarisse)
 11/15/25-Client called that they dont have connection since yesterday they paid last nov.04 CLIENT IS NOT AWARE where to send the copy of her payment. then their wire has been accidentally passed by a truck. for repair. will adjust her due date. client inform to send her payment via fb page reel time,
 will provide new DD once repaired by the technichian=clarisse
 11/24- restored connection
 New dd: dec 14 2025","1,000","Active","Purok 7 Brgy Telbang Bayambang Pangasinan",""
"1206","","20300005","XNN_Celeste_Paningbatan","639945659548","21 - Prepaid","Non-Active","August 05, 2024","Port 1 
 
 Eddy/Marnold
 
 04/05 - Client requested to disconnect her account. 
 successfully disconnected.
 Due Date: April 05 2025
 Disconnection Date: April 05,2025
 will resume on May, in the event she didn't resume on May 1st week, need to pull out the modem.
 
 JULY 26 2025 DC
 -Clarisse
 
 
 04-10
 Client requested to recon send payment via gcash ref# 1027 625 928 995
 -Clarisse
 New DD: MAY 05,2025
 
 04-28-25 - client requested to automatically disconnect here account on May 05, 2025 -Clarisse
 JUNE 18-RC PAID VIA GCASH
 NEW DD: JULY 18
 
 Done Pullout Modem/Unplug
 =====================
 MARCH 21 2026- RECONNECTION NEW DD: 21 DELETE JULY UNPAID BILL 2025-CLARISSE","1,000","Active","Nibaliw Norte Brgy Bautista Bayambang Pangasinan",""
"1207","","800001","XNN_Vangie_Patungan","639945659548","8 - Prepaid","Non-Active","August 05, 2024","LCP:
 NAP:
 PORT:2
 TECHNICIAN:John / Renz","1,000","Active","Brgy Nibaliw Norte Bayambang Pangasinan
 
 UNPAID 2months",""
"1208","","242300023","XBE_Jayson_Gonzales","639812237207","5 - Prepaid","Non-Active","August 05, 2024","Port 4 Nap 1
 Piolo/Dave","1,000","Active","Purok 2 Brgy Bonggato East Bayambang Pangasinan",""
"1209","","6600036","XTE_Vivien_Gabriel","639199910105","5 - Prepaid","Non-Active","August 05, 2024","Nap 8 Port 10
 Johan/Making
 
 ===============
 Old dd 5
 DC 10/9/2025
 RC 10/9
 Old DD 5
 DC 17
 12 days Consumed
 RC 11/17
 New DD 12/5-ej","1,500","Active","Telbang Bayambang Pangasinan Front ng shell",""
"1210","","5400025","DRE_Markarnyil_Lapitan","6396672484792","5 - Prepaid","Non-Active","August 05, 2024","Nap 6/Port 13
 Dante","1,000","Active","Brgy Reynado Bayambang Pangasinan",""
"1211","","4200045","XMG_Marwin_Aglanao","639065902407","5 - Prepaid","Non-Active","July 31, 2024","Nap 4 Port 12
 Eddy/Jeff
 DC MARCH 14 2025  ALDRIN
 RC MARCH 20 2025 ALDRIN
 old DD 11/28
 8 days adjustment  due to typhoon-New DD 12/5-ej","1,000","Active","Purok 1 Brgy Managos Bayambang Pangasinan",""
"1212","","5600019","XSG2_Glacill_Dacasin","639957820167","21 - Prepaid","Non-Active","July 31, 2024","OK
 Nap / Port 4
 Johan/Making
 Old dd 28
 DC 11/3
 6 days consumed
 RC 11/4
 New DD 11/29
 ==========
 OLD DD 28
 RC- MAY 25 2026 DELETE APRIB BILL FOR RECON
 NEW DD: JUNE 21 2026-CLARISSE","1,000","Active","Purok 3 SanGabriel 2nd Bayambang Pangasinan",""
"1213","","240806114756","XCB_Letecia_Romeo","639464757209","14 - Prepaid","Non-Active","July 31, 2024","Nap 7 Port 5
 Eddy/Jeff
 old dd: 7/adjusted 7 days-darz/ new dd 14","1,000","Active","Purok 1 Brgy Cabayaosan Mangatarem Pangasinan",""
"1214","","2900071","DHE_Cesar_Manalang","639675675806","30 - Prepaid","Non-Active","July 22, 2024","Nap 8 Port 15
 Dante","1,000","Active","Purok 4 Brgy Hermoza Bayambang Pangasinan",""
"1215","","240806143214","XBUA_Robert_Vinluan","639635177731","28 - Prepaid","Non-Active","July 28, 2024","Nap 3 Port 11
 Lester/Dave
 ==========
 7/2/26 adjusted isolir 7days","1,000","Active","289 LAZA ST, BUAYAEN BYB PNG
 OK",""
"1216","","240806152957","XBUA_Alona_Carino","639811600268","28 - Prepaid","Non-Active","July 30, 2024","Nap 3 Port 13
 Piolo","799","Active","221 BRGY BUAYAEN BYB PNG",""
"1217","","300028","XAMN_Gelaine_Cruz","639305460097","15 - Prepaid","Non-Active","July 30, 2024","Nap 1 Port 14
 Johan/ Making 
 =====================
 SEPT 02- PAID VIA CASH LOGBOOK-CLARISSE
 ==========
 DC 11/3/25 - Ice
 RC 11/4/25 - Ice
 DC: Feb. 1/ RC: Feb.19_ NEW DD: 19-4 days= 15 - DARZ
 ============
 Additional 3 days grace period due to 3 days no connection - hans","1,000","Active","PUROK 2 BRGY AMANGCOSILING NORTE BYB PNG",""
"1218","","4300015","XMN_Nelia_Devera","639812800567","23 - Prepaid","Non-Active","July 30, 2024","Port 5
 Johan/Making
 Recon 12/23/25 tech: daniel/renz","1,000","Active","Manambong Norte Bayambang Pangasinan",""
"1219","","6400082","XTAN_Justine_Andres","639504945262","14 - Prepaid","Non-Active","July 30, 2024","Nap 8 Port 12
 Marnold/Jep
 DC MARCH 14 2025  ALDRIN
 
 OLD DD: MAY 02
 DC-MAY 05
 05-07-25 - RC , paid via gcash 
 New DD: June 05,2025-CLARISSE
 
 ===============
 DC 10/9/2025
 new dd: Nov 11 2025- clarisse
 =========
 DC 02/15/2026
 RC 02/18/2026
 Old DD 11
 New DD 14
 Next DD 03/14/2026 - Hans","1,000","Active","Sitio Pangdel Brgy Tanolong Bayambang Pangasinan",""
"1220","","5700065","TSV_Zeny_Sacman","639274273253","28 - Prepaid","Non-Active","July 30, 2024","Port 9
 Jhun","1,000","Active","SanVicente Bayambang Pangasinan",""
"1221","","4400036","XMP_Lea_Valle","639065918697","28 - Prepaid","Non-Active","July 30, 2024","OK
 04-10-25
 DC UNPAID MARCH 28 BILLING
 -CLARISSE","1,000","Active","Purok 3 Manambong Parte Bayambang pangasinan
 15.778324, 120.483748",""
"1222","","700021","DAP_Michellerose_Lucero","639943459517","28 - Prepaid","Non-Active","July 30, 2024","Nap 6 Port 35
 
 Dante","1,000","Active","Purok 1 Brgy Apalen Bayambang Pangasinan",""
"1223","","240806163537","XCB_Ricamay_Espiritu","639096003485","21 - Prepaid","Non-Active","July 17, 2024","Nap7 Port 3
 Jerome/Jeff
 ==========
 DC 10/22/25 - Ice
 RC 10/22/25 - Ice
 RC 12/21/25","1,000","Active","Purok 1 Brgy Cabayaosan Bayambang Pangasinan",""
"1224","","240806163718","XCB_Jhunmichael_Garcia","639108705112","17 - Prepaid","Non-Active","July 17, 2024","Nap 7 Port 4
 Jerome / Jeff
 
 DC 11/20/25 - Ice
 RC 11/20/25 - Ice","1,000","Active","Purok 1 Brgy Cabayaosan Mangatarem Pangasinan",""
"1225","","240806163929","XCB_Trishamae_Espiritu","639915600933","17 - Prepaid","Non-Active","July 17, 2024","Port 5
 Jerome / Jeff","1,000","Active","Purok 4 Brgy Cabayaosan Mangatarem Pangasinan",""
"1226","","4900065","XPA_Jenny_Abalos","639107665386","8 - Prepaid","Non-Active","July 17, 2024","Nap 4 Port6
 Johan/Making
 
 ==============
 RC 10/11/25
 OLD DD 17
 RC NOV 24 14 DAYS OF NO SIGNAL DUE TO TYPHOON
 NOV 14 NO CONENCTION
 NOV 26 RESTORE
 DEC 8 NO CONNECTION DEC 9 RESTORE TOTAL OF 14 DAYS
 NEW DD:1
 =====================================
 OLD DD: 1
 RC- JUNE 08 2026
 NEW DD- JULY 2026-CLARISSE","1,000","Active","BRGY PANGDEL BYB PNG
 OK",""
"1227","","4900066","XAM1_Thelma_Mari","639318400971","24 - Prepaid","Non-Active","July 17, 2024","Nap 3 Port 13
 Johan/Making
 ==================
 June 3, 2026
 Approved adjustment: 7 days isolation.
 Service interruption started on May 28, 2026 at approximately 7:00 PM and was restored on May 31, 2026 at approximately 7:00 AM.
 As compensation for the outage, a 7-day adjustment to the payment schedule has been approved.
 – Clarisse
 ----------------------------
 SEPT 22 2026
 OLD DD: 17
 CLIENT CLARIFY HIS NEW DD - OCT 24 2026 THIS INCLUDES 7 DAYS ADJUSTMENT LAST SEPT 13 2026 FIBER BREAK -CLARISSE","1,000","Active","PUROK 1 BRGY AMBAYAT 1ST BYB PNG",""
"1228","","6600037","XTE_Zaldy_Ignas","639919366757","17 - Prepaid","Non-Active","July 17, 2024","Nap 6 Port 1
 Jayson/Dave","1,000","Active","PUROK 2 TELBANG BYB PNG",""
"1229","","5200019","XPS_Laila_Dulay","639457404286","21 - Prepaid","Non-Active","July 18, 2024","Nap 8 Port 2
 
 UNPAID SEPT 18-30=12 DAYS
 RECON OCT 19,NEXT PAYMENT WILL BE ON NOV 4,2024
 paid via gcash 11-12-24
 DC APRIL 10,2025
 RECON APRIL 15,2025
 MAY 8,2025
 Old dd 8
 DC 9/11/25
 3 days consumed
 RC 10/24/25 - Ice
 New DD 11/21/25
 ============
 DC 11/25/25 - Ice(DC of DD 19 - 22)","1,000","Active","POBLACION SUR BYB PNG",""
"1230","","5500054","XSG1_Christian_Graza","639387733203","19 - Prepaid","Non-Active","July 18, 2024","Nap 2 Port 12
 
 04-15-25 - received payment for March &April (2k) Gcash ref# 9027 791 825 705.
 RC-Clarisse
 adjusted due date-1 days due to typhoon new dd 12/19-ej","1,000","Active","SanGabriel 1st Bayambang Pangasinan",""
"1231","","400081","XAMS_Roger_Bato","639693729832","20 - Prepaid","Non-Active","July 18, 2024","Nap 5 Port 9
 Johan / Making
 ==========
 DC 10/22/25 - Ice
 RC 10/24/25 - Ice
 ================
 old dd 18
 new dd: 20 - 2 days no connection-clarisse
 MAY 29 2026","1,000","Active","Amangcosiling Sur Bayambang Pangasinan",""
"1232","","6500042","DTA_Rogena_Ramal","639353973879","18 - Prepaid","Non-Active","July 18, 2024","Nap 8 Port 3
 Dante","1,000","Active","Purok 3 Brgy Tatarac Bayambang Pangasinan",""
"1233","","2400033","DCA_Allen_Mina","639854783885","1 - Prepaid","Non-Active","July 20, 2024","Nap 1 Port 6
 ==============
 JULY 30 2026 - 2  UNPAID BILLS - CLARISSE
 ==========
 July 31, 2026 - Reconnection
 New dd 1 - hans","1,000","Active","Purok 6 Brgy Carungay Bayambang Pangasinan
 ======================
 JULY 30 2026 - 2  UNPAID BILLS - CLARISSE",""
"1234","","7000030","XWA_Ferdinand_Bato","639857736837","13 - Prepaid","Non-Active","August 06, 2024","Nap 7 Port 9
 Jerome / sonny
 RC 10/24/25 - Ice
 ---------------------
 old dd: Dec 20,2026
 RC- Jan 09,2026
 Next DD: FEB 09 2026-cLARISSE
 ========","1,000","Active","Brgy Wawa Bayambang Pangasinan",""
"1235","","2300042","XCS_Gloria_Rosario","639499444153","15 - Prepaid","Non-Active","August 01, 2024","OK
 Port 2
 ========
 Old dd 1
 DC 11/4/25 - Ice
 3 days consumed 
 RC 11/12
 New DD 12/9-EJ
 =======
 DC 02/13/2026
 RC 03/13/2026
 OLD DD 9
 NEW DD 9 
 NEXT DD 04/13/2026 - HANS
 ========================
 OLD DD: 14
 RC- MAY 19 2026
 NEW DD: JUNE 15 2026-CLARISSE
 ========
 August 4, 2026 (Reconnection)
 old dd - 15
 new dd - 4 - hans","1,000","Active","Upper Cadre Site Bayambang Pangasinan",""
"1236","","3200040","DINI_Jimwel_Agustin","639318042306","13 - Prepaid","Non-Active","August 01, 2024","OK
 Nap 2 Port 11
 
 DANTE 
 HWTC5E0E439C","1,000","Active","Purok 3 Brgy Inirangan Bayambang Pangasinan",""
"1237","","2600023","TDA_Chique_Robin","639061629573","5 - Prepaid","Non-Active","August 01, 2024","Port 7
 JHUN
 ===============
 MAY 4 2026- AGENT REQUEST TO DELETE THE MONTH OF APRIL FOR AUTO RECON OF CLIENTS ACCOUNTCLARISSE","1,000","Active","Purok 1 Brgy Darawey Bayambang Pangasinan",""
"1238","","240806175257","DBS_Carla_Jimenez","639105021872","1 - Prepaid","Non-Active","August 01, 2024","Nap 5 Port 13
 DANTE","1,000","Active","Purok 1 Brgy Bical Sur Bayambang Pangasinan",""
"1239","","2400035","DCA_Leo_Cobangbang","639277417639","6 - Prepaid","Non-Active","August 02, 2024","Nap 4 Port 12
 Dante
 
 04-26-25 - Agent requested to move due date.
 OLD DD: 2
 NEW DD: 12
 -clarisee
 =================================
 NEW DD: 6 PLUS 4 DAYS-CLARISSE","1,000","Active","Purok 3 Brgy Carungay Bayambang Pangasinan",""
"1240","","5400027","DRE_Armando_Calangian","639637709805","9 - Prepaid","Non-Active","August 02, 2024","Nap 6 Port 4
 Dante","1,000","Active","Purok 4 Brgy Reynado Bayambang Pangasinan",""
"1241","","5600020","XSG2_Rosita_Poquiz","639556630429","6 - Prepaid","Non-Active","August 06, 2024","Port 4 
 Johan / Making","1,000","Active","San Gabriel 2nd Bayambang Pangasinan",""
"1242","","240807150853","XBUA_Benjamin_Ventura","639177418256","9 - Prepaid","Non-Active","August 09, 2024","Piolo/Jeffrey","800","Active","187 SAKBIT ST, BRGY BUAYAEN BYB PNG
 OK",""
"1243","","2600024","TDA_Rigor_Dulay","639564915249","7 - Prepaid","Non-Active","August 07, 2024","Coupler - 15.765054, 120.442520","1,000","Active","Purok 1 Brgy Darawey Bayambang Pangasinan
 OK",""
"1244","","7000031","TPU_Cristina_Bato","63926075987","7 - Prepaid","Non-Active","August 07, 2024","Nap 1 Port 8
 Jhun","1,000","Active","Purok 3 Brgy Alfiesta Wawa Bayambang Pangasinan",""
"1245","","7000032","TWA_Jean_Sabado","639669903964","7 - Prepaid","Non-Active","August 07, 2024","Nap 1 Port 2
 ============
 Ice : RC 10/15/25 - (Paid thru Mayawallet via Gcash Sir Jhun)","1,000","Active","Purok 3 Brgy Wawa Bayambang Pangasinan",""
"1246","","4200046","XMAN_Markanthony_Burbos","639163646375","20 - Prepaid","Non-Active","August 08, 2024","Nap 7 Port 14
 Johan/Making
 
 ============
 DC 11/25/25 - Ice(DC of DD 19 - 22)
 RC 11/28/25 - Ice","1,000","Active","Purok 5 Brgy Managos Bayambang Pangasinan",""
"1247","","400083","XAMS_Mario_Junio","639499189309","8 - Prepaid","Non-Active","August 08, 2024","Nap 3 Port 16
 ============
 DC 10/14/25 - Ice
 RC 10/14/25 - Ice
 7/10/26 isolir adjusted to 7 days -lester","1,000","Active","PUROK 5 BRGY AMANGCOSILING BYB PNG
 OK",""
"1248","","400084","XAMS_Jonald_Devera","639944261656","25 - Prepaid","Non-Active","August 08, 2024","Nap 7 Port 9
 Johan/Making
 ============
 OLD DD: OCT 08
 DC 10/14/25 - Ice 6 DAYS EXCEED
 RC 10/15/25
 NEW DD: NOV 9 2025=CLARISSE
 RC 29 -4days new DD:25 -Lester","1,000","Active","Purok 6 Brgy Amangcosiling Sur Bayambang Pangasinan",""
"1249","","20300007","XNN_Kimberly_Gonzalez","639102293442","2 - Prepaid","Non-Active","August 09, 2024","Port 1
 
 Sonny/Jeff
 ============
 old dd 9
 DC 10/14/25 - Ice
 4 days consumed
 Rc 10/29
 New dd 25
 ============
 OLD DD""25
 DC 11/28/25 - Ice (DD of 25)
 RC 12/4/25-1
 =========================
 OLD DD: 1
 RC: JUNE 06
 NEW DD: JULY 02 2026 PLUS 4 DAYS GRACE PERIOD-CLARISSE","1,000","Active","Zamboy Bldg Brgy Nibaliw Norte Bautista Bayambang Pangasinan",""
"1250","","240810102623","XBS_Jasmine_Torres","639942360149","9 - Prepaid","Non-Active","August 09, 2024","Port 3
 ============
 DC 10/14/25 - Ice
 RC 10/14/25 - Ice","1,000","Active","Purok 2 Brgy Bical Sur Bayambang Pangasinan",""
"1251","","21200001","XSI_Johncarlo_Gayagay","639454170303","9 - Prepaid","Non-Active","August 09, 2024","Port 1 
 Piolo/Jeff
 ============
 DC 10/14/25 - Ice
 RC 10/14/25 - Ice","1,000","Active","#148 Brgy Sinabaan Bautista Pangasinan",""
"1252","","5800046","XSC_Sabina_Papio","639568657559","13 - Prepaid","Non-Active","August 08, 2024","Nap 4 Port 7
 DC MARCH 18 2025 ALDRIN
 RC MARCH 19 2025 ALDRIN
 New DD: 13-darz","1,000","Active","Purok 1 Brgy SanCagulis Bayambang Pangasinan",""
"1253","","4200047","XMAN_Abel_Lamo","639297202789","8 - Prepaid","Non-Active","August 08, 2024","Nap 5 Port 6
 Johan/Making","1,000","Active","INC Managos Bayambang Pangasinan",""
"1254","","240810104018","XBUA_Susan_Zamora","639516893711","17 - Prepaid","Non-Active","August 08, 2024","Port 7
 Piolo/Jayson
 11/13- paid via cash for the month of november -Clarisse
 ===========
 DC 04/12/2026
 RC 04/17/2026
 OLD DD 8
 NEW DD 13
 NEXY DD 05/13/2026 - HANS","1,000","Active","158 PUROK 3 BRGY BUAYAEN BYB PNG",""
"1255","","4200049","XMAN_Catherine_Planillas","639389558798","17 - Prepaid","Non-Active","August 10, 2024","Nap 7 Port 15
 Johan/Making
 old dd:10/ adjusted 7 days-darz/ new dd: 17","1,000","Active","Purok 5 Brgy Managos Bayambang Pangasinan",""
"1256","","20300008","XNN_Bernadine_Abalos","639396101944","18 - Prepaid","Non-Active","August 10, 2024","Port 5 / Jeff/Jeff
 RC - JULY 11 2025
 
 
 ==========
 DC 10/16/25 - Ice
 RC 10/16/25 - Ice
 paid : dec 22- darz change DD from 11 to 18-darz
 no internet 1 week (december)","1,000","Active","BRGY ZONE VI NIBALIW NORTE BAU PNG",""
"1257","","6900034","TWAR_Evangeline_Romero","639455225356","10 - Prepaid","Non-Active","August 10, 2024","Nap 7/Port 6
 Lester/dave","1,000","Active","Purok 5 Brgy Warding Bayambang Pangasinan",""
"1258","","6900035","TWAR_Cris_Grospe","639153586457","22 - Prepaid","Non-Active","August 10, 2024","Nap 7/Port 6
 Lester/Dave
 RECON MARCH 11 2025 ALDRIN NACAR
 ===========================
 AUG 16 2025- DC REQUESTED BY THE AGENT
 RC 9/24/25 via gcash
 New DD: 10/18/25
 ==============
 DC 10/25/25 Jhun rqst
 RC 10/25/25 - Ice (Jhun rqst)
 ==============
 DC 11/24/25 - Ice (Jhun rqst)
 ====================
 Jan 22 2026- Sir jhun requested to recon the account will delete the october,november and December bill.
 new DD: 22|next DD: February 22,2026-Clarisse
 ========================================
 MARCH 31 2026- DELETE BILL, REGENERATE BILL DUE TO AGENT FORGOT TO LESS HIS COM- REQUESTED BY THE AGENT-CLARISSE","1,000","Active","Purok 5 Brgy Warding Bayambang Pangasinan",""
"1259","","4400038","XMP_Jafferson_Deguzman","639274283083","16 - Prepaid","Non-Active","August 16, 2024","Johan/Jayson
 Port 11","1,000","Active","Centro Manambong Parte Bayambang Pangasinan",""
"1260","","240817092201","XBUA_Senaida_Junio","639703936008","15 - Prepaid","Non-Active","August 15, 2024","port 6
 Johan/Making","1,000","Active","2045 KALYE ONSE BRGY BUAYAEN BYB PNG",""
"1261","","2400037","DCA_Patricio_Torres","639123251936","15 - Prepaid","Non-Active","August 15, 2024","Nap 4 Port 8
 Dante","1,000","Active","Purok 7 Brgy Carungay Bayambang Pangasinan
 OK",""
"1262","","4900067","DPA_Bernadeth_Herrera","63934570154","24 - Prepaid","Non-Active","August 15, 2024","Nap 4 Port 8
 Dante","1,000","Active","PUROK 3 BRGY PANGDEL BYB PNG",""
"1263","","21100001","XDI_Babyrose_Pascua","639294734910","15 - Prepaid","Non-Active","August 15, 2024","OK
 johan/Making
 Port 5","799","Active","Dike Side, Brgy Diaz Bautista Pangasinan",""
"1264","","21100003","XDI_Brian_Corpuz","639123399041","17 - Prepaid","Non-Active","August 15, 2024","Port 8
 Johan/Making
 old dd:15
 05/28/26( service interruption,2 days no connection) adjusted due date-new dd:17 -darz","799","Active","Dike Side Brgy Diaz Bayambang Pangasinan",""
"1265","","5500055","TSG1_Fernando_Veloria","639567211863","14 - Prepaid","Non-Active","August 14, 2024","Jhun","1,000","Active","Purok 4 Brgy San Gabriel 1st Bayambang Pangasinan",""
"1266","","5300042","TPU_Sk_Pugo","639691959110","11 - Prepaid","Non-Active","August 15, 2024","JHUN
 04-21-25- Agent requested to DC Client.-Clarisse
 
 old 15
 April 20 2025 dc - 5 days consume
 june 6 2025 rc
 new dd: july 01
 -------------------------
 new dd:13 requested by Sir jhun
 ===========
 FEB 02- RC
 NEW DD: mARCH 07-CLARISSE
 =====================
 August 11 2026
 Sir jhun requested to update the bill for recon today.
 delete June and July Bill
 New DD: August 11 2026  -Clarisse","1,000","Active","Purok 2 Brgy Pugo Bayambang Pangasinan",""
"1267","","5800047","XSC_Hazel_Dorado","639152636419","17 - Prepaid","Non-Active","August 14, 2024","Nap 5 Port 5
 Johan/Making
 =============================================
 DC- APRIL 08
 NO MARCH PAYMENT
 =============================================================
 04-22-25- Client send payment via gcash ref#9027 987 482 569 for the month of march. 
 9027 994 171 553 - april payment new DD mAY 22 2025 -cLARISSE
 ================================================================
 5/26/2025-DC
 Due date 22
 DC may 26 2025
 Rc june 1 2025 
 new  DD: JUNE 27
 
 OLD DUE DATE 27
 JULY 30 2025 DC ALDRIN
 AUGUST 5 2025 RC ALDRIN
 NEW DUE DATE 2
 ========
 Old DD 2
 DC 11/7/25 - Ice
 5 days consumed
 RC 11/13/25
 New DD 12/8/25-EJ
 OLD DD:3=DC:Feb.7/ RC:Feb. 12: new DD:March 9-darz
 =============================
 OLD DD: JUNE 09
 RC: JUNE 18 2026
 NEXT DD: JULY 14 2026-CLARISSE
 ===========
 August 17, 2026 Reconnection
 old dd 14
 new dd 17 - hans","1,000","Active","Purok 4 Brgy San Cagulis Bayambang Pangasinan",""
"1268","","21100004","XDI_Marivic_Agualin","639667723628","28 - Prepaid","Non-Active","August 11, 2024","OK
 RECONNECTION 11/27/25
 Tech: Daniel/Marvin
 Other contact 09100976539","1,000","Active","Dike Side Brgy Diaz Bautista Pangasinan Lagpas ng  old barangayhall diaz",""
"1269","","6500043","XTA_Nestor_Aquino","639499585458","17 - Prepaid","Non-Active","August 17, 2024","Nap 3 Port 8
 Sonny/Piolo
 ==========
 DC 10/22/25 - Ice
 RC 10/22/25 - Ice","1,000","Active","Brgy Tatarac Bayambang Pangasinan",""
"1270","","4900068","TPA_Minas_Herrera","639155872424","12 - Prepaid","Non-Active","August 12, 2024","Np 1 Port 8
 JHUN","1,000","Active","PUROK 3 BRGY PANGDEL BYB PNG",""
"1271","","20000008","XBAL_Judelyn_Ruetas","639308052480","5 - Prepaid","Non-Active","August 12, 2024","Port 2
 Lester/Sonny
 
 
 =============
 OLD DD 12 6 DAYS
 DC 11/18/25 - Ice
 RC DEC 05
 NEW DD DEC 30
 ===================
 OLD DD: 28
 RC MAY 05 2026
 NEW DD: JUNE 05 2026
 =====================
 JUNE 04 2026
 CAN PAY ON OR BEFORE JUNE 12 2026
 APPLY 7 DAYS ISOLIR -CLARISSE","1,000","Active","Zone 3 Baluyot Bautista Pangasinan",""
"1272","","6600040","TTE_Ervin_Gabriel","639454219950","19 - Prepaid","Non-Active","August 19, 2024","Nap 6 Pot 3
 JHUN/Jayson/Making","1,000","Active","BRGY TELBANG HIGHWAY BYB PNG",""
"1273","","5600022","XSG2_Shawnmichael_Bacani","639163213925","23 - Prepaid","Non-Active","August 19, 2024","Port 8
 Jayson/Making
 201-4BYB65LCP1NP8P10
 ==================
 OLD DD: 19 NEXT DD: AUGUST 23 2025 - MOVED DUE DATE DUE TO TYPHOON 4 DAYS OF NO CONNECTION 
 =========
 6/30/26 Isolir Adjusted to 7days","1,000","Active","Purok 2 Brgy San Gabriel 2nd Bayambang Pangasinan
 OK",""
"1274","","240820111128","XBS_Johndarell_Justo","639318281528","17 - Prepaid","Non-Active","August 17, 2024","Nap 1 Port 14
 Johan/Making
 =========
 Additional 3 days grace period due to 3 days no connection - hans","1,000","Active","Purok 3 Brgy Bical Sur Bayambang Pangasinan",""
"1275","","6600041","XTE_Marlou_Cayabyab","639300004144","19 - Prepaid","Non-Active","August 19, 2024","Nap 6 Port 4
 Piolo/Jomary","1,000","Active","BRGY TELBANG BYB PNG",""
"1276","","20900001","XCAC_Giovanni_Supnet","639272389798","19 - Prepaid","Non-Active","August 19, 2024","Lester/Sonny
 Port 1
 ==============
 DC 10/23/25 - Ice
 RC 10/23/25 - Ice","1,000","Active","32 National Road, Brgy Cacandongan Bautista Pangasinan",""
"1277","","6600042","XTE_Roel_Iglesias","639491049072","17 - Prepaid","Non-Active","August 17, 2024","Port 3
 Lester/Dave
 
 
 
 
 
 
 Anabelle PAID JAN.19,2026( late paid in system- jan.23-darz)","1,000","Active","BRGY TELBANG BYB PNG",""
"1278","","6500044","XTA_Jimmy_Aranaga","639941018032","17 - Prepaid","Non-Active","August 17, 2024","OK
 Nap 1 Port 16
 Johan/making
 ==========
 DC 10/22/25 - Ice
 RC 10/23/25 - Ice (Jhun Cash)","1,000","Active","Brgy Tatarac Bayambang Pangasinan",""
"1279","","2900074","XHE_Jeryboy_Jimenez","639489726240","2 - Prepaid","Non-Active","August 17, 2024","OK
 port 12
 johan/Making
 DC 8/21/25
 RC 8/26/25
 Sept. 25 new DD-mam belle
 
 ==========
 DC 10/28/25 - Ice
 
 for pull out
 ==========
 DC 01/27/26
 RC 02/11/26
 Old DD -  every 23rd of the month
 New DD - every 11th of the month
 Next Due Date - March 11, 2026 -HANS
 ===========
 
 OLD DD MARCH 11 2026
 RC: APRIL 28 2026 (DELETE MARCH BILL) THEN DOWNGRADED FROM 1K TO 799 PLAN-CLARISSE.
 ===========================
 AUGUST 31 2026
 OLD DD: 1
 NEW DD: SEPT 2 2026 MOVED 1 DAY DUE TO NO CONNECTION REAPIRED BY JEFF -CLARISSE","799","Active","Hermosa Bayambang Pangasinan",""
"1280","","6500045","DTA_Jerremy_Corpuz","639101853661","30 - Prepaid","Non-Active","August 20, 2024","Nap 8 Port 2
 DANTE
 ==========","1,000","Active","Miguel St, Brgy Tatarac Bayambang Pangasinan",""
"1281","","4500024","XMS_Beverly_Perez","639667420679","22 - Prepaid","Non-Active","August 20, 2024","Port 5
 Johan/Piolo
 
 ============
 DC 11/25/25 - Ice(DC of DD 19 - 22)
 RC 11/26/25 - Ice
 ===========
 May 29, 2026 - Downtime
 OLD DD - 20
 NEW DD - 22
 NEXT DD - 06/22/2026","1,000","Active","Manambong Sur Bayambang Pangasinan",""
"1282","","5200020","PSU_Melanie_Junio","639484533925","5 - Prepaid","Non-Active","August 21, 2024","Nap 1 Port 10
 
 5/28/2025-DC
 05/28-RC
 ============
 DC 11/25/25 - Ice(DC of DD 19 - 22)
 OLD DD:
 OLD DD: 21 4 days exceed
 RC DECEMBER 9 2025 recon
 NEW DD: JANUARY 5 2026
 NEW DD 5
 ===========
 Additional 3 days grace period due to 3 days no connection - hans","1,000","Active","Psu Bayambang Pangasinan",""
"1283","","5800048","XSC_Rodrick_Segundo","639917046317","21 - Prepaid","Non-Active","August 21, 2024","Nap 3 Port 12
 Sonny/Jayson","1,000","Active","Purok 2 Brgy San Cagulis Bayambang Pangasinan
 ==============
 DC 10/24/25 - Ice",""
"1284","","6400085","XTAN_Masalome_Sabangan","639519489774","28 - Prepaid","Non-Active","August 21, 2024","Port 13
 Sonny/Jayson
 
 old dd: april 21
 DC: APRIL 24
 3 DAYS
 RC:APRIL 28  GCASH REF#2028 163 198 808
 NEW DD:  MAY 25 2025 -CLARISSE
 ===========================
 OLD DD: JUNE 25
 June 30 2025 DC-5 DAYS
 July 1 2025 RC
 NEW DD: JULY 27
 
 JULY 30 2025 DC ALDRIN
 ==================
 OLD DD:24
 DC JAN 28
 RC FEB 9
 NEXT DD: MARCH 09
 CLIENT PAID THE WRONG BILL REPROCESSED-CLARISSE
 ==========
 DC 02/13/2026
 RC 03/21/2026
 OLD DD 9
 NEW DD 21
 NEXT DD 04/21/2026 - HANS
 old dd: 21/adjusted 7 days/ new dd: 28-darz","1,000","Active","191 Centro Tanolong Bayambang Pangasinan",""
"1285","","4900069","XPA_Loreto_Alabazo","639672741008","21 - Prepaid","Non-Active","August 21, 2024","Nap 1 Port 16
 Johan/Making","1,000","Active","Purok 2 Brgy Pangdel Bayambang Pangasinan",""
"1286","","240822111652","XCB_Herma_Lidron","639327683534","20 - Prepaid","Non-Active","August 20, 2024","OK
 Nap 6 Port 3
 Marnold/Lester","1,000","Active","Purok 1 Brgy Cabayaosan Mangatarem Pangasinan",""
"1287","","3000028","XID_Maryjoy_Bautista","639667698680","20 - Prepaid","Non-Active","August 20, 2024","Nap 4 Port 16
 Lester/Sonny
 
 =============
 RC 10/14/25 - Ice","1,000","Active","75 Purok 3 Brgy Idong Bayambang Pangasinan
 OK",""
"1288","","240822112209","XCB_Herlene_Domingo","639092385930","20 - Prepaid","Non-Active","August 20, 2024","port 1
 Marnold/Lester","1,000","Active","Purok 1 Brgy Cabayaosan Mangatarem Pangasinan",""
"1289","","5600023","XSG2_Danica_Placido","639066058356","22 - Prepaid","Non-Active","August 22, 2024","OK
 Nap 8 Port12
 Johan/Making
 =======
 NAPBOX: 8
 LCP: 1
 PORT: 15
 TECHNICIAN: JEFF/EDWARD","1,000","Active","San Gabriel 2nd bayambang Pangasinan",""
"1290","","700022","XAP_Jared_Oxino","639157457579","28 - Prepaid","Non-Active","August 22, 2024","Nap 6/Port 8
 Johan/Making
 ==========
 DC 10/27/25 - Ice
 ============
 OLD DD: mARCH 22
 DC:MARCH 26
 NEW DD: 28
 NEXT DD: APRIL 28 2026-CLARISSE","1,000","Active","Purok 3  Brgy Apalen Bayambang  Pangaasinan",""
"1291","","5700068","TSV_Kaycy_Sison","639150985667","22 - Prepaid","Non-Active","August 22, 2024","Nap 6 Port 7","1,000","Active","Purok 6 Brgy San Vicenta Bayambang Pangasinan",""
"1292","","21100006","XDI_Ashel_Anasco","639461164843","28 - Prepaid","Non-Active","July 20, 2024","Port 1
 Johan/Making
 ============
 OLD DD 20
 DC 11/25/25 - Ice(DC of DD 19 - 22)
 RC 11/27
 NEW DD: 22
 ===========
 7/01/26 duedate adjusted old22, new28 -lester","799","Active","Dike Side, Brgy Diaz Bautista Pangasinan
 OK",""
"1293","","21100007","XDI_Imelda_Sabatin","639460812033","28 - Prepaid","Non-Active","July 12, 2024","Port 1
 Old DD 17
 DC 9/25
 RC 10/4
 next DD. 10/25
 DC 10/22/25 - Ice
 RC 11/25-ej
 old dd:25 / adjusted 7 days/new dd: 2-darz","799","Active","Sitio Manambong Norte Brgy Diaz Bautista Pangasinan
 UNPAID OCT
 DC OCT 21
 
 PAID OCT 26",""
"1294","","240824082211","XBUA_Patrick_Junio","639629344038","23 - Prepaid","Non-Active","August 23, 2024","Port 3
 Lester/Jomarie","1,000","Active","452 PALACPAC ST BUAYAEN BYB PNG",""
"1295","","1300019","XBA_Clarissa_Ding","639073233411","23 - Prepaid","Non-Active","August 23, 2024","Nap 3 Port 7
 Piolo/Sonny","1,000","Active","Don Pascual II Brgy Bani Bayambang Pangasinan",""
"1296","","6900037","XBUA_Janet_Macam","639399391057","25 - Prepaid","Non-Active","August 23, 2024","Port 2
 Johan/Making
 
 ============
 DC 11/27/25 - Ice (DD of 23-24)
 RC 11/29/25 - Ice 
 =====================
 may 29 2026 
 OLD DD: 23
 NEW DD: 25 DUE TO NO CONNECTION FOR 2 DAYS-CLARISSE","1,000","Active","507 PALACPAC ST BUAYAEN BYB PNG",""
"1297","","6500047","DTA_Rosalinda_Tabago","6392071811483","26 - Prepaid","Non-Active","August 26, 2024","Nap 4 Port 16
 Dante","1,000","Active","Agapito St, Purok 3 Brrgy Tatarac Bayambang Pangasinan",""
"1298","","240826200515","XNS_Grace_Mamaril","639282761172","26 - Prepaid","Non-Active","August 26, 2024","Port 1
 Sonny/Jayson","1,000","Active","Zone 4 Brgy Nibaliw Bautista Pangasinan
 OK",""
"1299","","300029","XAMN_Priscilla_Menor","639354734793","26 - Prepaid","Non-Active","August 26, 2024","Nap 4 Port 2
 Daniel/Jep","1,000","Active","PUROK 1 BRGY AMANGCOSILING NORTE BYB PNG",""
"1300","","4100026","DMA_Veberly_Esperat","639388561342","28 - Prepaid","Non-Active","August 24, 2024","Nap 6 Port 15
 Dante
 
 04-26-25 - Agent requested to move due date.
 OLD DD: 24
 NEW DD: 30
 -clarisse","1,000","Active","Purok 5 Brgy Malioer Bayambang Pangasinan",""
"1301","","21100008","XDI_Melissa_Cortes","639924251763","28 - Prepaid","Non-Active","July 18, 2024","Port 9
 Johan/Making
 DC FEB 28 2025
 DC MARCH 15 2025 ALDRIN
 MOVE TO DUE DATE 17 
 DC-APRIL 20
 
 NEW DUE DATE RECON JULY 16 2025 - ALDRIN
 DC- August 19-EJ
 RC 9/3
 New DD 10/1/25
 ========
 DC 11/4/25 - Ice
 --------------------
 RC DEC 20
 NEW DD 20
 ============
 OLD DD: 20
 DC: 24
 RC JAN 31 2026
 NEW DD: FEB 28 2026
 ==================
 OLD DD: FEB 28
 DC: MARCH 4
 RC-MARCH 09 2026
 NEW DD: APRIL 05 2026, -CLARISSE
 ==========","799","Active","Dike Side Brgy Diaz Bautista Pangasinan",""
"1302","","20900004","XCAC_Rolando_Deguzman","639814026676","28 - Prepaid","Non-Active","August 27, 2024","OK
 Port 2
 Sonny/Jojo
 old dd: feb 27
 DC MARCH 14 2025  ALDRIN
 15 days
 RC MARCH 17 2025 ALDRIN
 March 31, - new DD
 
 old due date 30
 disconnected august 2
 reconnected august 5
 new due date september 3
 dc Sept 03-ice
 rc-oct 02-ej (recon)
 next dd: Oct 29 2025 2025-clarisse
 --------------------------------
 RC DEC 30 2025
 NEW DD JAN 28 2026 PLUS 2 DAYS ISOLIR","1,000","Active","Cacandungan Bautista Pangasinan",""
"1303","","4400039","XMP_Emyrose_Macaraeg","639122789069","28 - Prepaid","Non-Active","August 27, 2024","Nap 7/Port 15
 
 ==========
 DC 10/30/25 - Ice
 RC 10/30/25 - Ice","1,000","Active","Sitio Bukig Manambong Parte Bayambang Pangasinan",""
"1304","","20300009","XNN_Shiela_Macanas","639812465012","28 - Prepaid","Non-Active","August 29, 2024","Port 6
 Marnold/Daniel
 ==========
 DC 11/3/25 - Ice 
 RC 11/4/25 - Ice 
 ==========
 7/2/26 Isolir adjusted 7 days -lester","1,000","Active","River Side Brgy Nibaliw Norte Bayambang Pangasinan",""
"1305","","800002","XNN_Renante_Gabriel","63951321688","2 - Prepaid","Non-Active","August 28, 2024","Port 4 Marnold/Daniel
 APRIL 14-  OLD DD
 april 23-DC
 9 DAYS CONSUME
 RC-MAY 29
 NEW DD: JUNE 21,2025
 ----------------------------------------
 XNN_Renante_Gabriel
 original due date 21
 disconnected july 23 2025
 reconnected july 29 2025
 excess 2 days 
 new due date 27
 ==========
 DC 10/30/25 - Ice
 RC 10/31/25 - Ice
 -----------------
 OLD DD: DEC 27 2025
 DC DEC 27 2025
 RC DEC 30 2025
 ========
 DC 03/31/2026
 RC 04/06/2026
 OLD DD 27
 NEW DD 2
 NEXT DD 05/02/2026 - HANS","1,000","Active","riverside Nibaliw Norte Bautista Pangasinan
 Reconnected JAN 13",""
"1306","","3600014","XDP_Judyann_Ocampo","639124591203","10 - Prepaid","Non-Active","August 28, 2024","OK
 Port 8
 Lester/Piolo
 DC MARCH 4 2025
 ==========
 DC 10/30/25 - Ice
 ----------------------
 FEB 2 2026- CLIENT PAIF THW WRONG BILL IT SHOULD BE JAN NOT FEB. DELETE BILL OF FEB THEN ADD BILL FEB THEN PAID JAN BILL-CLARISSE
 OLD DD: 27/ DC:April 1/ RC: April 6/ new DD: 3
 old dd:3/adjusted 7 days/ new dd: 10-darz
 =============","1,000","Active","Mh Del Pilar Bayambang Pangasinan",""
"1307","","6400087","XTAN_Modesto_Perez","639567605615","28 - Prepaid","Non-Active","August 24, 2024","Nilipat sa bagong nap Port1
 =========
 May 29, 2026 - Downtime
 OLD DD - 28
 NEW DD - only isolir date is adjusted kasi bawal lumagpas sa 28 ang due date
 NEXT DD - 06/28/2026","1,000","Active","Brgy Tanolong Bayambang Pangasinan
 OK",""
"1308","","6400088","XTAN_Cresencio_Perez","639707722449","28 - Prepaid","Non-Active","August 24, 2024","Nap 5 Port 6
 Sonny/Jep
 jan 1 2026- client reported via txt message that he dont have connection
 Ticket number: 260102019-Clarisse
 ==========
 May 29, 2026 - Downtime
 OLD DD - 24
 NEW DD - 26
 NEXT DD - 06/26/2026
 ===========
 Additional 3 days due date adjustment- hans","1,000","Active","Tanolong Bayambang Pangasinan",""
"1309","","21100009","XDI_Ricky_Velasquez","639072337266","24 - Prepaid","Non-Active","August 24, 2024","Port 14
 Johan/Making","799","Active","Dike Side, Diaz Bautista Pangasinan",""
"1310","","21100010","XDI_Myrna_Naoe","639121675588","9 - Prepaid","Non-Active","August 24, 2024","johan/Making
 ===================
 5/27/2025-DC
 ==================
 Due date 24 
 DC may 27 2025
 RC may 28 2025
 NEWDD: JUNE 26
 =========================
 OLD DD: JULY 26
 July 29 2025 DC - ALDRIN
 AUGUST 1 2025 RC ALDRIN = NEW DD 29
 ------------------------------------
 OLD DD""29
 RC JUNE 04 NEW DD: JULY 1 PLUS 3 DAYS GRACE PERIOD-CLRISSE
 ==============================
 AUGUST 9 2026
 CLIENT PAID THE WRONG MONTH -JULY BILL -CLARISSE
 RC- AUG 9 2026
 NEXT DD: SEPT 9 2026 -CLARISSE","799","Active","357 Dike Brgy Diaz Bautista Pangasinan",""
"1311","","21100011","XDI_Janice_Corpuz","639308011665","20 - Prepaid","Non-Active","August 20, 2024","Johan/Pedro
 ==============
 DC 10/23/25 - Ice
 RC 10/23/25 - Ice","799","Active","Dike Side Brgy Diaz Bautista Pangasinan",""
"1312","","21100012","XDI_Hazel_Dalanda","639081180791","24 - Prepaid","Non-Active","August 24, 2024","Port 13
 johan/Making
 DC MARCH 13 2025 ALDRIN","799","Active","Dike Side Brgy Diaz Bautista Pangasinan",""
"1313","","240829182243","XBS_Gilbert_Escano","639486415740","28 - Prepaid","Non-Active","August 28, 2024","OK
 Nap 5 Port 12
 Johan/Making","1,000","Active","Purok 2 Brgy Bical Sur Bayambang Pangasinan",""
"1314","","242500029","XBW_Jonathan_Tirao","6396747653639","28 - Prepaid","Non-Active","August 28, 2024","Nap 3 Port 9
 Sonny/Jayson
 old dd:28/adjusted 7 days-darz/ new dd:5","1,000","Active","#4 Bongato West Bayambang Pangasinan
 OK",""
"1315","","2900076","DHE_Aunice_Junio","639602885581","28 - Prepaid","Non-Active","August 28, 2024","Nap 4 Port 15
 Dante","1,000","Active","Purok 1 Brgy Hermoza Bayambang Pangasinan",""
"1316","","21100014","XDI_Althea_Taminez","639935310475","25 - Prepaid","Non-Active","July 11, 2024","johan/Making
 
 jULY 15-2025- REQUEST TO PAY AND MOVED HER DUE DATE TO EVERY 16TH OF THE MONTH VIA TEXT MESSAGE. INFORMED CLIENT TO PAY 964.00 FOR THE EXTENDED DATE. WAITING FOR CONFIRMATION
 
 
 ==========
 DC 10/16/25 - Ice
 RC 11/5/25 - Ice
 ==========
 DC 04/15/2026
 RC 05/13/2026
 OLD DD 11
 NEW DD 9
 NEXT DD 06/09/2026 - HANS
 =========
 DC 06/13/2026
 RC 06/22/2026
 OLD DD 9
 NEW DD 18
 NEXT DD 07/18/2026 - HANS","799","Active","Dike Side Brgy Diaz Bautista Pangasinan",""
"1317","","21100015","XDI_Teody_Cabayaga","639276950023","22 - Prepaid","Non-Active","July 20, 2024","Port 12
 johan/Making
 ==========================
 MAY 29 2026
 OLD DD: 20
 NEW DD: 22- 2 DAYS NO CONNECTION-CLARISSE","799","Active","Dike Side Brgy Diaz Bautista Pangasinan",""
"1318","","21100016","XDI_Nora_Laguardia","639629287808","18 - Prepaid","Non-Active","July 11, 2024","OK
 johan/Making
 
 
 AUG 16 2025- CLIENT REQUEST TO PAY AND MOVED DUE DATE TO AUG 18 2025 BY 5PM, CLIENT AGREED TO PAY ADDITIONAL 99.00 
 TOTA AMOUNT TO SETTLE 900.00 FAILED TO PAY WILL LEAD TO AUTO DC- CLIENT AGREED. NEXT DD:  SEPT 18 2025
 ==========
 DC 10/22/25 - Ice
 RC 10/22/25 - Ice","799","Active","DIKE SIDE BRGY DIAZ BAU PNG",""
"1319","","21100018","XDI_Helen_Sison","639279126757","26 - Prepaid","Non-Active","August 12, 2024","DC - FEB 26
 dc-april 29
 
 OLD DD: 12
 17 DAYS continue sa pag gamit deduct sa next due date 
 APRIL 29 2025 Disconnected
 MAY 12 2025 Reconnected
 NEW DD: MAY 26","799","Active","Sitio Dike Side Brgy Diaz Bautista Pangasinan",""
"1320","","20000009","TBAL_Winnie_Ramos","639391438802","28 - Prepaid","Non-Active","August 28, 2024","OK
 Port 3
 Jhun","1,000","Active","Zone 5 Brgy Baluyot Bautista Pangasinan",""
"1321","","3600015","XDP_Shirley_Gulapa","639397970724","28 - Prepaid","Non-Active","August 28, 2024","Port 9
 Johan/Making","1,000","Active","119 M.H Delpilar ST, Bayambang Pangasinan",""
"1322","","4100027","DMA_Rebecca_Galsim","639632982492","28 - Prepaid","Non-Active","August 28, 2024","Nap 6 Port 8
 Dante","1,000","Active","Purok 6 Brgy Malioer Bayambang Pangasinan",""
"1323","","400085","XAMS_Mylene_Rafael","639457717514","28 - Prepaid","Non-Active","August 28, 2024","Nap 6 Port 15
 Michael/Jeff","1,000","Active","21 Purok 1 Brgy Amangcosiling Sur Bayambang Pangasinan",""
"1324","","2400038","DCA_Ramil_Villanueva","639692057957","28 - Prepaid","Non-Active","August 28, 2024","Port 5","1,000","Active","Purok 5 Brgy Carungay Bayambang Pangasinan",""
"1325","","2400039","DCA_Zenaida_Ragasa","639632247783","28 - Prepaid","Non-Active","August 28, 2024","Nap 2 Port 15
 Dante
 ===================
 OLD DD: 28 
 NEW DD: 30 NO SELETECION OF 30 IN THE SYSTEM JUST EXTEND GRACE PERIOD MAKE IT 6 DAYS -CLARISSE
 ===========
 May 29, 2026 - Downtime
 OLD DD - 28
 NEW DD - still 28 kaya dinagdagan ang grace period nila
 NEXT DD - 06/28/2026","1,000","Active","Purok 2 Brgy Carungay Bayambang Pangasinan",""
"1326","","21100022","XDI_Ailene_Sarmiento","639707724375","12 - Prepaid","Non-Active","September 12, 2024","Nap: N/A
 Port :9","799","Active","Brgy Diaz Dike Bautista Pangasinan",""
"1327","","21100023","XDI_Cristina_Pagsolingan","639173949210","12 - Prepaid","Non-Active","September 12, 2024","NAPBOX: n/a
 LCP: n/a
 PORT: 10
 Johan/Making","799","Active","240 Riverside Brgy Diaz Bautista Pangasinan",""
"1328","","6600045","DTE_Jomar_Alvarez","639104716265","14 - Prepaid","Non-Active","September 14, 2024","Nap 2 Port 9
 johan/Making
 Overspan + 500","1,000","Active","5 PUROK 7 BRGY TELBANG BYB PNG",""
"1329","","6600046","DTE_Juliet_Ferrer","639305801034","14 - Prepaid","Non-Active","September 14, 2024","Nap 2 Port 12
 Johan/Making
 With overspan Payment 500","1,000","Active","Purok 5 Brgy Telbang Bayambang Pangasinan",""
"1330","","6400089","DTAN_Junior_Cosmiano","639614312255","7 - Prepaid","Non-Active","September 14, 2024","Port 12
 Johan/Making
 
 =========
 OLD DD:14
 DC 10/17/25 - Dante
 RC 12/10
 new dd: jan.7","1,000","Active","Purok 1 Paradahan Brgy Tanolong Bayambang Pangasinan",""
"1331","","700023","DAP_Myrna_Arizo","639513087454","14 - Prepaid","Non-Active","September 14, 2024","Nap 5 Port 14","1,000","Active","Purok 1 Brgy Apalen Bayambang Pangasinan",""
"1332","","6600047","XTE_Nissan_Mimbalay","639095915987","18 - Prepaid","Non-Active","September 14, 2024","Port 10 Jaspe/Sonny  15.8006735 120.4486838 / PORT 10
 MAY 19- Client requested to DC his account. no longer need the service modem for pull out.
 --------------------
 JULY 17 2025 RC - ALDRIN
 ==========
 Old DD 17
 DC 10/22/25 - Ice
 5 days consumed
 RC 10/22/25
 New  DD  17
 DC 11/20/25 - Ice
 RC=11/21/25
 NEW DD: DEC 18 2025","1,000","Active","PUROK 7 BRGY TELBANG BYB PNG",""
"1333","","5800051","XSC_Ariel_Calixto","639946866075","24 - Prepaid","Non-Active","September 14, 2024","Port 14
 Piolo/Mierjohn
 ==========
 7/01/26 duedate adjusted 7days, old17, new24 -lester","1,000","Active","Purok 2 Brgy San Cagulis Bayambang Pangasinan
 OK",""
"1334","","4900071","XPA_Raziel_Torio","639540957073","14 - Prepaid","Non-Active","September 14, 2024","Nap 4 Port 2","1,000","Active","Purok 3 Brgy Pangdel Bayambang Pangasinan",""
"1335","","20900006","XCAC_Caroline_Moreno","639814527011","28 - Prepaid","Non-Active","September 14, 2024","Port 2 
 Johan/Making
 OLD DD 15
 NEW DD"" DEC 26 DUE TO 11 DAYS NO CONNECTION LAST NOV. CAUSE BY TYPHOON UWAN
 NOV 10 -NO CONNECTION
 NOV 21 RESTORED
 NEW DD: DEC 26 2025
 old dd: 26/ new dd:4 -darz","1,000","Active","Zone 7 Brgy Cacandungan Bautista Pangasinan",""
"1336","","20900007","XCAC_Francisco_Rentutar","639273758801","25 - Prepaid","Non-Active","September 14, 2024","Port 1
 Johan/Making
 old dd:14/adjusted 7 days-darz/ new dd: 21
 ==============
 SEPTEMBER 25, 2026 RECONNECTION
 OLD DD 21
 NEW DD 25 - HANS","1,000","Active","Zone 7 Brgy Cacandungan Bautista Pangasinan
 OK",""
"1337","","4400040","XMP_Marissa_Fausto","639155874276","14 - Prepaid","Non-Active","September 14, 2024","OK
 Port 15
 Johan/Making
 ==============
 DC 10/20/25 - Ice","1,000","Active","Sagur Manambong Parte Bayambang Pangasinan",""
"1338","","240915111137","XBS_Rosemarie_Justo","639054446442","14 - Prepaid","Non-Active","September 14, 2024","Nap 1 Port 15
 Johan/Making","1,000","Active","153 Purok 3 Brgy Bical Sur Bayambang Pangasinan",""
"1339","","600044","XAM2_Sharon_Ocsona","639239085511","14 - Prepaid","Non-Active","September 14, 2024","OK
 Nap 5 Port 11
 Jasper/Sonny
 ===================
 SEPT 18 2026
 CLIENT REPAIRED VERIFIED THE ADJSUTMENT WIL TAKE EFFECT ON OCTOBER BILL LESS 231.00 DUE TO 7 DAYS NO CONNECTION - TALKED TO SIR RALPH TECH JEFF -CLARISSE","1,000","Active","Purok 2 Brgy Ambayat 2nd Bayambang Pangasinan",""
"1340","","20000011","XBAL_Lloyd_Lucero","639694266684","28 - Prepaid","Non-Active","September 28, 2024","OK
 Port 1
 Jeff/jojo
 ====================
 June 27 2025
 Payment for unpaid 5months - 4000
 Reconnection - 800
 
 OLD 28
 JULY 31 2025 DC ALDRIN
 AUGUST 2 2025 RC ALDRIN
 NEW DUE DATE 29
 
 ===============
 RC 10/9/25
 Old DD 29
 DC 11/3
 5 days consumed
 RC 11/4
 New DD 11/29","799","Active","Baluyot Bautista",""
"1341","","240917170356","XBUA_Jefferson_Diaz","639513087227","15 - Prepaid","Non-Active","September 15, 2024","","1,000","Active","Purok 4 Brgy Buayaen Bayambang Pangasinan",""
"1342","","240917170512","XBUA_Making_Diaz","639513081629","28 - Prepaid","Non-Active","September 15, 2024","201-1BYB24LCP1NP3 (Port 10)","799","Active","PUROK 4 BRGY BUAYAEN BYB PNG",""
"1343","","6500048","DTA_Maria_Estrada","639501157896","16 - Prepaid","Non-Active","September 16, 2024","Nap 1 Port 9
 Dante johan/Making","1,000","Active","3 Miguel St, Brgy Tatarac Bayambang Pangasinan
 OK",""
"1344","","6500049","DTA_Emily_Flores","6399244106297","28 - Prepaid","Non-Active","September 16, 2024","Nap 1 Port 10
 Dante
 
 dc-3/23
 rc-4/10
 New DD: mAY 04 - CLARISSE","1,000","Active","PUROK 3 MIGUEL ST, BRGY TATARAC BYB PNG",""
"1345","","6600049","DTE_Alfred_Rosario","639612277872","16 - Prepaid","Non-Active","September 16, 2024","Nap 2 Port 4
 Dante
 PPPOE DTE_Alfred_Rosario","1,000","Active","PUROK 5 BRGY TELBANG BYB PNG",""
"1346","","4400041","XMP_Saik_Ahod","639956827867","24 - Prepaid","Non-Active","September 16, 2024","Nap 4 Port 14
 Jerome/Mier John
 old dd:16
 DC 11/19/25 - Ice
 RC 11/20/25 - Ice
 New DD"" DEC 17 2025
 old dd:17/ adjusted 7 days darz/ new dd:24","1,000","Active","Purok 2 Brgy Manambong Parte Bayambang Pangasinan",""
"1347","","6600050","TTE_Ginalyn_Esmoria","639452104854","12 - Prepaid","Non-Active","September 16, 2024","Nap 6 Port 16
 Jasper/Michael
 ==========
 August 12, 2026 Downgrade via walk in, from 100 MBPS to 50 MBPS. - hans","799","Active","PUROK 6 BRGY TELBANG BYB PNG",""
"1348","","240917175315","XBUA_Anecita_Diaz","639682070333","23 - Prepaid","Non-Active","September 16, 2024","Nap 3 Port 2
 Jeff/Alfredo
 old dd: 16/adjustedf 7 days-darz/ new dd: 23","1,000","Active","SAKBIT ST, BRGY BUAYAEN BYB PNG",""
"1349","","242300029","XBE_Roselyn_Bautista","639922464837","13 - Prepaid","Non-Active","September 13, 2024","Nap 6 Port 6
 Piolo/Daniel
 
 ============
 Old DD 13
 DC 10/20/25 - Ice
 7 days consumed
 RC 10/20/25
 New DD 11/13/25","1,000","Active","Purok 1 Bongato East Bayambang Pangasinan
 OK",""
"1350","","5900007","XSA_Sherilyn_Layoso","639466565420","13 - Prepaid","Non-Active","September 13, 2024","Nap 8 Port 3
 Jayson/Michael
 =============
 DC 11/18/25 - Ice
 RC 11/19/25 - Ice
 ==========
 Additional 3 days grace period due to 3 days no connection - hans","1,000","Active","392 Purok 7 Brgy Sanlibo Bayambang Pangasinan",""
"1351","","6600051","XTE_Baby_Usman","639396239752","26 - Prepaid","Non-Active","September 13, 2024","Port 9
 Jasper/Sonny
 Reconnected OCT 26
 ===========
 RC 11/25/25 - Ice","1,000","Active","Purok 7 Muslin Compound Brgy Telbang Bayambang Pangasinan",""
"1352","","2900077","XHE_Rommel_Castillo","639102637567","13 - Prepaid","Non-Active","September 13, 2024","Port 4
 Jayson/Michael""
 ==============
 DC 9/17/2025 - Xpacs""","1,000","Active","Sitio Jimenez Purok 5 Brgy Hermosa Bayambang Pangasinan",""
"1353","","3200043","XINI_Condring_Cayabyab","639195973224","11 - Prepaid","Non-Active","September 11, 2024","Nap 5 Port 5
 Jerome
 
 ==============
 DC 9/16/2025 - Xpacs","1,000","Active","122 Purok 7 Brgy Inirangan Bayambang Pangasinan",""
"1354","","2300044","XCS_Merlita_Arcinas","639385009054","11 - Prepaid","Non-Active","September 11, 2024","Port 2
 Jayson/Jeff","1,000","Active","Kamanggahan St, Brgy Cadre Site, Bayambang Pangasinan
 OK",""
"1355","","6300035","XTAM_Leonilo_Bautista","639707304264","11 - Prepaid","Non-Active","September 11, 2024","Nap 5 Port 4
 Jayson/Jeff
 
 ==============
 DC 9/16/2025 - Xpacs
 ==========
 DC 10/16/25 - Ice
 RC 10/17/25 - Ice
 ============
 Additional 3 days grace period due to 3 days no connection - hans","1,000","Active","Purok 5 Brgy Tampog Bayambang Pangasinan",""
"1356","","240917224924","XBUA_Louie_Dizon","639128268114","11 - Prepaid","Non-Active","September 11, 2024","Nap 5 Port 14
 Lester/Pedro","1,000","Active","Purook 7 Brgy Buayaen Bayambang Pangasinan",""
"1357","","240917225106","XBUA_Kim_Dizon","639914634927","20 - Prepaid","Non-Active","September 11, 2024","Nap 3 Port 
 
 ==============
 Old DD 10
 DC 9/14/2025 - Xpacs
 4 days consume
 Rc 9/24
 New DD  10/20/25
 ============
 DC 11/25/25 - Ice(DC of DD 19 - 22)
 RC 11/25/25 - Ice","1,000","Active","Purok 7 Brgy Buayaen Bayambang Pangasinan",""
"1358","","20000012","DBAL_Florencia_Sortido","639460697772","17 - Prepaid","Non-Active","September 17, 2024","Port 3
 Dante","900","Active","Zone 3 Brgy Baluyot Bautista Pangasinan",""
"1359","","7600041","XZ6_Jonathan_Bautista","639606887414","13 - Prepaid","Non-Active","September 17, 2024","Nap 5 Port 10
 Alfredo/Jeff
 ==========
 DC 10/22/25 - Ice
 RC 10/22/25 - Ice
 ============
 Septemebr 13 2026
 recon , for delete of June,July August Bill
 New DD: OCTOBER 13 2026 -CLARISSE","1,000","Active","Purok 3 Brgy Zone VI Bayambang Pangasinan
 UNPAID OCT
 DC OCT 21
 RECON NOV 19",""
"1360","","3100022","XINA_Margie_Junio","639124243797","24 - Prepaid","Non-Active","September 17, 2024","Nap 4 Port 14
 Johan/Making
 old dd:17/ adjusted 7 days-darz/ new dd: 24","1,000","Active","Purok 1 Brgy Inanlorenza Bayambang Pangasinan",""
"1361","","6500050","XTA_Zaio_Ting","639505525259","18 - Prepaid","Non-Active","September 11, 2024","Nap 4 Port 7
 Jerome
 ==========
 DC 10/16/25 - Ice
 RC 10/16/25 - Ice
 ==========
 7/2/26 Duedate adjusted 7days old11, new18 -lester","1,000","Active","Agapito St, Brgy Tatarac Bayambang Pangasinan
 OK",""
"1362","","21300001","XPOG_Jopi_Tecson","639925675310","18 - Prepaid","Non-Active","September 18, 2024","Port 1
 Johan/Making
 ============
 Additional 3 days grace period due to 3 days no connection - hans","1,000","Active","Zone 2 Brgy Pogo Bautista Pangasinan",""
"1363","","20000013","TBAL_Teresita_Flores","639463091120","18 - Prepaid","Non-Active","September 18, 2024","Port 5
 JHUN","1,000","Active","Zone 5 Brgy Baluyot Bautista Pangasinan
 OK",""
"1364","","6600053","XTE_Chanda_Galang","639291692584","12 - Prepaid","Non-Active","September 12, 2024","Nap 5 Port 4
 Sonny/Jasper
 ==========
 DC 10/17/25 - Ice
 RC 10/20/25 - Ice","1,000","Active","TELBANG HIGHWAY BYB PNG",""
"1365","","21100024","XDI_Samuel_Reyes","639756188352","3 - Prepaid","Non-Active","September 12, 2024","Port 15
 johan/making
 
 DC 9/8/2025
 RC 9/16/25
 New DD: 10/3/25
 ===============
 DC 10/9/2025
 6 days consumed
 Rc 10/24/25
 New DD  18
 DC 11/21/25 - Ice
 RC DEC 07
 NEW DD JAN 4
 ================
 MAY 8 2026
 CIENT COMPLAIN NO CONNECTION UPON CHECKING DIDNT UPDATE THE NEW DD
 OLD DD:APRIL 4
 RC: APRIL 15
 NEW DD: MAY 11 2026-CLARISSE","799","Active","Sitio Dike Side Bgry Diaz Bautista Pangasinan
 ------------------------------------
 OLD: 11
 DC:4
 RC: AUGU 3 2026=CLARISSE",""
"1366","","5600025","XSG2_Vanessa_Poquiz","639670718437","16 - Prepaid","Non-Active","September 12, 2024","Nap 8 Port 8
 Jerome
 ==============
 OLD DD: 12
 NEW DD: AUGUST 16, MOVED DUE DATE DUE TO 4 DAYS OF NO CONNECTION .","1,000","Active","Purok 2 Sitio Botot Brgy San Gabriel 2nd Bayambang Pangasinan",""
"1367","","6400091","XTAN_Jollie_Andres","639916885851","12 - Prepaid","Non-Active","September 12, 2024","Nap 8 Port 12
 Jasper/Sonny
 
 ==============
 DC 9/16/2025 - Xpacs
 ==========
 DC 10/17/25 - Ice
 RC 10/18/25 - Ice","1,000","Active","Purok 3 Brgy Tanolong Bayambang Pangasinan",""
"1368","","6400092","XTAN_Peter_Ferrer","639936202871","12 - Prepaid","Non-Active","September 12, 2024","Port 5
 Sonny/Jasper","1,000","Active","193 Purok 2 Brgy Tanolong Bayambang Pangasinan
 OK",""
"1369","","2400040","DCA_Cristeljoy_Valdez","639858702661","12 - Prepaid","Non-Active","September 12, 2024","Nap 3 Port 8
 Johan/Making","900","Active","Purok 2 brgy Carungay Bayambang Pangasinan",""
"1370","","400087","XAMS_Juvy_Mariano","639108988766","5 - Prepaid","Non-Active","September 12, 2024","Nap 6 Port 11
 old dd: June 12
 June 13- 3 days no connection  (moved due date to June 15)
 ==============
 DC 11/19/25 - Ice
 RC 11/19/25 - Ice
 ==============
 MAY 29 2026
 OLD DD: 15
 NEW DD: 17 2 DAYS NO CONNECTION-CLARISSE
 old dd:17/dc:21/RC:July 5/ new dd:July 5-darz","1,000","Active","Purok 2 Brgy Amangcosiling Sur Bayambang Pangasinan",""
"1371","","400088","XAMS_Arlene_Pinto","639852373814","17 - Prepaid","Non-Active","September 08, 2024","Nap 2 Port 3
 Lester/Making
 Old DD:8/ adjusted 7 days-darz/ new DD:15
 =================================
 JULY 21 2026
 Client paid last july 10 but didt send the proof of payment
 NEW DD: 17 -CLARISSE","1,000","Active","Purok 4 Brgy Amangcosiling Sur Bayambang Pangasinan",""
"1372","","1300020","XBA_Carlo_Devera","639059565638","10 - Prepaid","Non-Active","September 08, 2024","Nap 3 Port 8
 Jerome/Jeff
 ==========
 Additional 3 days grace period due to 3 days no connection - hans","1,000","Active","Don Pascual II Brgy Bani Bayambang Pangasinan",""
"1373","","240927215443","XBUA_Romar_Sabado","639296054188","5 - Prepaid","Non-Active","September 27, 2024","Nap 4 Port 6
 Mier john/Jeff
 
 04-21-25- Client paid via gcash for RC Gcash ref#7027 948 149 411 for RC-Clarisse.
 Next DD: May 21,2025
 
 ============
 DC 10/14/25 - Ice
 
 rc- 12/10 but not working , repaird DEC 11
 NEW DD: 11
 ==========================
 OLD DD: 11
 RC-MARCH 09 2026
 NEW DD: APRIL 05 2026-CLARISSE","1,000","Active","PUROK 5 BRGY BUAYAEN BYB PNG",""
"1374","","240927215632","DBUA_Eduardo_Junio","639089190785","27 - Prepaid","Non-Active","September 27, 2024","Dante","900","Active","505 PALACPAC ST BRGY BUAYAEN BYB PNG",""
"1375","","240927215824","XBUA_Mercedes_Dilao","639385757704","19 - Prepaid","Non-Active","September 27, 2024","Port 8 Jeff/Mierjohn NEW MODEM DC MARCH 14 2025  ALDRIN
 JULY 30 2025 DC ALDRIN
 AUGUST 4 2025 RC ALDRIN 
 OLD DD 27
 NEW DUE DATE 1  ( for delete of August Billing) 
 ========================
 new dd: sept 01
 
 ==============
 DC 11/4/25 - Ice
 ==============
 Old DD - 1
 DC - 4
 RC - Feb 6
 Ndd - March 6 - Hans 
 
 RC 11/4/25 - Ice
 ===================
 CLIENT COMPLAINED WHY THE DUE DATE DIDNT CHANGE OR UPDATE
 NEW DD IS EVERY 15 TH OF THE MONTH - CLARISSE
 ===============
 May 29, 2026 - Downtime
 OLD DD - 15
 NEW DD - 17
 NEXT DD - 06/17/2026","1,000","Active","Buayaen Bayambang Pangasinan
 OK",""
"1376","","240927220122","XDU_Jennifer_Serrano","639500898361","27 - Prepaid","Non-Active","September 27, 2024","Nap 3 Port 10
 Lester/Jasper
 ========
 May 29, 2026 - Downtime
 Isolir date lang ang inadjust kasi bawal lumagpas sa 28 ang due date
 Client requested to move their due date on  every last of the month due to 4 days of no connection and affected of down time - Hans","1,000","Active","#172 Purok 5 Brgy Dusoc Bayambang Pangasinan
 OK",""
"1377","","1300021","TBA_Cherry_Verceles","639487321964","27 - Prepaid","Non-Active","September 27, 2024","Nap 3 Port 9
 Lester/Jasper","1,000","Active","Purok 2 Brgy Bani Bayambang Pangasinan",""
"1378","","3000030","XID_Angelique_Balansay","639685116585","3 - Prepaid","Non-Active","September 27, 2024","Nap 3 Port 11
 Jeff/Mierjohn
 NEW MODEM
 6 days adjusted dd due to typhoon old dd 27 new dd 12/3-ej
 for delete Nov. bill
 ========
 Additional 3 days grace period due to 3 days no connection - hans","1,000","Active","Purok 2 Brgy Idong Bayambang Pangasinan
 OK",""
"1379","","240929140148","XNS_John_Cayabyab","639491764672","28 - Prepaid","Non-Active","September 28, 2024","Port 3
 P/S/D/D","1,000","Active","121 Zone 4 Brgy Nibaliw Sur Bautista Pangasinan",""
"1380","","5900008","XSA_Orlando_Conde","63960566958","5 - Prepaid","Non-Active","September 28, 2024","Nap 8 Port 9
 Miichel/Mierjon
 =============
 Old DD 28
 DC 11/3
 6 days consumed
 RC 11/6
 New DD 11/30
 5 days no conenction
 New DD: Dec 05 202 5
 =========
 6/04/26 first offense reset password","1,000","Active","Purok 7 Brgy Sanlibo Bayambang Pangasinan",""
"1381","","4900072","XPA_Luis_Taruc","639918003237","21 - Prepaid","Non-Active","September 28, 2024","Nap 8 Port 15
 Johan/Making
 DC JAN 7
 ==================
 rc-paid via cash june 18 2025
 new DD: JULY 18 2025
 ===================
 Downgraded from 1500 to 1000 - July 29 2025 effective this month of July.
 client settled 1500, will pay 500 next month of August for completion of 1000.
 DC 8/21/25
 
 ==================
 DC 9/8/2025 ICE
 RC 9/30/25
 New DD 10/30/25
 =================
 OLD DD: MARCH 07
 DC: MARCH 11
 RC: MARCH 21 
 NEW DD: APRIL 21 2026-CLARISSE","1,000","Active","Purok 2 Brgy 214 Pangdel Bayambang Pangasinan
 
 UNPAID NOV
 DC DEC 5",""
"1382","","5600027","XSG2_Daniel_Soriano","639062623350","1 - Prepaid","Non-Active","September 26, 2024","Port 4
 Piolo/jojo
 
 old dd: april 26
 dc-april 29
 05-03-25- RC
 New DD: june 01","1,000","Active","Purok 1 Brgy San Gabriel 2nd Bayambang Pangasinan",""
"1383","","5700070","TSV_Anielyn_Quiray","639776924517","26 - Prepaid","Non-Active","September 26, 2024","Nap 2 Port 15
 Lester/Jas[er","900","Active","Purok 6 Brgy SanVicente Bayambang Pangasinan",""
"1384","","3000031","XID_Maricel_Jimenez","639957453779","28 - Prepaid","Non-Active","September 25, 2024","Nap 1 Port 16
 Johan/Making
 DC-8/28/25-Ice
 RC-9/8/25
 New DD 10/13/25- EJ
 ==============
 13 old DD
 DC 10/20/25 - Ice
 7 days consumed
 RC 10/25/25 - Ice
 adjusted Due date- 4 days due to typoon
 New DD 11/22 -ej
 New DD 18
 DC 11/21/25 - Ice
 ===========
 Additional 3 days due date due to 3 days no connection - hans","1,000","Active","Purok 1 Brgy Idong Bayambang Pangasinan",""
"1385","","240929142446","XBUA_Liberata_Luces","639465717499","11 - Prepaid","Non-Active","September 25, 2024","Nap 4 Port 3
 Jasper/Alfredo
 dc-april 29
 ===================
 april 29 2025 - dc-4 DAYS
 june 27 2025 - Rc
 New DD: JULY 23
 ==========
 DC 10/28/25 - Ice
 RC 10/28/25 - Ice
 
 ============
 DC 11/28/25 - Ice (DD of 25)
 RC-DEC 09 PAID VIA CASH
 NEW DD JANUARY 11 2025
 =======================
 June 1, 2026
 Approved adjustment: 7 days isolation.
 Service interruption started on May 28, 2026 at approximately 7:00 PM and was restored on May 31, 2026 at approximately 7:00 AM.
 As compensation for the outage, a 7-day adjustment to the payment schedule has been approved.
 – Clarisse","1,000","Active","PUROK 1 BRGY BUAYAEN BYB PNG",""
"1386","","2600025","XDA_Jeffrey_Quiambao","639928679703","1 - Prepaid","Non-Active","September 25, 2024","Nap 2 Port 4
 Lester/Piolo
 ==========
 DC 10/28/25 - Ice
 RC 10/29/25 - Ice
 
 ============
 DC 11/28/25 - Ice (DD of 25)
 RC 11/29/25 - Ice 
 OLD DD IS 25 PLUS 3 DAYS ADDITIONAL NO CONNECTION: 28 PLUS 3 DAYS ADDITIONAL PAYMENT OF 99 TO ADJUST THE DUE DATE
 DC JAN 3
 RC JAN4
 NEW DD: EVERY 1ST OF THE MONTH","1,000","Active","Purok 3 Brgy Darawey Bayambang Pangasinan",""
"1387","","400090","XAMS_Dominga_Tayaan","639694463328","25 - Prepaid","Non-Active","September 25, 2024","Nap 6 Port 14
 Jasper/Alfredo
 Additional 3 days grace period due to 3 days no connection - hans","1,000","Active","Purok 6 Brgy Amangcosiling Sur Bayambang Pangasinan",""
"1388","","4900074","DPA_Marcelina_Aquino","639325230580","30 - Prepaid","Non-Active","September 23, 2024","Nap 4 Port 9
 Dante","900","Active","Purok 3 Brgy Pangdel Bayambang Pangasinan",""
"1389","","4900075","DPA_Rechelle_Francisco","639923777204","30 - Prepaid","Non-Active","September 23, 2024","Nap 1 Port 14","900","Active","Purok 2 Brgy Pangdel Bayambang Pangasinan",""
"1390","","4900076","XDP_Marielhetz_Romero","639123195920","26 - Prepaid","Non-Active","September 24, 2024","Nap 4 Port 3
 Johan/Making
  NOV payment Paid DEC 1
 DC DEC 1
 ==========
 DC 10/28/25 - Ice
 RC 10/29/25 - Ice
 ========
 May 29, 2026 - Downtime
 OLD DD - 24
 NEW DD - 26
 2 days no Connection - hans","1,000","Active","160 MH. Del Pilar Bayambang Pangasinan",""
"1391","","240929152553","XBUA_Jeffrey_Jumawid","639074029673","5 - Prepaid","Non-Active","September 24, 2024","Port 6
 Lester/Jasper
 
 OLD DD: 24
 April 28 2025 DC
 May 9 2025 RC- PAID VIA GCASH
 New DD: JUNE 05-CLARISSE
 
 ===============
 DC 10/9/2025
 RC 10/9/2025
 ===========
 DC 11/14/25 - Ice (Ma'amClarisse)
 RC 11/14/25 - kay Jeff bayad
 ============
 May 29, 2026 - Downtime
 Isolir date is 2 days adjusted
 2 days no Connection - hans","1,000","Active","PUROK 7 PALACPAC ST, BRGY BUAYAEN BYB PNG",""
"1392","","300032","XAMN_Jennilyn_Asuncion","639636917875","24 - Prepaid","Non-Active","September 24, 2024","Nap 1 Port 9
 Piolo/Dong
 ==========
 DC 10/28/25 - Ice
 RC 10/28/25 - Ice","799","Active","Purok 3 Brgy Amangcosiling Bayambang Pangasinan",""
"1393","","241015221832","XBS_Liza_Gloria","639811590789","11 - Prepaid","Non-Active","October 11, 2024","Nap 1 Poort 16
 Johan/Daniel
 
 ==============
 DC 9/16/2025 - Xpacs","1,000","Active","Purok 3 Brgy Bical Sur Bayambang Pangasinan",""
"1394","","5500059","TSG1_Letecia_Junio","639706531711","23 - Prepaid","Non-Active","October 11, 2024","OK
 Nap 2 Port 6
 JHUN
 ==========
 DC 04/20/2026
 RC 04/23/2026
 OLD DD 11
 NEW DD 23
 NEXT DD 05/23/2026 - HANS","1,000","Active","Purok 3 Brgy San Gabriel 1st Bayambang Pangasinan",""
"1395","","5500060","TSG1_Melody_Paca","639308435621","11 - Prepaid","Non-Active","October 11, 2024","Nap 8 Port 1 
 JHUN","900","Active","Purok 6 Brgy San Gabriel 1st Bayambang Pangasinan
 8/28/26 pullout modem -making",""
"1396","","400092","XAMS_Aizaakira_Cayabyab","639817621593","6 - Prepaid","Non-Active","October 29, 2024","Nap 6 Port 5
 Making/Lester
 =======
 DC 03/04/2026
 RC 04/06/2026
 OLD DD 28
 NEW DD 6
 NEXT DD 05/06/2026 - HANS","1,000","Active","PUROK 2 BRGY AMANGCOSILING SUR BYB PNG
 OK",""
"1397","","7600042","XZ6_Resly_Deguzman","639099414422","28 - Prepaid","Non-Active","October 29, 2024","Nap 5 Port 8","1,000","Active","69 Brgy Zone 6 Bayambang Pangasinan
 
 UNPAID NOV 
 DC DEC 4
 PAID 11-25",""
"1398","","5700073","TSV_Desirely_Caranto","639317765784","8 - Prepaid","Non-Active","October 29, 2024","Port 14
 Jhun
 MARCH 4 2025 DC
 
 04-05-25
 Agent requested to DC client's account.. 
 Due date: March 29,2025
 Disconnection Date: April 05, 2025
 Agent: Jhun Toress
 -Clarisse
 May 08 -paid
 new dd: June 08","900","Active","Purok 7 Brgy San Vicente Bayambang Pangasinan",""
"1399","","2300045","TCS_Jesus_Buezon","639503212158","28 - Prepaid","Non-Active","October 29, 2024","nap 8 Port 4
 JHUN","1,000","Active","Lopez Jaina Cadre Site Bayambang Pangasinan
 OK",""
"1400","","6300036","TTAM_Nathaniel_Suyat","639487852032","9 - Prepaid","Non-Active","October 29, 2024","OK
 Nap 5 Port 15
 Jhun
 disconnected from march to aug/ reconnection August 9, 2026-darz/ new dd: 9","1,000","Active","Purok 5 Brgy Tampog Bayambang Pangasinan",""
"1401","","20000014","DBAL_Rowena_Delacruz","639090641903","28 - Prepaid","Non-Active","October 28, 2024","Port 2
 Dante
 
 ==========
 8 days consumed
 RC 10/17/25 - Dante
 New DD 11/9/25
 -----------------------
 old dd:9
 NEW DD:22 = Confirmed by Sir Dante due to typhoon- Clarisse","900","Active","117 Zone 2 Brgy Baluyot Bautista Pangasinan
 OK",""
"1402","","241030115939","DDU_Almira_Perez","639480733682","28 - Prepaid","Non-Active","October 28, 2024","Nap 5 Port 16
 Dante","900","Active","Purok 7 Brgy Dusoc Bayambang Pangasinan
 OK",""
"1403","","4400042","XMP_Mariaelvira_Eugenio","639488663831","28 - Prepaid","Non-Active","October 28, 2024","Nap 4 Port 5
 Lester/Making","1,000","Active","Purok 2 Sitio Dike Manambong Parte Bayambang Pangasinan",""
"1404","","241030122500","XBS_Pelita_Cayabyab","63109687418","21 - Prepaid","Non-Active","October 21, 2024","Port 4
 Lester/Making","1,000","Active","Purok 2 Brgy Bical Sur Bayambang Pangasinan",""
"1405","","21100025","XDI_Marygrace_Cayabyab","639385636413","21 - Prepaid","Non-Active","October 21, 2024","Port 1
 Lester/Making
 ==============
 DC 10/24/25 - Ice
 RC 10/24/25 - Ice","799","Active","Sitio Looban Brgy Diaz Bautista Pangasinan",""
"1406","","20900008","XCAC_Ronnie_Moreno","639364966523","28 - Prepaid","Non-Active","October 26, 2024","Port 3
 Melvin/Jeff
 3days adjusted dd due to typhoon old dd 11/26 new dd 11/29-ej
 =========
 Additional 3 days grace period due to 3 days no connection - Hans","1,000","Active","118 Cacandongan Bautista Pangasinan
 OK",""
"1407","","241030123423","XNS_Samme_Maata","639317412995","28 - Prepaid","Non-Active","October 26, 2024","Port 1
 
 ==========
 DC 10/29/25 - Ice
 RC 10/29/25 - Ice
 =========
 Additional 3 days due date adjustement - hans","1,000","Active","Zone 4 Brgy Nibaliw Sur Bayambang Pangasinan
 OK",""
"1408","","20000015","XBAL_Domingo_Aquino","639973887028","19 - Prepaid","Non-Active","October 19, 2024","Port 7
 Jasper/Gilbert
 ==========
 Additional 3 days grace period due to 3 days no connection - hans","1,000","Active","Zone 1 Brgy Baluyot Bautista Pangasinan",""
"1409","","5200022","XPS_Ronald_Samera","63977683556","1 - Prepaid","Non-Active","October 19, 2024","Nap 8 Port 13
 Jasper/Gilbert
 ========
 September 1, 2026 RECONNECTION
 old dd 19
 new dd 1 - hans","1,000","Active","110 POBLACION SUR BYB PNG",""
"1410","","21100026","XDI_Ryan_Malibong","639063840612","8 - Prepaid","Non-Active","October 30, 2024","Port 2
 Lester/Making
 DC MARCH 14 2025  ALDRIN
 04-21-25 - Client send payment via gcash ref#4027 969 324 534.  for RC New DD: May 21,2025 -Clarisse
 JULY 1 2025 DC - ALDRIN
 RC-9/2/25 paid via gcash
 New DD:  Oct. 6, 2025 -EJ
 for deletion month of June 2025
 
 05/29/26( service interruption,2 days no connection) adjusted due date-new dd:8 -darz","1,000","Active","Brgy Diaz Bautista Pangasinan",""
"1411","","800004","XNN_Armenia_Paningbatan","639155707728","1 - Prepaid","Non-Active","October 30, 2024","Port 2
 Lester/Making
 ============================
 June 4, 2026
 Approved adjustment: 7 days 
 Service interruption started on May 28, 2026 at approximately 7:00 PM and was restored on May 31, 2026 at approximately 7:00 AM.
 As compensation for the outage, a 7-day adjustment to the payment schedule has been approved.
 – Clarisse
 OLD DD: 28
 NEW DD: 1 PLUS 7 DAYS GRACE PERIOD-CLARISSE","1,000","Active","Brgy Nibaliw Norte Bautista Pangasinan",""
"1412","","241031184758","XBUA_Lorenzo_Ventura","639850495487","11 - Prepaid","Non-Active","October 19, 2024","Nap 4 Port 7
 Melvin/Jeff
 =======================
 DC- APRIL 16 2025 CLARISSE
 RC- MAY 02 2025
 NEW DD: MAY 24 2025 -CLARISSE
 ===========================
 5/26/2025-DC-2 days
 06/02-RC PAID VIA CASH
 JUNE 30 NEW DD
 =============================
 AUGUST 2 2025 DC ALDRIN
 ===============================
 RC- aug 19 2025- FOR DELETE OF AUGUST BILLING
 new dd: SEPT 19
 ================================
 AUG 03- CLIENT PAID TOO EARLY PAID VIA BANK TRANSFER (FTM OF SEPT 19)
 NEXT DUE DATE: OCT 19 2025
 ==============
 DC 10/23/25 - Ice
 RC 10/23/25 - Ice
 ============
 DC 11/27/25 - Ice (DD of 23-24)
 dc:march 23-rc:march 31- new dd april 28-darz
 ===========================
 OLD DD: 28
 NEW DD: 6-CLARISSE
 ==============
 August 15 Paid the month of August
 OLD DD"" 6
 NEW DD: sEPTEMBER 11 PLUS 4 DAYS GRACE PERIOD -CLARISSE","1,000","Active","254 PUROK 5 BRGY BUAYAEN BYB PNG",""
"1413","","6400094","XTAN_Thelma_Frias","639946840166","22 - Prepaid","Non-Active","October 22, 2024","Port 9
 Lester/Making
 09159793551","1,000","Active","Purok 2 Brgy Tanolong Bayambang Pangasinan
 OK",""
"1414","","5500061","TSG1_Irish_Bernarte","639305484410","22 - Prepaid","Non-Active","October 22, 2024","Port 16
 Jhun","1,000","Active","Purok 7 Brgy San Gabriel 1st Bayambang Pangasinan",""
"1415","","5200023","XMAG_Junahmae_Solomon","639917046404","15 - Prepaid","Non-Active","October 14, 2024","Port 4
 Lester/Mike
 ===============
 RC-PAID VIA GCASH REF# 5029432308656 (june 07 2025)
 NEW DD: JULY 07
 moved due date to july 15 , taga ayos ng documents ng xpacs
 DC 11/19/25 - Ice
 RC 11/19/25 - Ice","1,000","Active","197 Magsaysay St, Bayambnag Pangasinan",""
"1416","","300033","XSV_Mario_Magno","639203759436","16 - Prepaid","Non-Active","October 14, 2024","Port 10
 Jasper/Sonny
 ================
 March 20- moved due date 2 days due to no connection
 OLD DD:14 NEW DD: 16 CLARISSE","1,000","Active","Purok 3 Brgy San Vicente Bayambang Pangasinan",""
"1417","","2400041","DCA_Leoncia_Abalos","639101853979","22 - Prepaid","Non-Active","October 14, 2024","Nap 5 Port 4
 Dante
 12/19/25= OLD DD 14 MOVE TO 22 RQSTD BY SIR DANTE","900","Active","Purok 4 Brgy Carungay Bayambang Pangasinan",""
"1418","","5200024","XPS_Jasper_Alipio","639854832715","13 - Prepaid","Non-Active","October 12, 2024","Nap 8 Port 6
 Jasper/Sonny
 
 ==============
 DC 9/16/2025 - Xpacs
 
 ==========
 DC 10/17/25 - Ice
 RC 10/17/25 - Ice
 =============
 OLD DD"" NOV 12
 DC 11/18/25 - Ice
 NEW DD: DEC 13 2025
 RC 11/18/25 - Ice","1,000","Active","DIKE SITE PUROK 1 POBLACION SUR BYB PNG",""
"1419","","4900079","TPA_Edna_Sardido","639559289947","27 - Prepaid","Non-Active","October 21, 2024","OK
 Nap 2 Port 3
 Jhun
 
 RC JAN 5 2026
 NEW DD: FEB 5 2026
 old dd: 5/dc: 9 / RC:25 / new dd 21-darz
 =============
 New DD 27 
 RC : July 31 - Hans","1,000","Active","PUROK 3 BRGY PANGDEL BYB PNG",""
"1420","","241031220253","XBUA_Virgilio_Justo","639516383779","18 - Prepaid","Non-Active","May 27, 2025","PPPOE : XBUA_Maribel_Justo
 JULY 30  2025 DC ALDRIN
 AUGUST 4 2025 RC ALDRIN
 OLD DUE DATE 27
 NEW DUE DATE 1
 
 ===============
 old DD 1
 DC 10/8/2025
 7 days consumed 
 RC 10/15/2025
 New DD 11/8-EJ
 ========
 OLD DUE DATE : 1 , Adjusted due date cause of reconnection 10/15/25 (As Ma'am Belle's inspection)(FOR)DC 11/8/25 - Ice 
 12/6 recon
 =========
 DC 03/12/2026
 RC 03/16/2026
 OLD DD 8
 NEW DD 12
 NEXT DD 04/12/2026 - HANS 
 ========","799","Active","373 PUROK 6 BRGY BUAYAEN BYB PNG",""
"1421","","4900080","DPA_Imelda_Lanojan","639553015637","10 - Prepaid","Non-Active","October 10, 2024","Port 2
 Dante","900","Active","171 PUROK 2 BRGY PANGDEL BYB PNG",""
"1422","","4900081","DPA_Mildred_Asuncion","639556915032","10 - Prepaid","Non-Active","October 10, 2024","Port 3
 Dante","900","Active","PUROK 2 BRGY PANGDEL BYB PNG",""
"1423","","1300024","TBA_Kimberly_Santiago","639464602751","2 - Prepaid","Non-Active","October 02, 2024","Nap 3 Port 10
 Lester/Making","900","Active","Purok 2 Brgy Bani Don Pascual Bayambang Pangasinan",""
"1424","","6600056","DTE_Jessica_Cedo","639515697488","2 - Prepaid","Non-Active","October 02, 2024","Port 10
 Dante","1,000","Active","Purok 7 Brgy Telbang Bayambang Pangasinan
 OK",""
"1425","","4200051","XMAN_Marites_Valdez","639930657727","13 - Prepaid","Non-Active","October 07, 2024","Nap 7 Port 16
 Johan/Daniel
 DC MARCH 18 2025 ALDRIN
 RC MARCH 21 2025 ALDRIN
 DC- APRIL 10-CLARISSE
 
 7 original duedate
 done reconnect may 17 2025
 new DD: June 10
 ==========================
 Moved due date : June 17 due to screenshot convo.
 JULY 21 2025 DC
 RC 9/11/25-thru gcash
 
 ========
 DC 11/17/25 - Ice
 rc 11/19/25
 new dd: dec 13 2025","1,000","Active","Purok 5 Brgy Managos Bayambang Pangasinan",""
"1426","","2900079","XHE_Melinda_Sabado","639466412049","22 - Prepaid","Non-Active","October 08, 2024","Port 12
 Johan/Daniel
 
 OLD DD: 8
 12/15 client request to DC her account on Thursday December 18 due to she will go to Manila.  21 days left to consume =clarisse
 OLD DD: 15
 JAN 3 2026- Client requested to reconnect here account will consume the 21 days left. New DD will be Jan 23,2026 -Clarisse
 ==============
 4/13/26 nabunot na sa nap/ di pa nakuha modem sana bakasyon daw babalik pa
 ========
 Reconnection05/22/2026
 DC 03/27/2026
 OLD DD 23
 NEW DD 22
 NEXT DD 06/22/2026 - HANS","1,000","Active","Purok 5 Brgy Hermoza Bayambang Pangasinan",""
"1427","","5600030","XSG2_Wilfredo_Latorre2","639062247914","11 - Prepaid","Non-Active","October 08, 2024","Port 1
 Johan/Daniel
 
 adjust daw po ng 16
 Due date: June 16
 June 19,2025- Client requested to pay on June 21,  client agreed to settled 1165 for the extension fee.
 June 21- paid via maya wallet new DD: JULY 21 2025
 
 ============
 DC 11/25/25 - Ice(DC of DD 19 - 22)
 RC 11/25/25 - Ice
 ==============
 7/3/26 client request to disconnect -lester
 ==========================================
 OLD DD: 21 
 RC: JULY 15 2026
 NEXT DD: AUGUST 11 2026-CLARISSE","1,000","Active","San Gabriel 2nd Purok 1 Bayambang Pangasinan
 OK",""
"1428","","5700074","TSV_Kimberly_Quiray","639663185294","9 - Prepaid","Non-Active","October 09, 2024","Nap 2 Port 12
 Jhun","1,000","Active","Purok 7 Brgy San Vicente Bayambang Pangasinan",""
"1429","","4900082","DPA_Nicole_Carino","639090944564","4 - Prepaid","Non-Active","October 04, 2024","Port 2
 Dante","900","Active","PUROK 2 BRGY PANGDEL BYB PNG",""
"1430","","5300044","TPU_Jerome_Idos","639498524971","5 - Prepaid","Non-Active","October 05, 2024","Nap 8 Port 2
 Jhun","1,000","Active","Purok 3 Brgy Pugo Bayambang Pangasinan",""
"1431","","5300045","TPU_Generose_Miday","639658766954","5 - Prepaid","Non-Active","October 05, 2024","Port 8
 JHUN","900","Active","Purok 1 Brgy Pugo Bayambang Pangasinan",""
"1432","","4200052","TMAN_Diana_Salcedo","639094763157","5 - Prepaid","Non-Active","October 05, 2024","Nap 5 Port 8
 JHUN","1,000","Active","Purok 2 Brgy Managos Bayambang Pangasinan",""
"1433","","2400042","DCA_Veronica_Beltran","639814736329","5 - Prepaid","Non-Active","October 05, 2024","Nap 1 Port 15
 Johan/Daniel","900","Active","Purok 1 Brgy Carumgay Bayambang Pangasinan",""
"1434","","241031230131","DBN_Resty_Sabangan","639155885042","5 - Prepaid","Non-Active","October 05, 2024","Port 2
 Johan/Daniel","900","Active","Brgy Bical Norte Bayambang Pangasinan",""
"1435","","4900084","DPA_Thelma_Pablico","639073856571","7 - Prepaid","Non-Active","October 07, 2024","OK
 Nap 4 Port 10
 Dante","900","Active","289 Brgy Pangdel Bayambang Pangasinan",""
"1436","","6500052","DTA_Marilyn_Gabito","639154800010","28 - Prepaid","Non-Active","October 30, 2024","Nap 1 Port 6
 Dante","900","Active","Purok 3 Brgy Tatarac Bayambang Pangasinan",""
"1437","","2400043","DCA_Jievy_Rosales","63915810767","28 - Prepaid","Non-Active","October 28, 2024","Nap 5 Portt 5
 Dante","900","Active","108 Purok 4 Brgy Carungay Bayambang Pangasinan",""
"1438","","4500027","XMS_Maria_Solis","639569900574","7 - Prepaid","Non-Active","October 07, 2024","OK
 Port 6
 Lester/Jasper","1,000","Active","Purok 3 Brgy Manambong Sur Bayambang Pangasinan",""
"1439","","4900085","DPA_Deolita_Balmoja","639683080607","7 - Prepaid","Non-Active","October 07, 2024","DANTE","900","Active","154 PUROK 2 BRGY PANGDEL BYB PNG",""
"1440","","2300046","DCS_Jennet_Rea","639810315288","7 - Prepaid","Non-Active","October 07, 2024","Nap 8 Port 3
 Dante","900","Active","145 Lopez St, Brgy Cadre Site Bayambang Pangasinan",""
"1441","","21200002","XSI_Rubyjean_Capanang","639667051337","12 - Prepaid","Non-Active","September 28, 2024","Port 2
 Lester/Jasper
 DC MARCH 18 2025 ALDRIN
 RC MARCH 20 2025 ALDRIN
 3 OLD DUE DATE
 August 6 2025 DC
 AUGUST 9 2025 RC
 NEW DD 6 OF THE MONTH
 ==============
 DC 10/10/25
 RC 10/11/25
 NEW DD: NOV 07 2025
 ===========
 old DD 7
 DC 11/14/25 - Ice (Ma'amClarisse)
 7 days consumed
 RC 11/17
 New DD 12/10-ej
 ========
 Additional 3 days grace period due to 3 days no connection - hans","1,000","Active","Sinabaan Bautista Pangasinan",""
"1442","","6300037","XTAM_Jover_Maregmen","639925060003","28 - Prepaid","Non-Active","October 30, 2024","Nap 7 Port 9
 Melvin/Jeff","1,000","Active","Purok 1 Brgy Tampog Bayambang Pangasinan",""
"1443","","400095","XAMS_Isagani_Devera","639922318132","4 - Prepaid","Non-Active","October 30, 2024","Nap 7 Port 11
 Piolo/Charlie
 ==========
 DC 11/3/25 - Ice
 ==========
 DD:30 CHANGED TO 28-DARZ
 ==========
 DC 04/03/2026
 RD 04/07/2026
 OLD DD 28
 NEW DD 4
 NEXT DD 05/04/2026 - HANS","1,000","Active","Brgy Amangcosiling Sur Bayambang Pangasinan",""
"1444","","7600044","XZ6_April_Roldan","639275436559","6 - Prepaid","Non-Active","October 30, 2024","Nap 5 Port 16
 Melvin/jeff
 
 
 DC 9/8/2025
 RC 9/9/25
 ==========
 DC 11/3/25 - Ice
 Recon NOV 9 - jay
 DD:30 CHANGED TO 28-DARZ
 RECONNECTION: FEB6 NEW DD: 6 -DARZ","1,000","Active","79 Purok 3 Brgy Zone 6 Bayambang Pangasinan",""
"1445","","6600057","TTE_Mialyn_Gabriel","639291564618","28 - Prepaid","Non-Active","October 30, 2024","Nap 3 Port 15
 Jhun
 
 
 
 
 
 
 
 DD:30 CHANGED TO 28-DARZ","900","Active","BRGY TELBANG BYB PNG",""
"1446","","400096","XAMS_Lolita_Bato","639998433094","28 - Prepaid","Non-Active","October 30, 2024","Nap 6 Port 15
 Piolo/Charlie
 
 NAP TAG : MArites Bernabe
 
 
 
 
 
 DD:30 CHANGED TO 28-DARZ","1,000","Active","Purok 2 Brgy Amangcosiling Sur Bayambang Pangasinan
 OK",""
"1447","","700024","DAP_Jeanpaul_Ventura","639157457575","7 - Prepaid","Non-Active","November 07, 2024","Nap 5Port 9
 Dante","900","Active","Purok 3 Brgy Apalen Bayambang Pangasinan",""
"1448","","241110095500","XBUA_Jasmine_Manzano","639707780820","22 - Prepaid","Non-Active","November 07, 2024","Port 9
 Lester/Making
 original due date 7 - move to 15 as per maam bele kasi 15 ang sahudan ng security 
 
 April 07- Paid Gcash ref number: 3027 483 416944
 -Clarisse
 
 ===============
 Old DD  15
 DC-9/19/25
 RC-10/11/25
 4 days consumed
 New DD  11/7/25-ej
 DC 11/19/25 - Ice
 RC 11/19/25 - Ice
 old dd:15/adjusted 7 days/new dd:22-darz","1,000","Active","PUROK 6 BRGY BUAYAEN BYB PNG",""
"1449","","300034","XAMN_Marialuz_Inocencio","639813936547","7 - Prepaid","Non-Active","November 07, 2024","Nap 8 Port 13
 Piolo/Jasper
 
 ==================
 DC 10/10/25
 RC 10/10/25","1,000","Active","#79 Purok 3 Brgy Amangcosiling Norte Bayambang Pangasinan
 OK",""
"1450","","400097","XAMS_Ryan_Dejesus","639198406253","10 - Prepaid","Non-Active","November 07, 2024","OK
 Nap 6 Port 16
 Piolo/Jasper
 
 old dd: 7
 moved due date to 10 approved by Sir Jay
 
 ===========","1,000","Active","Purok 2 Brgy Amangcosiling Sur Bayambang Pangasinan",""
"1451","","300035","XAMN_Dante_Reyes","639517025356","14 - Prepaid","Non-Active","November 07, 2024","Nap 3 Port 4
 Lester/Making
 
 ==========
 DC 10/10/25
 RC 10/11/25
 RC FROM CLEARING 10/25/25 - Ice
 old dd:7/new dd: 14","1,000","Active","AMANGCOSILING NORTE BYB PNG",""
"1452","","6600059","XTE_Jeanifer_Pacquing","639182299140","15 - Prepaid","Non-Active","November 07, 2024","Nap 5 Port 6
 Piolo/Jasper
 
 
 ==============
 DC 10/23/25 - Ice
 RC 10/24/25 - Ice
 ===========
 old DD 7
 DC 11/14/25 - Ice (Ma'amClarisse)
 =======================
 MAY 29 2026
 OLD DD: 10
 NEW DD: 12 DUE TO SERVICE INTERRUPTION BY THE PROVIDER-CLARISSE
 7 days consumed
 RC 11/17/25
 New DD 12/10-ej
 ==================================
 June 3, 2026
 Approved adjustment: 7 days isolation.
 Service interruption started on May 28, 2026 at approximately 7:00 PM and was restored on May 31, 2026 at approximately 7:00 AM.
 As compensation for the outage, a 7-day adjustment to the payment schedule has been approved.
 – Clarisse
 September 27 2026 = repaired 3 days no connection 
 OLD DD: October 12 2026
 Next DD: September 15 2026 plus 7 days grace period- CLARISSE","1,000","Active","Purok 7 Brgy Telbang Bayambang Pangasinan
 
 DC JAN 27",""
"1453","","241110100941","XTE_Marilyn_Valladares","639487325555","4 - Prepaid","Non-Active","November 04, 2024","Nap 5 Port 5
 Lester/Making","1,000","Active","115 PUROK 2 BRGY TELBANG BYB PNG",""
"1454","","600045","XAM2_Genelyn_Pelingon","639671306024","5 - Prepaid","Non-Active","November 05, 2024","Nap 6 Port 7
 Melvin/Jep","1,000","Active","Purok 2 Brgy Ambayat Bayambang Pangasinan",""
"1455","","500021","XAM1_Johnpaul_Martinez","63988489741","16 - Prepaid","Non-Active","November 05, 2024","Nap 2 Port 
 Melvin/Jeff
 
 DC- APRIL 10 -CLARISSE
 ===================
 Reconnection 12/16/25 - ice 
 Technician: John/Edward
 ====================
 June 3, 2026
 Approved adjustment: 7 days isolation.
 Service interruption started on May 28, 2026 at approximately 7:00 PM and was restored on May 31, 2026 at approximately 7:00 AM.
 As compensation for the outage, a 7-day adjustment to the payment schedule has been approved.
 – Clarisse
 ========================
 August 21 2026 - Transfer the payment of Sally Bugarin to XAM1_Johnpaul_Martinez requestd and confirmed by Shei Agent-Clarisse","1,000","Active","Purok 3 Brgy Ambayat 1st Bayambang Pangasinan",""
"1456","","4900086","DPA_Ramila_Seguin","639920591876","1 - Prepaid","Non-Active","November 05, 2024","Nap 4 Port 12
 Dante","900","Active","PUROK 3 PANGDEL BYB PNG",""
"1457","","4900087","DPA_Dianne_Junio","639634807076","4 - Prepaid","Non-Active","November 04, 2024","Port 1 
 Dante","900","Active","134 PUROK 2 BRGY PANGDEL BYB PNG",""
"1458","","4900088","DPA_Johnloyd_Gavino","639064656239","4 - Prepaid","Non-Active","November 04, 2024","Nap 4 Port 9
 Dante","900","Active","324 PUROK 3 BRGY PANGDEL BYB PNG",""
"1459","","17300001","XPW_Eduardoleo_Ong","639760664054","4 - Prepaid","Non-Active","November 04, 2024","lester/Making
 XPW_Eduardoleo_Ong
 ===============
 DC 10/9/2025
 RC 10/9/2025
 ========
 DC 11/7/25 - Ice
 RC 11/7/25 - Ice
 =========
 May 29, 2026 - Downtime
 OLD DD - 4
 NEW DD - 6
 2 days no Connection - hans","1,000","Active","184 Pob West Bautista Pangasinan",""
"1460","","20800001","XKE_Leticia_Pingol","639952168093","17 - Prepaid","Non-Active","November 06, 2024","Port 1
 
 5/14/2025-DC
 ============
 Due date 6- 8 days dc
 dc MAY 14
 Rc June 1
 new dd: june 23
 ==============
 recon 12/17/25 tech:daniel/renz","1,000","Active","Brgy Zone 3 Ketegan Bautista Pangasinan",""
"1461","","6400095","XTAN_Virginia_Mendoza","639675113754","6 - Prepaid","Non-Active","November 06, 2024","Port 14
 Piolo/Jasper
 
 ==========
 Old DD 6
 DC 10/10/25
 4 days consumed
 RC 10/10/25
 New DD 6
 ============
 Additional 3 days grace period due too 3 days no connection - hans","1,000","Active","Purok 2 Sitio Hacienda Brgy Tanolong Bayambang Pangasinan",""
"1462","","20000018","XBAL_Jocelyn_Delossantos","639914727262","6 - Prepaid","Non-Active","November 06, 2024","OK
 Port 5 Melvin/Jeff","1,000","Active","387 Baluyot Bautista Pangasinan",""
"1463","","5800053","XSC_Jennifer_Tampipig","639307206168","14 - Prepaid","Non-Active","November 06, 2024","Nap 3 Port 12
 Piolo/Jasper
 
 ==========
 Old dd: OCT 06
 DC 10/10/25
 RC 10/11/25
 new dd: Nov 07 2025
 ===========
 DC 11/14/25 - Ice (Ma'amClarisse)
 RC 11/21/25 - Ice
 NEW DD: DEC 12
 =========
 August 14, 2026 Reconnection 
 old dd 12
 new dd 14 - hans","1,000","Active","179 Purok 4 Brgy San Cagulis Bayambang Pangasinan",""
"1464","","6600060","XTE_Imelda_Iglesias","639308307070","6 - Prepaid","Non-Active","November 06, 2024","Nap 5 Port 6
 Piolo/Jasper
 SEPT 06- PAID VIA CASH CHECKED ON LOGBOOK","1,000","Active","124 PUROK 3 BRGY TELBANG BYB PNG",""
"1465","","5400028","TRE_Ronald_Rosales","639302842286","6 - Prepaid","Non-Active","November 06, 2024","Nap 5 Port 8
 JHUN","900","Active","Purok 5 Brgy Reynado Bayambang Pangasinan",""
"1466","","5300046","TPU_Alma_Junio","639957618695","6 - Prepaid","Non-Active","November 06, 2024","Nap 3 Port 9
 JHUN","1,000","Active","Purok 1 Brgy Pugo Bayambang Pangasinan
 OK",""
"1467","","2600028","TDA_Lester_Laurel","639667891460","7 - Prepaid","Non-Active","November 07, 2024","Port 9
 JHUN","900","Active","17 Purok 1 Brgy Darawey Bayambang Pangasinan",""
"1468","","4900090","DPA_Ja_Corpuz","639272213074","16 - Prepaid","Non-Active","November 08, 2024","port 2
 Dante
 
 04-26-25 - Agent requested to move due date.
 OLD DD: 8
 NEW DD: 16
 -clarisse
 ==============
 08-16-25 - DC REQUESTED BY THE AGENT","900","Active","PUROK 2 BRGY PANGDEL BYB PNG",""
"1469","","400098","XAMS_Gerry_Guadalupe","639627424670","9 - Prepaid","Non-Active","November 09, 2024","Nap 6 Port 15
 Piolo/Jasper","1,000","Active","Purok 5 Brgy Amangcosiling Sur Bayambang Pangasinan",""
"1470","","5300047","TPU_Judyann_Torres","639685898668","9 - Prepaid","Non-Active","November 09, 2024","Nap 2 Port 10
 JHUN","1,000","Active","Purok 2 Brgy Pugo Bayambang Pangasinan",""
"1471","","300037","XAMN_Criselda_Santos","639503888242","22 - Prepaid","Non-Active","November 09, 2024","OK
 Nap 2 Port 14
 Piolo/Jasper
 
 Name Tag : Edward Todio
 
 ==============
 old DD 9th
 DC 9/12/2025 - Xpacs
 RC 9/15/25
 New DD 10/12/25
 =================
 DC 11/18/25 - Ice
 RC 11/18/25 - Ice
 ===============
 NEW DD: 15 DUE TO 3 DAYS OF NO CONNECTION ALREADY REPAIRED -CLARISSE
 ===========
 7/01/26 Due date adjusted 7days old15, new22 -lester","1,000","Active","PUROK 1 BGY AMANGCOSILING NORTE BYB PNG",""
"1472","","5400029","XRE_Maricris_Deguzman","639850706176","4 - Prepaid","Non-Active","November 23, 2024","Port 14
 Jasper/Sonny
 Old DD- Sept.  23
 DC-8/28/25-ice
 RC-9/4
 ==========
 DC 10/27/25 - Ice
 RC 10/28/25 - Ice
 ==============
 old dd: 27
 rc: may 09 2026
 new dd: june 05 2026-clarisse
 ================
 July 4, 2026 Reconnection
 new dd every 4th of the month - hans","1,000","Active","Purok 1 Brgy Renado Bayambang Pangasinan",""
"1473","","300038","XAMN_Larry_Ang","639618495173","23 - Prepaid","Non-Active","November 23, 2024","Nap 4 Port 3 / Jasper/sonny","1,000","Active","18 Brgy Amangcosiling Norte Bayambang Pangasinan",""
"1474","","2600029","DDA_Aizelyn_Jacalne","639943160614","30 - Prepaid","Non-Active","November 23, 2024","Nap 1 Port 4
 Gilber/Melvin","900","Active","137 BRGY DARAWEY BYB PNG",""
"1475","","17000001","MLAO_Mirasol_Lorenzo","639475173963","27 - Prepaid","Non-Active","November 27, 2024","Port 2
 Marben","900","Active","507 Bacolor St, Brgy Laoc Alcala Pangasinan",""
"1476","","5700075","MSV_Axl_Valdez","639959080079","27 - Prepaid","Non-Active","November 27, 2024","Port 1","1,000","Active","346 Tagama St, San Vicente Alcala
 OK",""
"1477","","4900091","DPA_Jovita_Abalos","639945634432","27 - Prepaid","Non-Active","November 27, 2024","Nap 4 Port 11
 Dante","900","Active","PUROK 1 BRGY PANGDEL BYB PNG
 OK",""
"1478","","17000002","MLAO_Ailyn_Lanuza","639771323162","28 - Prepaid","Non-Active","November 28, 2024","Port 1
 Marben","1,000","Active","230 Alcantara St, Brgy Laoc Alcala Pangasinan",""
"1479","","5700077","MSV_Jason_Aquino","639457231959","15 - Prepaid","Non-Active","November 28, 2024","Port 3
 old dd is 28
 DC last December 5 2025
 January 22,2026- RC LESS 7 DAYS
 New DD: 15  Delete October to December-Clarisse","1,000","Active","Zone 5 Brgy San Vicente Alcala Pangasinan",""
"1480","","17200003","MPW_Glen_Limos","639671084399","28 - Prepaid","Non-Active","November 28, 2024","Port 2","1,000","Active","Aocillo Poblacion West Alcala Pangasinan",""
"1481","","20600001","MPW_Dan_Arellano","639663171553","10 - Prepaid","Non-Active","November 28, 2024","Port 1
 Marben","1,000","Active","Funston St, Pob West Alcala Pangasinan",""
"1482","","5700078","MSV_Charlito_Mariano","63936747899","1 - Prepaid","Non-Active","November 28, 2024","Port 2 Marben
 
 MSV_Christine_Barnachea = OLD NAME PAPACHANGE NAME SA MAY ARI NG BAHAY TAPOS UPGRADE 1500= 200 MBPS ASPER SIR MARBEN  AUGUST 1 UPGRADE
 Due date nya nong 23 iupgrade ngayon ng plan 1500 kada 1 nalang din po ilagay sa due date","1,500","Active","M. Pinto St, San Vicente Alcala Pangasinan",""
"1483","","17000003","MLAO_Rhenalyn_Degamo","639059204243","28 - Prepaid","Non-Active","November 28, 2024","Port 3
 Marben","799","Active","66 Velo Laoc Alcala Pangasinan",""
"1484","","17200004","MSPI_Freddie_Vergara","639452783998","25 - Prepaid","Non-Active","November 23, 2024","Port 1
 Marben
 
 OLD DUE DATE 23
 DC MARCH 31, 2025
 8 DAYS
 RC MAY 3, 2025 GCASH REF# 6028 323 658 177
 NEW DD:  MAY 26 -CLARISSE
 =================================
 July 04 2025- Agent requested to Downgrade subs account.
 ========
 DC 02/12/2026
 RC 02/24/2026
 OLD DD 3
 NEW DD 20
 NEXT DD 03/20/2026 -HANS
 ==================
 MARCH 29 DC
 OLD DD: 20
 RC: APRIL 30 2026
 NEW DD: MAY 21 2026-CLARISSE
 ===========
 DUE DATE: 28
 9 DAYS ISOLIR
 =============
 August 25, 2026
 Old dd 28
 new dd 25 - hans","1,000","Active","Arboleda St, San Pedro Ili Alcala Pangasinan",""
"1485","","35000001","MSJC_Sherrly_Lagmay","639383423461","25 - Prepaid","Non-Active","November 23, 2024","Port 1
 Marben","800","Active","#242 Pastor St, San Juan Canan Alcala Pangasinan",""
"1486","","241128204748","XBS_Rowena_Deguzman","639638871850","21 - Prepaid","Non-Active","November 22, 2024","Nap 1 Port 13
 Lester/Pedro
 
 OLD DD: 22
 DC-APRIL 28
 RC-APRIL 29
 NEWDD: MAY 23 -CLARISSE
 ==========
 DC 10/27/25 - Ice
 RC 10/29/25 - Ice
 ============
 DC 11/27/25 - Ice (DD of 23-24)
 ====================
 SEPT 21 2026 - RECONNECTION-CLARISSE","1,000","Active","Purok 3 Bical Sur Bayambang Pangasinan",""
"1487","","35000002","MPW_Glenn_Gasmen","639811696002","16 - Prepaid","Non-Active","November 15, 2024","Port 9
 Marben","1,000","Active","Pob West Alcala Pangasinan",""
"1488","","35000003","MSV_Dan_Quadra","639703301569","20 - Prepaid","Non-Active","November 20, 2024","Port 1
 Marben","800","Active","Brgy Yadao St, San Vicente Alcala",""
"1489","","35000005","MPW_Haide_Mata","639456373726","21 - Prepaid","Non-Active","November 20, 2024","Port 1
 Marben/Piolo/Idong
 DC MARCH 24 2025 ALDRIN
 ========================
 march 24 disconnected 
 march 24 reconnected
 for payment of april","799","Active","231 Malone St, Pob West Alcala Pangasinan",""
"1490","","35000006","MSJC_Madona_Ramos","63956616028","21 - Prepaid","Non-Active","November 20, 2024","Port 2
 Marben/Piolo/Idong
 RC 8/23-Marben
 ===========
 DC 10/24/25 - Ice,
 RC 10/28/25 - Ice
 ============
 RC 11/26/25 - Ice (Marben GCASH)","799","Active","San Juan Alcala Pangasinan",""
"1491","","400099","XAMS_Helen_Cayabyab","639488214761","8 - Prepaid","Non-Active","November 26, 2024","Nap 6
 DC-04-29
 =============
 Due date 26
 MAY 30 2025 DC- 4 DAYS CONSUME
 JUNE 2 2025 RC-PAID VIA GCASH
 NEW DD: JUNE 28
 ===========================
 JUNE 03 2026- CLIENT CALLED FOR RECON FOR TECH VISIT FIRST TO CHECK THE LINE-CLARISSE","1,000","Active","Purok 2 Brgy Amangcosiling Sur Bayambang Pangasinan",""
"1492","","700025","XAP_Lojie_Magalong","639277119660","27 - Prepaid","Non-Active","November 26, 2024","Nap 7 Port 16
 ==========
 Old DD 26
 DC 10/29/25 - Ice
 3 days Consumed
 RC 10/30
 New DD 11/27","1,000","Active","Purok 1 Brgy Apalen Bayambang Pangasinan",""
"1493","","17000005","MLAO_Rebecca_Papa","639351140809","26 - Prepaid","Non-Active","November 26, 2024","Port 1
 Marben","1,000","Active","356 Lanusa St, Zone 9 Laoc Alcala Pangasinan",""
"1494","","17000006","MLAO_Raquel_Andaya","63936559529","26 - Prepaid","Non-Active","November 26, 2024","Port 3
 Marben","1,000","Active","#395 Zone 4 Brgy Laoc Alcala Pangasinan",""
"1495","","17000007","MLAO_Marjorie_Franada","639567187483","26 - Prepaid","Non-Active","November 26, 2024","Port 1
 Marben","1,000","Active","235 Zone 2 Brgy Laoc Alcala Pangasinan",""
"1496","","35000009","MSJC_Lawrence_Galapate","639159864760","27 - Prepaid","Non-Active","November 25, 2024","Port 1
 Marben","800","Active","Zone 5 Brgy San Juan Alcala Pangasinan",""
"1497","","35000010","MSN_Lester_Lomboy","639085456800","27 - Prepaid","Non-Active","November 25, 2024","Marben","1,000","Active","79 Castaneda St, San nicolas Alacala",""
"1498","","35000011","MSN_Jerald_Gatchalian","639620565831","27 - Prepaid","Non-Active","November 25, 2024","Port 1
 Marben","1,000","Active","80 Castaneda St, San Nicolas Alcala",""
"1499","","7600046","XZ7_Rodeliza_Macalanda","639558996272","20 - Prepaid","Non-Active","November 22, 2024","Nap 2 Port 11
 Jasper/Sonny
 ==================
 5/26/2025-DC
 ==================
 due date 22
 DC may 26 2025
 rc may 28 2025
 New DD: JUNE 24
 RC 10/29/25 - Ice
 ============
 DC 11/27/25 - Ice (DD of 23-24)
 RC 11/28/25 - Ice 
 ==============
 OLD DD: 24
 DC: FEB 28
 RC: MARCH 25
 NEW DD: 20-CLARISSE","1,000","Active","Rizal Zone 7 Bayambang Pangsinan
 ==========
 DC 10/28/25 - Ice",""
"1500","","35000012","MSPA_Edward_Lapitan","639518448033","25 - Prepaid","Non-Active","November 22, 2024","Port 1
 Marben","700","Active","Purok 3 Brgy San Pedro Apartado Alcala Pangasinan",""
"1501","","35000013","MSPA_Jeselyn_Espiritu","639706432338","25 - Prepaid","Non-Active","November 22, 2024","Port 1
 Marben","1,000","Active","Purok 4 Brgy San Pedro Apartado Alcala Pangasinan
 OK",""
"1502","","242500030","XBW_Roger_Fernandez","639565394038","13 - Prepaid","Non-Active","November 22, 2024","Nap 1 Port 6
 Lester/Pedro
 ===========================
 old dd: 22-4 days consume
 5/26/2025-DC
 june 14-rc paid via gcash
 New DD: july 10 2025
 Old DD 10
 Dc-8/15/25
 5 days consumed
 RC 11/24
 New DD 12/19-EJ
 Jan.10 client confirmed dc date is Dec19
 Old DD:19 RC: Jan.10,2026 next DD: Feb.10
 Delete Dec. Bill Generate Jan. Bill
 ====================================
 March 29 2026- Roger Fernandez Naman po mam sir  ito po yong ginamit yong cable natin ng ymax dati na clearing ko narin po at nakuha narin po yong modem nito - Making  remarked by Clarisse
 
 09815743245 new contact #
 =========
 August 13, 2026 RECONNECTION
 old dd 27
 new dd 13 - hans","799","Active","149 Purok 5 Bongato West Bayambang Pangasinan",""
"1503","","5300048","TPU_Lucia_Tamayo","639544407098","20 - Prepaid","Non-Active","November 22, 2024","Nap 2 Port 1
 Jhun","1,000","Active","Purok 2 Brgy Pugo Bayambang Pangasinan",""
"1504","","5400030","DRE_Helen_Arcinas","639811600297","29 - Prepaid","Non-Active","November 20, 2024","Nap 1 Port 14
 Dante","1,000","Active","Purok 3 Brgy Renado Bayambang Pangasinan",""
"1505","","2600030","DDA_Nadia_Junio","639949692540","29 - Prepaid","Non-Active","November 20, 2024","Nap 1 Port 3
 Dante","1,000","Active","135 PUROK 3 BRGY DARAWEY BYB PNG
 OK",""
"1506","","35000014","MPE_Charlene_Soriano","639454227582","21 - Prepaid","Non-Active","November 21, 2024","Port 2
 Marben","800","Active","220 Funston St, Poblacion East Alcala Pangasinan",""
"1507","","35000015","MSPI_Angel_Tabora","639091568704","25 - Prepaid","Non-Active","November 21, 2024","OK
 Port 1
 Marben","1,000","Active","Espiritu St, San Pedro ILi Alcala Pangasinan",""
"1508","","35000016","MSPI_Edgar_Melegrito","639093619903","21 - Prepaid","Non-Active","November 21, 2024","OK
 Port 1
 Marben","800","Active","Zone 6 Brgy San Pedro Ili Alcala Pangasinan",""
"1509","","400100","XAMS_Joy_Torres","639090952647","21 - Prepaid","Non-Active","November 21, 2024","Nap 2 Port 7
 Jasper/Sonny","2,000","Active","Purok 3 Brgy Amangcosiling Sur Bayambang Pangasinan",""
"1510","","3800011","XMAG_Earljohn_Lalata","639560611940","21 - Prepaid","Non-Active","November 21, 2024","Port 3
 Piolo/Dong","1,000","Active","Rooxass St, Magsaysay Bayambang Pangasinan",""
"1511","","6900040","TWAR_Racquel_Igual","639859757843","21 - Prepaid","Non-Active","November 21, 2024","Nap 5 Port 5
 Jhun","900","Active","Purok 4 Brgy Wardin Bayambang Pangasinan",""
"1512","","17000008","MLAO_Benjamin_Aquino","639544159186","18 - Prepaid","Non-Active","November 18, 2024","Port 1
 Marben","1,000","Active","86 Zone 1 Brgy Laoc Alcala Pangasinan",""
"1513","","17000009","MLAO_Arianne_Velo","639123456789","7 - Prepaid","Non-Active","November 16, 2024","Port 1
 Marben
 ======
 DC 05/25/2026
 RC 06/15/2026
 OLD DD 16
 NEW DD 7 
 DOWNGRADE FROM 1000 TO 799 - HANS","799","Active","182 Velo St, Laoc Alcala Pangasinan",""
"1514","","17000010","MLAO_Lorelyn_Ravarra","639364137014","16 - Prepaid","Non-Active","November 16, 2024","Port 1
 Marben","799","Active","521 Bacolor St, Laoc West Alcala Pangasinan",""
"1515","","12600001","MANU_Marites_Velasco","639095392182","27 - Prepaid","Non-Active","October 27, 2024","OK
 Port 1
 Marben","799","Active","276 National Road Brgy Anulid Alcala PAngasinan",""
"1516","","35000017","MPE_Kim_Arce","6396922432","16 - Prepaid","Non-Active","November 16, 2024","Port 1
 Marben","1,500","Active","Zone 4 Pob East Alcala PAngasinan",""
"1517","","20000020","XBAL_Rey_Montibon","639276944383","24 - Prepaid","Non-Active","November 19, 2024","Port 5
 Lester/Paul
 ==============
 DC 10/23/25 - Ice
 ==========
 Reconnection June 24, 2026 - hans","1,000","Active","120 Zone 2 Baluyot Bautista Pangasinan
 OK",""
"1518","","6600063","XTE_Glenda_Mimbalay","639695418791","12 - Prepaid","Non-Active","November 19, 2024","Port 12 Piolo/Jasper
 ===================
 19 ORIGINAL DATE
 May 23 2025 DC
 July 15 2025  RC
 NEW DUE DATE AUGUST 12 
 
 ==============
 DC 9/16/2025 - Xpacs
 ==========
 DC 10/17/25 - Ice
 RC 10/18/25 - Ice","1,000","Active","MUSLIM COMPOUND ZONE 7 BRGY TELBANG BYB PNG",""
"1519","","17000011","XLAO_Maryjane_Lorenzo","639994301620","13 - Prepaid","Non-Active","November 13, 2024","Port 1 
 Lester/Pedro
 =============
 DC 11/18/25 - Ice","1,000","Active","Brgy Laoc Alcala Pangasinan",""
"1520","","5700079","TSV_Raymart_Sinay","639959104761","13 - Prepaid","Non-Active","November 13, 2024","Port 7
 JHUN","1,000","Active","Purok 1 Sitio Kapantulan San Vicente Bayambang Pangasiinan",""
"1521","","7000038","TWA_Cristal_Dulay","639673215636","13 - Prepaid","Non-Active","November 13, 2024","Port 14
 JHUN","1,000","Active","Purok 4 Brgy Wawa Bayambang Pangasinan",""
"1522","","35000018","MSV_Glenn_Fiesta","639751803153","13 - Prepaid","Non-Active","November 13, 2024","Port 1
 Marben","1,000","Active","189 Tagama St, San Vicente Alcala Pangasinan",""
"1523","","35000019","MSV_Darrel_Deleon","639272216229","9 - Prepaid","Non-Active","November 09, 2024","Port 1
 Marben","1,000","Active","M Pinto St, San Vicente Alcala Pangasinan
 OK",""
"1524","","35000020","MSV_Alejo_Laureta","639452106808","9 - Prepaid","Non-Active","November 09, 2024","Port 3
 Marben","1,000","Active","Zone 5 Brgy San Vicente  Alcala Pangasinan",""
"1525","","5700080","XSV_Conchita_Garcia","639086774960","14 - Prepaid","Non-Active","November 12, 2024","Port 5
 Piolo/Jasper
 =============
 DC 11/18/25 - Ice
 RC 11/18/25 - Ice
 ==========
 May 29, 2026 - Downtime
 OLD DD - 12
 NEW DD - 14
 NEXT DD - 06/14/2026","1,000","Active","Purok 3 Brgy San Vicente Bayambang Pangasinan",""
"1526","","6600065","XTE_Jenith_Ismael","639558210585","12 - Prepaid","Non-Active","November 12, 2024","Nap 4 Port 6
 Polo/Jasper
 =======================
 June 1, 2026
 Approved adjustment: 7 days isolation.
 Service interruption started on May 28, 2026 at approximately 7:00 PM and was restored on May 31, 2026 at approximately 7:00 AM.
 As compensation for the outage, a 7-day adjustment to the payment schedule has been approved.
 – Clarisse","1,000","Active","Purok 7 Brgy Telbang Pangasinan",""
"1527","","3200045","DINI_Retchel_Camcam","639272139770","12 - Prepaid","Non-Active","November 12, 2024","Nap 2 Port 12
 Dante","900","Active","Purok 2 Brgy Inirangan Bayambang Pangasinan",""
"1528","","35000021","MSV_Roderick_Verceles","639262412389","8 - Prepaid","Non-Active","November 08, 2024","Port 2
 Marben","1,000","Active","Zone 5 Brgy San Vicente Alcala PAngasinan",""
"1529","","35000022","MSV_Christopher_Estrada","639912820498","5 - Prepaid","Non-Active","November 05, 2024","OK
 Port 1
 Marben","1,000","Active","San Vicente Alcala PAngasinan",""
"1530","","17000012","MLAO_Heinze_Cabreros","639753736143","22 - Prepaid","Non-Active","November 06, 2024","Port 1
 Marben
 
 DC 12/13/25 - Marben rqst","799","Active","Brgy Laoc Alcala Pangasinan",""
"1531","","12600003","MANU_Clark_Arcalas","639687752792","17 - Prepaid","Non-Active","November 06, 2024","Port 1
 Marben
 =========
 August 21, 2026 RECONNECTION
 old dd 6
 new dd 17 -hans","1,000","Active","325 Anulid Alcala Pang",""
"1532","","35000023","MSJC_Lester_Menor","639451109950","16 - Prepaid","Non-Active","November 08, 2024","Port 1
 Marben
 OLD DD:8
 DEC 16 2025 - ADJUSTED CLIENTS DUE DATE TO EVERY 16TH OF THE MONTH CONFIRMED BY SIR MARBEN -CLARISSE","800","Active","Rizal St, San Juan Alcala Pangasinan",""
"1533","","35000024","MSV_Gladys_Jumawan","639555349710","18 - Prepaid","Non-Active","November 18, 2024","Port 2 
 Marben","1,000","Active","#189 Tagama St, San Vicente Alcala  Pangasinan",""
"1534","","35000025","MPE_Deityjoy_Dulay","639053610887","18 - Prepaid","Non-Active","November 18, 2024","Port 1
 Marben","799","Active","283 Funston St, Pob West Alcala Pangasinan",""
"1535","","35000026","MPW_Paul_Tabora","639273471603","18 - Prepaid","Non-Active","November 18, 2024","Port 1
 Marben","799","Active","102 Malone St, Pob West Alcala Pangasinan
 OK",""
"1536","","6600066","XTE_Nicaella_Bautista","639694436649","16 - Prepaid","Non-Active","November 18, 2024","Nap 5 Port 14
 Gilbert/jeff
 Done Pullout Modem/Unplugged 12/20/25
 ============
 LCP:1
 NAP:5
 PORT:2
 TECHNICIAN:John / Jojo
 4/10/26 Reconnected
 ==========
 DC 05/14/2026
 RC 06/08/2026
 OLD DD 10
 NEW DD 8 - HANS
 ================
 sept 20 2026
 OLD DD"" SEPT 4 2026
 RC - SEPT 20 20276
 NEXT DD: OCT 16 2026 PLUS 4 DAYS GRACE PERIOD-CLARISSE","1,000","Active","Purok 7 Brgy Telbang Bayambang Pangasinan",""
"1537","","35000027","MSJC_Delfin_Lapitan","639353101530","4 - Prepaid","Non-Active","November 15, 2024","Port 1
 Marben
 DC MARCH 23 2025 ALDRIN
 RC MARCH 24 2925 ALDRIN
 ==========
 July 4 2026, reconnection 
 new dd every 4th of the month - hans","1,000","Active","Sitio Canan Zone 7 San Juan Alcala PAngasinan",""
"1538","","16800003","MCAN_Rolando_Bucaloy","639703179905","15 - Prepaid","Non-Active","November 15, 2024","Port 4
 Marben","1,000","Active","Zone 2 Canarvacanan Alcala Pangasinan",""
"1539","","35000029","MPE_Artemio_Cabreros","639707774099","16 - Prepaid","Non-Active","November 16, 2024","Port 1
 Marben","799","Active","162 P. Sison Pob East Alcala Pangasinan",""
"1540","","16800004","MCAN_Aprilmae_Coloma","639123456789","15 - Prepaid","Non-Active","November 15, 2024","port 3
 Marben","799","Active","16 Aguinaldo St, Canarvacanan Alcala Pangasinan",""
"1541","","16800005","MCAN_Devorah_Laus","639394281174","15 - Prepaid","Non-Active","November 15, 2024","Port 1
 Marben","799","Active","19 Aguinaldo St, Canarvacanan Alcala Pangasinan",""
"1542","","3800012","TMAG_Jessie_Gabriel","639153401791","20 - Prepaid","Non-Active","November 15, 2024","Port 4
 JHUN
 
 RC MARCH 19 2025 ALDRIN
 04-21-25 - Agent requested to DC Client's account- Clarisse.
 15 old dd
 april 21 2025 DC-6 days
 June 16 2025 RC
 new dd: july 10 2025
 
 15 - olde due date
 21 APRIL DC
 16 JUNE RC
 
 NEW DUE DATE 16 every month
 ------------------------------
 OLD DUE DATE 16
 August 2 2025 disconnected
 August 5 2025 Reconnected
 new due date august 20
 over due date 17 days 
 paid august 5
 next due date september 5
 minus 17 days over due date
 new due date august 20 every 20 of the month","1,000","Active","Gerilia St, Magsaysay Bayambang Pangasinan",""
"1543","","5700082","TSV_Loreta_Ramirez","639384402987","15 - Prepaid","Non-Active","November 15, 2024","Nap 6 Port 9
 JHUN","1,000","Active","Zone 6 Brgy San Vicente Bayambang Pangasinan",""
"1544","","20000022","XBAL_Lourdes_Junio","639518896751","14 - Prepaid","Non-Active","November 14, 2024","Port 5
 Piolo/Jasper
 =============
 DC 11/18/25 - Ice
 RC 11/19/25 - Ice","1,000","Active","120 Zone 2 Brgy Baluyot Bautista Pangasinan",""
"1545","","21100027","XDI_Sally_Anasco","639127413544","4 - Prepaid","Non-Active","November 29, 2024","Johan/Jojo
 OLD DD:27
 7 DAYS NO CONNECTION DUE TO TYPHOON
 NEW DD"" DEC 4","1,000","Active","Diaz Dike Bautista Pangasinan",""
"1546","","35000032","MSPI_Robert_Corpuz","63977053811","28 - Prepaid","Non-Active","November 29, 2024","Port 3
 Marben","799","Active","345 Baserra St, Zone 6 San Pedro ili Alcala Pangasinan
 OK",""
"1547","","35000033","MSN_Anjanette_Gallardo","639123024944","28 - Prepaid","Non-Active","November 29, 2024","Port 2
 Marben","1,000","Active","120 Castaneda St, San Nicolas Alcala Pangasinan",""
"1548","","35000034","MPE_Conrado_Valdez","639123456789","28 - Prepaid","Non-Active","November 29, 2024","Port 2
 Marben","1,000","Active","153 Primicias St, Pob East, Alcala Pangasinan",""
"1549","","35000035","MSPI_Robert_Bacerra","639072888437","28 - Prepaid","Non-Active","November 29, 2024","Port 9
 Marben","799","Active","Zone 6 San Pedro ili, Alcala Pangasinan",""
"1550","","35000036","MSN_Bryan_Beltran","639198502405","28 - Prepaid","Non-Active","November 30, 2024","Port 10
 Marben","1,000","Active","112 Aguinaldo, San Nicolas Alcala Pangasinan",""
"1551","","35000037","MSPI_Nieves_Cayaban","639982978763","28 - Prepaid","Non-Active","November 30, 2024","Port 4
 Marben","1,000","Active","161 Zone 3 Brgy San Pedro ili Alcala Pangasinan",""
"1552","","35000038","MPE_Raquel_Pobre","639387342187","12 - Prepaid","Non-Active","November 30, 2024","Port 1
 Marben
 old due date 30
 August 6 2025 DC - 9 DAYS
 AUGUST 11 2025 RC (delete august billing)
 NEW Due Date  sept 4  of the month
 
 DC JAN 3 2026
 RC JAN 26 2026
 ============
 September 16 2026 - RECONNECTION
 old dd 30
 new dd 12 - hans","1,000","Active","#51 Mercado St, Pob East, Alcala Pangasinan",""
"1553","","35000039","MSPI_Maybelle_Evangelista","639858695459","28 - Prepaid","Non-Active","November 30, 2024","Port 2 
 Marben","1,000","Active","Arboleda St, San Pedro Ili Alcala Pangasinan",""
"1554","","35000042","MSJC_Rizza_Baladad","639456728019","17 - Prepaid","Non-Active","November 30, 2024","Port 2
 Marben
 ==========
 August 17, 2026 Reconnection
 Old dd 28
 new dd 17 - hans","1,000","Active","Sitio Canan San Juan Alcala Pangasinan",""
"1555","","17000015","MLAO_Meljay_Carsola","639489955063","4 - Prepaid","Non-Active","November 04, 2024","Port 1
 Marben
 ===========
 AUGUST 13 2026
 1K PLAN REMITTED BY SIR MARBEN VIA CASH-CLARISSE","1,000","Active","EJ Frozen Foods Laoc Alcala highway",""
"1556","","12600004","MANU_Teresita_Gumangan","639858627404","28 - Prepaid","Non-Active","October 29, 2024","Marben
 
 
 
 
 
 
 
 
 DD:29 CHANGED TO 28-DARZ","799","Active","Brgy Anulid Alcala Pangasinan",""
"1557","","3200046","DINI_Magda_Bilaya","639923867745","14 - Prepaid","Non-Active","December 14, 2024","Port 7
 Dante","900","Active","Purok 1 Brgy Inirangan Bayambang Pangasinan",""
"1558","","35000043","MPE_Kate_Gatchalian","639922058669","3 - Prepaid","Non-Active","December 03, 2024","Port 3
 Marben","799","Active","79 Merit ST, Pob East Alcala Pangasinan",""
"1559","","35000044","MSN_Paz_Castillo","639504975417","7 - Prepaid","Non-Active","December 07, 2024","Port 3
 Marben","1,000","Active","lawton St, Brgy San Nicolas Alcala Pangasinan",""
"1560","","35000045","MSN_Agnes_Cuaresma","639924265028","7 - Prepaid","Non-Active","December 07, 2024","Port 2
 Marben","1,000","Active","Lawton St, San Nicolas Alcala PAngasinan",""
"1561","","35000046","MSN_Rhonalyn_Cuaresma","639928205760","7 - Prepaid","Non-Active","December 07, 2024","Port 1
 Marben","1,000","Active","Lawton St, San Nicolas Alcala Pangasinan",""
"1562","","4300017","XMN_Jade_Mamucud","639127447194","7 - Prepaid","Non-Active","December 07, 2024","NAPBOX: 1
 LCP: 1
 PORT: 15
 TECHNICIAN: EDWARD/JEFF
 =====================================
 June 1, 2026
 Approved adjustment: 7 days isolation.
 Service interruption started on May 28, 2026 at approximately 7:00 PM and was restored on May 31, 2026 at approximately 7:00 AM.
 As compensation for the outage, a 7-day adjustment to the payment schedule has been approved.
 – Clarisse","1,000","Active","Manambong Norte Bayambang Pangasinan
 OK",""
"1563","","35000048","MLAO_Norie_Tasani","639455548184","21 - Prepaid","Non-Active","December 20, 2024","Nap 7 Port 2 LCP 3
 MARBEN
 ========
 FEB 18 AGENT REQUESTED TO UPGRADE FROM 1000-200 MBPS-CLARISSE
 ==========
 July 31, 2026, 
 Downgrade from 1500 to 1000 - hans","1,000","Active","Laoc West Alcala Pangasinan
 OK",""
"1564","","241226145538","XBUA_Nicole_Ventura","639469619804","19 - Prepaid","Non-Active","December 19, 2024","Nap 4 Port 9
 Lester/Making","1,000","Active","PUROK 5 BRGY BUAYAEN BYB PNG",""
"1565","","241226152109","XDU_Arjay_Gabito","639706486408","21 - Prepaid","Non-Active","December 19, 2024","Nap 2 Port 15
 Gilbert/Dong
 
 OLD DD: MARCH 19
 DC- APRIL 08
 20 DAYS
 DELETE APRIL BILLING
 RC- APRIL 24 PAID VIA CASH
 NEW DD: MAY 05
 -CLARISSE
 ======================
 OLD DD: MAY 05
 DC-MAY 19
 RC-MAY 21
 NEXT DD: JUNE 07 2025
 =======================
 10 old due date
 dc june 12
 rc june 23 PAID VIA MAYA WALLET REF# 5029963761464
 NEW DD: JULY 21","1,000","Active","Purok 6 Brgy Dusoc Bayambang Pangasinan",""
"1566","","400102","XAMS_Marydiane_Zarate","639393604478","28 - Prepaid","Non-Active","December 28, 2024","Nap 5 Port 2
 Johan/Making
 
 Feb 3 2026- Client paid the wrong bill *Feb it should be Jan bill = reprocessed and inform the client . Nxt due date is Feb 2026-Clarisse","1,000","Active","Purok 1 Brgy Amangcosiling Sur Bayambang Pangasinan",""
"1567","","7600047","XZ6_Emma_Duenas","639919226964","28 - Prepaid","Non-Active","December 28, 2024","Nap 2 Port 14
 Johan/Making","1,000","Active","Brgy Zone VI Bayambang Pangasinan",""
"1568","","35000050","MLAO_Renato_Andres","639267006297","28 - Prepaid","Non-Active","December 28, 2024","Port 4","1,000","Active","148 Zone II Laoc East Alcala Pangasinan",""
"1569","","35000053","MPE_John_Christian_DeGracia","639639981248","28 - Prepaid","Non-Active","December 30, 2024","Port 4","799","Active","Funston ST, Pob East, Alcala Pangasinan",""
"1570","","35000055","MANU_Arnel_Sante","639693043304","9 - Prepaid","Non-Active","January 30, 2025","Port 2
 Marben
 MARCH 11 2025 DC
 
 04/07/2025:
 feb 28 duedate nia march 11 n n disconnect
 11days usage kaya 
 APRIL 26 NEXT DUE DATE
 -Remarks by Ate Loreen
 =============================
 DC - Feb 1, 2026
 Old DD - Every 28th of the month
 RC - Feb 9, 2026
 New DD - Every 9th of the month
 Next DD: March 9 2026 - Hans
 July 04 2025- DC requested by the the agent
 ==========
 DC 11/3/25 - Ice (Marben rqst)
 RC 12/6/25 - Ice","1,000","Active","31 Zone 5 Brgy Anulid Alcala Pangasinan",""
"1571","","6600068","DTE_Alex_Cura","639612277872","28 - Prepaid","Non-Active","December 28, 2024","Nap 2 Port 16
 Jeff/Mier","1,000","Active","PUROK 5 BRGY TELBANG BYB PNG",""
"1572","","2600032","DDA_Billyjoe_Ragasa","639777369368","28 - Prepaid","Non-Active","December 28, 2024","OK
 Nap 2 Port 1","1,000","Active","#113 Purok 3 Brgy Darawey Bayambang Pangasinan",""
"1573","","242300034","XBE_Jijilyn_Macaraeg","639558992509","2 - Prepaid","Non-Active","December 27, 2024","Port 3 Nap 2
 Dong/Bartolo
 ==========
 DC 10/30/25 - Ice
 RC 10/31/25 - Ice
 DC:May 1/RC:May 3/New DD:30-darz","1,000","Active","Purok 4 Bongato East Bayambang Pangasinan",""
"1574","","6500056","DTA_Lito_Asuncion","639814908482","4 - Prepaid","Non-Active","January 29, 2025","Nap 2 Port 6
 ==============
 OLD DD: 28
 ISOLIR: 9
 RC: JULY 13 2026
 NEXT DD: AUG 4 2026-CLARISE","1,000","Active","Miguel St, Brgy Tatarac Bayambang Pangasinan",""
"1575","","35000057","MSPI_Kimberly_Sadorra","639306356001","14 - Prepaid","Non-Active","December 14, 2024","Port 9
 Marben","1,000","Active","Sitio Cupi San Pedro Ili Brgy Alcala Pangasinan",""
"1576","","35000060","MSPI_Annabel_Bete","639507629771","14 - Prepaid","Non-Active","December 14, 2024","Port 4
 Marben","799","Active","Zone 5 Brgy San Pedro ili Alcala Pangasinan",""
"1577","","1735870290","MSPI_Jessa_Asong","639511847528","3 - Prepaid","Non-Active","January 03, 2025","Port 2
 Contact Number:09850216280","1,000","Active","Purok 3 San pedro ili
 OK",""
"1578","","1735874277","XBE_Lorena_Chan","639193720020","3 - Prepaid","Non-Active","January 03, 2025","Nap 2 Port 4
 Johan Jojo
 ========
 DC 11/7/25 - Ice
 RC 11/7/25 - Ice","1,000","Active","Purok 4 bongato east bayambang pangasinan
 OK",""
"1579","","1735876436","DPA_Jerry_Espejo","63915395319","3 - Prepaid","Non-Active","January 03, 2025","Port 3","1,000","Active","113 PUROK 2 PANGDEL BYB PNG",""
"1580","","1735877695","XBA_Harveyjustine_Angeles","639911432044","16 - Prepaid","Non-Active","January 03, 2025","Nap 3 Port 15
 Lester/Making
 DC - FEB 21 2025
 
 NEW DD: JUNE 14
 ==============
 Old DD 14
 DC 10/20/25 - Ice
 6 days consumed
 New DD 11/16/25
 DC 11/19/25 - Ice
 RC 11/20/25","1,000","Active","Don Pascual 2 Bani Bayambang Pangasinan
 OK",""
"1581","","1735878732","DPA_Arlyn_Odavar","639055551371","3 - Prepaid","Non-Active","January 03, 2025","Port 4","1,000","Active","Purok 2 Pangdel, Bayambang Pangasinan",""
"1582","","6900041","TWAR_Joselito_Torres","639393507166","3 - Prepaid","Non-Active","December 03, 2024","Nap 7 Port 8
 JHUN","1,000","Active","Purok 5 Brgy Warding Bayambang Pangasinan
 OK",""
"1583","","2600033","TDA_Jenny_Agpoon","639456708541","3 - Prepaid","Non-Active","December 03, 2024","Port 10
 JHUN","1,000","Active","Purok 1 Brgy Darawey Bayambang Pangasinan",""
"1584","","1735886190","DTA_Jocelyn_Manuel","639318379911","3 - Prepaid","Non-Active","January 03, 2025","Nap 3 Port 12","1,000","Active","Patricio St, Brgy Tatarac Bayambang Pangasinan",""
"1585","","35000061","MSPI_Pauline_Dacanay","639508816491","2 - Prepaid","Non-Active","December 02, 2024","Nap 3
 marben","1,000","Active","341 Espiritu St, San Pedro ili Alcala Pangasinan",""
"1586","","35000062","MSPI_Guendalyn_Sadorra","639498288864","22 - Prepaid","Non-Active","December 02, 2024","Port 10
 Marben
 =======
 for pullout walang tao -jeff
 =========
 August 26, 2026 RECONNECTION
 old dd 2
 New DD : Sept 22 2026","1,000","Active","343 Espiritu St, San Pedro ili Alcala Pangasinan
 OK",""
"1587","","35000063","MSPI_Suzzie_DelaCruz","639915331092","4 - Prepaid","Non-Active","December 04, 2024","Zone 5 San Pedro ili Alcala Pangasinan","1,000","Active","San Pedro ili Brgy Alcala Pangasinan",""
"1588","","35000065","MSV_Nico_Dilan","639266756508","5 - Prepaid","Non-Active","December 05, 2024","Port 4","1,000","Active","Zone 5 Brgy San Vicente Alcala Pangasinan",""
"1589","","35000066","MSV_Joseph_Mendoza","639951820399","5 - Prepaid","Non-Active","December 05, 2024","Port 2
 MArben","1,000","Active","Rizal St, Zone 2 Brgy San Vicente Alcala Pangasinan
 OK",""
"1590","","35000067","MSPI_Marife_Garcia","639070274492","5 - Prepaid","Non-Active","December 05, 2024","Port 1
 Marben","1,500","Active","Sitio San Pedro ili Alcala Pangasinan",""
"1591","","35000068","MLAO_Angelica_Andres","639122439029","5 - Prepaid","Non-Active","December 05, 2024","OK
 Port 2
 Marben","1,000","Active","147 Zone 2 Laoc East Alcala Pangasinan",""
"1592","","1735888447","MSPI_Rommel_Daligdig","639283930392","3 - Prepaid","Non-Active","January 03, 2025","Port 1","1,000","Active","167 zone 3 San Pedro Ili Alcala Pangasinan",""
"1593","","35000069","MSPI_Samson_Escobar","639773742969","17 - Prepaid","Non-Active","December 05, 2024","Port 2 Nap 4
 Marben
 
 old dd 8 new dd 17","800","Active","Zone 7 Dona ma Lourdes San pedro ili Alcala Pangasinan",""
"1594","","5400031","XRE_Dondon_Villamil","639487470793","3 - Prepaid","Non-Active","December 03, 2024","Port 9
 DC MARCH 18 2025 ALDRIN
 ORIGINAL DUE DATE 3
 ==========================
 Dc - April 10, 2025
 rc - April 23 2025
 send payment via gcash ref#0028 018 096 229 dated april 23
 New DD: mAY 17
 ===========================================
 5/23/2025-DC
 =========================================
 17 old due date
 may 23 2025 dc- 6 DAYS
 june 23 2025 rc PAID VIA MAYA WALLET
 NEW DD- JULY 17
 ==========
 DC 10/22/25 - Ice
 RC 10/23/25 - Ice
 =========
 DC 11/20/25 - Ice
 RC 11/24/25 - Ice
 ---------------
 12/23/25 RC
 ============
 4/16/26 Done pullout modem/Unplugged sc nap port2 -ivan/piolo
 ===========
 old dd: 23/ rc: may 3 2026-darz","1,000","Active","Purok 1 Brgy Renado Bayambang Pangasinan",""
"1595","","400103","XAMS_Roland_Junio","639773446909","3 - Prepaid","Non-Active","December 03, 2024","Nap 2 Port 15
 Charlie/Jeff
 ========
 DC 11/7/25 - Ice","1,000","Active","Purok 6 Brgy Amangcosiling Sur Bayambang Pangasinan",""
"1596","","250103161836","XCB_Ramil_Caoagdan","639494752895","12 - Prepaid","Non-Active","December 03, 2024","Port 7
 Mier/Melvin
 
 04-10-25 DC CLARISSE
 =====================
 RECON- AUG 12 2025
 NEXT DD: SEPT 12 2025","1,000","Active","225 Cabayaosan Mangatarem  Pangasinan",""
"1597","","20000023","XBAL_Zenaida_Albalos","639154125350","3 - Prepaid","Non-Active","December 03, 2024","Port 7
 Jasper/Sonny","1,000","Active","Zone 2 Brgy Baluyot Bautista Pangasinan",""
"1598","","35000070","MSPI_Cherilyn_Calvero","639288363666","3 - Prepaid","Non-Active","December 03, 2024","Nap 3 Port 1
 Marben","1,000","Active","16 Sapphire San Pedro ili Alcala Pangasinan",""
"1599","","17000016","MLAO_Carlo_Lucas","63916630823","3 - Prepaid","Non-Active","December 03, 2024","Nap 2 Port 3
 Marben","1,000","Active","Zone 6 Brgy LAOC Alcala Pangasinan",""
"1600","","35000071","MSV_Eric_Velo","639270059364","3 - Prepaid","Non-Active","December 03, 2024","Nap 8 Port 2
 Michael/Daniel","1,000","Active","San Vicente Alcala Pangasinan",""
"1601","","1735895180","XMP_Joan_Medrano","639511299649","3 - Prepaid","Non-Active","January 03, 2025","Nap 5 Port 6
 Lester/Making","1,000","Active","Purok 2 Centro Manambong Parte Bayambang Pangasinan
 OK",""
"1602","","6500057","XTA_Myla_Velasquez","639503657917","23 - Prepaid","Non-Active","December 12, 2024","Nap 5port 12
 Mierjohn/Michael
 
 =============
 Old dd 12
 DC 11/18/25 - Ice
 6 days consumed
 RC 11/29
 New DD 12/23-ej","1,000","Active","#9 Ramon St, Brgy Tatarac Bayambang Pangasinan",""
"1603","","250103172652","XBUA_Antonio_Ventura","639761346360","3 - Prepaid","Non-Active","December 12, 2024","Port 9
 Charlie/Making
 
 
 =============
 DC 11/18/25 - Ice
 RC 11/19/25 - Ice
 DD:12 CHANGE TO 25 -DARZ(JAYMARK)
 ============
 July 7, 2026 reconnection
 new dd: every 3d of the month - hans","799","Active","PUROK 3 BRGY BUAYAEN BYB PNG",""
"1604","","1735954261","DPA_Alvygay_Alabaso","639070293259","4 - Prepaid","Non-Active","January 04, 2025","Nap 4 Port 16
 WIth Overspan 500","1,000","Active","PUROK 3 PANGDEL BYB PNG",""
"1605","","1735954385","MPE_Susan_Carlos","639455172457","4 - Prepaid","Non-Active","January 04, 2025","Port 6","1,000","Active","Purok 4 Poblacion East Alcala Pangasinan",""
"1606","","1735955165","TWAR_Jeffrey_Torres","639468564998","4 - Prepaid","Non-Active","January 04, 2025","Nap 7 Port 9
 JHUN","1,000","Active","Purok 5 Warding Bayambang Pangasinan",""
"1607","","1735957664","MSPI_Danelle_Cabatic","6397744332596","4 - Prepaid","Non-Active","January 04, 2025","Port 1","799","Active","Purok 5 arboleda st san pedro ili alcala",""
"1608","","1735960513","XBN_Lenny_Custodio","639951317201","4 - Prepaid","Non-Active","January 04, 2025","Port 14
 Making/Jef","1,000","Active","Dalandan St. Bical Norte Bayambang Pangasinan",""
"1609","","1735962598","TBA_Juanito_Villanueva","639389854270","4 - Prepaid","Non-Active","January 04, 2025","Nap 2 Port 2
 JHUN","1,000","Active","Don Pascual 2, Bani",""
"1610","","1735964939","MSPI_Norlyn_Climaco","639675290388","4 - Prepaid","Non-Active","January 04, 2025","Port 5","799","Active","Brgy: San Pedro Ili 
 Zone:Purok - Zone 2",""
"1611","","1735968131","DNN_Angelica_Balasabas","639079651900","4 - Prepaid","Non-Active","January 04, 2025","Port 3
 Dante","1,000","Active","Nibaliw Norte, Baustisa Pangasinan",""
"1612","","1735970155","TPU_Jeralin_Mirandilla","639552896314","4 - Prepaid","Non-Active","January 04, 2025","Nap 2 Port 11
 JHUN","1,000","Active","Purok 2 Pugo, Bayambang, Pangasinan",""
"1613","","1735974313","MPE_Jomar_Cabatic","639958828080","4 - Prepaid","Non-Active","January 04, 2025","Port 6","799","Active","Funsnton street zone 6 pob east",""
"1614","","1735974704","XCB_Domingo_Agacite","639813976558","28 - Prepaid","Non-Active","January 04, 2025","Nap 2 Port 6
 Making/Jeff
 =======
 DC - 02/07/2026
 RC - 02/09/2026
 Old DD - Every 4th of the month
 New DD - Every 9th of the month
 Next DD - March 9, 2026 - Hans
 ========================
 OLD DD: APRIL 9 (FOR DELETE)
 RECON- MAY 28 2026
 NEW DD: JUNE 24 2026-CLARISSE
 =======
 3 days due date adjustment - hans","1,000","Active","215 Cabayaoasan Mangatarem Pangasinan",""
"1615","","1735976918","MSN_MarieJoy_Valdez","639367848003","4 - Prepaid","Non-Active","January 04, 2025","Port 1","799","Active","Zone 3 san nicolas alcala pamgasinan",""
"1616","","5500062","TSG1_Jackielyn_Ramirez","639516348582","11 - Prepaid","Non-Active","December 11, 2024","Nap 1 Port 1
 Jhun","1,000","Active","Purok 7 San Gabriel 1st Bayambang Pangasinan",""
"1617","","5700083","XSV_Marcelyn_Delacruz","639272203737","12 - Prepaid","Non-Active","December 11, 2024","Nap 1 Port 8
 Piolo","1,000","Active","Kapantulan San Vicente Bayambang Pangasinan
 OK",""
"1618","","4200054","XMAN_Ferdinand_Rabina","639617513391","11 - Prepaid","Non-Active","December 11, 2024","Nap 6 Port 13
 Charlie/Making
 ==========
 Additional 3 days grace period due to 3 days no connection – hans","1,000","Active","Purok 4 Brgy Managos Bayambang Pangasinan",""
"1619","","35000073","MSPI_Reigh_Custodio","639100188099","11 - Prepaid","Non-Active","December 11, 2024","Port 4
 Marben","1,500","Active","Sitio Cupi Rd San Pedro ili Alcala Pangasinan",""
"1620","","35000075","MCAN_Justine_Ebio","63959786970","11 - Prepaid","Non-Active","December 11, 2024","Port 13","1,000","Active","01 Aguinaldo Canarvacanan Alcala Pangasinan",""
"1621","","35000077","MPE_Rodel_Cabanilla","639156654954","11 - Prepaid","Non-Active","December 11, 2024","Port 3
 Marben","1,000","Active","Funston St, Pob East, Alcala Pangasinan",""
"1622","","1736043707","MSPI_Aiza_Cacayurin","639455172457","5 - Prepaid","Non-Active","January 05, 2025","Port 7","1,000","Active","Zone 5 San pedro ili alcala pangasinan",""
"1623","","1736044470","MSPI_Mark_Corpuz","639265437345","5 - Prepaid","Non-Active","January 05, 2025","OK
 Port 8","1,000","Active","Purok 5 San Pedro ili alcala pangasinan",""
"1624","","1736046197","MSPI_Daisy_Vergara","639300978619","5 - Prepaid","Non-Active","January 05, 2025","Port 3","1,000","Active","Zone 3 asuncion st San pedro ili alcala pangasinan",""
"1625","","1736051362","MSPI_Mon_Siapno","639637544665","5 - Prepaid","Non-Active","January 05, 2025","Port 3","799","Active","Zone 7 sitio patalan sabln pedro ili alcala pangasinan",""
"1626","","1736061271","MPE_Noemi_Cabrales","639218856902","5 - Prepaid","Non-Active","January 05, 2025","Port 2
 
 05-06-25 - Agent requested to DC Client's account -Clarisse
 dc may 3 2025
 rc may 6 2025 paid via gcash - Clarisse
 next dd: June 05","799","Active","Zone 5 PSison Poblacion East Alcala Pangasinan",""
"1627","","1736063164","MPE_Emmanuel_Barizo","639217071385","5 - Prepaid","Non-Active","January 05, 2025","Port 8","799","Active","221 fonstons st poblacion east alcala pangasinan",""
"1628","","1736128735","DAP_Aiza_Manuel","639851371674","6 - Prepaid","Non-Active","January 06, 2025","Nap 6 Port 7
 Dante","1,000","Active","Apalen Bayambang Pangasinan",""
"1629","","1736131196","MPW_Albaraido_Gomez","639664026182","6 - Prepaid","Non-Active","January 06, 2025","PORT 4","1,000","Active","DILG Alcala Pangasinan",""
"1630","","1736134097","MPW_Keith_Miranda","639772565663","10 - Prepaid","Non-Active","January 06, 2025","Port 5
 old dd:6/ dc 2 months/ rc: 9/10/26= new dd:10-darz/ upgrade to 1000 plan","1,000","Active","Ice ice baby Pob west Alcala pangasinan",""
"1631","","1736139433","DAP_Olga_Agustin","639944590186","6 - Prepaid","Non-Active","January 06, 2025","Nap 6 Port 8","1,000","Active","Purok 2 Apalen Bayambang Pangasinan",""
"1632","","1736159575","MLAO_Annalyn_Pablo","639272373742","6 - Prepaid","Non-Active","January 06, 2025","port 1","1,000","Active","Zone 1 Ferrer St Laoac east alcala pangasinan",""
"1633","","1736159735","MLAO_Marlyn_Totaan","639617536291","6 - Prepaid","Non-Active","January 06, 2025","port 2","799","Active","Zone 1 laoac east alcala pangasinan",""
"1634","","1736217513","XMS_Jonas_Bautista","639913740421","9 - Prepaid","Non-Active","January 07, 2025","MAY 29 2026
 OLD DD: 07
 NEW DD: 09
 2 DAYS NO CONNECTION-CLARISSE","1,000","Active","Purok 2 manambong sur bayambang pangasinan",""
"1635","","400104","XAMS_Zenaida_Alejo","639959858627","11 - Prepaid","Non-Active","December 11, 2024","Nap 2 Port 7
 Jasper/Sonny","1,000","Active","Purok 6 Brgy Amangcosiling Sur Bayambang Pangasinan",""
"1636","","35000078","MSV_Laurenj_Renopa","639274965640","6 - Prepaid","Non-Active","December 06, 2024","Port 5
 Marben
 
 ===========
 DC 10/17/25 - Marben
 RC 10/18/25 - Ice","1,000","Active","217 Nat'l Road San Vicente  Alcala Pangasinan",""
"1637","","35000079","MSPI_Rose_Carancho1","639618381474","6 - Prepaid","Non-Active","December 06, 2024","Port 1
 Marben","1,000","Active","Sitio Kupe San Pedro ili Alcala PAngasinan",""
"1638","","35000080","MSPI_Rose_Carancho2","639618381474","6 - Prepaid","Non-Active","December 06, 2024","Port 2
 Marben","1,000","Active","Sitio Cupe San Pedro ili Alcala PAngasinan",""
"1639","","35000081","MSPI_Rose_Carancho3","639618381474","14 - Prepaid","Non-Active","December 06, 2024","Port 3
 Marben
 
 04-14-25 - received payment via cash remit (no march billing)
 RC 10/27/25 - Ice (Marben rec rqst)","1,000","Active","Sitio Cupe San Pedro ili Alcala Pangasinan
 OK",""
"1640","","35000083","MSPI_MaryJean_Oliveras","639208459047","6 - Prepaid","Non-Active","December 06, 2024","Port 4
 Marben","1,000","Active","440 Cupi San Pedro ili Alcala PAngasinan",""
"1641","","400105","TAMS_Evelyn_Fernandez","639858405101","27 - Prepaid","Non-Active","December 05, 2024","Nap 3 Port 11
 JHUN
 
 JUNE 14-DC REQUESTED BY THE AGENT
 OLD DD- JUNE 5
 June 13 2025- 8 DAYS
 June 18 2025- RC 
 NEW DD: JULY 10
 ===========
 RC 10/18/25 - ice
 ----------------
 DC=11/22/2025
 ============
 OLD DD 9 
 RC =DEC 18 2025
 NEXT DD: JAN 18 2025
 ==========
 DC 03/27/2026
 RC 04/16/2026
 OLD DD 18
 NEW DD 16
 NEXT DD 05/16/2026 - HANS
 ===========
 NEW DD 27
 RC July 31, 2026 - hans","1,000","Active","Purok 3 Brgy Amangcosiling Sur Bayambang Pangasinan",""
"1642","","35000084","MPE_Analyn_Agbing","63992502395","9 - Prepaid","Non-Active","December 09, 2024","Port 5
 Marben","1,000","Active","P Sison Rd Pob East Alcala Pangasinan",""
"1643","","35000087","MSJC_JohnPaul_Bulosan","63956026396","9 - Prepaid","Non-Active","December 09, 2024","Port 3
 Marben","1,000","Active","84 Nat'l Road San Jauan Alcala Pangasinan
 OK",""
"1644","","35000088","MSN_Pines_DeCastro","639813228354","9 - Prepaid","Non-Active","January 07, 2025","Port 1
 Piolo/Marvin
 =======
 August 21, 2026 DOWNGRADE FROM 100 MBPS TO 50 MBPS - HANS","799","Active","Zone 4 Brgy San Nicolas Alcala Pangasinan",""
"1645","","35000089","MSV_Rodel_Velasco","639157474272","11 - Prepaid","Non-Active","December 09, 2024","Port 7
 Marben
 =====================
 August 25 2026 - Old dd: 9 new dd: 11 adjusted 2 days due to repair -Clarisse","799","Active","Zone 5 Brgy San Vicente Alcala Pangasinan
 OK",""
"1646","","4100028","DMA_Rycamay_Bugagon","639639997253","9 - Prepaid","Non-Active","December 09, 2024","Nap 5 Port 6
 Dante","1,000","Active","Purok 4 Brgy Malioer Bayambang Pangasinan
 OK",""
"1647","","1736233801","XTAM_Ricardo_Yadao","639638546314","7 - Prepaid","Non-Active","January 07, 2025","OK
 Nap 2 Port 1
 Johan/jojo
 
 MAY 05- Customer paid via gcash already paid in the systejm, but line up for repair due to no internet connection (will adjust payment if cant repair withiny 05-may 15,2025 - Clarisse","1,000","Active","Purok 4,tampog bayambang pangasinan",""
"1648","","1736238926","XPU_Reybert_Junio","639466964591","22 - Prepaid","Non-Active","January 07, 2025","Port 11
 Edward / Ma king
 DC MARCH 18 2025 ALDRIN
 DC- APRIL 16 2025 CLARISSE
 ==========
 july 22, 2026
 Reconnection, Edward and Making","799","Active","124 purok 1 Pugo Bayambang
 OK",""
"1649","","1736240263","XBS_Honielyn_Baniqued","639777695782","7 - Prepaid","Non-Active","January 07, 2025","==========
 DC 10/10/25
 RC 10/10/25
 =========
 Additional 3 days grace period due to 3 days no connection - hans","1,000","Active","Purok 2 bical sur bayambang pangasinan",""
"1650","","1736243337","XTAN_Mark_Junio","639215081302","7 - Prepaid","Non-Active","January 07, 2025","port 13
 Lester/Making
 
 ==========
 DC 10/10/25
 RC 10/10/25","1,000","Active","#220 Sitio Bengal Tanolong Bayambang Pangasinan",""
"1651","","1736300779","MSPI_Jorge_Abao","639939239274","8 - Prepaid","Non-Active","January 08, 2025","Port 1
 
 DC 12/13/25 - Marben rqst","1,000","Active","Dona Maria Lourdes Village San pedro ili Alcala Pangasinan",""
"1652","","1736302851","DID_Kathy_Flores","639100175000","8 - Prepaid","Non-Active","January 08, 2025","Nap 4 Port 2","1,000","Active","Purok 3  Idong Bayambang Pangasinan",""
"1653","","1736303288","XBAL_Ernesto_Junio","639667655624","8 - Prepaid","Non-Active","January 08, 2025","Port 1
 Johan/Jojo","1,000","Active","Baluyot Bautista Pangasinan",""
"1654","","400106","XAMS_Alona_Dejesus","639198406253","10 - Prepaid","Non-Active","December 06, 2024","NAP 5 PORT 10
 
 OLD DD: 06
 MOVED DUE DATE TO 10 APPROVED BY SIR JAY
 
 ==============","1,000","Active","Brgy Amangcosiling Sur Bayambang Pangasinan
 OK",""
"1655","","35000092","MSPI_Elmer_Medrano","639307162203","10 - Prepaid","Non-Active","December 10, 2024","Port 3
 Marben","799","Active","San Pedro ili Alcala Pangasinan",""
"1656","","5500063","XSG1_Maylyn_Ribusa","639358235899","16 - Prepaid","Non-Active","December 09, 2024","Nap 8 Port 16
 Charlie/Daniel
 ============
 DC 10/14/25 - Ice
 ==============
 11/15= remit by Sir jhun november payment
 old dd: 9/adjsuted 7 days -darz/ new dd:16","1,500","Active","200 Purok 7 Brgy San Gabriel 1st Bayambang Pangasinan
 Ok",""
"1657","","250108112310","TBA_Christine_Junio","639635197533","10 - Prepaid","Non-Active","December 10, 2024","Nap 3 Port 13
 JHUN","1,000","Active","Don Pascual 2 Brgy Bani Bayambang Pangasinan",""
"1658","","35000093","MSPI_Anghelito_Bautista","639123456789","4 - Prepaid","Non-Active","December 04, 2024","Port 2
 Marben","1,000","Active","San Pedro ili Purok 5 Alcala Pangasinan",""
"1659","","1736311065","XAM2_Gerald_Santos","639635895269","8 - Prepaid","Non-Active","January 08, 2025","Nap 4 Port 3
 Lester/Making
 =======","1,000","Active","Purok 1 Ambayat 2nd Bayambang Pangasinan",""
"1660","","35000095","MSN_Ronnie_Publico","639920269910","10 - Prepaid","Non-Active","December 10, 2024","Port 3
 Marben","1,000","Active","138 Arboleda St, Brgy San NIcolas Alcala Pangasinan",""
"1661","","300039","XAMN_Norbert_Pascual","639602889743","17 - Prepaid","Non-Active","December 10, 2024","Nap 5 Port 7
 Jasper/Sonny
 Old DD:10/adjusted 7 days-darz/new DD:17
 ===============================
 August 12 2026
 Client decided to Downgrade  from 1k to 799 plan -clarisse","799","Active","PUROK 1 BRGY AMANGCOSILING NORTE BYB PNG",""
"1662","","4900094","DPA_Cherrey_Zarate","639509511733","22 - Prepaid","Non-Active","December 16, 2024","Port 3
 Dante
 
 
 04-26-25 - Agent requested to move due date.
 OLD DD: 16
 NEW DD: 22
 -clarisse
 DC 11/29/25 - Ice (dante rqst)","1,000","Active","PUROK 1 BRGY PANGDEL BYB PNG",""
"1663","","4900095","DPA_Marita_Arcilla","639485173925","22 - Prepaid","Non-Active","December 16, 2024","Port 4
 Dante
 DC 11/29/25 - Ice (dante rqst)
 12/19/25- OLD DD 16 MOVE TO 22 RQSTD BY SIR DANTE","1,000","Active","PUROK 1 BRGY PANGDEL BYB PNG",""
"1664","","2900082","XID_Marissa_Mamaril","639277715147","18 - Prepaid","Non-Active","December 16, 2024","Nap 1 Port 8
 Mierjohn/Michael
 ===========================
 June 24,2025-  Client relocate from her previous are Purok 5 Brgy Hermoza Bayambang Pangasinan to  Purok 2, Idong, Bayambang, Pangasinan. 
 201-4BYB65LCP1NP3P16
 PIOLO / JEROM
 Also change name: from XHE_Marissa_Friaz to XID_Marissa_Mamaril.
 DC 11/19/25 - Ice
 RC 11/19/25 - Ice
 old dd:16
 05/28/26( service interruption,2 days no connection) adjusted due date-new dd:18 -darz","1,000","Active","Purok 2, Idong, Bayambang, Pangasinan.",""
"1665","","250108134705","XBUA_Joan_Junio","639462051985","4 - Prepaid","Non-Active","December 16, 2024","Nap 4 Port 16
 Charlie/Making
 
 june 16-old dd
 june 19 dc-3 days
 july 1 rc 
 new dd: july 29
 
 ==========
 DC 11/3/25 - Ice
 RC 11/4/25 - Ice
 ==========
 3/31/26 Unplugged sc Nap/Modem not yet recover walang tao -jeff
 ===============================================
 APRIL 01 2026- CLIENT RECONNECT NEW DD: 1 DELETE JAN-MARCH BILL AND ADJUST NEW DD-RECONENCTED-CLARISSE","1,000","Active","PUROK 5 BRGY BUAYAEN BYB PNG",""
"1666","","21100029","XDI_Marcelina_Anasco","639858447255","17 - Prepaid","Non-Active","December 16, 2024","Port 3
 Lester/Gilbert
 DC 11/19/25 - Ice
 RC 11/19/25 - Ice
 ==========
 May 30, 2026 - Downtime
 Isolir date, 2 days adjusted
 2 days no Connection - hans
 -------------------
 SEPT 21 2026
 RC NEW DD: OCT 17 2026 PLUS 4 DAYS GRACE PERIOD -CLARISSE","799","Active","380 DIKE SIDE, DIAZ BAU PNG
 OK",""
"1667","","5400033","DRE_Ronalyn_Ventura","639633835070","16 - Prepaid","Non-Active","December 16, 2024","Nap 1 Port 2
 Dante","1,000","Active","2 Reynado Bayambang Pangasinan",""
"1668","","5500064","TSG1_Kenneth_Villoria","639672741152","11 - Prepaid","Non-Active","December 16, 2024","Nap 4 Port 2
 Jun
 RC 11/22/25 - Ice
 ===================
 JULY 11 2026
 SIR JHUN REQUESTED TO UPDFATE THE BILL FOR RECON
 DELETE THE JUNE BILL.
 OLD DD: 16
 NEW DD: 7  PLUS 4 DAYS GRACE PERIOD-CLARISSE","1,000","Active","Purok 3 Brgy  Sn Gabriel 1st Bayambang Pangasinan",""
"1669","","5300051","TPU_Alma_Devera","639677658195","16 - Prepaid","Non-Active","December 16, 2024","Port 15
 JHUN","1,000","Active","Purok 1 Brgy Pugo Bayambang Pangasinan",""
"1670","","35000098","MSJC_Harlene_Paningbatan","639093584664","16 - Prepaid","Non-Active","December 16, 2024","OK
 Port 2
 Marben","1,000","Active","Zone 7 Sitio Canan San Juan Alcala Pangasinan",""
"1671","","35000099","MSPI_Joy_Medrano","639125521277","16 - Prepaid","Non-Active","December 16, 2024","Port 5
 Marben","1,000","Active","Zone 5 San Pedro ili Alcala PAngasinan",""
"1672","","1736319901","MSJC_Jimuel_Tasani","639156486742","8 - Prepaid","Non-Active","January 08, 2025","Port 2","799","Active","Zone 5 Sitio canan San juan alcala",""
"1673","","6600071","XTE_Yolanda_Yohanon","639634141829","19 - Prepaid","Non-Active","December 19, 2024","Nap 6 Port 6
 Jasper/Sonny","1,000","Active","TEBANG HIGH WAY PUROK 1 BYB PNG",""
"1674","","500023","XAM1_Racquel_Eliang","639623827675","20 - Prepaid","Non-Active","December 19, 2024","Nap 3 Port 12
 Lester/Pedro
 ==============
 DC 10/23/25 - Ice
 RC 10/24/25 - Ice
 Adjusted DD  for 11 days Due to typhoon
 Old DD 19 new DD 12/30-EJ
 
 
 DD:30 CHANGED TO 28-DARZ
 
 JAN 24 2026-DD IS 28 BUT MAAM SHEI REQUEST TO DC CLIENT , CLIENT HAS 4 DAYS LEFT TO USE. WILL LET US KNOW WHEN TO RECONNECT AS PER MAM SHEI -CLARISSE
 =================================================
 OLD DD:28
 RC-FEB 13 2026
 NEW DD; MARCH 13 2026-CLARISSE
 +7 days darz/new dd:20","1,000","Active","PUROK 1 BRGY AMBAYAT 1ST BYB PNG
 OK",""
"1675","","4400044","XMP_Marjorie_Castillo","639165838929","18 - Prepaid","Non-Active","December 18, 2024","Nap 5 Port 5
 Gilbert/Daniel
 DC 11/21/25 - Ice","1,000","Active","Purok 2 Brgy Manambong Bayambang Pangasinan",""
"1676","","4900096","DPA _Norma_Bautista","639669351797","17 - Prepaid","Non-Active","December 17, 2024","Port 5
 Dante","1,000","Active","04 BRGY PANGDEL BYB PNG",""
"1677","","35000100","MSPI_Michael_Dumlao","639157181527","18 - Prepaid","Non-Active","December 18, 2024","Port 3
 Marben","800","Active","ZOne 5 Brgy San Pedro ili Alcala Pangasinan",""
"1678","","35000101","MSJC_Samuel_Andres","639685143276","18 - Prepaid","Non-Active","December 18, 2024","Port 4
 Marben
 
 ===========
 10/21/25 Downgrade 1500 -> 1000 ; Marben rqst (Ice)","1,000","Active","Zone 2 78 National Road San juan Alcala Pangasinan",""
"1679","","35000102","MSJC_JonaLiza_Andres","639128845865","20 - Prepaid","Non-Active","December 18, 2024","Port 5
 Marben","1,000","Active","Zone 2 San Juan Alcala PAngasinan",""
"1680","","250108154711","XBUA_Eden_Cayabyab","639916885743","28 - Prepaid","Non-Active","December 17, 2024","Nap 3 Port 16
 Charlie/Making
 old dd: june 17
 dc-june 20
 rc-June 23
 new dd: july 21
 -------------------
 JULY 23 2025 DC - ALDRIN
 AUGUST 2 2025 RC - ALDRIN
 NEW DUE DATE 30: 
 paid 12/27/25 nakalimutan ko ipaid-darz (paid 31)
 changed to 28-darz
 ================
 OLD DD:FEB 28
 DC:MARCH 06
 RC- MARCH 09
 NEW DD: APRIL 06 2026 RECONNECTION DELETE MARCH BILL-CLARISSE
 dc: june 11/ rc: june 28/ new dd: july 28-darz","1,000","Active","218 SACBIT ST, BUAYAEN BYB PNG",""
"1681","","3200048","XINI_Aurelia_Cayabyab","639817613490","19 - Prepaid","Non-Active","December 17, 2024","Nap 2 Port 15
 Johan/Jojo
 OLD DD:17
 DC-JUNE 20
 RC-JUNE 21
 NEXT DD: JULY 19 2025
 =========
 Additional 3 days grace period due to 3 days no connection - hans","1,000","Active","137 Inirangan Bayambang Pangasinan",""
"1682","","1736323134","XAM2_Camille_Ocsona","639093892934","17 - Prepaid","Non-Active","January 08, 2025","Nap 5 Port 13
 Lester/Making
 ==========
 May 29, 2026 - Downtime
 OLD DD - 8
 NEW DD - 10
 2 days no Connection - hans
 ============
 September 17, 2026 Due Date Adjustment
 additional 7 days due date adjustment due to almost 2 weeks power interruption
 old dd 10
 new dd 17 - hans","1,000","Active","PUROK 2 AMBAYAT 2ND BYB PNG",""
"1683","","250108160016","XBN_Magie_Agbuya","639558530485","28 - Prepaid","Non-Active","December 17, 2024","Port 13
 Johan/Jojo
 ==========
 Old DD 17
 DC 10/22/25 - Ice
 5 days consumed
 RC 10/25/25
 New DD 11/ 20
 ============
 DC 11/25/25 - Ice
 =======
 DC 03/24/2026
 RC 03/28/2026
 OLD DD 20
 NEW DD 24
 NEXT DD 04/24/2026 - HANS
 OLD DD:24  (05/28/26= 3 DAYS NO INTERNET/ NEW DD:   1   -DARZ)","1,000","Active","Dalandan ST, Bical Norte Bayambang Pangasinan",""
"1684","","35000104","MPW_Argel_Liberato","639123456789","14 - Prepaid","Non-Active","December 17, 2024","Port 1
 Deleted Sept Bill 10/6/25  BY: Sir jay
 Deleted Oct Bill 10/6/25 By: Sir Jay 
 None Active : 10/6/25   By: Sir Jay 
 =======================
 DC 8/21/2026
 Old DD - every 17th of the month
 RC - 02/14/2026
 New DD - Every 14th of the month
 Next Due Date - March 14, 2026 - Hans","1,000","Active","Rizal St, PobWEst Alcala PAngasinan",""
"1685","","35000105","MSPI_Arlina_Clarus","639602495545","17 - Prepaid","Non-Active","December 17, 2024","Port 2
 Marben","799","Active","Zone 4 San Pedro ili Alcala Pangasinan",""
"1686","","35000107","MSV_MarkXander_Manzano","639283310208","26 - Prepaid","Non-Active","December 26, 2024","Port 8
 Marben
 =========
 August 27, 2026 Upgrade from 50mbps to 100mbps - Hans","1,000","Active","Zone 5 Brgy San Vicente Alcala Pangasinan",""
"1687","","35000108","MLAO_Ernesto_lanuza","639662673364","26 - Prepaid","Non-Active","December 26, 2024","Port 3
 Marben","1,000","Active","Zone 3 Alcantara St, Laoc East Alcala Pangasinan",""
"1688","","250108161958","XDU_Saturnina_Todio","639173151277","26 - Prepaid","Non-Active","December 26, 2024","Nap 3 Port 16
 Johan/Making","1,000","Active","55 Purok 3 Brgy Dusoc Bayambang Pangasinan",""
"1689","","35000109","MANU_Michelle_Cabanilla","639063392873","26 - Prepaid","Non-Active","December 26, 2024","OK
 Nap 7 Port 4
 Marben","1,000","Active","Zone 3 Brgy Anulid Alcala PAngasinan",""
"1690","","4400045","XMP_Jessa_Baltazar","639690940951","2 - Prepaid","Non-Active","December 27, 2024","Nap 7 Port 15
 Johan/Making
 
 
 
 DC 9/8/2025
 ==========
 Old DD 27
 DC 10/30/25 - Ice
 3 days consumed
 RC 11/11
 New DD 12/8
 for delete NOv. Bill-EJ
 =====
 DC 02/12/2026
 RC 03/02/2026
 OLD DD 8
 NEW DD 2
 NEXT DD 04/02/2026 - HANS","1,000","Active","Purok 3 Bukid St, Brgy Manambong Parte Bayambang Pangasinan",""
"1691","","2900083","XHE_Lovely_Sabangan","639635154733","28 - Prepaid","Non-Active","December 28, 2024","Nap 2 Port 7
 Johan/Making
 old dd:28/adjusted 7 days darz/ new dd:5","1,000","Active","451 Purok 5 Hermoza Bayambang Pangasinan",""
"1692","","35000112","MSV_Lydia_Cerezo","639155746522","12 - Prepaid","Non-Active","December 12, 2024","OK
 Port 2
 Marben
 
 RC 11/25/25 - Ice (Marben rqst)","1,000","Active","Zone 1 Brgy San Vicente Alcala Pangasinan",""
"1693","","35000115","MSPI_Lilia_Daluyo","639430612958","22 - Prepaid","Non-Active","December 13, 2024","Port 7
 Marben","1,000","Active","Zone 5 Sitio Cupi San Pedro ili Alcala Pangasinan",""
"1694","","35000116","MSPI_Benjie_Mata","639322102270","22 - Prepaid","Non-Active","December 13, 2024","Port 5
 Marben","1,000","Active","Zone 5 Sitio Cupi San Pedro ili Alcala Pangasinan",""
"1695","","1736390411","XMAN_Ronald_Delacruz","639922149245","9 - Prepaid","Non-Active","January 09, 2025","Nap 7 Port 13
 Johan/Jojo
 
 ==============
 DC 9/12/2025 - Xpacs
 RC 9/13/25","1,000","Active","Purok 5 managos bayambang pangasinan",""
"1696","","1736393823","XID_Beverly_Agcaoili","639302889767","17 - Prepaid","Non-Active","January 09, 2025","OK
 Port 6
 Daniel/Charlie
 ==============
 DC 9/12/2025 - Xpacs
 RC 9/14/2025 - Ice
 ========
 DC 11/17/25 - Ice
 RC 11/18/25 - Ice
 NEW DD: DEC 11 2025 included the 2 days of no connection
 ========
 DC 01/15/2026
 RC 02/17/2026
 Old DD 11
 New DD 17
 Next DD 03/17/2026 -HANS","1,000","Active","Purok 3 Brgy.Bayambang Pangasinan",""
"1697","","1736394684","DHE_Artemio_Devera","639670568773","9 - Prepaid","Non-Active","January 09, 2025","OK
 Nap6 Port 12","1,000","Active","Purok 3 Hermoza Bayambang Pangasinan",""
"1698","","1736397658","MPW_Jhonaliza_Cabanayan","639771205846","9 - Prepaid","Non-Active","January 09, 2025","OK
 Port 2
 SEPT 25 2026
 TAGGED ACCOUNT UNDER OVERDUE - DUE TO NON PAYMENT AFTER DUE DATE AND GRACE PERIOD GIVEN. VERIFIED CONNECTION AT MIKROTIK-CLARISSE","799","Active","28 Rizal St,  Poblacion west Alcala Pangasinan",""
"1699","","250109134555","XCB_Brenda_Devera","639222582369","4 - Prepaid","Non-Active","January 09, 2025","July 8 2026
 Client called to recon 
 June Bill for Delete
 OLD DD: June 22 2026
 DC: June 26 2026
 New DD: Every 4th if the client will settle today (July 8 2026)-Clarisse","1,000","Active","Cabayaosan Mangatarem PAngasinan",""
"1700","","1736406554","MSPI_Ferdinand_Asuncion","639707737118","4 - Prepaid","Non-Active","January 09, 2025","Port 5
 
 ============================
 OLD DD: 9
 RC: JULY 13 2026
 NEXT DD: 4 - CLARISSE
 -------------------------
 AUGUST 9 2026 - DOWNGRADED AND RECON 799 PLAN -CLARISSE","799","Active","Zone 6 Esperito St, San pedro ili Alcala Pangasinan",""
"1701","","35000117","MSPA_Ednardo_Olarte","639106228336","3 - Prepaid","Non-Active","January 03, 2025","Port 2","799","Active","Zone 4 San Pedro Apartado Alcala Pangasinan
 OK",""
"1702","","1736409690","XSG1_Rodel_Payomo","639812881700","9 - Prepaid","Non-Active","January 09, 2025","Nap 4 Port 16
 Johan/Jojo","1,000","Active","Purok 1,San Gabriel 1st, bayambang pangasinan",""
"1703","","1736412847","MPE_NeelJohn_Bagayan","639274738965","9 - Prepaid","Non-Active","January 09, 2025","Port 9","799","Active","Zone 6 Funston St,  Poblacion east Alcala Pangasinan",""
"1704","","1736414240","XID_JohnPaul_Jimenez","639525531780","18 - Prepaid","Non-Active","January 09, 2025","OK
 Port 7
 Charlie/Daniel
 
 June 09- request to downgrade subscription from 1000 to 799 - Approved by Sir Jay.
 reason: He only use Wifi every night.
 NEW DD: DECEMBER 18 2025 due to Typhoon UWAN. no connection from Nov 10 to nOVEMBER 17 2025. CLARISSE","799","Active","Purok 1 ,Brgy. Idong Bayambang Pangasinanez",""
"1705","","1736480253","XTAN_Winnie_Sabangan","639518933497","28 - Prepaid","Non-Active","January 10, 2025","Port 15
 Charlie/Daniel
 ==========
 Old DD 10
 DC 10/16/25 - Ice
 6 days consumed
 RC 10/30
 New DD 11/24
 RC 10/30/25 - Ice
 ============
 OLD DD:24
 DC 11/27/25 - Ice (DD of 23-24)
 RC 11/29/25
 NEW DD""26","1,000","Active","Purok 2 bengal Tanolong Bayambang Pangasinan",""
"1706","","1736499713","XSA_JohnCedric_Bugayong","639460301011","21 - Prepaid","Non-Active","January 10, 2025","OK
 Nap 4 Port 6
 Charlie/Daniel
 OLD DD 10
 NEW DD IS 21 DUE TO NO CONNECTION STARTS LAST NOV 10 AN RESUME BY NOV.20","1,000","Active","Purok 1 Brgy. Sanlibo Bayambang Pangasinan",""
"1707","","1736501464","MSPI_Editha_Barri","639542831028","10 - Prepaid","Non-Active","January 10, 2025","Port 9","1,000","Active","Zone 5 Espiritu St,  San pedro ili alcala",""
"1708","","1736563235","XSV_Jhendel_Junio","639462708453","11 - Prepaid","Non-Active","January 11, 2025","Nap 6 Port 9
 Gilbert/Dong
 with overspan
 
 ==============
 DC 9/16/2025 - Xpacs
 
 ==========
 DC 10/16/25 - Ice
 RC 10/17/25 - Ice","1,000","Active","Purok 5 San Vicente bayambang pangasinan",""
"1709","","1736576239","MLAO_lovelyn_Catungal","639310659186","18 - Prepaid","Non-Active","January 11, 2025","Port 1
 old dd 11 new dd 18","1,000","Active","Purok 7 Laoac west Alcala Pangasinan
 OK",""
"1710","","1736581996","MLAO_Rizza_Lorenzo","639920474563","11 - Prepaid","Non-Active","January 11, 2025","Port 2","799","Active","595 Loria ST,  Laoac west alcala",""
"1711","","1736585830","MSV_Ginaliza_Limos","639501063294","11 - Prepaid","Non-Active","January 11, 2025","Port 3","1,000","Active","383 Rizal Zone 4 San vicente alcala",""
"1712","","1736730994","TSG1_Josephina_Sanchez","639150755454","13 - Prepaid","Non-Active","January 13, 2025","Nap 2 Port 8
 Jhun","1,000","Active","Purok 4, SanGabriel 1st, Bbang, Pangasinan",""
"1713","","1736732562","MSPI_Maue_Acosta","639157179615","13 - Prepaid","Non-Active","January 13, 2025","Port 4","1,000","Active","Asuncion St, Zone 3 Brgy  San pedro ili Alcala Pangasinan",""
"1714","","1736739976","MPE_Regine_Lacro","639425818170","13 - Prepaid","Non-Active","January 13, 2025","Port 10","799","Active","Zone 6 funston st. Poblacion East Alcala pangasinan",""
"1715","","1736748152","MSJC_Tyron_Hermigildo","639383248424","13 - Prepaid","Non-Active","January 13, 2025","Port 4","799","Active","Zone 6 sitio canan San Juan Alcala Pangasinan",""
"1716","","1736749039","TSG1_Retzhie_Villon","639159037313","6 - Prepaid","Non-Active","January 13, 2025","OK
 Nap 3 Port 6
 JHUN
 ==================
 CLIENT PAID THE JUNE BILL ON JUNE 13, 2026.
 On June 16, 2026, the agent requested service disconnection upon the client's request due to ongoing road renovation in the area.
 Service is scheduled to resume on July 13, 2026.
 The client will have 28 remaining days of service to consume upon reconnection.
 Clarisse
 =============================
 AUGUST 9 2026 - SIR JHUN CONFIRMED THAT CLIENT WILL NOW USE THE REMAINING 28 DAYS , DUE TO ROAD RENOVATION ON THIER PLACE HAS BEEN DONE, WILL END ON SEPT 06 2026 -CLARISSE","1,000","Active","Purok 4, SanGabriel 1st, Bbang, Pangasinan",""
"1717","","1736756341","Idong_Elementary","639569441082","23 - Prepaid","Non-Active","January 13, 2025","port 3 Nap 4
 
 04-15-25- Agent requested to DC Client's account.-DC -Clarisse
 old dd: 13
 june 23- RC paid via check Landbank#0001065265m 950.00
 new dd: july 23 2025
 
 ============
 DC 10/21/25 - Ice","1,000","Active","Idong Elementary Bayambang Pangasinan",""
"1718","","1736819969","MSPI_Ronald_Sadorra","639286726055","14 - Prepaid","Non-Active","January 14, 2025","port 9","1,000","Active","Zone 6 bacerra st san pedro ili",""
"1719","","1736825787","MLAO_Florence_Vinoya","639454830427","14 - Prepaid","Non-Active","January 14, 2025","port 2","800","Active","105 Ferrer Oria St. Laoac Alcala Pangasinan",""
"1720","","1736841460","MPE_JohnPaul_Prudento","639063978848","14 - Prepaid","Non-Active","January 14, 2025","port 7","799","Active","Stall no. A-7 Public Market alcala",""
"1721","","1736909863","MSJC_Orlando_Delacruz","639171250509","15 - Prepaid","Non-Active","January 15, 2025","port 1","1,000","Active","48 rizal st zone 2 San juan Alcala pangasinan",""
"1722","","1736927014","XPA_Carlo_Gabiola","639939420765","17 - Prepaid","Non-Active","January 15, 2025","port 2
 lester/making
 ===========
 May 29, 2026 - Downtime
 OLD DD - 15
 NEW DD - 17
 2 days no Connection - hans","1,000","Active","PUROK 2 PANGDEL BYB PNG",""
"1723","","1736928502","XSV_Leonardo_Eradil","639916165567","26 - Prepaid","Non-Active","January 15, 2025","port 9
 johan/jojo
 DC 11/19/25 - Ice
 RC 11/19/25 - Ice
 OLD DD IS 15 NEW DD IS 26 DUE TO TYPHOON UWAN","1,000","Active","KAPANTULAN SAN VICENTE PUROK 1 , 
 LANDMARK: DELA CRUZ COMPOUND MAY UKAY UKAY. BLUE YUNG BUBONG WALANG PINTURA YUNG BAHAY PAPASOK SA LOOBAN. KASYA ANG 4 WHEELS. ONE WAY.",""
"1724","","1736996528","XMP_Lea_Valerio","639164551277","21 - Prepaid","Non-Active","January 16, 2025","Port 5
 Johan/jojo
 =========
 Due date adjusted to 21 - hans","1,000","Active","Sitio kaniyogan,purok 1, manambong parte bayambang pangasinan",""
"1725","","1736999898","MSPI_Lybie_Buen","639518765190","16 - Prepaid","Non-Active","January 16, 2025","Port 1
 Marben","1,000","Active","Zone 5 Espiritu St. San Pedro Ili alcala pangasinan",""
"1726","","1737003847","XDP_Jhonalyn_Gastardo","639062491068","16 - Prepaid","Non-Active","January 16, 2025","Port 11
 Jef/Daniel
 DC MARCH 4 2025
 ==========================
 June 1, 2026
 Approved adjustment: 7 days isolation.
 Service interruption started on May 28, 2026 at approximately 7:00 PM and was restored on May 31, 2026 at approximately 7:00 AM.
 As compensation for the outage, a 7-day adjustment to the payment schedule has been approved.
 – Clarisse","1,000","Active","85 M.H. Del Pilar Bayambang Pangasinan",""
"1727","","1737014152","MCAN_Jonathan_Cacabelos","639285390068","16 - Prepaid","Non-Active","January 16, 2025","Port 1
 Marben","1,000","Active","Zone 4 delos santos st. Canarvacanan Alcala pangasinan",""
"1728","","1737076864","XNN_Maryjoy_Vinluan","639776395034","17 - Prepaid","Non-Active","January 17, 2025","Port 4
 Dong/Gilbert","1,000","Active","Zone7 nibaliw bayambang pangasinan",""
"1729","","1737079311","XDI_Rovelyn_Marzan","639859094245","16 - Prepaid","Non-Active","January 17, 2025","Port 16
 Lester/Making
 ===================
 08-16-25- Client request to downgrade from 1000-799.
 they are just 2 users. Effective date: Sept 16 2025-Clarisse","799","Active","Dike side,Diaz bautista pangasinan",""
"1730","","1737079328","TSV_Lorna_Cuison","639260081921","17 - Prepaid","Non-Active","January 17, 2025","Port 3
 JHUN","1,000","Active","Purok 6 Bunkulan, SanVicente, Bbang Pangasinan",""
"1731","","1737092651","MCAN_Judie_Cacabelos","639387258717","17 - Prepaid","Non-Active","January 17, 2025","Port 2
 Marben","799","Active","zone 4 Delos Santos St Canarvacanan Alcala Pang",""
"1732","","1737164582","DTE_Angelica_Reyno","639851302716","18 - Prepaid","Non-Active","January 18, 2025","Nap 2 Port 10
 Dante
 
 MAY 24- AGENT REQUESTED TO DC CLIENTS ACCOUNT","1,000","Active","TELBANG BYB PNG
 OK",""
"1733","","1737168944","MPE_Pacita_Bagayan","639215588255","27 - Prepaid","Non-Active","January 18, 2025","Port 11
 Marben","799","Active","Zone 6 funston st. Poblacion east alcala pangasinan",""
"1734","","1737170762","MPE_Liezle_Bagayan","639453715800","18 - Prepaid","Non-Active","January 18, 2025","Port 12
 Marben","799","Active","Zone 6 funston st poblacion east alcala pangasinan
 OK",""
"1735","","1737191000","MLAO_Edgardo_Turao","639167616669","18 - Prepaid","Non-Active","January 18, 2025","Port 1
 Marben","1,500","Active","Zone 6 beside police outpost laoac west alcala pangasinan",""
"1736","","1737337756","TMN_Jose_Matabang2","639919115536","20 - Prepaid","Non-Active","January 20, 2025","Nap1 port 2
 JHUN","1,000","Active","Manambong Norte, Bagong Baryo Bbang Pangasinan",""
"1737","","1737341276","XZ6_Rowena_Gray2","639499174303","10 - Prepaid","Non-Active","January 20, 2025","piolo/mierjohn
 
 nap 2 port 15
 
 04-21-25- Client send payment via gcash ref#2027 907 493 056 dated april 19,2025 -Clarisse
 ============
 August 10, 2026 Reconnection
 old dd 20
 new dd 10 - hans","1,000","Active","BRGY ZONE 6 BAYAMBANG PANGASINAN",""
"1738","","1737348189","DHE_Rosauro_Apayart","639858343531","29 - Prepaid","Non-Active","January 20, 2025","Nap 1 Port 16
 Dante","1,000","Active","Purok 4 Hermoza Bayambang Pangasinan",""
"1739","","1737355772","TWAR_Fmark_Santos","639092785755","20 - Prepaid","Non-Active","January 20, 2025","Nap 7 Port 10
 JHUN","1,000","Active","Purok 5, Warding Bayambang Pangasinan",""
"1740","","1737357357","DTE_Leo_Flores","639502324264","30 - Prepaid","Non-Active","January 20, 2025","Nap 5 Port 8
 Dante
 
 FEB 09 2026- Late tag payment in the system remitted last january 24,2026-Clarisse","1,000","Active","PUROK 6 TELBANG BYB PNG",""
"1741","","1737357697","DTE_Marcelo_Flores","639634128708","29 - Prepaid","Non-Active","January 20, 2025","Nap 5 Port 7
 DANTE
 feb 09 2026- late tag paid in the system remitted last January 24 2026 -Clarisse","1,000","Active","PUROK 6 TELBANG BYB PNG",""
"1742","","1737426367","MSPA_Marlita_Cacayorin","639519895371","1 - Prepaid","Non-Active","January 21, 2025","Port 2
 Gilbert/Idong
 ==========
 September 1, 2026 RECONNECTION
 old dd 21
 new dd 1 - hans","1,000","Active","zone 2-a 37 baguilod st San pedro Apartado Alcala pangasinan",""
"1743","","1737444520","MSN_JohnPaul_Prudenteno","639603978848","21 - Prepaid","Non-Active","January 21, 2025","Port 5
 Gilbert/Idong","700","Active","Zone 2 Aguinaldo st. San nicolas Alcala pangasinan",""
"1744","","1737446676","XSC_Jean_Fabros","639121978873","21 - Prepaid","Non-Active","January 21, 2025","Nap 3 Port 13
 Charlie/Daniel
 ==============
 DC 10/24/25 - Ice
 RC 10/24/25 - Ice
 ===========
 Additional 3 days grace period due to 3 days no connection - hans","1,000","Active","Purok 4 Bical Sur Bayambang Pangasinan",""
"1745","","1737452156","MSJC_Monalyn_DeVera","639453198176","10 - Prepaid","Non-Active","January 21, 2025","OK
 Port 4
 Gilbert/Idong
 =========
 August 10 2026, Reconnection
 Old dd 21
 new dd 10 - hans","800","Active","Sitio Canan San juan alcala pangasinan",""
"1746","","1737513730","MSV_Abegail_Sampol","639853867113","25 - Prepaid","Non-Active","January 22, 2025","Nap 8 Port 3
 Gilbert/Idong","800","Active","Zone 5 Jamboree Rd San vicente Alcala pangasinan",""
"1747","","1737529620","MSV_Elizabeth_Larioza","639059204437","3 - Prepaid","Non-Active","January 22, 2025","Port 7
 gilbert/Idong
 
 ===========
 DC 11/11/25 Marben rqst
 RC 11/24/25 (Marben Gcash - Maya)
 tempo DC nov 11-nov 24 RC  
 NEW DD 3, Next DD Jan.3 2026 No need to settle Month of December","799","Active","Zone 5 San vicente Alcala Pangasinan",""
"1748","","1737596286","MPW_Michael_Calderon","639667338278","26 - Prepaid","Non-Active","January 23, 2025","Port 13
 Marben","800","Active","246 funston st poblacion west alcala pangasinan",""
"1749","","1737622930","XBUA_Wilfredo_Gabriel","639354734793","25 - Prepaid","Non-Active","January 23, 2025","Port 2
 Lester/Pedro
 ==================
 5/26/2025-DC
 ===================
 23 due date
 DC may 26 2025
 RC may 28 2025
 new  DD:  JUNE 25","1,000","Active","Purok 2 Buayaen Bayambang Pangasinan",""
"1750","","1737683580","XBUA_Erica_Rivera","639939423972","8 - Prepaid","Non-Active","January 24, 2025","Port 3
 Lester/Making
 =======================
 5/26/2025-DC
 ==========================
 due date 24-2  days consume
 dc may 26
 rc june 1
 New DD:june 29 
 =======================
 old dd: june 30
 July 2 2025-dc
 July 8 2025-rc paid via gcash
 New DD: August 06 2025
 
 ==========
 Old DD 6
 DC 10/10/25
 4 days consumed
 RC 10/14/25
 new DD 11/10/25
 ========
 Old 10
 DC 11/17/25 - Ice
 7 days consumed
 RC 11/30
 New DD  11/23-ej
 ====================
 OLD DD: FEB 11 
 RC: MARCH 29 2026- DELETE FEB BILL FOR RECON
 NEXT DD: APRIL 24 2026-CLARISSE
 dc:May 28/ Rc: June 28/ new DD:28
 ==========
 August 7, 2026 Reconnection
 old dd 28
 new dd 3 - hans
 ===========
 September 12, 2026 RECONNECTION
 old dd 3
 new dd 8 - hans","1,000","Active","Purok 2 Talimpugo Buayaen Bayambang Pangasinan
 OK",""
"1751","","1737692399","XBUA_Jimmy_Domingo","639919737536","24 - Prepaid","Non-Active","January 24, 2025","Port 4
 Lester/Making","1,000","Active","Purok 2 Talimpugo Buayaen Bayambang Pangasinan
 OK",""
"1752","","1737705770","BPI_Direct_Banko_INC","639937580073","24 - Prepaid","Non-Active","January 24, 2025","Nap 7 Port 8
 Lester/Pedro
 
 04-30-25- OLD NAME: XPS_BPI_Direct_Banko_INC
 CHANGENAME TO : BPI_Direct_Banko_INC
 
 Address for update 
 new address:  220 Ortigas Avenue Banko Center Greenhills, City of San juan, NCR
 -cLARISSE","1,500","Active","220 Ortigas Avenue Banko Center Greenhills, City of San juan, NCR",""
"1753","","1737707061","XPE_Aurelio_Rina","639508808061","24 - Prepaid","Non-Active","January 24, 2025","Port 1
 Charlie/Daniel
 RECON MARCH 12 2025 PAID GCASH - 8026625340370
 EDITED BY : ALDRIN
 
 UNPAID FEB
 DC MARCH 11
 
 APRIL 09 2025
 RECEIVED MARCH PAYMENT VIA GCASH 8027 595 710 107 799
 FROM 1000 DOWNGRADED TO 799.
 CLARISSE
 09270233275","799","Active","M.H. Delpilar poblacion east Bautista Pangasinan",""
"1754","","1737767710","TTE_Joseph_Gomez","639503935435","26 - Prepaid","Non-Active","January 25, 2025","Nap 8 Port 3
 JHUN
 
 05-02-25 - Requested to moved due date
 from 245to 15th of the month-Clarisse
 =====================
 DC DEC 25 2025
 RC JAN 26 2026 CONFIRMED BY SIR JHUN VIA PHONE-CLARISSE","1,000","Active","PUROK 1, TELBANG BYB PNG",""
"1755","","1737773474","MPE_Tricia_Marquez","639924097905","27 - Prepaid","Non-Active","January 25, 2025","port 8 
 gilbert/idong","799","Active","Stall no. 1 pob east alcala Gspeed mobile phone Alcala Branch",""
"1756","","1737783329","TTE_Julius_Padua2","639171571379","25 - Prepaid","Non-Active","January 25, 2025","Nap 6 Port 4
 Jhun","1,000","Active","Purok 1, Telbang Bbang Pangasinan",""
"1757","","1737788731","MPE_LourdezKate_Espiritu","639707239070","18 - Prepaid","Non-Active","January 25, 2025","port 9
 gilbert/idong
 ==========
 DC 11/3/25 - Ice (marben rqst)
 RC 11/4/25 - Ice (Paid Marben rqst)
 ====================
 OLD DD: APRIL 27
 DC: AFTER 9 DAYS
 RC: MAY 27 2026
 NEW DD: JUNE 18 2026-CLARISSE","1,000","Active","16 merit st. Pob. East alcala pangasinan",""
"1758","","1737792487","MSN_Randy_Cabrera","639467153640","27 - Prepaid","Non-Active","January 25, 2025","port 8
 gilbert/idong","1,000","Active","110 Aguinaldo st. San nicolas alcala pangasinan",""
"1759","","1737796108","XSV_Pedro_Sinay","639212108454","28 - Prepaid","Non-Active","January 25, 2025","Nap 2 Port 12
 Jeff/Freddie
 ==========
 DC 10/28/25 - Ice
 old dd:25/adjusted 7 days - darz/new dd: 2","1,000","Active","Purok 1 San Vicente Bayambang Pangasinan",""
"1760","","5300053","DPU_Magie_Corpuz","639958129282","26 - Prepaid","Non-Active","January 26, 2025","OK
 Nap2 Port5","1,000","Active","Brgy: Pugo, Bayambang,Pangasinan",""
"1761","","1737940869","DZ1_Marebil_Gayosa","639678202296","27 - Prepaid","Non-Active","January 27, 2025","Port 1
 Johan/jojo","1,000","Active","Zone1 Bayambang Pangasinan
 Bayambang Public Market",""
"1762","","1737941662","MPE_Kimberly_Tabora","639072229373","27 - Prepaid","Non-Active","January 27, 2025","gilbert/idong","799","Active","129 p.Sison St. zone 5 Pob. East alcala pangasinan",""
"1763","","1737942158","DZ1_Myrna_Florentino","639462005793","27 - Prepaid","Non-Active","January 27, 2025","Port 2
 Johan/jojo","1,000","Active","Zone1 Bayambang Pangasinan",""
"1764","","1737946061","MSN_Patrick_Cabrera","639198502405","27 - Prepaid","Non-Active","January 27, 2025","port 10
 gilbert/idong","1,000","Active","110 Aguinaldo st zone 2 san nicolas alcala pangasinan
 OK",""
"1765","","1737950943","XBS_Kathrina_Daaca","639952882385","27 - Prepaid","Non-Active","January 27, 2025","OK
 Port 16
 Charlie/Daniel","1,000","Active","Purok 2 Bical Sur Bayambang Pangasinan",""
"1766","","1737958876","DZ1_MOHAMAR_Mimbalay","639695418791","27 - Prepaid","Non-Active","January 27, 2025","Port 2
 Johan/jojo","1,000","Active","Zone 1,marchens cellphone repair,bayambang,pangasinan",""
"1767","","1737958955","MLAO_Joel_Lorenzo","639307981674","27 - Prepaid","Non-Active","January 27, 2025","gilbert/idong","799","Active","342 bacolor st. Laoac west alcala pangasinan",""
"1768","","1737962247","XMP_Sarrah_Jayne_Gutierrez","639602414076","2 - Prepaid","Non-Active","January 27, 2025","nap 8 port 7
 charlie/daniel
 old dd:27/adjusted by darz/ new dd:2","1,000","Active","Purok 3 Sitio Amianan Dubai Manambong Parte Bayambang Pangasinan",""
"1769","","1737962342","XMAG_Jose_Taming_R503Apt","639178422758","13 - Prepaid","Non-Active","January 27, 2025","Port 5
 Lester/Making
 
 OLD DD: 27
 APRIL 28 2025 DC
 MAY 5 2025 RC
 NEW DD: JUNE 04
 DC-AUG 19 2025
 RC- Aug 22
 New DD Sept. 1
 ==================
 FEB 07 2026- Client paid the wrong account under XMG It should be under XDP paid the right bill-Clarisse
 processed and change the account name and address from XMAG TO XDP-Clarisse
 paid by wrong client: DD: 1/ DC:March 13/ will delete march payment-dars
 ===========================================================
 APRIL 18 2026- UPDATED THE CORRECT ADDRESS WITH APARTMENT NUMBER,  
 Addres
 : Room 503 Apartment upper Magsaysay Bayambang Pangasinan COORSINATED WITH MS.Javier Wilma
 Next due date: jULY 13 2026.-CLARISSE","1,000","Active","Room 503 Apartment upper Magsaysay Bayambang Pangasinan 
 PPPOE CODE:XMAG_Jose_Taming_R503Apt
 ACCOUNT NO: 1737962342
 Contact Number:09178904314
 OK",""
"1770","","1737963377","MSPI_Analyn_Cabreros","639282135307","27 - Prepaid","Non-Active","January 27, 2025","port 2
 gilbert/idong","799","Active","Black 9 lot 16 san pedro ili allcala pangasinan",""
"1771","","1737966905","XBA_Melany_Torres","639481573889","27 - Prepaid","Non-Active","January 27, 2025","","1,500","Active","Brgy. Bani Hilltop, Bani Bayambang Pangasinan, North Luzon, 2423",""
"1772","","1737973884","MSPI_Theresa_Bacolor","639159681464","27 - Prepaid","Non-Active","January 27, 2025","port 3
 gilbert/idong","1,000","Active","Blk 1 unit 22 DMLV SAN PEDRO ILI ALCALA PANGASINAN",""
"1773","","1738028743","DTAN_Lingling_Frias","639454215933","28 - Prepaid","Non-Active","January 28, 2025","port 7
 johan/jojo","1,000","Active","Sitio bakante,purok 1,tanolong,Bayambang Pangasinan",""
"1774","","1738033951","DPA_Gelyn_Gloria","639667284022","28 - Prepaid","Non-Active","January 28, 2025","port 5
 johan/jojo","1,000","Active","PANGDEL BYB PNG",""
"1775","","1738044470","DCA_Sanisidro_Parish","639109950162","28 - Prepaid","Non-Active","January 28, 2025","OK
 nap 4 port 12
 johan/jojo","1,500","Active","Carungay bayambang Pangasinan",""
"1776","","1738051536","DZ1_Camilo_Cayoga","639678302737","28 - Prepaid","Non-Active","January 28, 2025","port 4
 johan/jojo","1,000","Active","Zone1 Bayambang Pangasinan",""
"1777","","1738114840","MLAO_Ralyn_Sevilla","639751102420","28 - Prepaid","Non-Active","January 29, 2025","port 3
 gilbert/idong","1,000","Active","60 zone 1 laoac east alcala pangasinan",""
"1778","","1738118122","XTE_Alfredo_Tagulao","639087016060","28 - Prepaid","Non-Active","January 29, 2025","Nap 6 Port 7
 Lester/Making","1,000","Active","PUROK 1 TELBANG HIGHWAY BYB PNG",""
"1779","","1738120247","MSPI_Lerma_Agdeppa","639647363288","28 - Prepaid","Non-Active","January 29, 2025","Port 3
 Marben
 RC 10/29/25 - Ice (Marben Rqst)","1,500","Active","Purok 5 arboleda st. San pedro ili alcala pangasinan",""
"1780","","1738125506","MPW_CliffanyRuth_Bughaw","639688542756","28 - Prepaid","Non-Active","January 29, 2025","port 6
 gilbert/idong","1,000","Active","Malone st poblacion west alcala pangasinan Coffe Alley
 OK",""
"1781","","1738127986","MPW_Irene_Pinto","639959080079","28 - Prepaid","Non-Active","January 29, 2025","port 7
 gilbert/idong","799","Active","Malone st poblacion west kambal empanada store",""
"1782","","1738136391","MSPI_Norma_Suratos","639107873005","28 - Prepaid","Non-Active","January 29, 2025","port 3
 gilbert/idong","799","Active","Zone 4 arboleda st san pedro ili alcala pangasinan",""
"1783","","1738206979","XPA_Sanny_Romano","639924106127","28 - Prepaid","Non-Active","January 30, 2025","Nap 4 POrt 12
 Lester/Making
 ========
 Change DD 11/28-EJ
 DC 11/7/25 - Ice
 RC 11/8/25 - Ice
 ==========
 May 29, 2026 - Downtime
 2 days no connection
 Grace period is adjusted - Hans","1,000","Active","Purok 3 Pangdel Bayambang Pangasinan",""
"1784","","1738219187","MCAN_Elizabeth_Cayaban","639100342551","28 - Prepaid","Non-Active","January 30, 2025","port 3
 gilbert/idong","799","Active","184 Funston st. Canarvacanan ALCALA pangasinan",""
"1785","","1738223211","MPW_Alisah_Fernandez","639486376412","28 - Prepaid","Non-Active","January 30, 2025","port 1
 gilbert/idong","1,000","Active","Zone 7 malone st poblacion east alcala pangasinan",""
"1786","","1738224583","XKET_John_Filomeno","639393768842","15 - Prepaid","Non-Active","January 30, 2025","port 9
 charlie/david
 XKET_John_Filomeno
 
 RC DEC 31 NEW DD IS 28 PLUS 3 DAYS ISOLIR
 ========================
 feb 05 2026- cLIENT PAID THE WRONG BILL(FEB) IT SHOULD BE JAN BILL, REPROCCESS THEN EXPLAIN TO CLIENT THE NEXT DUE DATE-CLARISSE
 ==========
 DC 05/04/2026
 RC 05/19/2026
 OLD DD 28
 NEW DD 15
 NEXT DD 06/15/2026 - HANS","1,000","Active","122 Zone 1 Ketegan Bautista Pangasinan",""
"1787","","1738226282","MSPI_Helen_Macaraeg","639383265834","28 - Prepaid","Non-Active","January 30, 2025","port 12
 gilbert/idong","1,000","Active","Zone 6 bacerra st. San pedro ili alcala pangasinan",""
"1788","","1738285474","TZ1_Marichu_Cayabyab","639065925157","28 - Prepaid","Non-Active","January 31, 2025","port 3
 johan/jojo","1,000","Active","Zone 1, Public Market, Bbang Pangasinan",""
"1789","","1738301320","TAMS_Johnwen_Torres","639858892739","28 - Prepaid","Non-Active","January 31, 2025","MAY 4 2026- AJUST ISOLIR DAYS : 5 DAYS REQUESTED BY SIR JHUN-CLARISSE
 
 AUGUST 31 2026- SIR JHUN REQUESTED 7 DAYS ISOLIR -clarisse","1,000","Active","Purok 5, AmancosilingSur, Bbang Pangasinan
 OK",""
"1790","","1738303307","XTE_Vangilyn_Cayabyab","639696105119","1 - Prepaid","Non-Active","January 31, 2025","nap 6 port 12
 lester/making
 Client DD must be NOV 30 client complaibed for early dc with one day no connection,
 explain toclient the procedure and apologies with the client will adjust 1 day for her new DD.
 nEW dd: every 1st of themonth.-clarisse","799","Active","PUROK 6 TELBANG BYB PNG",""
"1791","","1738305047","MLAO_Analiza_Velo","639701657707","28 - Prepaid","Non-Active","January 31, 2025","Old Due Date: 28
 Disconnect: MAY 4
 Reconnected: MAY 10
 NEW Due Date: JUNE 04 
 Disconnected: August 19, 2025-ICE
 
 Deleted Sept Bill 10/6/25  BY: Sir jay
 DC OCT  10/6/25 By: Sir Jay
 Cause of DC : UNPAID Sept.","1,000","Active","Zone 2 velo st. Laoac alcala pangasinan",""
"1792","","1738305273","MSPA_Sunshine_Dacanay","639919226580","28 - Prepaid","Non-Active","January 31, 2025","port 3
 gilbert/idong","1,500","Active","Frankera st purok 2a san pedro apartado",""
"1793","","1738305542","MCAN_Jennefer_Gueta","639481180686","28 - Prepaid","Non-Active","January 31, 2025","port 1
 gilbert/idong","799","Active","Zone 4 delo santos st. Canarvacanan alcala pangasinan
 OK",""
"1794","","1738311558","MPE_Gereberto_Cayaban","639129401535","28 - Prepaid","Non-Active","January 31, 2025","port 10
 gilbert/idong","1,000","Active","Pob east alcala public market",""
"1795","","232400001","DZ1_Abelardo_Galban","639295107605","27 - Prepaid","Non-Active","January 27, 2025","Port 3
 Johan/jojo","1,000","Active","Public Market, Zone 1 Bayambang Pangasinan",""
"1796","","6900042","XWAR_Delia_Feliciano","639959413103","28 - Prepaid","Non-Active","January 28, 2025","Nap 5 Port 6
 Lester/Making","1,000","Active","Purok 4 Brgy Warding Bayambang Pangasinan",""
"1797","","7400020","TZ4_Savers_Fuel","639178415027","10 - Prepaid","Non-Active","January 10, 2025","Nap 2 Port 8
 JHUN","1,000","Active","Zone 4 Poblacion, Rizal Ave Bayambang Pangasinan",""
"1798","","1738377187","XAMS_Julius_Jimenez","639668724196","1 - Prepaid","Non-Active","February 01, 2025","LCP1
 NP6
 P12
 JOHANSEN MIER JOHN
 
 ========
 DC 11/4/25 - Ice
 RC 11/5/25 - Ice
 ===========
 Additional 3 days grace period due to 3 days no connection - hans","1,500","Active","Purok 6,amangcosiling sur, bayambang pangasinan",""
"1799","","1738556595","MCAN_Lilia_Bautista","639078941296","20 - Prepaid","Non-Active","February 03, 2025","P4
 BENJAMIN LUCERO
 ======
 Reconnection, July 24, 2026
 new due date 24 - hans","1,200","Active","Zone 5 delo santos st. Canarvacanan alcala pangasinan",""
"1800","","1738571916","DCA_Aimee_Abalos","639235331689","3 - Prepaid","Non-Active","February 03, 2025","LCP2
 NP4
 P14
 DANTE ALONZO","1,000","Active","PUROK 3 Carungay bayambang Pangasinan",""
"1801","","1738727502","MPE_Brenda_Feliciano","639498892908","18 - Prepaid","Non-Active","February 05, 2025","P10
 BENJAMIN LUCERO
 ===============
 DOWNGRADE 11/7/25 - Marben rqst from 1000 -> 799
 OLD DD 5 NEW DD 18","799","Active","Alcala public Market Poob east  Stall no. 2",""
"1802","","1738728751","MPE_John_Bautista","639997089249","20 - Prepaid","Non-Active","February 05, 2025","P11
 BENJAMIN LUCERO
 ======
 Reconnection, July 24, 2026
 new due date 24- hans","1,000","Active","Alcala public market stall no. 3",""
"1803","","1738740401","XTE_Ronald_Laforteza","639504574644","20 - Prepaid","Non-Active","February 05, 2025","LCP1
 NP
 P4
 RONALD JAMES LESTER MA KING
 ===============
 RECON 12/19/25","1,000","Active","#294 Purok 7 Telbang Bayambang Pangasinan",""
"1804","","1738743794","MSV_Emmy_Marcena","639161222713","23 - Prepaid","Non-Active","February 05, 2025","P6
 BENJAMIN LUCERO
 
 05-06-25- Agent requested to DC Client's Account-Clarisse
 05-06-RC- Paid via gcash -Clarisse
 ===============
 Downgrade 11/11/25 - Marben rqst 1200 > 1000
 ==========
 DC 12/15/2025
 RC 02/27/2026
 OLD DD 6
 NEW DD 23 - HANS","1,000","Active","192 TAGAMA SAN VICENTE ZONE 3 ALCALA PANGASINAN",""
"1805","","1738811327","MSJC_MaryJean_Terrado","639128237385","6 - Prepaid","Non-Active","February 06, 2025","P3
 BENJAMIN LUCERO
 MSJC_MaryJean_Terrado
 MARY JANE TERRADO
 ----------------------------
 Spet 06 2026 recon and downgrade to 799- by Sir MArben -Clarisse","799","Active","Zone 5 pastor rd sitio canan san juan alcala pangasinan",""
"1806","","1738813160","XCB_Alberto_Espiritu","639302147325","8 - Prepaid","Non-Active","February 06, 2025","LCP1
 NP2
 P7
 LESTER PEDRO D
 
 ==========
 old dd: OCT 06
 DC 10/10/25
 RC 10/11/25
 new dd: nov 07 2025=CLARISE
 ===========
 old DD 7
 DC 11/14/25 - Ice (Ma'amClarisse)
 7 days consumed
 RC 11/15
 New DD  12/8-EJ","1,000","Active","Purok 5 Cabayaoasan Mangaterem Pangasinan",""
"1807","","1738827103","MSV_Teresa_Fiesta","639269214026","28 - Prepaid","Non-Active","February 06, 2025","P1
 Old DD. 6
 DC 9/11
 RC 8/29/25
 New DD  Oct. 29
 
 
 
 
 DD:29 CHANGED TO 28-DARZ","1,000","Active","Zone 4 rizal st.san vicente alcala pangasinan",""
"1808","","1738832806","XHE_Grace_Quitalig","639164044481","6 - Prepaid","Non-Active","February 06, 2025","P5
 LESTER MAKING","1,000","Active","528 Purok 5 SITIO Jimenez  Hermoza Bayambang Pangasinan",""
"1809","","1738896956","MSV_Renz_Reyes","639102101833","10 - Prepaid","Non-Active","February 07, 2025","04-21-25- RC client paid via cash, agent send proof of payment via fb page.-Clarisse
 RC 10/28/25 - Ice","1,000","Active","Zone 2 rizal st san vicente alcala pangasinan",""
"1810","","1738904755","DINI_Rowena_Valdez","639647358362","7 - Prepaid","Non-Active","February 07, 2025","LCP1
 NP8
 P3
 DANTE ALONZO","1,000","Active","Inirangan bayambang Pangasinan",""
"1811","","1738914127","MSV_Daisy_Senica","639544622293","24 - Prepaid","Non-Active","February 07, 2025","DC-AUG 30
 RC-9/5/25
 New DD- Oct. 2, 2025-ej","1,000","Active","Zone 5 San vicente Alcala pangasinan",""
"1812","","1738917240","DMP_Delia_Mejia","639305611804","7 - Prepaid","Non-Active","February 07, 2025","LCP1
 NP
 P3
 DANTE ALONZO","1,000","Active","Manambong Parte bayambang Pangasinan
 OK",""
"1813","","1738918201","MSV_Marc_Lucas","639670715995","7 - Prepaid","Non-Active","February 07, 2025","","1,000","Active","JAMBOREE ST SAN VICENTE ALCALA PANGASINAN",""
"1814","","1738981586","XNN_Analyn_Gallardo","639094917631","18 - Prepaid","Non-Active","February 08, 2025","P7
 JULY 15 2025 DC - ALDRIN
 August 18, 2025-RC Date
 reconnection fee-1,231
 New due date September 18, 2025
 ==================
 DC 11/21/25 - Ice
 RC 11/22/25 - Ice","1,000","Active","Nibaliw Norte Rever side Bautista pang",""
"1815","","1738997414","DBN_Ela_Gumahin","639997213401","8 - Prepaid","Non-Active","February 08, 2025","Nap 1","1,000","Active","Bical Norte Bayambang Pangasinan",""
"1816","","1738998641","XWAR_Rolando_Feliciano","639670718440","8 - Prepaid","Non-Active","February 08, 2025","LCP1
 NP5
 P7
 MAKING DINIEL","1,000","Active","PUROK 4 WARDING BAYAMBANG PANGASINAN",""
"1817","","1739004963","MSV_Anthony_Sabat","639182793306","8 - Prepaid","Non-Active","February 08, 2025","P2
 BENJAMIN LUCERO","1,000","Active","JAMBOREE ST SAN VICENTE ALCALA PANGASINAN",""
"1818","","1739154881","XWAR_Ronolito_Esteban","639227842521","10 - Prepaid","Non-Active","February 10, 2025","PICLO MAKING
 ==========
 DC 10/16/25 - Ice
 RC 10/16/25 - Ice
 ========
 DC 11/17/25 - Ice
 RC 11/17/25 - Ice","1,000","Active","Purok 2 Warding BAYAMBANG PANGASINAN",""
"1819","","1739162147","XWAR_Nieves_Joaquin","639105125600","11 - Prepaid","Non-Active","February 10, 2025","PICLO MAKING
 ========
 Old DD 10
 DC 11/17/25 - Ice
 7 days consumed
 RC 11/18
 New DD 12/11-ej","1,000","Active","Purok 2 Warding BAYAMBANG PANGASINAN",""
"1820","","1739171406","XDU_Christina_Agliron","639772015168","11 - Prepaid","Non-Active","February 10, 2025","P4
 JEROME JEFF
 ===============
 OLD DD:10
 RC: JUNE 15 2026
 NEXT DD: JULY 11 2026-CLARISE","1,000","Active","183 Dusoc Bayambang Pangasinan",""
"1821","","1739175371","XBUA_Glecy_Junio","639955890849","14 - Prepaid","Non-Active","February 10, 2025","NAPBOX: 4
 LCP: 1
 PORT: 2
 
 TECHNICIAN: Jun V/ Jeff
 From XTE_Glecy_Junioto XBUA_Glecy_Junio
 =====
 old dd:13/new dd:14-darz","1,000","Active","Purok 5, Requilaman St. Buayaen BYB Pangasinan",""
"1822","","1739239243","MSN_Cristito_Custodio","639685905930","11 - Prepaid","Non-Active","February 11, 2025","P5","1,000","Active","101 Castaneda st. San Nicolas Alcala Pangasinan",""
"1823","","1739244235","XBUA_Diana_Sabolboro","639305510470","16 - Prepaid","Non-Active","February 11, 2025","LCP1
 NP2
 P5
 LESTER MA KING","1,000","Active","Purok 5 Buayaen Bayambang Pangasinan",""
"1824","","1739257737","TZ1_Sohaimen_Andog","639305181040","11 - Prepaid","Non-Active","February 11, 2025","LCP1
 NP 
 P5
 JHUN TORRES","1,000","Active","Zone 1 Public Market Bbang Pangasinan",""
"1825","","1739263448","MPE_Marina_Fernandez","639514387147","11 - Prepaid","Non-Active","February 11, 2025","BENJAMIN LUCERO","1,000","Active","ZONE 6 FUNSTONS ST. POBLACION EAST ALCALA PANGASINAN",""
"1826","","1739264246","DPA_Beverly_Abalos","639518933344","11 - Prepaid","Non-Active","February 11, 2025","LCP1
 NP8
 P1
 DANTE ALONZO","1,000","Active","Pangdel Bayambang Pangasinan",""
"1827","","1739354236","XWAR_Norma_Bato","639484806752","17 - Prepaid","Non-Active","February 12, 2025","DC 11/20/25 - Ice
 RC 11/20/25 - Ice","1,000","Active","Purok 4 warding B.Bang Pangasinan",""
"1828","","1739425501","DNN_Evander_Soriano","639633329243","26 - Prepaid","Non-Active","February 13, 2025","Port 2
 jerome/jeff
 
 ===========
 DC 10/21/25 - Ice
 ===========
 ODD 13
 DC 10/21/25
 RC 02/05/26
 NDD 02/26/26 - HANS","1,000","Active","225 ZONE V Nibaliw Norte Bautista Pangasinan",""
"1829","","250213135828","XBUA_Ricardo_Sarmiento","639187681197","10 - Prepaid","Non-Active","February 13, 2025","May 29, 2026 - Downtime
 OLD DD - 8
 NEW DD - 10
 2 days no Connection - hans","1,000","Active","PUROK 6 BRGY BUAYAEN BYB PNG",""
"1830","","1739429724","MLAO_Marielle_Totaan","639566114104","13 - Prepaid","Non-Active","February 13, 2025","","1,000","Active","Zone 4 lanuza st laoac east alcala pangasinan",""
"1831","","1739436388","MCAN_Noel_SanDiego","639629022715","13 - Prepaid","Non-Active","February 13, 2025","","1,000","Active","Zone 1 Aguinaldo st. Canarvacanan alcala pangasinan",""
"1832","","1739499223","MSPI_Sally_Sarmiento","639106277082","14 - Prepaid","Non-Active","February 14, 2025","NP5","1,000","Active","zone 4 arboleda st. SAN PEDRO ILI ALCALA PANGASINAN",""
"1833","","1739513084","TSV_Marita_Trinos","639457530196","14 - Prepaid","Non-Active","February 14, 2025","LCP1
 NP1
 P13
 JHUN TORRES","1,000","Active","Purok 3 SanVicente Bayambang Pangasinan
 OK",""
"1834","","1739605956","XNS_Cecilia_Caranto","639762133447","15 - Prepaid","Non-Active","February 15, 2025","P5
 PIOLO / BOS DONG","1,000","Active","Zone7 Nibaliw Sur BAUTISTA Pangasinan",""
"1835","","1739763928","XAMS_Lorna_Maniling","639612629675","23 - Prepaid","Non-Active","February 17, 2025","LCP1
 NP2
 P14
 -----------------
 RC 12/23/25","1,000","Active","PUROK 6 AMANCOSILING SUR BYB PNG",""
"1836","","1739766606","MLAO_Rolando_Sison","639565331683","17 - Prepaid","Non-Active","February 17, 2025","P3","1,000","Active","Zone 6 laoac west pcp outpost alcala pangasinan",""
"1837","","1739780205","XTAN_Irene_Arenos","639451887047","17 - Prepaid","Non-Active","February 17, 2025","P11
 LESTER MA KING","1,000","Active","Purok 2 Tanolong Bayambang Pangasinan",""
"1838","","1739842898","MSPI_Marvin_Barte","639267091806","18 - Prepaid","Non-Active","February 18, 2025","P3","1,000","Active","BLK 12 LOT 2 RUBY ST DMLV SAN PEDRO ILI ALCALA PANGASINAN",""
"1839","","1739844703","XTA_Dinia_Aquino","639175865407","18 - Prepaid","Non-Active","February 18, 2025","","1,000","Active","Purok 3 miguel street brgy. Tatarac bayambang pangasinan",""
"1840","","1739850712","MSPI_Brenda_Feliciano2","639498892908","18 - Prepaid","Non-Active","February 18, 2025","P5
 =======
 August 28, 2026 Downgrade from 100mbps to 50mbps - hans","799","Active","DONA MARIA LOURDEZ SUBDIVISION SAN PEDRO ILI ALCALA PANGASINAN",""
"1841","","1739860563","MSPI_Sydney_Valdez","639705787289","30 - Prepaid","Non-Active","February 18, 2025","P5
 
 MAY 26- AGENT REQUESTED TO DC CLIENTS ACCOUNT
 August 22-AGENT REQUESTED TO DC CLIENTS ACCOUNT 
 RC- 8/23/25 
 ============
 DC 11/28/25 - Ice Marben rqst","1,000","Active","Zone 3 asuncion st. San pedro ili alcala pangasinan",""
"1842","","1739864810","DBAL_Kristinemay_Acebedo","639452792238","1 - Prepaid","Non-Active","February 18, 2025","DANTE ALONZO
 
 APRIL 22- DC REQUESTED BY THE AGENT -CLARISSE
 
 due date 18
 april 22 2025 DC
 may 27 2025 RC paid  via gcash ref 9029078583984
 New DD: June  23
 ============
 September 5, 2026 RECONNECTION
 old dd 23
 new dd 1 - hans","1,000","Active","Zone1 Baluyot Bautista Pangasinan",""
"1843","","1740015651","DTE_Karen_Cruz","639089224770","29 - Prepaid","Non-Active","February 20, 2025","ETNAD OZNOLA","1,500","Active","purok 5 Telbang Bayambang Pangasinan",""
"1844","","6600072","XTE_Alvin_Cayabyab","639509522501","25 - Prepaid","Non-Active","February 18, 2025","18
 June 23 2025 dc- 5 days
 June 30 2025 rc
 new dd: July 25
 
 
 ============
 DC 11/28/25 - Ice (DD of 25)
 RC 11/28/25 - Ice","1,000","Active","TELBANG BAYAMBANG PANGASINAN",""
"1845","","5800054","XSC_Genebert_Aquino","639285387023","4 - Prepaid","Non-Active","February 20, 2025","LESTER MA KING
 DC 8/21/25
 ==============
 OLD DD: 18
 DC-AUG 21
 RC PAID VIA GCASH- SEPT 03
 NEW DD: SEPT 30
 ==========
 DC 11/3/25 - Ice
 RC 11/4/25 - Ice
 (unpaid dec.jan.)RC: Feb.13 new DD 13-darz
 ==========
 FB: Ghen Aquino - Fuentes (As per client March 23 daw siya nagpa reconnec then nawala net nila ng April 13)
 DC 01/01/2026
 RC 03/23/2026
 OLD DD 28
 NEW DD 23
 NEXT DD 04/23/2026 - HANS
 =============
 DC:27/RC:MAY 3/ NEW DD: 30-DARZ
 ===========
 Move due date to 1 plus 7 days. Due to no connection
 =====================
 JULY 09 2026
 
 CLIENT PAID RECON LAST JUNE 24 2026
 NEW DD: JULY 20 PLUS 7 DAYS GRACE PERIOD-CLARIsse
 -----------------------
 OLD DD"" JULY 20
 DC: JULY 27
 RC= AUGUST 2 2026
 NEXT DD: SEPT 2 2026-CLARISSE
 RC- AUGUST 2
 ============
 September 8, 2026 LATE PAYMENT
 old dd 2 
 new dd 4 - hans","1,000","Active","PUROK 2 SANCAGULIS BAYAMBANG PANGASINAN",""
"1846","","1740020186","XNN_Kristine_Andrada","639073328357","20 - Prepaid","Non-Active","February 20, 2025","GILBERT LLAMIDO
 ============
 DC 11/25/25 - Ice(DC of DD 19 - 22)
 RC 11/25/25 - Ice","1,000","Active","ZONE 6 Nibaliw Norte Bautista Pangasinan
 OK",""
"1847","","232400002","BNHS_Crisanto_Ong","639988672100","14 - Prepaid","Non-Active","February 12, 2025","LCP1
 NP7
 P2
 LESTER PEDRO
 
 April 04 2025
 Client request to automatically disconnect his account for on April 12,2025. He will reconnect on May 16 2025.
 -Clarisse
 
 april 12 DC
 may 14 2025 RC
 next DD: June 14,2025 -Clarisse","1,000","Active","MAGSAYSAY BAYAMBANG PANGASINAN",""
"1848","","250220134220","XDU_Marilou_Abalos","639150061385","15 - Prepaid","Non-Active","February 20, 2025","LCP1
 NP3
 P9
 LESTER MA KING
 RC 20
 New DD 12/9
 ===========
 DC 06/13/2026
 RC 06/19/2026
 OLD DD 9
 NEW DD 15 - HANS","1,000","Active","86 DASOC BAYAMBANG PANGASINAN",""
"1849","","1740032824","DZ1_Lucina_Iglesias","639399127943","29 - Prepaid","Non-Active","February 20, 2025","Etnad Oznola","1,000","Active","Zone 1, Bayambang Pangasinan
 OK",""
"1850","","232400003","XZ1_Dante_Reyes","639517025356","18 - Prepaid","Non-Active","February 20, 2025","P5
 LESTER MA KING
 old dd: 11/new dd: 18 -darz","1,000","Active","ZONE 1 BAYAMBANG PANGASINAN",""
"1851","","400109","XAMS_Princess_Coma","639663126383","27 - Prepaid","Non-Active","February 20, 2025","LESTER MA KING
 ==============
 DC 10/23/25 - Ice
 RC 10/23/25 - Ice
 ===========
 7/2/26 Duedate adjusted 7days old20, new27 -lester","1,000","Active","PUROK6 AMANCASILING SUR BAYAMBANG PANGASINAN
 OK",""
"1852","","1740102790","MLAO_Emelda_Nulla","63906862164","23 - Prepaid","Non-Active","February 21, 2025","MARBEN LUCERO","700","Active","Zone 3 sinabaan rd laoac east alcala pangasinan",""
"1853","","1740107727","MSV_Gerome_Ventura","639459981580","21 - Prepaid","Non-Active","February 21, 2025","","1,000","Active","Zone 5 M. Pinto St. San vicente Alcala Pangasinan",""
"1854","","1740109327","XTE_Ramon_Quintana","639277767844","1 - Prepaid","Non-Active","February 21, 2025","OK
 Lester Todio Cariño
 =======================
 04-28-25- moved due date from 21 to 30.
 APRIL 30 NEED TO SETTLE PAYMENT.
 NEXT DD: MAY 30,2025 -CLARISSE
 =================
 5/26/2025-DC
 ===========================
 old dd: may 21
 May 26 2025 dc- 5 days
 DD:29 CHANGED TO 28-DARZ
 July 1 2025 rc
 new dd: july 27
 
 OLD DUE DATE 27
 JULY 30 2025 DC ALDRIN
 AUGUST 1 2025 RC ALDRIN
 NEW DD: AUGUAT 29
 ==========
 DC 11/3/25 - Ice
 ===================
 ===========================
 August 30 2026 - Reconnected 
 New DD: September 1 2026-Clarisse","1,000","Active","Purok 1 Telbang bayambang pangasinan",""
"1855","","1740120182","MPE_Gina_Camacho","639814518626","1 - Prepaid","Non-Active","February 21, 2025","Marben Lucero
 ===========
 September 5, 2026 RECONNECTION
 old dd 21
 new dd 1 - hans","799","Active","Zone 5 Sison St. Poblacion East Alcala Pangasinan",""
"1856","","1740124324","XBA_Marianne_Dalope","639915171141","3 - Prepaid","Non-Active","February 21, 2025","OK
 NapBox:4
 LCP:1
 Port:4
 Technician: Ma king / Marvin
 FOC Meters:120 meters","1,000","Active","Centro 1 Bani Bayambang Pangasinan",""
"1857","","1740136192","DHE_Victoriano_Garcia","639066173827","30 - Prepaid","Non-Active","February 21, 2025","Etnad Oznola
 Gilbert Llamido","1,000","Active","Purok 1, Hermoza Bayambang Pangasinan
 OK",""
"1858","","1740188528","TBUA_Trisha_Gomez","639077380277","22 - Prepaid","Non-Active","February 22, 2025","Jhun Torres","1,000","Active","Purok 2, Talimpugo Buayaen Bbang Pangasinan",""
"1859","","1740217408","DHE_Alvin_Felix","639508324640","30 - Prepaid","Non-Active","February 22, 2025","Nap:7
 lcp:1
 port:13","1,000","Active","Purok e, Hermoza Bayambang Pangasinan
 OK",""
"1860","","1740363672","XPS_Jayson_Sison","639486064527","24 - Prepaid","Non-Active","February 24, 2025","TECH Gilbert Llamido","1,000","Active","Public market zone 1 Poblacion bayambang pang",""
"1861","","1740364193","MPE_Ajie_Custodio","639159729513","5 - Prepaid","Non-Active","February 24, 2025","Johanzen/jhun
 =============
 September 9, 2026 RECONNECTION
 old dd 28
 new dd 5 - hans","1,500","Active","Zone 1 merrit st. Poblacion east alcala pangasinan",""
"1862","","1740364792","XBUA_Sharon_Ferrer","639853871268","1 - Prepaid","Non-Active","February 24, 2025","Charlie / Jffrsm
 BELLE MALICDEM ADMIN
 ==========
 DC 10/28/25 - Ice
 RC 10/29/25 - Ice
 ============
 DC 11/27/25 - Ice (DD of 23-24)
 RC 11/28/25 - Ice 
 =======
 3 days due date adjustment - hans
 ======
 September 4, 2026 RECONNECTION
 old dd 28
 new dd 1 - hans","1,000","Active","#28 Purok 1 Buayaen Bayambang Pangasinan",""
"1863","","242300036","XBE_Mylene_Lloren","639602492277","28 - Prepaid","Non-Active","February 24, 2025","BELLE MELICDEM ADMIN
 Lee Dan
 04/05
 Client is not aware with her due date
 resolution: Inform client about there due date. case closed.
 04-28-DC
 ==========================================
 old dd 24
 april 28 2025 dc -4 DAYS
 june 29 2025 rc
 DD:30 CHANGED TO 28-DARZ
 new due date 25 of month
 ============================================
 July 29 2025- request to moved due date on July 30 with additional charge 1198. client agreed. 
 next dd: August 30 2025
 
 ========
 DC 11/3/25 - Ice
 RC 11/4/25 - Ice
 ==========================================
 April 05 2026-  clients original due date is every 30th of the month and she is aware that every 5th is her due. -Clarisse","1,000","Active","Purok 7 Bongato East Bayambang Pangasinan",""
"1864","","1740386424","MPW_Maria_Aquino","639053553082","4 - Prepaid","Non-Active","February 24, 2025","MARBEN LUCERO
 Johansen Espiritu Martin
 =========
 Recon 10/18/25 - Ice
 ========
 Old Due Date  18
 Disconnect  11/5/25 - Ice (Marben rqst)
 17 days consumed
 RC 11/8/25 - Ice (Marben paid)
 New Due date  11/21","799","Active","Zone 5 mc arthur st poblacion west alcala pangasinan",""
"1865","","1740450415","DHE_Maryjane_Padua","639817434424","25 - Prepaid","Non-Active","February 25, 2025","Nap 8 Port 16","1,000","Active","Purok4 Hermoza bayambang Pangasinan
 OK",""
"1866","","1740454836","DMA_Rafael_Castro","639097019327","25 - Prepaid","Non-Active","February 25, 2025","","1,000","Active","14 purok 1 malioer bayambang pang",""
"1867","","250225154243","XBUA_Roberto_Villanueva","639100086630","25 - Prepaid","Non-Active","February 25, 2025","Ma King Diaz","1,000","Active","PUROK 7 BUAYAEN PALACPAC STREET BAYAMBANG PANGASINAN",""
"1868","","1740538167","DPA_Bhing_Balmoja","639203688401","26 - Prepaid","Non-Active","February 26, 2025","","1,000","Active","Purok 2, Pangdel Bayambang Pangasinan",""
"1869","","1740550092","MSN_Theresa_Reyno","639474630574","26 - Prepaid","Non-Active","February 26, 2025","","1,000","Active","174 lawton st san nicolas alcala pang",""
"1870","","1740552588","XAMS_Jackie_Erguiza","639702915841","26 - Prepaid","Non-Active","February 26, 2025","==============
 DC 10/29/25 - Ice
 RC 10/29/25 - Ice","1,000","Active","Purok 5 Amancosileng sur bayambang pang.",""
"1871","","1740555212","MLAO_Loreto_Ordonio","639604365421","28 - Prepaid","Non-Active","February 26, 2025","","700","Active","Zone 2 Sinabaan Rd. Laoac East alcala pangasinan",""
"1872","","1740620064","TZ1_Ian_Agbuya","639230901895","27 - Prepaid","Non-Active","February 27, 2025","","1,000","Active","Zone 1, Public Market Bbang Pangasinan",""
"1873","","1740625427","XDP_Joseph_Cancino","639705801689","28 - Prepaid","Non-Active","February 27, 2025","OLD DD- JUNE 27
 JUNE 30 2025 DC - ALDRIN
 JULY 27 2025 RC - ALDRIN NEW DD 28
 ========================
 FOR DELETE OF JULY BILLING
 RC 10/31/25 - Ice","1,000","Active","Purok 4 Eduria Compound  MH del Pilar bayambang pang",""
"1874","","6400096","XZ7_Glen_Sobrino","639151383812","25 - Prepaid","Non-Active","February 27, 2025","NAPBOX: 2
 LCP: 1
 PORT: 15
 TECHNICIAN: JOEMARI/JEFF
 RELOCATION FROM TANOLONG TO ZONE7
 
 ============
 DC 11/28/25 - Ice (DD of 25)
 RC 11/28/25 - Ice","1,000","Active","Zone 7, BAYAMBANG Pang.",""
"1875","","1740637796","TSG1_Johnmark_Aquino","639858610225","27 - Prepaid","Non-Active","February 27, 2025","OLD DD: 27
 DC: AUG 30
 RC PAID VIA GCASH- 09/03
 next dd: SEPT 30
 
 Deleted Sept Bill 10/6/25  BY: Sir jay
 DC 10/6/25   By: Sir Jay","1,000","Active","Purok 3 SnGabriel 1st Bbang Pangasinan",""
"1876","","1740645067","XSC_Jayzel_Fernandez","639754206453","27 - Prepaid","Non-Active","February 27, 2025","==========
 DC 10/30/25 - Ice
 RC 10/30/25 - Ice
 =============
 FEB 13 2026- WRONG ACCOUNT PAID IN THE SYSTEM, DELETE AND ADD BILL -clarisse","1,000","Active","Purok 1 Sancagulis Bayambang Pangasinan",""
"1877","","1740705128","TSG1_Mikko_Veloria","639600884334","28 - Prepaid","Non-Active","February 28, 2025","BYB65LCP1NP4P4","1,000","Active","Purok 3 SanGabriel 1st Bbang Pangasinan",""
"1878","","1740707387","MSPA_Ilaine_Fronda","639499143030","28 - Prepaid","Non-Active","February 28, 2025","P2 Elem school","1,000","Active","25 Purok 1 San Pedro Apartado Alcala Pang",""
"1879","","1740710343","TSV_Kristian_Marcos","639707275617","28 - Prepaid","Non-Active","February 28, 2025","BYB24LCP1NP3P1","1,000","Active","Purok 4 Espiritu Comp SanVicente Bbang Pangasinan",""
"1880","","2900084","XHE_Mary_Grace_Aquino","639519447423","4 - Prepaid","Non-Active","February 28, 2025","AQUINO COMPOUND 
 P11
 Old DD:28/DC: April:2/ new DD: 4 May-darz","1,000","Active","PUROK 5 HERMOZA BAYAMBANG PANGASINAN",""
"1881","","1740714909","MSPI_Christopher_Ellorda","639812675783","1 - Prepaid","Non-Active","February 28, 2025","P6","799","Active","Purok 3 asuncion st san pedro ili alcala pangasinan
 OK",""
"1882","","1740726501","XBA_Mercy_Agustin","639305063942","28 - Prepaid","Non-Active","February 28, 2025","BYB26LCP1NP1P1
 ==========
 DC 11/3/25 - Ice
 RC 11/3/25 - Ice","1,000","Active","Don Pascual Bani Bayambang Pangasinan",""
"1883","","1740727357","MLAO_Edmundo_Aquino","639608423865","28 - Prepaid","Non-Active","February 28, 2025","P5","1,000","Active","90 aquino st laoac east alcala pangasinan",""
"1884","","1740733580","XAMS_Rubelyn_Maniling","639959330171","28 - Prepaid","Non-Active","February 28, 2025","LCP1NP P1
 new dd:30-darz
 =======
 Additional 3 days grace period - hans","1,000","Active","Purok 6 Amancosiling sur Bayambang pangasinan
 OK",""
"1885","","1740733937","XAMS_Jennelyn_Maniling","639089060955","25 - Prepaid","Non-Active","February 28, 2025","OK
 LCP1NP P2
 ==========
 DC 11/3/25 - Ice
 RC 11/3/25 - Ice
 ==========
 ==========
 DC 11/01/2025
 RC 02/19/2026
 Old DD 28
 New DD 15
 Next DD 03/15/2026 -Hans
 Old DD 15: adjusted 7 days- darz/new DD: 22","1,000","Active","Purok 6 Amancosiling sur Bayambang Pangasinan",""
"1886","","1740791586","DTA_Danicamae_Sison","639300399375","1 - Prepaid","Non-Active","March 01, 2025","","1,000","Active","Miguel St. Tatarac Bayambang Pangasinan",""
"1887","","1740794303","DTA_Julren_Asuncion","639100266729","1 - Prepaid","Non-Active","March 01, 2025","","1,000","Active","Purok 3, Tatarac Bayambang Pangasinan
 OK",""
"1888","","7600050","XZ6_Mayann_Marcadejas","639946189627","25 - Prepaid","Non-Active","March 01, 2025","BYB26LCP1NP2P16
 
 old due date 1
 dc june 5-4 days
 rc june 16
 new dd: july 12
 
 
 =============
 DC 11/18/25 - Ice
 =========
 Downgrade from 100 MBPS to 50MBPS 
 Effective date 05/12/2026 - HANS
 ==========
 Additional 3 days grace period due to 3 days no connection - hans
 ==========
 August 29 2026 RECONNECTION
 old dd 4
 new dd 25 - hans","799","Active","BRGY. ZONE VI BAYAMBANG PANGASINAN",""
"1889","","4400046","XMP_Maricris_Ogalesco","639153960661","1 - Prepaid","Non-Active","March 01, 2025","Neighbor of family tanhay
 BYB65LCP1NP8P8","1,000","Active","Purok 3,sitio bukig, bayambang pangasinan
 OK",""
"1890","","1740820428","XTAN_Ryzel_Mendoza","639936202360","7 - Prepaid","Non-Active","March 01, 2025","DC - Feb 5 2026
 Old DD - 1
 RC - Feb 7
 New DD - 7
 Next DD - March 7, 2026 - Hans","1,000","Active","Purok 2 sitio bengal tanolong bayambang pangasinan",""
"1891","","1740975063","MSPI_Gilbert_Duque","639695886097","3 - Prepaid","Non-Active","March 03, 2025","","1,000","Active","Zone 2 tabili st. San pedro ili alcala pang",""
"1892","","1740977363","MSPI_Richard_Macaraeg","639157522983","3 - Prepaid","Non-Active","March 03, 2025","","799","Active","Zone 2 san pedro ili alcala pang",""
"1893","","1740988053","XSG1_Christine_Veloria","639627235336","14 - Prepaid","Non-Active","March 03, 2025","========
 DC 11/7/25 - Ice
 RC 11/7/25 - Ice
 OLD DD:3/DC:7/RC:12/NEW-DD:9-DARZ
 old dd:9/new dd:14-darz
 ==========","1,000","Active","Purok 3 airport San Gabriel 1st",""
"1894","","1740990297","MSPI_Marcela_Balderama","639690677661","3 - Prepaid","Non-Active","March 03, 2025","","1,500","Active","232 ARBOLEDA ST SAN PEDRO ALCALA PANGASINAN",""
"1895","","1741056795","MPW_Neil_Suarez","639165106684","4 - Prepaid","Non-Active","March 04, 2025","P6","1,000","Active","zone 7 576 funston st poblacion west",""
"1896","","600047","XAM2_Roy_Lomibao","639308770594","11 - Prepaid","Non-Active","March 04, 2025","BYB65LCP1NP4P14
 =========
 September 10, 2026 Due Date Adjustment
 additional 7 days due date adjustment due to almost 2 weeks power interruption
 old dd 4
 new dd 11 - hans","1,000","Active","Porok1Ambayat 2nd bayambang pangasinan
 OK",""
"1897","","1741138842","MLAO_Vannesa_Pablo","639454830427","5 - Prepaid","Non-Active","March 05, 2025","P6","1,000","Active","Purok 1 ferrer st laoac east alcala pangasinan",""
"1898","","1741154708","DMP_Marilou_Manaois","639633131489","5 - Prepaid","Non-Active","March 05, 2025","201-1BYB49LCP1NP3P4","1,000","Active","Manambong Parte, Bayambang Pangasinan",""
"1899","","1741225807","DTE_Girlieann_Gilbert","639929119335","16 - Prepaid","Non-Active","March 06, 2025","201-1BYB49LCP1NAP5","1,000","Active","241 Dike, Telbang Bayambang Pangasinan",""
"1900","","1741231390","XDA_Eduardo_Penullar","639701078453","6 - Prepaid","Non-Active","March 06, 2025","LCP1NP1P6
 
 ==========
 DC 10/10/25
 RC 10/10/25
 ===========
 DC 11/14/25 - Ice (Ma'amClarisse)","1,000","Active","Purok 6 Darawey Dike B.Bang Pangasinan
 OK",""
"1901","","1741247660","MLAO_Ronald_Manuel","639668240423","4 - Prepaid","Non-Active","March 06, 2025","P2
 ================
 DC  11/6/25 - Marben rqst
 ======================
 RC: JUNE 13 2026
 NEXT DD: JULY 4 2026-CLARISSE","1,500","Active","Lanuza st zone 3 laoac east alcala pangasinan",""
"1902","","1741399306","MPW_Alberto_Respecia","639199314247","20 - Prepaid","Non-Active","March 08, 2025","DC-AUG 30
 ======
 new due date 20
 next dd July 20, 2026 - hans","1,000","Active","173 Agoncillo St zone 5 pob west alcala",""
"1903","","1741408068","MSJC_Jordan_Siador2","639510587456","8 - Prepaid","Non-Active","March 08, 2025","","1,000","Active","Zone 6 San juan Canan Alcala pangasinan",""
"1904","","250308164157","MSN_Ronald_Querol","639701129579","8 - Prepaid","Non-Active","March 08, 2025","Smart tower","799","Active","Smith st san nicolas ALCALA PANGASINAN",""
"1905","","35000118","MSPI_Genalyn_Ando","639496249524","8 - Prepaid","Non-Active","March 08, 2025","Nap: N/A
 Port: 7
 =========
 
 RC 10/21/25 - Ice","799","Active","Zone 6 espiritu st. Sna pedro ili alcala pang",""
"1906","","300040","XAMN_Marilou_Layug","639502546893","10 - Prepaid","Non-Active","March 10, 2025","NAPBOX:7
 LCP:1
 Port:9
 ==============
 DC 9/12/2025 - Xpacs
 12/12 client sent the payment to wrog account due to one of the admin give them the wrong number via txt messages but already retrieve the payment. -Clarisse","1,000","Active","PUROK 4 AMANGCOSILING NORTE BAYAMBANG PANGASINAN
 OK",""
"1907","","1741573559","XBN_Jula_Payomo","639083083594","12 - Prepaid","Non-Active","March 10, 2025","OLD DD: 10
 DC: 14
 RC: APRIL 16 2026
 NEW AND NEXT DD: May 12 2026-clarisse","1,000","Active","Mangga street.Bical Norte Bayambang Pangasinan",""
"1908","","1741576904","TWAR_Almhea_Agustine","639667265002","10 - Prepaid","Non-Active","March 10, 2025","","1,000","Active","Purok 4 Warding Bayambang Pangasinan",""
"1909","","1741588879","TPU_Rhea_Junio","639468090889","10 - Prepaid","Non-Active","March 10, 2025","","1,000","Active","Purok 1 Pugo Bbang Pangasinan",""
"1910","","1741595090","TWA_Michelle_Sarnate","639094956568","10 - Prepaid","Non-Active","March 10, 2025","TWA_Michelle_Sarnate","1,000","Active","Purok 1, Wawa Bbang Pangasinan",""
"1911","","1741597208","DHE_Ricky_Mejia","639104939460","10 - Prepaid","Non-Active","March 10, 2025","","1,000","Active","Valdez St. Hermoza Bayambang Pangasinan",""
"1912","","1741660473","DHE_Karenkris_Aquino","639562587779","11 - Prepaid","Non-Active","March 11, 2025","P3","1,000","Active","Purok 2, Hermoza Bayambang Pangasinan",""
"1913","","1741671677","DDA_Helen_Perez","639512589287","11 - Prepaid","Non-Active","March 11, 2025","P7","1,000","Active","Purok 3, Darawey Bayambang Pangasinan",""
"1914","","1741679188","XCS_Josephine_Montada","639506381796","13 - Prepaid","Non-Active","March 11, 2025","201-1BYB49LCP1NP8P5
 MAKING / lester
 ====================
 MAY 29 2026
 OLD DD: 11
 NEW DD: 13
 ADJUSTED 2 DAYS DUE TO NO CONNECTION - CLARISSE","1,000","Active","68 primicias st. Cadre site Bayambang Pangasinan",""
"1915","","1741742274","XAMS_Jerome_Ocampo","639919157320","17 - Prepaid","Non-Active","March 12, 2025","nap3 port14
 Joemari / Jffrsn
 
 ==============
 DC 9/16/2025 - Xpacs
 Done Pullout modem by jojo 1/14/25
 old dd:12/ rc:may 3: new dd: 3 -darz
 ===========
 AUgust 17, 2026 RECONNECTION
 old dd 3
 new dd 13 - hans","1,000","Active","Purok 3 Amancosiling Sur Bayambang Pangasinan",""
"1916","","1741748341","DPA_Florita_Villanueva","639150061389","12 - Prepaid","Non-Active","March 12, 2025","P6
 Gilbert/Papa Dong","1,000","Active","254, Pangdel Bayambang pangasinan",""
"1917","","1741750552","DPA_Christian_Asuncion","639455414754","12 - Prepaid","Non-Active","March 12, 2025","OK
 NAP8 PORT1
 Gilbert/Papa Dong","1,000","Active","Purok 3, Bayambang Pangasinan",""
"1918","","1741758041","XSG2_Reynasol_Pilaspilas","639156869320","12 - Prepaid","Non-Active","March 12, 2025","P8
 Joemari / Jffrsn","1,500","Active","Purok 2 San Gabriel 2nd Bayambang Pangasinan",""
"1919","","1741762360","DAP_Jhonrey_Garcia","639707931992","20 - Prepaid","Non-Active","March 12, 2025","201-3BYB7LCP7NP1P16
 ZTXNQAJ8B6B087C
 Gilbert/Papa Dong
 -----------------------------
 OLD DD:12
 NEW DD:20-CONFIRMED BY SIR DANTE DUE TO TYPHOON UWAN-CLARISSE","1,000","Active","Purok 1, Apalen Bayambang Pangasinan
 OK",""
"1920","","1741768628","XBA_Lucky_Comendador","639487446649","25 - Prepaid","Non-Active","March 12, 2025","NAPBOX:1
 LCP:3
 Port:12
 Joemari / Jffrsn
 ====================
 MAY 25 2025 DC - ALDRIN
 JULY 18 2025 RC - ALDRIN
 ======================
 NEXT DD: AUGUST 18 2025
 ==========
 DC 10/22/25 - Ice
 RC 10/23/25 - Ice
 ===========
 DC 11/21/25 - Ice
 RC 11/21/25 - Ice
 old dd:18/adjusted 7 days/ new dd:25-darz","1,000","Active","Purok 1, Bani Bayambang Pangasinan
 OK",""
"1921","","1741831322","MCAN_Dandrib_Dagumboy","639381483448","6 - Prepaid","Non-Active","March 13, 2025","P6
 boss dong boss gilbert","1,000","Active","19 aguinaldo st zone 4 canarvacanan alcala pang",""
"1922","","1741833314","DPA_Lilian_Cayaan","639707401067","14 - Prepaid","Non-Active","March 13, 2025","OK
 Nap 8 Port 3
 Tabi ni jhony store
 Daniel/ Charlie
 OLD DD:13
 DC""JAN 22 2026
 RC"" JAN 30 2026
 NEW DD: FEB 21 2026
 =========
 DC 02/26/2026
 RC 04/14/2026
 OLD DD 21
 NEW DD 14
 NEXT DD 05/14/2026 - HANS","1,000","Active","Purok 3 pangadel bayambang pangasinan",""
"1923","","1741836341","DPA_Aivie_Mejia","639222699360","16 - Prepaid","Non-Active","March 13, 2025","201-2BYB7LCP1NP8P4
 Daniel/ Charlie","1,000","Active","Purok 3 Pangdel Bayambang Pangasinan",""
"1924","","35000120","MKIS_Ban_Catubay","639309116505","13 - Prepaid","Non-Active","March 13, 2025","P1
 Papasok sa eingel carwash na kanto
 boss dong boss gilbert","1,000","Active","Zone 6 kisikis alcala pangasinan",""
"1925","","250313154915","XDU_Laurence_Datuin","639456513072","14 - Prepaid","Non-Active","March 13, 2025","BYBLCP1NP3P6
 09262022196 
 Freddy/Jerome
 ====================
 june 18 2026
 OLD DD: MAY 13 2026
 RC: JUNE 18 2026
 NEW DD AND NEXT : JULY 14 2026-
 FOR DELETE OF MAY BILL TO RECON CLARISSE","1,000","Active","PUROK 3 DUSOK BAYAMBANG PANGASINAN",""
"1926","","1741853216","XBW_Roxanne_Iglesias","639184303126","13 - Prepaid","Non-Active","March 13, 2025","201-3BYB24LCP1NP2P1
 Lester / Ma king","1,000","Active","Purok 1 Bongato West Bayambang Pangasinan",""
"1927","","600048","XAM2_Jessica_Devera","639327944236","13 - Prepaid","Non-Active","March 13, 2025","OK
 
 LCP1NP7P5
 Dong/boss Gilbert
 Near Born Again church
 ==============
 DC 9/17/2025 - Xpacs""
 
 ==============
 Old DD 13
 DC 10/20/25 - Ice
 RC 10/20/25
 7 days consume 
 New DD 11/13/25
 =============","1,000","Active","Purok 3Ambayat 2nd Bayambang Pangasinan",""
"1928","","6500058","XTA_Erlinda_Corpuz","639600712027","22 - Prepaid","Non-Active","March 13, 2025","Daniel/ Charlie
 LCP1 NAP3 Port 5
 MAY 17- PAID MAY BILLING VIA CASH
 Next payment additional  15.00 10/13/25
 OL DD"" 13 
 old dd:15/adjusted 7 days darz/ new dd: 22
 =============
 6/26/26 Refund payment
 Done pullout Modem/Unplugged nap3 port12 -ivan/jojo","1,000","Active","Purok 1 tatarac BAYAMBANG PANGASINAN",""
"1929","","1741933510","DDP_Wendy_Castroverde","639662569554","1 - Prepaid","Non-Active","March 14, 2025","BYBLCP1NP5P8
 Jeff/Jerome 
 ===================
 OLD DD: 13
 ISOLIR 9 DAYS
 RC: AGUST 9 2026
 LESS 9 DAYS NEW DD: SEPT 1 -CLARISSE","1,000","Active","M.H DEL PILAR BAYAMBANG PANGASINAN",""
"1930","","1742025942","XAMS_Jesareno_Casingal","639946682341","15 - Prepaid","Non-Active","March 15, 2025","","1,000","Active","Purok 3 Amangcosiling sur B.Bang Pangasinan",""
"1931","","3200049","XINI_Jessa_Quisias","639951108430","15 - Prepaid","Non-Active","March 15, 2025","tapat ng elem. school Papasok 
 ""LCP: 1
 Nap: N/A
 Port: 8""","1,500","Active","Inirangan Bayambang Pangasinan Purok 1",""
"1932","","1742180201","MPE_Richard_Macalalay","639941203424","17 - Prepaid","Non-Active","March 17, 2025","P2","1,000","Active","Zone 4 Donia aurora st. Pindangan East Alcala Pangasinan",""
"1933","","1742181932","XAMS_Lourdes_Soriano","639954369352","19 - Prepaid","Non-Active","March 17, 2025","P2
 
 DC 11/20/25 - Ice
 RC 11/20/25 - Ice
 OLD DD: 17
 NEW DD: 19
 MAY 29 2026-ADJUESTED 2 DAYS DUE TO FIBER BREAK-CLARISSE","1,000","Active","Purok 3 Amancosiling sur Bayambang Pangasinan",""
"1934","","1742193784","MLAO_Michael_Castillo","639605561157","17 - Prepaid","Non-Active","March 17, 2025","P10","1,000","Active","Zone 2 laoac east alcala pang",""
"1935","","1742194899","MLAO_Armando_Subido","639707370482","17 - Prepaid","Non-Active","March 17, 2025","P7
 ============
 September 17, 2026 DOWNGRADE FROM 100MBPS TO 50MBPS
 - HANS","799","Active","382 lanuza st laoac east alcala pang",""
"1936","","1742198143","XTE_Mariekristine_Devera","639939427421","17 - Prepaid","Non-Active","March 17, 2025","201-3BYB7LCP1NP1P10","799","Active","Purok 1 Telbang B.Bang Pangasinan",""
"1937","","1742204565","MSPI_Rogel_Gamurot","639772151780","20 - Prepaid","Non-Active","March 17, 2025","","799","Active","Zone 7 sitio patalan San pedro ili alcala pang",""
"1938","","1742206168","XZ1_Zarrah_Manuel","639772573338","17 - Prepaid","Non-Active","March 17, 2025","201-4BYB65LCP1NP1P6
 MAKING / LESTER
 COMMERCIAL STRIP STALL 31 MATHEA HAIR AND NAIL SALON
 
 04-24-25 - client send payment via gcash amounting 2k for 2 subs. dated april 24.2025 gcash ref# 7028 048 433 682 -Clarisse","1,000","Active","Zone 1 Bayambang Pangasinan",""
"1939","","1742268241","MPINE_Kenneth_Galleno","639633326537","18 - Prepaid","Non-Active","March 18, 2025","P1
 5/22/2025-DC
 ===============
 17 old Due date
 May 22 2025 = DC - 5 days
 June 7 2025  = RC
 New due date July 3
 -------------------
 OLD 3 DUE DATE
 JULY 22 2025 DC-19 days
 JULY 31 2025 RC
 NEW DUE DATE AUG 13
 ======================
 RC- AUG 26
 NEW DD: SEPT 26 2025
 ============
 OLD DD:26
 DC 11/28/25 - Ice Marben rqst
 RC-12/5 2025
 NEW DD JAN 3","799","Active","Zone 1 liwliwa st pindangan east alcala pang",""
"1940","","1742276100","MSPI_Lanie_Tabora","639703714364","18 - Prepaid","Non-Active","March 18, 2025","OK
 Port 9","800","Active","337 espiritu st san pedro ili",""
"1941","","1742354789","MSTP_Richmond_Malaque","639484222092","21 - Prepaid","Non-Active","March 19, 2025","","800","Active","128 don barroga st Sto nino Sto tomas pangasinan
 OK",""
"1942","","250319112705","XBN_Hilda_Tagulao","639273565788","19 - Prepaid","Non-Active","March 19, 2025","Bical norte Elementary school","1,000","Active","Atis st.brgy bical.norte bayambang pangasinan",""
"1943","","1742367281","DBS_Marcelina_Camanay","639469097280","19 - Prepaid","Non-Active","March 19, 2025","Nap1 Port 2","1,000","Active","Purok 3, Bayambang Pangasinan",""
"1944","","1742367450","DBS_Bobby_Junio","639671723844","19 - Prepaid","Non-Active","March 19, 2025","","1,000","Active","Purok 3,  BICAL SUR Bayambang Pangasinan",""
"1945","","35000121","MLAO_Warlito_Ordonio","63964365421","28 - Prepaid","Non-Active","March 19, 2025","Lcp:
 Nap:
 Port:7","800","Active","zone 2 pablo st laoac east alcala pang",""
"1946","","1742434017","TWA_Jonelyn_Salonga","639611136636","20 - Prepaid","Non-Active","March 20, 2025","","1,000","Active","Purok 1, Wawa Bbang Pangasinan",""
"1947","","1742436739","MCAN_Christian_Dancel","639639981213","23 - Prepaid","Non-Active","March 20, 2025","==============
 DC 10/25/25 - Ice (Marben rqst)
 ==========================
 may 29 2026
 old dd: 20
 RC- MAY 29 2026
 NEW DD:  21 -CLARISSE","799","Active","201 funston st. Canarvacanan alcala pangasinan",""
"1948","","1742444676","MSTSA_Editha_Paraiso","639389855355","20 - Prepaid","Non-Active","March 20, 2025","OK","700","Active","Zone 4 San Antonio Sto tomas Pangasinan",""
"1949","","1742452033","TPU_Magna_Menor","639658444102","20 - Prepaid","Non-Active","March 20, 2025","RC 11/26/25 - Ice (Jhun Remmit 11/29/25)","1,000","Active","Purok 2 Pugo Bbang Pangasinan",""
"1950","","1742458410","XTE_Alma_Anasco","639267732065","5 - Prepaid","Non-Active","March 20, 2025","client requested for temporary dc 11/14/25-EJ
 ==========
 reconnection June 2, 2026
 Next Due date July 2 - hans
 new dd:5-darz","1,000","Active","Purok 7 telbang B.Bang pangasinan",""
"1951","","400111","XAMS_Jofrey_Briones","639485672655","28 - Prepaid","Non-Active","March 21, 2025","P4
 old dd 21 moved 7 days due to typhoon new dd 28","1,000","Active","AMANGCOSILING SUR PUROK 5 PANGASINAN
 OK",""
"1952","","1742608137","XDU_Riamae_Magalong","639070534113","22 - Prepaid","Non-Active","March 22, 2025","BYBLP1NP5P14
 
 june 18- client requested to downgrade subscription from 1500 to 1000. approved.
 ===========
 Additional 3 days grace period due to 3 days no connection - hans","1,000","Active","Purok7  Dusoc b.bang Pangasinan",""
"1953","","1742781870","DTE_Marygrace_Butalon","639475633848","24 - Prepaid","Non-Active","March 24, 2025","==============
 DC 10/29/25 - Ice (Dante rqst )
 RC 10/30/25 - Ice (Dante rqst )","1,000","Active","Purok 5 Telbang Bayambang Pangasinan",""
"1954","","1742782552","MPINE_Peter_Sanidad","639385724778","26 - Prepaid","Non-Active","March 24, 2025","MAY  26- DC Clients acount requested by the agent
 ====================================
 24 Due date original
 May 26 2025 DC
 May 31 2025 Rc
 new  dd: june 28","800","Active","Zone 2 Doña_Aurora St. pindangan East alcala pang",""
"1955","","1742786308","MSN_Jay-R_Ambubuyog","639082899443","22 - Prepaid","Non-Active","March 24, 2025","old dd: 26
 DC:7
 RC- MARCH 19 2026
 NEW DD- APRIL 10 2026-CLARISSE
 ===========
 DC 06/14/2026
 RC 06/26/2026
 OLD DD 10
 NEW DD 22 - HANS","800","Active","198 Aguinaldo st San nicolas Alcala Pangasinan",""
"1956","","1742799175","XPAR_Ellamae_Bautista","639309049445","28 - Prepaid","Non-Active","March 24, 2025","OK
 Old DD every 24th 
 DC 8/28/25
 RC 9/24/25
 New DD 10/20/25
 ==============
 DC 10/23/25 - Ice
 RC 10/24/25 - Ice
 ============
 DC 11/25/25 - Ice(DC of DD 19 - 22)
 RC 11/26/25 - Ice
 old dd:20/adjusted 7 days-darz/new dd: 29","1,000","Active","Purok 2 Paragos B.Bang Pangasinan",""
"1957","","1742888935","DBUA_Efren_Delacruz","639070990274","28 - Prepaid","Non-Active","March 25, 2025","old dd: 25
 new dd: 30 -moved due date as per agent approved by Sir jay.
 
 
 
 
 
 
 
 DD:30 CHANGED TO 28-DARZ","1,000","Active","Purok 5 Buayaen Bayambang Pangasinan",""
"1958","","1742890677","ASA_Gemma_Seguin","639177303062","28 - Prepaid","Non-Active","March 25, 2025","OLD DD:25
 4 DAYS NO CONENCTION
 NOV 13 - NO CONNECTION
 NOV 16 -RESUME 10PM
 NEW DD: NOV 29","1,000","Active","Purok 5, Sanlibo, Bayambang, Pangasinan
 OK",""
"1959","","1742892536","MPE_Mark_Galleno","639100059980","26 - Prepaid","Non-Active","March 25, 2025","port 7","800","Active","135 don P tadeo st pob east alcala pangasinan
 OK",""
"1960","","1742956279","XAMS_Joselino_Cayabyab","639309269144","26 - Prepaid","Non-Active","March 26, 2025","Making/Charlie
 port 3
 ==========
 DC 10/29/25 - Ice
 RC 10/29/25 - Ice","1,000","Active","Purok 3 brgy. Amancosiling sur bayambang pangasinan",""
"1961","","1742957593","XCS_Roberto_Cayabyab","639052084946","26 - Prepaid","Non-Active","March 26, 2025","Nap 2 
 Port 6
 Lester/Daniel","1,000","Active","Saint Francis street Upper Cadre Site Bayambang Pangasinan",""
"1962","","8800001","XPW_Dean_Zamora","639164023768","5 - Prepaid","Non-Active","March 26, 2025","Johan/jun
 ==========
 DC 10/29/25 - Ice
 RC 11/3/25 - Ice
 =========","1,500","Active","Block 8 Lot, Villa Sto, tomas Poblacion West Sto tomas Pangasinan",""
"1963","","1743039492","TCAC_Jesryl_Cacalda","639071603838","27 - Prepaid","Non-Active","March 27, 2025","","1,500","Active","Cacandungan, Bautista Pangasinan",""
"1964","","1743142358","XBW_Mario_Romero","639127224899","25 - Prepaid","Non-Active","March 28, 2025","Old dd- every 28th
 DC-9/3/25
 RC-9/6/5
 New dd- 9/25/25
 EJ
 ==========
 DC 10/28/25 - Ice
 RC 11/3/25 - Ice
 ============
 OLD DD 25
 DC 11/28/25 - Ice (DD of 25)
 RC 12/1","1,000","Active","Purok 7 bongato west B.Bang Pangasinan",""
"1965","","1743146922","MSPI_Ruby_Monegas","639199336987","28 - Prepaid","Non-Active","March 28, 2025","NAPBOX:N/A
 LCP:N/A
 Port:2
 TECHNICIAN:piolo/Marvin","1,000","Active","Zone 7 Bokje St, San Pedro Ili, Alcala, Pangasinan
 OK",""
"1966","","1743153587","MLAO_John_Velasco","639544152530","28 - Prepaid","Non-Active","March 28, 2025","","1,000","Active","Zone 2 velo st laoac east alcala pangasinan",""
"1967","","5900009","XSA_Princess_Deleon","639273470760","28 - Prepaid","Non-Active","March 30, 2025","201-4BYB65LCP1NP5P8
 SN-ZTXNQAJBEE3707C
 
 
 
 
 
 
 
 DD:29 CHANGED TO 28-DARZ
 new dd: 6 -darz","1,000","Active","BRGY. SANLIBO BAYAMBANG PNG",""
"1968","","20900010","XCAC_Johndenver_Billones","639387293414","28 - Prepaid","Non-Active","March 30, 2025","OK
 09387293414 / 09814385902
 
 
 
 
 
 
 
 DD:29 CHANGED TO 28-DARZ","1,000","Active","ZONE 4 CACANDONGAN LOOBAN  BAYAMBANG PNG",""
"1969","","1743388205","XAMS_Irene_Cayabyab","639460320983","28 - Prepaid","Non-Active","March 31, 2025","DD:30 CHANGED TO 28-DARZ","1,000","Active","Purok 4 brgy. Amancosiling sur B.bang panagsinan",""
"1970","","1743404405","MSTN_Michael_Bello","639939426435","28 - Prepaid","Non-Active","March 31, 2025","DD:30 CHANGED TO 28-DARZ","1,000","Active","136 pon barrog st sto niño sto.tomas pang",""
"1971","","1743411457","XBS_Leo_DelosSantos","63912493238","7 - Prepaid","Non-Active","March 31, 2025","June 1, 2026
 Approved adjustment: 7 days isolation.
 Service interruption started on May 28, 2026 at approximately 7:00 PM and was restored on May 31, 2026 at approximately 7:00 AM.
 As compensation for the outage, a 7-day adjustment to the payment schedule has been approved.
 – Clarisse","1,000","Active","Purok 3 brgy.bicalsur bayambang pangasinan
 OK",""
"1972","","1743559806","DZ1_Christian_Macaso","639467121001","2 - Prepaid","Non-Active","April 02, 2025","dante alonzo","1,000","Active","Zone 1, Bayambang Pangasinan",""
"1973","","1743561813","DZ1_Anne_Macaso","639436085887","2 - Prepaid","Non-Active","April 02, 2025","dante alonzo
 RC 12/6/25 - Ice","1,000","Active","Zone1 Bayambang Pangasinan",""
"1974","","1743563559","TPU_Lourdes_Junio","639354969130","2 - Prepaid","Non-Active","April 02, 2025","OK
 Port:10
 Nap:3
 gilbert/dong","1,000","Active","Purok II Pugo Bbang Pangasinan",""
"1975","","5500066","TSG1_Myr_Medrano","639674673691","2 - Prepaid","Non-Active","April 02, 2025","201-4BYB-65LCP1NP2P2
 SN - ZTXNQAJ387E067C
 Gilbert /Boss Dong","1,000","Active","Purok 4, SnGabriel 1st Bayambang Pangasinan",""
"1976","","250402133043","XZ6_Angelbert_Acosta","639156874520","14 - Prepaid","Non-Active","April 02, 2025","BYB65LCP1NP2P8
 CHAPEL
 piolo/freddie
 ===================
 JUNE 18 2026
 OLD DD: MAY 2
 RC: JUNE 18
 NEW AND NEXT DD: JULY 14 2026-CLARISSE","1,000","Active","ZONE VI BAYAMBANG PANGASINAN",""
"1977","","1743573073","TWA_Juanita_Bato","639770518861","2 - Prepaid","Non-Active","April 02, 2025","gilbert/dong","1,000","Active","Purok 3 Wawa Alfiesta Bbang Pangasinan",""
"1978","","1743578374","DAP_Fe_Bugarin","639388893115","2 - Prepaid","Non-Active","April 02, 2025","dante alonzo","1,000","Active","Purok 2 Apalen Bayambang Pangasinan",""
"1979","","1743650586","DAP_Jaquelyn_Castillo","639915982634","3 - Prepaid","Non-Active","April 03, 2025","dante alonzo","1,000","Active","Pueok 1, Apalen Bayambang Pangasinan",""
"1980","","1743662764","DDU_Raymund_Roy","639914681816","6 - Prepaid","Non-Active","April 03, 2025","dante alonzo
 ============
 DC 11/6/25 - dante rqst
 RC 11/11/25 
 ==========
 done pullout modem/unplugged matagal na according to sir dnte
 =====
 For reconnection 04/21/2026 - Hans
 ==========
 September 10, 2026 RECONNECTION
 old dd 22
 new dd 6 - hans","1,000","Active","Purok 4, Dusoc Bayambang Pangasinan",""
"1981","","1743663629","MKIS_Glenda_Refuerzo","639300765121","3 - Prepaid","Non-Active","April 03, 2025","marven lucero","1,000","Active","Santiago st kisikis alcala pang",""
"1982","","1743664119","MKIS_Sahra_Nueva","639954463391","3 - Prepaid","Non-Active","April 03, 2025","marven lucero","1,000","Active","Nama St. Kisikis, Alcala, Pangasinan",""
"1983","","1743671927","MSTP_Jay_Alcause","639187196929","3 - Prepaid","Non-Active","April 03, 2025","Port 1
 marven lucero","1,000","Active","Zone 7 don pruto st sto nino sto tomas pang",""
"1984","","1743732193","MNN_Christian_Didong","639920270624","4 - Prepaid","Non-Active","April 04, 2025","MARVEN","799","Active","Nibaliw norte bautista pangasinan",""
"1985","","1743748478","MLAO_PaulJohn_Cabaluna","639552261844","4 - Prepaid","Non-Active","April 04, 2025","MARVEN","1,000","Active","Zone 6 pablo st. Laoac west Alcala pang",""
"1986","","1743754146","MLAO_Thelma_Lanuza","63966820250","4 - Prepaid","Non-Active","April 04, 2025","MARVEN","1,000","Active","Lanuza st laoac east alcala pang",""
"1987","","1743828153","MSPI_Sheryl_Catubay","639516753371","5 - Prepaid","Non-Active","April 05, 2025","MARVEN","799","Active","ZONE 1 SAN PEDRO ILI ALCALA",""
"1988","","1743838081","XSTP_Efren_Abrina","639081657042","10 - Prepaid","Non-Active","April 05, 2025","OK
 JOHAN/ALJOHN
 adjusted DD 5 days-due to fiber break
 old dd 5
 new DD 10","1,000","Active","Project 8 Salvacion Sto Tomas",""
"1989","","1743842569","MPINE_Desiree_Santiago","639213382794","5 - Prepaid","Non-Active","April 05, 2025","MARVEN","1,500","Active","138 Doña Aurora st Pindangan East alcala Pangasinan",""
"1990","","1743843639","XPA_Jelyn_Abalos","639667404000","5 - Prepaid","Non-Active","April 05, 2025","Lcp:1
 Nap:1
 Port:13
 
 TECHNICIAN: Ma king / Edward","1,000","Active","Purok 3 pangdel bayambang pangasinan
 OK",""
"1991","","8800002","MSTP_Benjilyne_Senica","639456917269","5 - Prepaid","Non-Active","April 05, 2025","P1 Senica compound 09456917269","1,000","Active","Zone 5 San agustin sto tomas pangasinan",""
"1992","","8800003","MSTP_Judith_Senica","639389498249","5 - Prepaid","Non-Active","April 05, 2025","STP LCP NP P2
 Senica compound","799","Active","Zone 5 san agustin sto tomas pang",""
"1993","","250406010015","XBUA_Allan_Castillo","639706442337","14 - Prepaid","Non-Active","April 06, 2025","Lester/Making
 D Nasingil last month MARCH
 
 
 ==========
 DC 10/10/25
 RC 10/11/25
 ================
 MAY 29 2026- ADJUSTED 3 DAYS GRACE PERIOD DUE TO NO CONNECTIONS -CLARISSE
 Old DD: 7/ adjusted 7 days -darz/ new DD:14","1,000","Active","Purok 7 Brgy Buayaen Bayambang Pangasinan",""
"1994","","1744000279","XAMN_Carlo_Binalingbing","639949689825","7 - Prepaid","Non-Active","April 07, 2025","Nap 5 Port 1
 Aljohn/Charlie","1,000","Active","Purok 1 Amancosiling Norte",""
"1995","","250407150249","XBUA_Marietta_Cayabyab","639171387848","7 - Prepaid","Non-Active","April 07, 2025","201- BYB LCP NP P4
 Johan, jun","1,000","Active","palacpac st, purok 7,buayaen,bayambang,Pangasinan",""
"1996","","1744015391","XAMN_Rogelio_Ventura","63949668677","14 - Prepaid","Non-Active","April 07, 2025","Nap 1 Port 15
 Freddie/Jeff
 Old DD:7/ adjusted 7 days-darz/ new DD:14","1,000","Active","Purok 2, Amancosiling Norte Bayambang Pangasinan",""
"1997","","1744075704","TWAR_Clarita_Grospe","639666655999","8 - Prepaid","Non-Active","April 08, 2025","PORT: 5
 JHUN TORRES","1,000","Active","Purok 2, Warding Bbang Pangasinan",""
"1998","","1744078558","MPE_Stephanie_Carino","639685229528","8 - Prepaid","Non-Active","April 08, 2025","PORT 15","1,000","Active","P Sison St. Poblaciob East Alcala Pangasinan",""
"1999","","1744082757","XAM2_Rhea_Pelingon","639369341938","8 - Prepaid","Non-Active","April 08, 2025","PORT: 11
 NAP: 6
 LCP: 1
 TECH: DANIELEE/JAYSON","1,000","Active","Purok 2 Ambayat 2nd Bayambang Pangasinan",""
"2000","","1744083347","XSA_Edwin_Bugayong","639562377819","11 - Prepaid","Non-Active","April 08, 2025","PORT: 2
 NAP: 1
 LCP: 1
 TECH: FREDDIE/JEFF
 ============
 Old DD 8
 DC 10/14/25 - Ice
 6 days Consumed
 RC 11/11
 New DD 12/5
 For delete Nov. Bill-EJ
 NO CONNECTION FOR 6 DAYS DUE TO TYPHOON
 NEW DD: DEC 11 2025","1,000","Active","Purok 4, Sanlibo Bayambang Pangasinan",""