NaN,Name,Phone,Account No,Invoice No,Period,Total,Status,Due Date,Isolir Date,Date Payment,Payment Method,Reference,Address,Action
NaN,Alma_Padilla,639629321689.000,1790650374 ( 1790650374),261001001.000,Oct 2026,1,000,UNPAID,2026-10-28,2026-11-02,NaN,-,-,Purok 4 Wawa Tanggal Bbang Pangasinan,NaN
NaN,Alyson_Mogol,639458105809.000,1790387504 ( 1790387504),261001002.000,Oct 2026,799.000,UNPAID,2026-10-28,2026-11-02,NaN,-,-,Purok 3 Manambong Sur Bayambang Pangasinan,NaN
NaN,AM1_Adoracion_Collado,639635150250.000,230204104000 ( 230204104000),261001003.000,Oct 2026,1,000,UNPAID,2026-10-25,2026-11-01,NaN,-,-,BRGY AMBAYAT 1ST BYB PNG,NaN
NaN,AM1_Analyn_Alejo_Jepa,639930738522.000,230301193437 ( 230301193437),261001004.000,Oct 2026,1,000,UNPAID,2026-10-06,2026-10-13,NaN,-,-,PUROK 1 BRGY AMBAYAT 1ST BYB PNG,NaN
NaN,AM1_Angelika_Adriano,639483911931.000,1764735912 ( 1764735912),261001005.000,Oct 2026,569.000,PAID,2026-10-03,2026-10-07,2026-10-01,Paymaya,8397132.000,Purok 2 Ambayat 1st Bayambang Pangasinan,NaN
NaN,AM1_Arjean_Deguzman,639468850887.000,230221182970 ( 230221182970),261001006.000,Oct 2026,1,000,UNPAID,2026-10-24,2026-10-31,NaN,-,-,Brgy Ambayat 1st Bayambang Pangasinan,NaN
NaN,AM1_Arlyn_Cueva,639318281504.000,230204103256 ( 230204103256),261001007.000,Oct 2026,1,000,UNPAID,2026-10-20,2026-10-24,NaN,-,-,AMBAYAT 1ST BYB PNG,NaN
NaN,AM1_Ben_Collado,639462242924.000,500013 ( 1716201409),261001008.000,Oct 2026,1,000,UNPAID,2026-10-15,2026-10-19,NaN,-,-,BRGY AMBAYAT 1ST BYB PNG,NaN
NaN,AM1_Danica_Abalos,639098661423.000,230203153243 ( 230203153243),261001009.000,Oct 2026,1,000,UNPAID,2026-10-16,2026-10-23,NaN,-,-,BRGY AMBAYAT 1ST BYB PNG OK,NaN
NaN,AM1_Danilo_Bugarin,639518896652.000,230221182968 ( 230221182968),261001010.000,Oct 2026,1,000,UNPAID,2026-10-16,2026-10-20,NaN,-,-,Brgy Ambayat 1st Bayambang Pangasinan,NaN
NaN,AM1_Edilyn_Laurel,639509522810.000,230204133010 ( 230204133010),261001011.000,Oct 2026,1,000,UNPAID,2026-10-17,2026-10-21,NaN,-,-,Ambayat 1st Bayambang Pangasinan,NaN
NaN,AM1_Edwin_Mari,639959405096.000,230221182973 ( 230221182973),261001012.000,Oct 2026,1,000,UNPAID,2026-10-16,2026-10-23,NaN,-,-,Brgy Ambayat 1st Bayambang Pangasinan,NaN
NaN,AM1_Ellyniel_Ancheta,639123456789.000,230221182961 ( 230221182961),261001013.000,Oct 2026,800.000,UNPAID,2026-10-12,2026-10-19,NaN,-,-,Brgy Ambayat 1st Bayambang Pangasinan,NaN
NaN,AM1_Fredierick_Francisco,639196144574.000,230221182975 ( 230221182975),261001014.000,Oct 2026,1,000,UNPAID,2026-10-16,2026-10-20,NaN,-,-,BRGY AMBAYAT 1ST BYB PNG,NaN
NaN,AM1_Gedion_Naron,639302844282.000,230214104617 ( 230214104617),261001015.000,Oct 2026,1,000,UNPAID,2026-10-20,2026-10-24,NaN,-,-,BRGY AMBAYAT 1ST BYB PNG,NaN
NaN,AM1_Glyza_Ancheta,639123456789.000,230228204202 ( 230228204202),261001016.000,Oct 2026,1,000,UNPAID,2026-10-26,2026-10-30,NaN,-,-,BRGY AMBAYAT 1ST BYB PNG,NaN
NaN,AM1_Gracelou_Malveda,639070992072.000,230214104622 ( 230214104622),261001017.000,Oct 2026,800.000,UNPAID,2026-10-11,2026-10-15,NaN,-,-,BRGY AMBAYAT 1ST BYB PNG,NaN
NaN,AM1_Judith_Vargas,63964063410.000,230301193440 ( 230301193440),261001018.000,Oct 2026,1,000,UNPAID,2026-10-21,2026-10-28,NaN,-,-,BRGY AMBAYAT 1ST BYB PNG,NaN
NaN,AM1_Leizel_Eliang,6396394552416.000,230221182964 ( 230221182964),261001019.000,Oct 2026,1,000,UNPAID,2026-10-14,2026-10-18,NaN,-,-,BRGY AMBAYAT 1ST BYB PNG,NaN
NaN,AM1_Lope_Lucero,639959400880.000,230221182972 ( 230221182972),261001020.000,Oct 2026,1,000,UNPAID,2026-10-16,2026-10-23,NaN,-,-,BRGY AMBAYAT 1ST BYB PNG,NaN
NaN,AM1_Maricel_Bugarin,639399498891.000,230214104616 ( 230214104616),261001021.000,Oct 2026,1,000,UNPAID,2026-10-06,2026-10-10,NaN,-,-,BRGY AMBAYAT 1ST BYB PNG,NaN
NaN,AM1_Mark_Amos,639385629475.000,230221182974 ( 230221182974),261001022.000,Oct 2026,1,000,UNPAID,2026-10-20,2026-10-27,NaN,-,-,BRGY AMABYAT 1ST BYB PNG,NaN
NaN,AM1_Mark_Bugarin,639914730678.000,500002 ( 500002),261001023.000,Oct 2026,1,000,UNPAID,2026-10-28,2026-11-05,NaN,-,-,Purok 1, Ambayat 1st Bayambang Pangasinan,NaN
NaN,AM1_Novalyn_Manangan,639485100942.000,230211141402 ( 230211141402),261001024.000,Oct 2026,1,000,UNPAID,2026-10-09,2026-10-16,NaN,-,-,Purok 1 Ambayat 1st Bayambang Pangasinan,NaN
NaN,AM1_Sharon_Laurel,639395229632.000,230214104620 ( 230214104620),261001025.000,Oct 2026,800.000,UNPAID,2026-10-14,2026-10-18,NaN,-,-,BRGY AMABYAT 1ST BYB PNG,NaN
NaN,AM1_Tessie_Pablo,639515405741.000,230221182966 ( 230221182966),261001026.000,Oct 2026,1,000,UNPAID,2026-10-28,2026-11-01,NaN,-,-,BRGY AMBAYAT 1ST BYB PNG,NaN
NaN,AM1_Vangie_Ferrer,639123456789.000,230221182988 ( 230221182988),261001027.000,Oct 2026,1,000,UNPAID,2026-10-10,2026-10-14,NaN,-,-,BRGY AMBAYAT 1ST BYB PNG,NaN
NaN,AM1_Vilma_Fabian,639307204167.000,230214104619 ( 230214104619),261001028.000,Oct 2026,1,000,UNPAID,2026-10-04,2026-10-11,NaN,-,-,BRGY AMBAYAT 1ST BYB PNG,NaN
NaN,AM2_AldrinRyan_Sinfuego,639052942419.000,1764755295 ( 1764755295),261001029.000,Oct 2026,800.000,UNPAID,2026-10-16,2026-10-17,NaN,-,-,Purok 3 Ambayat 2nd Bayambang Pangasinan,NaN
NaN,AM2_Erlinda_Valenzuela,639081568005.000,600014 ( 600014),261001030.000,Oct 2026,1,000,UNPAID,2026-10-28,2026-11-05,NaN,-,-,Ambayat 2nd Bayambang Pangasinan,NaN
NaN,AM2_Marygrace_Papa,639504157122.000,230211175962 ( 230211175962),261001031.000,Oct 2026,1,000,UNPAID,2026-10-17,2026-10-26,NaN,-,-,PUROK 1 AMBAYAT 2ND BYB PNG,NaN
NaN,AM2_Vitaliano_Bondame,639652277465.000,230204081414 ( 230204081414),261001032.000,Oct 2026,1,000,UNPAID,2026-10-25,2026-10-29,NaN,-,-,Ambayat 2nd Bayambang Pangasinan,NaN
NaN,AM_Icelyn_Garcia,639123456789.000,230221182960 ( 230221182960),261001033.000,Oct 2026,1,000,UNPAID,2026-10-16,2026-10-23,NaN,-,-,BRGY AMBAYAT 1ST BYB PNG,NaN
NaN,AM_Lourdes_Ducusin,639453740133.000,230221182962 ( 230221182962),261001034.000,Oct 2026,1,500,UNPAID,2026-10-25,2026-10-30,NaN,-,-,Brgy Ambayat 1st Bayambang Pangasinan,NaN
NaN,Anamaria_Dulay,639614896563.000,1790379344 ( 1790379344),261001035.000,Oct 2026,1,000,UNPAID,2026-10-27,2026-10-31,NaN,-,-,Purok 1 Darawey Bayambang Pangasinan,NaN
NaN,AnjellyAnn_Palac,639262027583.000,1790823240 ( 1790823240),261005321.000,Oct 2026,500.000,PAID,2026-10-01,2026-10-05,2026-10-01,Installation,Joe edwo,Zone 5 Primicias Bautista Pangasinan,NaN
NaN,Antonio Rolloda,639556808711.000,1790579927 ( 1790579927),261001036.000,Oct 2026,1,000,UNPAID,2026-10-28,2026-11-01,NaN,-,-,Rizal st San vicente alcala pangasinan,NaN
NaN,ASA_Gemma_Seguin,639177303062.000,1742890677 ( 1742890677),261001037.000,Oct 2026,1,000,UNPAID,2026-10-28,2026-11-04,NaN,-,-,Purok 5, Sanlibo, Bayambang, Pangasinan OK,NaN
NaN,ASA_Michelle_Caldito,639273564403.000,1752560476 ( 1752560476),261001038.000,Oct 2026,1,000,UNPAID,2026-10-15,2026-10-22,NaN,-,-,SANLIBO BAYAMBANG PANGASINAN,NaN
NaN,BarangayAmbayat2nd_BayambangSK,639940405742.000,1775869813 ( 1775869813),261001039.000,Oct 2026,1,000,UNPAID,2026-10-13,2026-10-17,NaN,-,-,Address (with Purok): Purok 2 Ambayat 2nd Bayambang, Pangasinan,NaN
NaN,Bical_Elementary_School,639917660754.000,1600024 ( 1709784830),261001040.000,Oct 2026,1,000,UNPAID,2026-10-15,2026-11-02,NaN,-,-,Atis Street Bical Norte Bayambang,NaN
NaN,Bical_Elementary_School2,639554059061.000,1754378640 ( 1754378640),261001041.000,Oct 2026,1,000,UNPAID,2026-10-15,2026-10-19,NaN,-,-,atis street bical norte bayambang pangasinan,NaN
NaN,BNHS_Crisanto_Ong,639988672100.000,232400002 ( 1740029955),261001042.000,Oct 2026,1,000,UNPAID,2026-10-14,2026-10-18,NaN,-,-,MAGSAYSAY BAYAMBANG PANGASINAN,NaN
NaN,BNHS_Luisa_Deguzman,639274837145.000,1781588856 ( 1781588856),261001043.000,Oct 2026,799.000,UNPAID,2026-10-17,2026-10-21,NaN,-,-,AISA Multipurpose Cooperative BNHS in front of court.,NaN
NaN,BPI_Direct_Banko_INC,639937580073.000,1737705770 ( 1737705770),260905220.000,Oct 2026,1,170,UNPAID,2026-10-24,2026-10-30,NaN,-,-,220 Ortigas Avenue Banko Center Greenhills, City of San juan, NCR,NaN
NaN,Brgy_Pindangan_Centro,6312345678910.000,1785902164 ( 1785902164),261001044.000,Oct 2026,1,000,UNPAID,2026-10-01,2026-10-01,NaN,-,-,Pindangan Centro Alcala Pangasinan OK,NaN
NaN,Carungay_Elementary_School,639123456789.000,230221183015 ( 230221183015),261001045.000,Oct 2026,1,500,UNPAID,2026-10-25,2026-11-03,NaN,-,-,Brgy Carungay Bayambang Pangasinan,NaN
NaN,CA_Armilyn_Navarro,639123456789.000,230214104604 ( 230214104604),261001046.000,Oct 2026,1,000,UNPAID,2026-10-10,2026-10-19,NaN,-,-,Brgy Carungay Bayambang Pangasinan,NaN
NaN,CA_Corazon_Page,639123456789.000,230214104579 ( 230214104579),261001047.000,Oct 2026,1,000,UNPAID,2026-10-22,2026-10-31,NaN,-,-,Brgy Carungay Bayambang Pangasinan,NaN
NaN,CA_Elsie_Rosales,639123456789.000,230214104580 ( 230214104580),261001048.000,Oct 2026,1,000,UNPAID,2026-10-15,2026-10-24,NaN,-,-,Brgy Carungay Bayambang Pangasinan,NaN
NaN,CA_Eric_Rebamontan,639989985957.000,230204111313 ( 230204111313),261001049.000,Oct 2026,1,000,UNPAID,2026-10-14,2026-10-23,NaN,-,-,Carungay Bayambang Pangasinan,NaN
NaN,CA_Johnpaul_Romano,639123456789.000,230214104584 ( 230214104584),261001050.000,Oct 2026,1,000,UNPAID,2026-10-15,2026-10-24,NaN,-,-,Brgy Carungay Bayambang Pangasinan,NaN
NaN,CA_Karyll_Dizon,639123456789.000,230214104583 ( 230214104583),261001051.000,Oct 2026,1,000,UNPAID,2026-10-15,2026-10-24,NaN,-,-,Brgy Carungay Bayambang Pangasinan,NaN
NaN,CA_Lloyd_Angelo_Alonzo,639123456789.000,230221183018 ( 230221183018),261001052.000,Oct 2026,1,000,UNPAID,2026-10-28,2026-11-01,NaN,-,-,Brgy Carungay Bayambang Pangasinan,NaN
NaN,Charlene_Libed,639351896408.000,1790738635 ( 1790738635),260905242.000,Oct 2026,700.000,PAID,2026-10-01,2026-10-05,2026-09-30,Cash,-,Zone 5 San vicente Alcala Pangasinan,NaN
NaN,DAM1_Francisco_Manalang,639127219899.000,230228204204 ( 230228204204),261001053.000,Oct 2026,1,000,UNPAID,2026-10-28,2026-11-01,NaN,-,-,11 PUROK 2 BRGY AMBAYAT BYB PNG OK,NaN
NaN,DAM1_Frederic_Manalang,639123456789.000,230221183026 ( 230221183026),261001054.000,Oct 2026,1,000,UNPAID,2026-10-28,2026-11-06,NaN,-,-,BRGY AMBAYAT 1ST BYB PNG .....,NaN
NaN,DAM2_Katrina_Tobias,639195157053.000,230214104587 ( 230214104587),261001055.000,Oct 2026,1,000,UNPAID,2026-10-18,2026-10-27,NaN,-,-,Purok 1 Ambayat 2nd,NaN
NaN,DAMN_Elizabeth_Perez,639304390043.000,230202094718 ( 230202094718),261001056.000,Oct 2026,1,000,UNPAID,2026-10-15,2026-10-24,NaN,-,-,Purok 3 Amancosiling Bayambang Pangasinan,NaN
NaN,DAMN_Ysabel_Pagsolingan,639511022346.000,1739255855 ( 1739255855),261001057.000,Oct 2026,1,000,UNPAID,2026-10-10,2026-10-14,NaN,-,-,Amancosiling Norte Bayambang Pangasinan,NaN
NaN,DAMS_Elementary_School,639282618353.000,1782809862 ( 1782809862),261001058.000,Oct 2026,1,000,UNPAID,2026-10-01,2026-10-10,NaN,-,-,Amancosiling sur Bayambang Pangasinan,NaN
NaN,DAMS_Elementary_School2,639282618353.000,1782869813 ( 1782869813),261001059.000,Oct 2026,1,000,UNPAID,2026-10-09,2026-10-09,NaN,-,-,Amancosoling Sur Bayambang Pangasinan,NaN
NaN,DAMS_Elementary_School3,639282618353.000,1782870192 ( 1782870192),261001060.000,Oct 2026,1,000,UNPAID,2026-10-09,2026-10-09,NaN,-,-,Amancosoling Sur, Bayambang Pangasinan,NaN
NaN,Danila_Ignacio,639491647612.000,1790558713 ( 1790558713),261001061.000,Oct 2026,1,000,UNPAID,2026-10-28,2026-11-02,NaN,-,-,Zone 1 Ketagan Bautista Pangasinan,NaN
NaN,DAP_Aiza_Manuel,639851371674.000,1736128735 ( 1736128735),261001062.000,Oct 2026,1,000,UNPAID,2026-10-06,2026-10-15,NaN,-,-,Apalen Bayambang Pangasinan,NaN
NaN,DAP_Arturo_Lapitan,639123456789.000,230221183028 ( 230221183028),261001063.000,Oct 2026,1,000,UNPAID,2026-10-26,2026-11-04,NaN,-,-,Brgy Carungay Bayambang Pangasinan,NaN
NaN,DAP_Ashley_Torres,639510758361.000,1772185007 ( 1772185007),261001064.000,Oct 2026,1,000,UNPAID,2026-10-10,2026-10-19,NaN,-,-,Purok 3 Apalen Bayambang Pangasinan,NaN
NaN,DAP_bhoy_corpuz,639123456789.000,230214104608 ( 230214104608),261001065.000,Oct 2026,1,000,UNPAID,2026-10-04,2026-10-13,NaN,-,-,Brgy Apalen Bayambang Pangasinan,NaN
NaN,DAP_Celia_Carmisis,639395039961.000,230430081429 ( 230430081429),261001066.000,Oct 2026,1,000,UNPAID,2026-10-27,2026-11-05,NaN,-,-,Brgy Apalen Bayambang Pangasinan,NaN
NaN,DAP_Edna_Evangelista,639065714586.000,230202092655 ( 230202092655),261001067.000,Oct 2026,1,000,UNPAID,2026-10-27,2026-11-08,NaN,-,-,Purok 1 Apalen Bayambang Pangasinan,NaN
NaN,DAP_Erlisa_Valeroso,639648811538.000,1778557102 ( 1778557102),261001068.000,Oct 2026,1,000,UNPAID,2026-10-12,2026-10-21,NaN,-,-,Putok 3 Apalen Bayambang Pangasinan OK,NaN
NaN,DAP_Evelyn_Agustin,639051382217.000,1753944966 ( 1753944966),261001069.000,Oct 2026,1,000,UNPAID,2026-10-28,2026-11-06,NaN,-,-,Purok 2, Apalen Bayambang Pangasinan OK,NaN
NaN,DAP_Fe_Bugarin,639388893115.000,1743578374 ( 1743578374),261001070.000,Oct 2026,1,000,UNPAID,2026-10-02,2026-10-11,NaN,-,-,Purok 2 Apalen Bayambang Pangasinan,NaN
NaN,DAP_Florentina_Garcia,639098345410.000,1764399852 ( 1764399852),261001071.000,Oct 2026,1,000,UNPAID,2026-10-29,2026-11-07,NaN,-,-,Purok 2 Apalen Bayambang Pangasinan,NaN
NaN,DAP_Janet_Agustin,639639997339.000,1787010966 ( 1787010966),261001072.000,Oct 2026,1,000,UNPAID,2026-10-21,2026-10-25,NaN,-,-,Purok 2 Apalen Bayambang Pangasinan,NaN
NaN,DAP_Jaquelyn_Castillo,639915982634.000,1743650586 ( 1743650586),261001073.000,Oct 2026,1,000,UNPAID,2026-10-03,2026-10-12,NaN,-,-,Pueok 1, Apalen Bayambang Pangasinan,NaN
NaN,DAP_Jayrick_Pescador,639504149780.000,1748916634 ( 1748916634),261001074.000,Oct 2026,1,000,UNPAID,2026-10-03,2026-10-12,NaN,-,-,Purok 3, Apalen Bayambang Pangasinan,NaN
NaN,DAP_Jeanpaul_Ventura,639157457575.000,700024 ( 1731203784),261001075.000,Oct 2026,1,000,UNPAID,2026-10-07,2026-10-11,NaN,-,-,Purok 3 Brgy Apalen Bayambang Pangasinan,NaN
NaN,DAP_Jhonrey_Garcia,639707931992.000,1741762360 ( 1741762360),261001076.000,Oct 2026,1,000,UNPAID,2026-10-20,2026-10-24,NaN,-,-,Purok 1, Apalen Bayambang Pangasinan OK,NaN
NaN,DAP_Jiane_Alonzo,639661568454.000,230214104605 ( 230214104605),261001077.000,Oct 2026,1,000,UNPAID,2026-10-15,2026-10-24,NaN,-,-,Brgy Carungay Bayambang Pangasinan OK,NaN
NaN,DAP_Jomar_Evangelista,639081959798.000,230221183016 ( 230221183016),261001078.000,Oct 2026,2,000,UNPAID,2026-10-25,2026-11-03,NaN,-,-,Brgy Apalen Bayambang Pangasinan,NaN
NaN,DAP_Jonald_Agustin,639260120015.000,1747879405 ( 1747879405),261001079.000,Oct 2026,1,000,UNPAID,2026-10-28,2026-11-01,NaN,-,-,Purok 2, Apalen Bayambang pangasinan,NaN
NaN,DAP_Junjun_Pescador,639466856999.000,700017 ( 1718686468),261001080.000,Oct 2026,1,000,UNPAID,2026-10-18,2026-10-27,NaN,-,-,Apalen Bayambang OK,NaN
NaN,DAP_Maricel_Agudo,639608530795.000,230202093917 ( 230202093917),261001081.000,Oct 2026,1,000,UNPAID,2026-10-27,2026-11-08,NaN,-,-,Purok 1 Apalen Bayambang Pangasinan,NaN
NaN,DAP_maricel_canunizado,639665622123.000,230202093133 ( 230202093133),261001082.000,Oct 2026,1,000,UNPAID,2026-10-18,2026-10-30,NaN,-,-,Purok 2 Apalen Bayambang pangasinan,NaN
NaN,DAP_Marivel_Mendoza,639455668957.000,230202091905 ( 230202091905),261001083.000,Oct 2026,1,000,UNPAID,2026-10-09,2026-10-18,NaN,-,-,98 Purok 2 Apalen Bayambang Pangasinan,NaN
NaN,DAP_Michellerose_Lucero,639943459517.000,700021 ( 1722932731),261001084.000,Oct 2026,1,000,UNPAID,2026-10-28,2026-11-06,NaN,-,-,Purok 1 Brgy Apalen Bayambang Pangasinan,NaN
NaN,DAP_Myrna_Arizo,639513087454.000,700023 ( 1726369175),261001085.000,Oct 2026,1,000,UNPAID,2026-10-14,2026-10-23,NaN,-,-,Purok 1 Brgy Apalen Bayambang Pangasinan,NaN
NaN,DAP_Olga_Agustin,639944590186.000,1736139433 ( 1736139433),261001086.000,Oct 2026,1,000,UNPAID,2026-10-06,2026-10-10,NaN,-,-,Purok 2 Apalen Bayambang Pangasinan,NaN
NaN,DAP_Owen_Delacruz,639123456789.000,230214104606 ( 230214104606),261001087.000,Oct 2026,1,000,UNPAID,2026-10-01,2026-10-10,NaN,-,-,Brgy Apalen Bayambang Pangasinan,NaN
NaN,DAP_ranier_miguel,639464566786.000,230202094135 ( 230202094135),261001088.000,Oct 2026,1,000,UNPAID,2026-10-26,2026-11-04,NaN,-,-,Purok1 Apalen Bayambang Pangasinan OK,NaN
NaN,DAP_Renor_Arenas,639123456789.000,230221183029 ( 230221183029),261001089.000,Oct 2026,1,000,UNPAID,2026-10-26,2026-11-04,NaN,-,-,Brgy Apalen Bayambang Pangasinan,NaN
NaN,DAP_Robert_Uy,639503345340.000,1747888356 ( 1747888356),261001090.000,Oct 2026,1,000,UNPAID,2026-10-14,2026-10-23,NaN,-,-,Purok 1, Apalen Bayambang pangasinan,NaN
NaN,DAP_Shirly_Bugarin,639705681653.000,1778421109 ( 1778421109),261001091.000,Oct 2026,1,000,UNPAID,2026-10-13,2026-10-22,NaN,-,-,Purok 3 Apalen Bayambang Pangasinan,NaN
NaN,DAP_Sonia_Mangampat,639279871164.000,230221183041 ( 230221183041),261001092.000,Oct 2026,1,000,UNPAID,2026-10-30,2026-11-08,NaN,-,-,Purok 3 Brgy Apalen Bayambang Pangasinan,NaN
NaN,DAP_Yasmin_Iglesias,639569735649.000,1784084385 ( 1784084385),261001093.000,Oct 2026,1,000,UNPAID,2026-10-15,2026-10-19,NaN,-,-,Purok 2 Apalen Bayambang Pangasinan OK,NaN
NaN,DBAL_Amy_Devera,639487153787.000,1766459920 ( 1766459920),261001094.000,Oct 2026,1,000,UNPAID,2026-10-23,2026-11-01,NaN,-,-,Zone 1 Bautista Pangasinan,NaN
NaN,DBAL_Florencia_Sortido,639460697772.000,20000012 ( 1726585228),261001095.000,Oct 2026,1,000,UNPAID,2026-10-17,2026-10-26,NaN,-,-,Zone 3 Brgy Baluyot Bautista Pangasinan,NaN
NaN,DBAL_Jovino_Dauz,639913886246.000,1783689166 ( 1783689166),261001096.000,Oct 2026,1,000,UNPAID,2026-10-13,2026-10-20,NaN,-,-,Zone 4 Baluyot Bautista Pangasinan OK,NaN
NaN,DBAL_Kristinemay_Acebedo,639452792238.000,1739864810 ( 1739864810),261001097.000,Oct 2026,1,000,UNPAID,2026-10-01,2026-10-05,NaN,-,-,Zone1 Baluyot Bautista Pangasinan,NaN
NaN,DBAL_Rowena_Delacruz,639090641903.000,20000014 ( 1730260860),261001098.000,Oct 2026,1,000,UNPAID,2026-10-28,2026-11-01,NaN,-,-,117 Zone 2 Brgy Baluyot Bautista Pangasinan OK,NaN
NaN,DBAL_Zenaida_Sarmiento,639956323009.000,1767832136 ( 1767832136),261001099.000,Oct 2026,1,000,UNPAID,2026-10-09,2026-10-18,NaN,-,-,Baluyot Bautista Pangasinan,NaN
NaN,DBE_Arnold_Deguzman,639674453294.000,1785300011 ( 1785300011),261001100.000,Oct 2026,1,000,UNPAID,2026-10-28,2026-11-06,NaN,-,-,Purok 4 Bongato East Bayambang Pangasinan OK,NaN
NaN,DBE_Genesis_Devera,639157146796.000,1783386772 ( 1783386772),261001101.000,Oct 2026,1,000,UNPAID,2026-10-07,2026-10-11,NaN,-,-,258 Bongato East Bayambang Pangasinan,NaN
NaN,DBE_Markbrian_Pido,639553017717.000,1785299814 ( 1785299814),261001102.000,Oct 2026,1,000,UNPAID,2026-10-28,2026-11-06,NaN,-,-,Purok 4 Bungato East Bayambang Pangasinan OK,NaN
NaN,DBN_Ela_Gumahin,639997213401.000,1738997414 ( 1738997414),261001103.000,Oct 2026,1,000,UNPAID,2026-10-08,2026-10-17,NaN,-,-,Bical Norte Bayambang Pangasinan,NaN
NaN,DBN_Marife_Asuncion,639187582804.000,1600032 ( 1716444499),261001104.000,Oct 2026,1,000,UNPAID,2026-10-23,2026-11-01,NaN,-,-,Avocado Street Bical Norte Bayambang Pangasinan,NaN
NaN,DBN_Naome_Junio,639123824506.000,1760333539 ( 1760333539),261001105.000,Oct 2026,1,000,UNPAID,2026-10-13,2026-10-22,NaN,-,-,Anonas st. Bical Norte Bayambang Pangasinan,NaN
NaN,DBN_Renato_Carmisis,639500773848.000,1780445718 ( 1780445718),261001106.000,Oct 2026,1,000,UNPAID,2026-10-08,2026-10-12,NaN,-,-,Anonas St Bical Norte Bayambang Pangasinan,NaN
NaN,DBN_Resty_Sabangan,639155885042.000,241031230131 ( 1730387085),261001107.000,Oct 2026,1,000,UNPAID,2026-10-05,2026-10-14,NaN,-,-,Brgy Bical Norte Bayambang Pangasinan,NaN
NaN,DBN_Resty_Sabangan1,639155885042.000,1777265211 ( 1777265211),261001108.000,Oct 2026,1,000,UNPAID,2026-10-28,2026-11-06,NaN,-,-,Avocado st Bical Norte Bayambang Pangasinan,NaN
NaN,DBN_Romnick_Villanueva,639537997679.000,1754034096 ( 1754034096),261001109.000,Oct 2026,1,000,UNPAID,2026-10-20,2026-10-29,NaN,-,-,290 atis, Bical Norte Bayambang Pangasinan,NaN
NaN,DBS_Bobby_Junio,639671723844.000,1742367450 ( 1742367450),261001110.000,Oct 2026,1,000,UNPAID,2026-10-19,2026-10-28,NaN,-,-,Purok 3, BICAL SUR Bayambang Pangasinan,NaN
NaN,DBS_Carla_Jimenez,639105021872.000,240806175257 ( 1722938034),261001111.000,Oct 2026,1,000,UNPAID,2026-10-01,2026-10-10,NaN,-,-,Purok 1 Brgy Bical Sur Bayambang Pangasinan,NaN
NaN,DBS_Dalmacio_Benitez,639912339881.000,1745545563 ( 1745545563),261001112.000,Oct 2026,1,000,UNPAID,2026-10-25,2026-11-03,NaN,-,-,Purok e, Bical Sur Bayambang Pangasinan,NaN
NaN,DBS_Joanne_Pili_Bendol,639387813995.000,1700010 ( 1700010),261001113.000,Oct 2026,1,000,UNPAID,2026-10-25,2026-11-03,NaN,-,-,Mangga St Bical Norte Bayambang Pangasinan,NaN
NaN,DBS_Marcelina_Camanay,639469097280.000,1742367281 ( 1742367281),261001114.000,Oct 2026,1,000,UNPAID,2026-10-19,2026-10-28,NaN,-,-,Purok 3, Bayambang Pangasinan,NaN
NaN,DBS_Mario_Camba,639499838357.000,1700007 ( 1700007),261001115.000,Oct 2026,1,000,UNPAID,2026-10-03,2026-10-12,NaN,-,-,Purok 2 Bical Sur Bayambang Pangasinan OK,NaN
NaN,DBS_Max_Villiadar,639919369733.000,1780746947 ( 1780746947),261001116.000,Oct 2026,1,000,UNPAID,2026-10-08,2026-10-17,NaN,-,-,Bical Sur Bayambang Pangasinan,NaN
NaN,DBS_Steve_Obenza,639614590354.000,1748061090 ( 1748061090),261001117.000,Oct 2026,1,000,UNPAID,2026-10-24,2026-11-02,NaN,-,-,Purok 2, Bical sur Bayambang Pangasinan,NaN
NaN,DBS_Steve_Obenza_Waamos1,639614590354.000,1773272947 ( 1773272947),261001118.000,Oct 2026,1,000,UNPAID,2026-10-14,2026-10-23,NaN,-,-,Purok 2 Bical sur Bayambang Pangasinan,NaN
NaN,DBUA_Almar_Baratang,639234052828.000,1760518638 ( 1760518638),261001119.000,Oct 2026,1,000,UNPAID,2026-10-15,2026-10-24,NaN,-,-,Purok 3, Buyaen Bayambang Pangasinan,NaN
NaN,DBUA_Eduardo_Junio,639089190785.000,240927215632 ( 1727445537),261001120.000,Oct 2026,1,000,UNPAID,2026-10-27,2026-11-05,NaN,-,-,505 PALACPAC ST BRGY BUAYAEN BYB PNG,NaN
NaN,DBUA_Efren_Delacruz,639070990274.000,1742888935 ( 1742888935),261001121.000,Oct 2026,1,000,UNPAID,2026-10-28,2026-11-06,NaN,-,-,Purok 5 Buayaen Bayambang Pangasinan,NaN
NaN,DBUA_Joselito_Junio,639192408567.000,1780743538 ( 1780743538),261001122.000,Oct 2026,1,000,UNPAID,2026-10-11,2026-10-20,NaN,-,-,Palacpac Buyaen Bayambang Pangasinan,NaN
NaN,DBUA_Rizzalyn_Carranza,639515412748.000,1759217204 ( 1759217204),261001123.000,Oct 2026,1,000,UNPAID,2026-10-27,2026-10-31,NaN,-,-,Purok 3, Buayen Bayambang Pangasinan,NaN
NaN,DCA_Aimee_Abalos,639235331689.000,1738571916 ( 1738571916),261001124.000,Oct 2026,1,000,UNPAID,2026-10-03,2026-10-12,NaN,-,-,PUROK 3 Carungay bayambang Pangasinan,NaN
NaN,DCA_Albert_Beltran,639664523278.000,2400030 ( 1715252066),261001125.000,Oct 2026,1,000,UNPAID,2026-10-09,2026-10-18,NaN,-,-,Carungay Bayambang Pangasinan,NaN
NaN,DCA_Alfredo_Alcala,639238170276.000,1786511376 ( 1786511376),261001126.000,Oct 2026,1,000,UNPAID,2026-10-12,2026-10-16,NaN,-,-,Purok 4 Carungay Bayambang Pangasinan,NaN
NaN,DCA_Allen_Mina,639854783885.000,2400033 ( 1722935997),261001127.000,Oct 2026,1,000,UNPAID,2026-10-01,2026-10-05,NaN,-,-,Purok 6 Brgy Carungay Bayambang Pangasinan ====================== JULY 30 2026 - 2 UNPAID BILLS - CLARISSE,NaN
NaN,DCA_Analyn_Mayo,639850742311.000,1762142011 ( 1762142011),261001128.000,Oct 2026,1,000,UNPAID,2026-10-10,2026-10-14,NaN,-,-,Purok 2, Carungay Bayambang Pangasinan,NaN
NaN,DCA_Anecia_Rosales,639455376108.000,1775885900 ( 1775885900),261001129.000,Oct 2026,1,000,UNPAID,2026-10-13,2026-10-22,NaN,-,-,Purok 6 Carungay Bayambang Pangasinan,NaN
NaN,DCA_Angelito_Lagasca,639957814826.000,230204112345 ( 230204112345),261001130.000,Oct 2026,1,000,UNPAID,2026-10-14,2026-10-23,NaN,-,-,Purok 5 Carungay Bayambang Pangasinan,NaN
NaN,DCA_Anita_Delapena,639228306008.000,1745629242 ( 1745629242),261001131.000,Oct 2026,1,500,UNPAID,2026-10-26,2026-11-04,NaN,-,-,Purok 6, Carungay Bayambang Pangasinan,NaN
NaN,DCA_Beatriz_Bacuno,639123456789.000,230221183027 ( 230221183027),261001132.000,Oct 2026,1,000,UNPAID,2026-10-30,2026-11-08,NaN,-,-,Brgy Carungay Bayambang Pangasinan,NaN
NaN,DCA_Carol_Caranto,639666221178.000,1764576088 ( 1764576088),261001133.000,Oct 2026,1,500,UNPAID,2026-10-01,2026-10-10,NaN,-,-,Purok 5 Carungay Bayambang Pangasinan,NaN
NaN,DCA_Cathjay_Aquino,639123456789.000,230221183017 ( 230221183017),261001134.000,Oct 2026,1,000,UNPAID,2026-10-28,2026-11-06,NaN,-,-,Brgy Carungay Bayambang Pangasinan,NaN
NaN,DCA_Celino_Abalos(Dennis),6393836303496.000,1764141027 ( 1764141027),261001135.000,Oct 2026,1,000,UNPAID,2026-10-26,2026-11-04,NaN,-,-,Purok 5, Carungay Bayambang Pangasinan,NaN
NaN,DCA_Cherry_Opena,639123456789.000,230221183012 ( 230221183012),261001136.000,Oct 2026,1,000,UNPAID,2026-10-27,2026-10-31,NaN,-,-,Brgy Carungay Bayambang Pangasinan,NaN
NaN,DCA_Cheryl_Ramos,639956456357.000,1747616723 ( 1747616723),261001137.000,Oct 2026,1,000,UNPAID,2026-10-19,2026-10-28,NaN,-,-,Purok 6, Carungay Bayambang Pangasinan,NaN
NaN,DCA_Chona_Quijano,639927009052.000,2400001 ( 2400001),261001138.000,Oct 2026,1,000,UNPAID,2026-10-14,2026-10-23,NaN,-,-,Purok 6 Carungay Bayambang Pangasinan,NaN
NaN,DCA_Christoper_Abalos,639123456789.000,230214104594 ( 230214104594),261001139.000,Oct 2026,1,000,UNPAID,2026-10-15,2026-10-19,NaN,-,-,Brgy Carungay,NaN
NaN,DCA_Christopher_Rosales,639664357295.000,1744774105 ( 1744774105),261001140.000,Oct 2026,1,000,UNPAID,2026-10-28,2026-11-01,NaN,-,-,Purok 4, Carungay Bayambang Pangasinan,NaN
NaN,DCA_Cristeljoy_Valdez,639858702661.000,2400040 ( 1727052962),261001141.000,Oct 2026,1,000,UNPAID,2026-10-12,2026-10-21,NaN,-,-,Purok 2 brgy Carungay Bayambang Pangasinan,NaN
NaN,DCA_dovie_lisa_quijalvo,639123456789.000,230214104573 ( 230214104573),261001142.000,Oct 2026,1,000,UNPAID,2026-10-13,2026-10-22,NaN,-,-,Brgy Carungay Bayambang Pangasinan,NaN
NaN,DCA_Editha_Valdez,639468482443.000,1769389197 ( 1769389197),261001143.000,Oct 2026,1,000,UNPAID,2026-10-26,2026-11-04,NaN,-,-,Purok 5 Carungay Bayambang Pangasinan,NaN
NaN,DCA_Eduardo_Remillosa,639761748672.000,1764068505 ( 1764068505),261001144.000,Oct 2026,1,000,UNPAID,2026-10-25,2026-11-03,NaN,-,-,Purok 3, Carungay Bayambang Pangasinan,NaN
NaN,DCA_Elisa_Riodel,639516893959.000,230202145337 ( 230202145337),261001145.000,Oct 2026,1,000,UNPAID,2026-10-05,2026-10-14,NaN,-,-,Sitio Pacat Carungay Bayambang Pangasinan ok,NaN
NaN,DCA_Elmer_Pacubas,639686651992.000,1786005281 ( 1786005281),261001146.000,Oct 2026,1,000,UNPAID,2026-10-13,2026-10-17,NaN,-,-,Purok 6 Carungay Bayambang Pangasinan OK,NaN
NaN,DCA_Elvie_Abrena,639277281450.000,1785461519 ( 1785461519),261001147.000,Oct 2026,1,000,UNPAID,2026-10-01,2026-10-05,NaN,-,-,Purok 5 Carungay Bayambang Pangasinan,NaN
NaN,DCA_Felipe_Quijalvo,639685898652.000,1768808964 ( 1768808964),261001148.000,Oct 2026,1,000,UNPAID,2026-10-20,2026-10-29,NaN,-,-,Purok 3 Carungay Bayambang Pangasinan,NaN
NaN,DCA_Felomina_Alonzo,639123456789.000,230214104596 ( 230214104596),261001149.000,Oct 2026,1,000,UNPAID,2026-10-10,2026-10-19,NaN,-,-,Bgry Carungay Bayambang Pangasinan,NaN
NaN,DCA_Fillealssein_Marcelo,639123456789.000,230214104591 ( 230214104591),261001150.000,Oct 2026,1,000,UNPAID,2026-10-01,2026-10-10,NaN,-,-,Brgy Carungay Bayambang Pangasinan,NaN
NaN,DCA_Freddie_Ocampo,639157487005.000,2400031 ( 1720148377),261001151.000,Oct 2026,1,000,UNPAID,2026-10-04,2026-10-13,NaN,-,-,Purok 1 Carungay Bayambang Pangasinan,NaN
NaN,DCA_Genirose_Matabang,639639870439.000,230214104597 ( 230214104597),261001152.000,Oct 2026,1,000,UNPAID,2026-10-12,2026-10-21,NaN,-,-,Brgy Carungay Bayambang Pangasinan OK,NaN
NaN,DCA_George_Vitacion,639939423972.000,230214104600 ( 230214104600),261001153.000,Oct 2026,1,000,UNPAID,2026-10-16,2026-10-25,NaN,-,-,Brgy Carungay Bayambang Pangasinan OK,NaN
NaN,DCA_Gigi_Agudo,639091692151.000,230204142259 ( 230204142259),261001154.000,Oct 2026,1,000,UNPAID,2026-10-16,2026-10-25,NaN,-,-,Sitio Pacak Carungay Bayambang Pangasinan,NaN
NaN,DCA_Grace_Garcia,639123456789.000,230221183030 ( 230221183030),261001155.000,Oct 2026,1,000,UNPAID,2026-10-27,2026-11-05,NaN,-,-,Brgy Carungay Bayambang Pangasinan OK,NaN
NaN,DCA_Jander_Antolihao,639309583755.000,1789122324 ( 1789122324),261001156.000,Oct 2026,1,000,UNPAID,2026-10-15,2026-10-15,NaN,-,-,Purok 5 Carungay Bayambang Pangasinan,NaN
NaN,DCA_Jane_Ansali,639071390893.000,230202150818 ( 230202150818),261001157.000,Oct 2026,1,000,UNPAID,2026-10-28,2026-11-06,NaN,-,-,Purok 5 Carungay Bayambang Pangasinan,NaN
NaN,DCA_Janmarru_Alonzo,639123456789.000,230214104595 ( 230214104595),261001158.000,Oct 2026,1,000,UNPAID,2026-10-01,2026-10-10,NaN,-,-,Brgy Carungay Bayambang Pangasian,NaN
NaN,DCA_Jeann_Quinit,639760669594.000,1790208489 ( 1790208489),261001159.000,Oct 2026,1,000,UNPAID,2026-10-25,2026-10-29,NaN,-,-,Purok 4 Carungay Bayambang Pangasinan,NaN
NaN,DCA_Jennifer_Bautista,639388133367.000,1764387298 ( 1764387298),261001160.000,Oct 2026,1,000,UNPAID,2026-10-29,2026-11-07,NaN,-,-,Purok 3, Carungay Bayambang Pangasinan,NaN
NaN,DCA_Jenny_Asuncion,639123456789.000,230221183020 ( 230221183020),261001161.000,Oct 2026,1,000,UNPAID,2026-10-30,2026-11-08,NaN,-,-,Brgy Carungay Bayambang Pangasinan,NaN
NaN,DCA_Jessalee_Rosales,639568726357.000,230202152045 ( 230202152045),261001162.000,Oct 2026,1,000,UNPAID,2026-10-17,2026-10-26,NaN,-,-,PUROK 6 CARUNGAY BYB PNG,NaN
NaN,DCA_Jievy_Rosales,63915810767.000,2400043 ( 1730388358),261001163.000,Oct 2026,1,000,UNPAID,2026-10-28,2026-11-06,NaN,-,-,108 Purok 4 Brgy Carungay Bayambang Pangasinan,NaN
NaN,DCA_Jm_Alonzo,639927596601.000,1779267813 ( 1779267813),261001164.000,Oct 2026,1,000,UNPAID,2026-10-23,2026-10-27,NaN,-,-,Purok 7 Carungay Bayambang Pangasinan,NaN
NaN,DCA_Joanna_Fronda,639910372960.000,1760076680 ( 1760076680),261001165.000,Oct 2026,1,000,UNPAID,2026-10-10,2026-10-19,NaN,-,-,Purok 7 Carungay bayambang Pangasinan,NaN
NaN,DCA_Jobelle_Parocha,639666976226.000,1756276766 ( 1756276766),261001166.000,Oct 2026,1,000,UNPAID,2026-10-27,2026-11-05,NaN,-,-,Purok 5, Carungay Bayambang Pangasinan,NaN
NaN,DCA_Jocelyn_Beltran,639294364406.000,230202144133 ( 230202144133),261001167.000,Oct 2026,1,000,UNPAID,2026-10-22,2026-10-31,NaN,-,-,Carungay Bayambang Pangasinan,NaN
NaN,DCA_Joel_Quijalvo,639468482445.000,230202144819 ( 230202144819),261001168.000,Oct 2026,1,000,UNPAID,2026-10-17,2026-10-26,NaN,-,-,Carungay Bayambang Pangasinan,NaN
NaN,DCA_Johnglenn_Ragasa,639452130956.000,1776731324 ( 1776731324),261001169.000,Oct 2026,1,000,UNPAID,2026-10-22,2026-10-31,NaN,-,-,Purok 2 Carungay Bayambang Pangasinan,NaN
NaN,DCA_johnnalyn_naranja,639123456789.000,230221183024 ( 230221183024),261001170.000,Oct 2026,1,000,UNPAID,2026-10-17,2026-10-26,NaN,-,-,Brgy Carungay Bayambang Pangasinan,NaN
NaN,DCA_Jojo_Asuncion,639123456789.000,230221183033 ( 230221183033),261001171.000,Oct 2026,1,000,UNPAID,2026-10-30,2026-11-08,NaN,-,-,Brgy Carungay Bayambang Pangasinan,NaN
NaN,DCA_Joshua_Corpuz,639123456789.000,230221183032 ( 230221183032),261001172.000,Oct 2026,1,000,UNPAID,2026-10-18,2026-10-22,NaN,-,-,Brgy Carungay Bayambang Pangasinan,NaN
NaN,DCA_Jovita_Santos,639124535958.000,230214104630 ( 230214104630),261001173.000,Oct 2026,1,000,UNPAID,2026-10-29,2026-11-07,NaN,-,-,Purok 3 Brgy Carungay Bayambang Pangasinan,NaN
NaN,DCA_Joy_Quinit,639123456789.000,230221183036 ( 230221183036),261001174.000,Oct 2026,1,000,UNPAID,2026-10-22,2026-10-31,NaN,-,-,Brgy Carungay Bayambang Pangasinan,NaN
NaN,DCA_kris_reyes,639123456789.000,230221183011 ( 230221183011),261001175.000,Oct 2026,1,000,UNPAID,2026-10-28,2026-11-01,NaN,-,-,Brgy Carungay Bayambang Pangasinan,NaN
NaN,DCA_kritoffer_abalos,639123456789.000,2400003 ( 2400003),261001176.000,Oct 2026,1,000,UNPAID,2026-10-21,2026-10-30,NaN,-,-,Carungay Bayambang Pangasinan,NaN
NaN,DCA_Laurence_Quijalvo,639924118574.000,230202162342 ( 230202162342),261001177.000,Oct 2026,1,000,UNPAID,2026-10-24,2026-11-02,NaN,-,-,Hermosa Bayambang Panggasinan,NaN
NaN,DCA_Leoncia_Abalos,639101853979.000,2400041 ( 1730382725),261001178.000,Oct 2026,1,000,UNPAID,2026-10-22,2026-10-31,NaN,-,-,Purok 4 Brgy Carungay Bayambang Pangasinan,NaN
NaN,DCA_Leonida_Alcala,639238170276.000,1786511651 ( 1786511651),261001179.000,Oct 2026,1,000,UNPAID,2026-10-13,2026-10-17,NaN,-,-,Purok 4 Carungay Bayambang Pangasinan OK,NaN
NaN,DCA_Leo_Cobangbang,639277417639.000,2400035 ( 1722938639),261001180.000,Oct 2026,1,000,UNPAID,2026-10-06,2026-10-10,NaN,-,-,Purok 3 Brgy Carungay Bayambang Pangasinan,NaN
NaN,DCA_Leo_Giron,639369049415.000,230202145949 ( 230202145949),261001181.000,Oct 2026,1,000,UNPAID,2026-10-22,2026-10-31,NaN,-,-,Carungay Bayambang Pangasinan,NaN
NaN,DCA_Levita_Barcelon,639353972349.000,230214104599 ( 230214104599),261001182.000,Oct 2026,1,500,UNPAID,2026-10-12,2026-10-21,NaN,-,-,Brgy Carungay Bayambang Pangasinan OK,NaN
NaN,DCA_Lito_Gloria,639486193195.000,230202151108 ( 230202151108),261001183.000,Oct 2026,1,000,UNPAID,2026-10-01,2026-10-10,NaN,-,-,Carungay Bayambang Pangasinan,NaN
NaN,DCA_Liz_Valdez,639360714667.000,1764132697 ( 1764132697),261001184.000,Oct 2026,1,000,UNPAID,2026-10-26,2026-11-04,NaN,-,-,Purok 5, Carungay Bayambang Pangasinan,NaN
NaN,DCA_Loreto_Iglesias,639631896793.000,1755139719 ( 1755139719),261001185.000,Oct 2026,1,000,UNPAID,2026-10-14,2026-10-18,NaN,-,-,Purok 4, Carungay Bayambang Pangasinan FREEDIE/MICHAEL/EDWIN/DANTE LCP2/NAP6/PORT14,NaN
NaN,DCA_Loreto_Navarrete,639921876750.000,1768808665 ( 1768808665),261001186.000,Oct 2026,1,000,UNPAID,2026-10-20,2026-10-29,NaN,-,-,Purok 2 Carungay Bayambang Pangasinan,NaN
NaN,DCA_Loreto_Rosales,639300563580.000,2400002 ( 2400002),261001187.000,Oct 2026,1,000,UNPAID,2026-10-28,2026-11-06,NaN,-,-,Purok 6 Brgy Carungay Bayambang Pangasinan,NaN
NaN,DCA_Lorraine_Agudo,639912811732.000,1759138584 ( 1759138584),261001188.000,Oct 2026,1,000,UNPAID,2026-10-29,2026-11-07,NaN,-,-,Purok 7, Carungay Bayambang Pangasinan,NaN
NaN,DCA_Lovelyann_Madarang,639938834820.000,1770462101 ( 1770462101),261001189.000,Oct 2026,1,500,UNPAID,2026-10-08,2026-10-17,NaN,-,-,Purok 2 Carungay Bayambang Pangasinan OK,NaN
NaN,DCA_magdalena_alonzo,639123456789.000,230221183009 ( 230221183009),261001190.000,Oct 2026,1,000,UNPAID,2026-10-22,2026-10-26,NaN,-,-,Brgy Carungay Bayambang Pangasinan,NaN
NaN,DCA_MANNY_Ragasa,639100150114.000,1778388809 ( 1778388809),261001191.000,Oct 2026,1,000,UNPAID,2026-10-10,2026-10-19,NaN,-,-,Purok 2 Carungay Bayambang Pangasinan,NaN
NaN,DCA_Manny_Ragasa,639100150114.000,1778399975 ( 1778399975),261001192.000,Oct 2026,1,000,UNPAID,2026-10-10,2026-10-19,NaN,-,-,Purok 2 Carungay Bayambang Pangasinan,NaN
NaN,DCA_Marcelina_Flores,639123456789.000,230214104592 ( 230214104592),261001193.000,Oct 2026,1,000,UNPAID,2026-10-01,2026-10-10,NaN,-,-,Brgy Carungay Bayambang Pangasinan,NaN
NaN,DCA_Maria_Palacio,639123456789.000,230214104577 ( 230214104577),261001194.000,Oct 2026,1,000,UNPAID,2026-10-13,2026-10-22,NaN,-,-,Brgy Carungay Bayambang Pangasinan,NaN
NaN,DCA_Maria_Ragasa,639123456789.000,230214104575 ( 230214104575),261001195.000,Oct 2026,1,000,UNPAID,2026-10-20,2026-10-29,NaN,-,-,Brgy Carungay Bayambang Pangasinan,NaN
NaN,DCA_Marilou_Publico,639123456789.000,230221183010 ( 230221183010),261001196.000,Oct 2026,1,000,UNPAID,2026-10-07,2026-10-11,NaN,-,-,Brgy Carungay Bayambang Pangasinan,NaN
NaN,DCA_Mario/rovelyn Canlas,639123456789.000,230214104578 ( 230214104578),261001197.000,Oct 2026,1,000,UNPAID,2026-10-13,2026-10-22,NaN,-,-,Brgy Carungay Bayambang Pangasinan,NaN
NaN,DCA_Markvincent_Eliang,639517173422.000,1788744666 ( 1788744666),261001198.000,Oct 2026,1,000,UNPAID,2026-10-08,2026-10-12,NaN,-,-,Purok 5 Carungay Bayambang Pangasinan,NaN
NaN,DCA_Marlene_Quinit,639081546599.000,230202151749 ( 230202151749),261001199.000,Oct 2026,1,000,UNPAID,2026-10-05,2026-10-14,NaN,-,-,Carungay Bayambang Pangasinan,NaN
NaN,DCA_Maximo_Rosales,639916003300.000,230202145038 ( 230202145038),261001200.000,Oct 2026,1,000,UNPAID,2026-10-28,2026-11-06,NaN,-,-,Carungay Bayambang Pangasinan OK,NaN
NaN,DCA_Melanie_Ramirez,639556830909.000,1780747571 ( 1780747571),261001201.000,Oct 2026,1,000,UNPAID,2026-10-09,2026-10-13,NaN,-,-,Purok 6 Carungay Bayambang Pangasinan OK,NaN
NaN,DCA_Mellany_Ragasa,639123456789.000,230214104574 ( 230214104574),261001202.000,Oct 2026,1,000,UNPAID,2026-10-13,2026-10-22,NaN,-,-,Brgy Carungay Bayambang Pangasinan,NaN
NaN,DCA_Naida_Flores,639123456789.000,230214104593 ( 230214104593),261001203.000,Oct 2026,1,000,UNPAID,2026-10-01,2026-10-10,NaN,-,-,Brgy Carungay Bayambang Pangasinan,NaN
NaN,DCA_Naymart_Quijalvo,639123456789.000,230214104598 ( 230214104598),261001204.000,Oct 2026,1,000,UNPAID,2026-10-04,2026-10-13,NaN,-,-,Brgy Carungay Bayambang Pangasinan,NaN
NaN,DCA_noel_andres,639123456789.000,230221183034 ( 230221183034),261001205.000,Oct 2026,1,000,UNPAID,2026-10-29,2026-11-07,NaN,-,-,Brgy Carungay Bayambang Pangasinan,NaN
NaN,DCA_Patricio_Torres,639123251936.000,2400037 ( 1723858058),261001206.000,Oct 2026,1,000,UNPAID,2026-10-15,2026-10-24,NaN,-,-,Purok 7 Brgy Carungay Bayambang Pangasinan OK,NaN
NaN,DCA_Patrick_Salvio,639123456789.000,230214104602 ( 230214104602),261001207.000,Oct 2026,1,000,UNPAID,2026-10-16,2026-10-25,NaN,-,-,Brgy Carungay Bayambang Pangasinan,NaN
NaN,DCA_Ramil_Villanueva,639692057957.000,2400038 ( 1725083953),261001208.000,Oct 2026,1,000,UNPAID,2026-10-28,2026-11-01,NaN,-,-,Purok 5 Brgy Carungay Bayambang Pangasinan,NaN
NaN,DCA_rea_alonso,639388133510.000,230214104589 ( 230214104589),261001209.000,Oct 2026,1,000,UNPAID,2026-10-12,2026-10-21,NaN,-,-,Brgy Carungay OK,NaN
NaN,DCA_Reyvilyne_Buraga,639123456789.000,230221183031 ( 230221183031),261001210.000,Oct 2026,1,000,UNPAID,2026-10-25,2026-11-03,NaN,-,-,Brgy Carungay Bayambang Pangasinan,NaN
NaN,DCA_Rhoma_Estanero,639956343378.000,1765955524 ( 1765955524),261001211.000,Oct 2026,1,000,UNPAID,2026-10-17,2026-10-26,NaN,-,-,Purok 1 Carungay Bayambang Pangasinan,NaN
NaN,DCA_Ricardo_Alonzo,639927596601.000,230214104601 ( 230214104601),261001212.000,Oct 2026,1,000,UNPAID,2026-10-07,2026-10-16,NaN,-,-,Brgy Carungay Bayambang Pangasinan,NaN
NaN,DCA_Richard_Alonzo,639123456789.000,230221183019 ( 230221183019),261001213.000,Oct 2026,1,000,UNPAID,2026-10-21,2026-10-30,NaN,-,-,Brgy Carungay Bayambang Pangasinan,NaN
NaN,DCA_Rodel_Rosales,639207110469.000,1753951235 ( 1753951235),261001214.000,Oct 2026,1,000,UNPAID,2026-10-28,2026-11-06,NaN,-,-,Purok 6, Carungay Bayambang Pangasinan,NaN
NaN,DCA_Romeo_Bona,639122943162.000,1771152773 ( 1771152773),261001215.000,Oct 2026,1,000,UNPAID,2026-10-16,2026-10-25,NaN,-,-,Purok 6 Carungay Bayambang Pangasinan,NaN
NaN,DCA_Rommel_Beltran,639551829276.000,2400014 ( 2400014),261001216.000,Oct 2026,1,000,UNPAID,2026-10-20,2026-10-24,NaN,-,-,Purok 1 Carungay Bayambang Pangasinan,NaN
NaN,DCA_Romulo_Alonzo,639123456789.000,230214104590 ( 230214104590),261001217.000,Oct 2026,1,000,UNPAID,2026-10-01,2026-10-10,NaN,-,-,Brgy Carungay Bayambang Pangasinan,NaN
NaN,DCA_Rosaline_Buno,639512744116.000,1779108311 ( 1779108311),261001218.000,Oct 2026,1,000,UNPAID,2026-10-19,2026-10-23,NaN,-,-,Purok 5 Carungay Bayambang Pangasinan,NaN
NaN,DCA_Ruth_Bugarin,639625221798.000,1779103830 ( 1779103830),261001219.000,Oct 2026,1,000,UNPAID,2026-10-19,2026-10-23,NaN,-,-,Purok 5 Carungay Bayambang Pangasinan,NaN
NaN,DCA_Samny_Granflor,639976520996.000,1777859881 ( 1777859881),261001220.000,Oct 2026,1,000,UNPAID,2026-10-04,2026-10-13,NaN,-,-,Purok 6 Carungay Bayambang,NaN
NaN,DCA_Sanisidro_Parish,639109950162.000,1738044470 ( 1738044470),261001221.000,Oct 2026,1,500,UNPAID,2026-10-28,2026-11-06,NaN,-,-,Carungay bayambang Pangasinan,NaN
NaN,DCA_Shirley_Flores,639156947614.000,1765770068 ( 1765770068),261001222.000,Oct 2026,1,000,UNPAID,2026-10-15,2026-10-24,NaN,-,-,Purok 2, Carungay Bayambang Pangasinan,NaN
NaN,DCA_Siony_Ragasa,639289188248.000,230202145652 ( 230202145652),261001223.000,Oct 2026,1,000,UNPAID,2026-10-17,2026-10-26,NaN,-,-,Carungay Bayambang Pangasinan,NaN
NaN,DCA_Sonny_Quisias,639919453303.000,1760681412 ( 1760681412),261001224.000,Oct 2026,1,000,UNPAID,2026-10-17,2026-10-26,NaN,-,-,Purok 1 Carungay Bayambang Pangasinan,NaN
NaN,DCA_Sylvia_Asuncion,639159358539.000,230202150509 ( 230202150509),261001225.000,Oct 2026,1,000,UNPAID,2026-10-28,2026-11-06,NaN,-,-,Carungay Bayambang Pangasinan,NaN
NaN,DCA_Teresita_Parana,639123456789.000,230221183014 ( 230221183014),261001226.000,Oct 2026,1,000,UNPAID,2026-10-21,2026-10-30,NaN,-,-,Brgy Carungay Bayambang Pangasinan,NaN
NaN,DCA_Tito_Parana,639567454184.000,230221183025 ( 230221183025),261001227.000,Oct 2026,1,000,UNPAID,2026-10-24,2026-11-02,NaN,-,-,Brgy Carungay Bayambang Pangasinan,NaN
NaN,DCA_Veronica_Beltran,639814736329.000,2400042 ( 1730386978),261001228.000,Oct 2026,1,000,UNPAID,2026-10-05,2026-10-14,NaN,-,-,Purok 1 Brgy Carumgay Bayambang Pangasinan,NaN
NaN,DCA_Wilmar_Quinit,639153542778.000,1759201323 ( 1759201323),261001229.000,Oct 2026,1,000,UNPAID,2026-10-30,2026-11-08,NaN,-,-,Purok 6, Carungay Bayambang Pangasinan,NaN
NaN,DCA_wilma_laresma,639123456789.000,230221183013 ( 230221183013),261001230.000,Oct 2026,1,000,UNPAID,2026-10-11,2026-10-15,NaN,-,-,Brgy Carungay Bayambang Pangasinan OK,NaN
NaN,DCA_Zenaida_Ragasa,639632247783.000,2400039 ( 1725084039),261001231.000,Oct 2026,1,000,UNPAID,2026-10-28,2026-11-06,NaN,-,-,Purok 2 Brgy Carungay Bayambang Pangasinan,NaN
NaN,DCS_Jennet_Rea,639810315288.000,2300046 ( 1730389453),261001232.000,Oct 2026,1,000,UNPAID,2026-10-07,2026-10-16,NaN,-,-,145 Lopez St, Brgy Cadre Site Bayambang Pangasinan,NaN
NaN,DCS_Jezreel_Torres,639500773248.000,1782645484 ( 1782645484),261001233.000,Oct 2026,1,000,UNPAID,2026-10-01,2026-10-10,NaN,-,-,Purok 8 Upper Cadre site Bayambang Pangasinan OK,NaN
NaN,DCS_Khristeenmae_Sison,639065598071.000,1776730368 ( 1776730368),261001234.000,Oct 2026,1,000,UNPAID,2026-10-21,2026-10-30,NaN,-,-,Cadre Site Bayambang Pangasinan Ok,NaN
NaN,DCS_Norma_Martinez,639681749594.000,1778659124 ( 1778659124),261001235.000,Oct 2026,1,000,UNPAID,2026-10-14,2026-10-23,NaN,-,-,279 Cadre Site Bayambang Pangasinan,NaN
NaN,DDA_Aizelyn_Jacalne,639943160614.000,2600029 ( 1732503892),261001236.000,Oct 2026,1,000,UNPAID,2026-10-30,2026-11-08,NaN,-,-,137 BRGY DARAWEY BYB PNG,NaN
NaN,DDA_Billyjoe_Ragasa,639777369368.000,2600032 ( 1735663647),261001237.000,Oct 2026,1,000,UNPAID,2026-10-28,2026-11-06,NaN,-,-,#113 Purok 3 Brgy Darawey Bayambang Pangasinan,NaN
NaN,DDA_Constantino_Polintan,639277360473.000,1783910389 ( 1783910389),261001238.000,Oct 2026,1,000,UNPAID,2026-10-15,2026-10-19,NaN,-,-,Purok 3 deke Darawey Bayambang Pangasinan OK,NaN
NaN,DDA_Elisa_Reconoce,63908233250.000,1752824798 ( 1752824798),261001239.000,Oct 2026,1,000,UNPAID,2026-10-18,2026-10-27,NaN,-,-,Purok 3, Darawey Bayambang Pangasinan,NaN
NaN,DDA_Evelyn_Caspillo,639166434919.000,1745309723 ( 1745309723),261001240.000,Oct 2026,1,000,UNPAID,2026-10-22,2026-10-31,NaN,-,-,Purok 3, Darawey Bayambang Pangasinan,NaN
NaN,DDA_Germaine_Orcino,639156944195.000,1759139558 ( 1759139558),261001241.000,Oct 2026,1,000,UNPAID,2026-10-28,2026-11-06,NaN,-,-,Purok 3, Darawey Bayambang Pangasinan OK,NaN
NaN,DDA_Helen_Perez,639512589287.000,1741671677 ( 1741671677),261001242.000,Oct 2026,1,000,UNPAID,2026-10-11,2026-10-20,NaN,-,-,Purok 3, Darawey Bayambang Pangasinan,NaN
NaN,DDA_Jennyrose_Barrozo,639273651664.000,1776682398 ( 1776682398),261001243.000,Oct 2026,1,000,UNPAID,2026-10-21,2026-10-30,NaN,-,-,Purok 3 Darawey Bayambang Pangasinan,NaN
NaN,DDA_Joan_Watson,639663978999.000,2600021 ( 1720522949),261001244.000,Oct 2026,1,000,UNPAID,2026-10-15,2026-10-24,NaN,-,-,PUROK 3 DARAWEY BYB PNG,NaN
NaN,DDA_Nadia_Junio,639949692540.000,2600030 ( 1732858799),261001245.000,Oct 2026,1,000,UNPAID,2026-10-29,2026-11-07,NaN,-,-,135 PUROK 3 BRGY DARAWEY BYB PNG OK,NaN
NaN,DDA_Orlando_Mejia,639278046832.000,230202101937 ( 230202101937),261001246.000,Oct 2026,1,000,UNPAID,2026-10-26,2026-11-04,NaN,-,-,Darawey Dike Bayambang Pangasinan OK,NaN
NaN,DDA_Samantha_Quinit,639764023600.000,1788484337 ( 1788484337),261001247.000,Oct 2026,1,000,UNPAID,2026-10-05,2026-10-09,NaN,-,-,Purok 3 Darawey Bayambang Pangasinan,NaN
NaN,DDP_Ernesto_Ventura,639502707813.000,1761616885 ( 1761616885),261001248.000,Oct 2026,1,000,UNPAID,2026-10-28,2026-11-06,NaN,-,-,Purok 7, M.H Del Pilar,NaN
NaN,DDP_Spencer_Patayan,639946941044.000,1759739358 ( 1759739358),261001249.000,Oct 2026,1,000,UNPAID,2026-10-20,2026-10-24,NaN,-,-,M.H Del Pilar Bayambang Pangasinan,NaN
NaN,DDP_SteveObenza_Waamos_Store,639614590354.000,1780269973 ( 1780269973),261001250.000,Oct 2026,1,000,UNPAID,2026-10-02,2026-10-06,NaN,-,-,MH Del Pilar Bayambang Pangasinan,NaN
NaN,DDP_Wendy_Castroverde,639662569554.000,1741933510 ( 1741933510),261001251.000,Oct 2026,1,000,UNPAID,2026-10-01,2026-10-10,NaN,-,-,M.H DEL PILAR BAYAMBANG PANGASINAN,NaN
NaN,DDU_Alexander_Barrogo,639089194087.000,240513161229 ( 1715587960),261001252.000,Oct 2026,1,000,UNPAID,2026-10-20,2026-10-29,NaN,-,-,Purok 7 Dusoc,NaN
NaN,DDU_Almira_Perez,639480733682.000,241030115939 ( 1730260969),261001253.000,Oct 2026,1,000,UNPAID,2026-10-28,2026-11-06,NaN,-,-,Purok 7 Brgy Dusoc Bayambang Pangasinan OK,NaN
NaN,DDU_Angelito_Gozum,639276335623.000,230228204203 ( 230228204203),261001254.000,Oct 2026,1,000,UNPAID,2026-10-28,2026-11-06,NaN,-,-,#6 Dumlao St Brgy Dusoc Bayambang Pangasinan,NaN
NaN,DDU_Angieline_Dionisio,639480787944.000,2800010 ( 2800010),261001255.000,Oct 2026,1,000,UNPAID,2026-10-14,2026-10-23,NaN,-,-,Purok 7 Brgy Dusoc Bayambang Pangasinan,NaN
NaN,DDU_Eric_Romero,639652062372.000,230202143058 ( 230202143058),261001256.000,Oct 2026,1,000,UNPAID,2026-10-25,2026-10-29,NaN,-,-,Purok 3 Dusoc Bayambang Pangasinan OK,NaN
NaN,DDU_Evelyn_Romero,639262725753.000,230202142548 ( 230202142548),261001257.000,Oct 2026,1,000,UNPAID,2026-10-03,2026-10-07,NaN,-,-,Purok 3 Dusoc Bayambang Pangasinan,NaN
NaN,DDU_Felicidad_Aquino,639208948158.000,2800007 ( 2800007),261001258.000,Oct 2026,1,000,UNPAID,2026-10-13,2026-10-22,NaN,-,-,Purok 7 Dusoc Bayambang Pangasinan,NaN
NaN,DDU_Gloria_Zacarias,639511787763.000,1750217831 ( 1750217831),261001259.000,Oct 2026,1,000,UNPAID,2026-10-18,2026-10-27,NaN,-,-,Purok 7 Dusoc Bayambang Pangasinan,NaN
NaN,DDU_Jessica_Valdez,639065918583.000,2800016 ( 2800016),261001260.000,Oct 2026,1,000,UNPAID,2026-10-22,2026-10-31,NaN,-,-,Purok 1 Brgy Dusoc Bayambang Pangasinan,NaN
NaN,DDU_JohnDenver_Velasquez,639946941569.000,240510131614 ( 1715318187),261001261.000,Oct 2026,1,000,UNPAID,2026-10-18,2026-10-27,NaN,-,-,Purok 4 Dusoc,NaN
NaN,DDU_John_Torres,639281718536.000,230202143349 ( 230202143349),261001262.000,Oct 2026,1,000,UNPAID,2026-10-23,2026-11-01,NaN,-,-,Purok 4 Dusoc Bayambang Pangasinan,NaN
NaN,DDU_Lea_Bugayong,639163516765.000,2800031 ( 2800031),261001263.000,Oct 2026,1,000,UNPAID,2026-10-16,2026-10-25,NaN,-,-,Purok 6 Dusoc ,Bayambang,Pangasinan,NaN
NaN,DDU_Mandy_Tamondong,639380691720.000,2800008 ( 2800008),261001264.000,Oct 2026,1,000,UNPAID,2026-10-25,2026-11-03,NaN,-,-,Puro 7 Dusoc Bayambang Pangasinan,NaN
NaN,DDU_Mario_Barrogo,639811591566.000,240510165222 ( 1715331154),261001265.000,Oct 2026,1,000,UNPAID,2026-10-20,2026-10-29,NaN,-,-,Dusoc Bayambang,NaN
NaN,DDU_Mark_Barrogo,639614284730.000,2800015 ( 2800015),261001266.000,Oct 2026,1,000,UNPAID,2026-10-06,2026-10-10,NaN,-,-,Purok 7 Brgy Dusoc Bayambang Pangasinan OK,NaN
NaN,DDU_Melanie_Flores,639695258555.000,2800002 ( 2800002),261001267.000,Oct 2026,1,000,UNPAID,2026-10-03,2026-10-12,NaN,-,-,#76 Purok 2 Brgy Dusoc Bayambang Pangasinan,NaN
NaN,DDU_Mely_Garcia,639123782512.000,2800006 ( 2800006),261001268.000,Oct 2026,1,000,UNPAID,2026-10-03,2026-10-12,NaN,-,-,Purok 7 Brgy Dusoc Bayambang Pangasinan,NaN
NaN,DDU_Michael_Abalos,639557802952.000,2800005 ( 2800005),261001269.000,Oct 2026,1,000,UNPAID,2026-10-03,2026-10-12,NaN,-,-,46 Brgy Dusoc Bayambang Pangasinan OK,NaN
NaN,DDU_Raymund_Roy,639914681816.000,1743662764 ( 1743662764),261001270.000,Oct 2026,1,000,UNPAID,2026-10-06,2026-10-10,NaN,-,-,Purok 4, Dusoc Bayambang Pangasinan,NaN
NaN,DDU_Ric_Velasco,639123456789.000,2800055 ( 2800055),261001271.000,Oct 2026,1,000,UNPAID,2026-10-28,2026-11-01,NaN,-,-,brgy Dusoc Bayambang Pangasinan OK,NaN
NaN,DDU_Rowena_Barrogo,639460296149.000,2800011 ( 2800011),261001272.000,Oct 2026,1,000,UNPAID,2026-10-05,2026-10-09,NaN,-,-,Purok 7 Brgy Bayambang Pangasinan,NaN
NaN,DDU_Teresita_Ferber,639074775667.000,2800009 ( 2800009),261001273.000,Oct 2026,1,000,UNPAID,2026-10-04,2026-10-13,NaN,-,-,7 Dusoc Bayambang Pangasinan,NaN
NaN,DDU_Vedasto_Mendoza,639286679740.000,240510131948 ( 1715318401),261001274.000,Oct 2026,1,000,UNPAID,2026-10-10,2026-10-19,NaN,-,-,Purok 6 Buayaen,NaN
NaN,DHE_Alexa_Andus,639359122079.000,1740807672 ( 1740807672),261001275.000,Oct 2026,1,000,UNPAID,2026-10-01,2026-10-10,NaN,-,-,Purok 1, Hermoza Bayambang Pangasinan OK,NaN
NaN,DHE_Alexielouise_Lomboy,639358696304.000,1782048043 ( 1782048043),261001276.000,Oct 2026,1,000,UNPAID,2026-10-22,2026-10-26,NaN,-,-,Purok 5 hermoza Bayambang Pangasinan,NaN
NaN,DHE_Alfredo_Menez,639086717024.000,230202160124 ( 230202160124),261001277.000,Oct 2026,1,000,UNPAID,2026-10-12,2026-10-21,NaN,-,-,Hermosa Bayambang Pangasinan,NaN
NaN,DHE_Alicia_Abalos,639615799548.000,230202163111 ( 230202163111),261001278.000,Oct 2026,1,000,UNPAID,2026-10-21,2026-10-30,NaN,-,-,Hermosa Bayambang Pangasinan,NaN
NaN,DHE_Alma_Alcantara,639518879266.000,1748913848 ( 1748913848),261001279.000,Oct 2026,1,000,UNPAID,2026-10-03,2026-10-12,NaN,-,-,Purok 3, Hermoza Bayambang Pangasinan,NaN
NaN,DHE_Alvin_Felix,639508324640.000,1740217408 ( 1740217408),261001280.000,Oct 2026,1,000,UNPAID,2026-10-30,2026-11-08,NaN,-,-,Purok e, Hermoza Bayambang Pangasinan OK,NaN
NaN,DHE_Analiza_Cantillo,639235416712.000,230202162056 ( 230202162056),261001281.000,Oct 2026,1,000,UNPAID,2026-10-30,2026-11-08,NaN,-,-,Hermosa Bayambang Pangasinan,NaN
NaN,DHE_Angelito_Urbien,639395012550.000,2900010 ( 2900010),261001282.000,Oct 2026,1,000,UNPAID,2026-10-03,2026-10-07,NaN,-,-,Purok 2 Brgy Hermoza Bayambang Pangasinan,NaN
NaN,DHE_Angel_Menez,639911447061.000,1776389082 ( 1776389082),261001283.000,Oct 2026,1,000,UNPAID,2026-10-17,2026-10-26,NaN,-,-,Purok 3 Hermoza Bayambang Pangasinan,NaN
NaN,DHE_Artemio_Devera,639670568773.000,1736394684 ( 1736394684),261001284.000,Oct 2026,1,000,UNPAID,2026-10-09,2026-10-18,NaN,-,-,Purok 3 Hermoza Bayambang Pangasinan,NaN
NaN,DHE_Aunice_Junio,639602885581.000,2900076 ( 1724927453),261001285.000,Oct 2026,1,000,UNPAID,2026-10-28,2026-11-06,NaN,-,-,Purok 1 Brgy Hermoza Bayambang Pangasinan,NaN
NaN,DHE_Barbara_Catalan,639387755596.000,230203083205 ( 230203083205),261001286.000,Oct 2026,1,000,UNPAID,2026-10-11,2026-10-20,NaN,-,-,Hermosa Bayambang Pangasinan,NaN
NaN,DHE_Becey_Agbuya,639318460783.000,1784291792 ( 1784291792),261001287.000,Oct 2026,799.000,UNPAID,2026-10-20,2026-10-24,NaN,-,-,Purok 4 Hermoza Bayambang Pangasinan OK,NaN
NaN,DHE_Cecelia_Catalan,639504460208.000,230202160354 ( 230202160354),261001288.000,Oct 2026,1,000,UNPAID,2026-10-17,2026-10-26,NaN,-,-,Hermosa Bayambang Pangasinan,NaN
NaN,DHE_Cesar_Manalang,639675675806.000,2900071 ( 1722924853),261001289.000,Oct 2026,1,000,UNPAID,2026-10-30,2026-11-08,NaN,-,-,Purok 4 Brgy Hermoza Bayambang Pangasinan,NaN
NaN,DHE_Claudine_Basina,639461995422.000,230203090125 ( 230203090125),261001290.000,Oct 2026,1,000,UNPAID,2026-10-13,2026-10-22,NaN,-,-,Purok 4 Hermosa Bayambang Pangasinan,NaN
NaN,DHE_Dennis_Carolino,639276463144.000,2900003 ( 2900003),261001291.000,Oct 2026,1,000,UNPAID,2026-10-25,2026-11-03,NaN,-,-,Purok 5 Brgy Hermoza Bayambang Pangasinan,NaN
NaN,DHE_Edwin_Riodel,639385757646.000,1748344063 ( 1748344063),261001292.000,Oct 2026,1,000,UNPAID,2026-10-27,2026-11-05,NaN,-,-,Purok 5, Hermoza Bayambang Pangasinan OK,NaN
NaN,DHE_Ehriec_Mejia,639108705815.000,2900012 ( 2900012),261001293.000,Oct 2026,1,000,UNPAID,2026-10-15,2026-10-24,NaN,-,-,Purok 1 Brgy Hermoza Bayambang Pangasinan OK,NaN
NaN,DHE_Elma_Solis,639070527900.000,2900002 ( 2900002),261001294.000,Oct 2026,1,000,UNPAID,2026-10-30,2026-10-30,NaN,-,-,Brgy Hermoza Bayambang Pangasinan,NaN
NaN,DHE_Elvie_Gascon,639123456789.000,230221183038 ( 230221183038),261001295.000,Oct 2026,1,000,UNPAID,2026-10-25,2026-11-03,NaN,-,-,Brgy Hermosa Bayambang Pangasinan,NaN
NaN,DHE_Emily_Felix,639307117333.000,230202164415 ( 230202164415),261001296.000,Oct 2026,1,000,UNPAID,2026-10-30,2026-11-08,NaN,-,-,Hermosa Bayambang Pangasinan,NaN
NaN,DHE_Evelyn_Tongson,639694931820.000,1758350746 ( 1758350746),261001297.000,Oct 2026,1,000,UNPAID,2026-10-20,2026-10-29,NaN,-,-,Purok 3, Hermoza Bayambang Pangasinan,NaN
NaN,DHE_Fedel_Mejia,639813206449.000,1756869855 ( 1756869855),261001298.000,Oct 2026,1,000,UNPAID,2026-10-03,2026-10-12,NaN,-,-,Purok 1, Hermoza Bayambang Pangasinan,NaN
NaN,DHE_Flora_Garcia,639511788561.000,1756863347 ( 1756863347),261001299.000,Oct 2026,1,000,UNPAID,2026-10-03,2026-10-12,NaN,-,-,Purok 3, Hermoza Bayambang Pangasinan,NaN
NaN,DHE_Frances_Obenza,639296154054.000,1744599509 ( 1744599509),261001300.000,Oct 2026,1,000,UNPAID,2026-10-14,2026-10-23,NaN,-,-,Purok 3, Hermoza Bayambang Pangasinan,NaN
NaN,DHE_Frankie_Catalan,639328743425.000,230203083431 ( 230203083431),261001301.000,Oct 2026,1,000,UNPAID,2026-10-11,2026-10-20,NaN,-,-,Hermosa Bayambang Pangasinan,NaN
NaN,DHE_Jander_Publico,639484278006.000,1750053485 ( 1750053485),261001302.000,Oct 2026,1,000,UNPAID,2026-10-25,2026-11-03,NaN,-,-,Purok 3, Hermoza Bayambang Pangasinan,NaN
NaN,DHE_Janet_Jimenez,639617539829.000,230203090432 ( 230203090432),261001303.000,Oct 2026,1,000,UNPAID,2026-10-11,2026-10-20,NaN,-,-,Purok 3 Hermosa Bayambang Pangasinan,NaN
NaN,DHE_Jaymart_Publico,639388114478.000,2900063 ( 1715416154),261001304.000,Oct 2026,1,000,UNPAID,2026-10-15,2026-10-24,NaN,-,-,Hermoza Bayambang Pangasinan,NaN
NaN,DHE_Jericamay_Torres,639466721462.000,1785495703 ( 1785495703),261001305.000,Oct 2026,1,000,UNPAID,2026-10-01,2026-10-05,NaN,-,-,Purok 3 Hermosa Bayambang Pangasinan OK,NaN
NaN,DHE_Jewel_Miran,639100689595.000,1771551599 ( 1771551599),261001306.000,Oct 2026,1,000,UNPAID,2026-10-21,2026-10-30,NaN,-,-,Purok 4 Hermoza Bayambang Pangasinan,NaN
NaN,DHE_Jhonaliza_Mejia,639052934408.000,230202161735 ( 230202161735),261001307.000,Oct 2026,1,000,UNPAID,2026-10-17,2026-10-26,NaN,-,-,Hermosa Bayambang Pangasinan,NaN
NaN,DHE_Joahnaannemae_Mejia,639208643051.000,230202163620 ( 230202163620),261001308.000,Oct 2026,1,000,UNPAID,2026-10-22,2026-10-31,NaN,-,-,Hermosa Bayambang Pangasinan,NaN
NaN,DHE_Johnrobert_Felix,639091364702.000,1745204269 ( 1745204269),261001309.000,Oct 2026,1,000,UNPAID,2026-10-21,2026-10-30,NaN,-,-,Purok 3, Hermoza Bayambang Pangasinan,NaN
NaN,DHE_Josie_Junio,639099667812.000,1770205680 ( 1770205680),261001310.000,Oct 2026,1,000,UNPAID,2026-10-05,2026-10-14,NaN,-,-,Purok 5 Hermoza Bayambang Pangasinan OK,NaN
NaN,DHE_Jovan_Samonte,6396009909.000,1752545259 ( 1752545259),261001311.000,Oct 2026,1,000,UNPAID,2026-10-15,2026-10-24,NaN,-,-,Purok 3, Hermoza Bayambang Pangasinan 201-1BYB64LCP1NP7P12 Piolo/Jerome,NaN
NaN,DHE_Jovita_Mamongay,639384364218.000,2900007 ( 2900007),261001312.000,Oct 2026,1,000,UNPAID,2026-10-28,2026-11-06,NaN,-,-,Purok 4 Brgy Hermoza Bayambang Pangasinan,NaN
NaN,DHE_Jovita_Obenza,639109688321.000,1767763774 ( 1767763774),261001313.000,Oct 2026,1,000,UNPAID,2026-10-08,2026-10-17,NaN,-,-,Purok 2, Hermoza Bayambang Pangasinan,NaN
NaN,DHE_Karenkris_Aquino,639562587779.000,1741660473 ( 1741660473),261001314.000,Oct 2026,1,000,UNPAID,2026-10-11,2026-10-20,NaN,-,-,Purok 2, Hermoza Bayambang Pangasinan,NaN
NaN,DHE_Kenneth_Serapion,639504177489.000,230203081305 ( 230203081305),261001315.000,Oct 2026,1,000,UNPAID,2026-10-13,2026-10-22,NaN,-,-,Hermosa Bayambang Pangasinan,NaN
NaN,DHE_Leilanie_Macayana,639663184746.000,1764752065 ( 1764752065),261001316.000,Oct 2026,1,000,UNPAID,2026-10-03,2026-10-12,NaN,-,-,Purok 5, Hermoza BYB Pang. OK,NaN
NaN,DHE_Lina_Opina,639503964450.000,2900070 ( 1720523096),261001317.000,Oct 2026,1,000,UNPAID,2026-10-09,2026-10-13,NaN,-,-,Purok 2 Hermoza Bayambang Pangasinan,NaN
NaN,DHE_Liza_Giron,639507201293.000,2900006 ( 2900006),261001318.000,Oct 2026,1,000,UNPAID,2026-10-28,2026-11-06,NaN,-,-,264 Purok 4 Brgy Hermoza Bayambang Pangasinan,NaN
NaN,DHE_Marcelino_Baniqued,639815225227.000,230202164624 ( 230202164624),261001319.000,Oct 2026,1,000,UNPAID,2026-10-28,2026-11-03,NaN,-,-,Hermosa Bayambang Pangasinan,NaN
NaN,DHE_Margie_Urbien,639472315721.000,230202154214 ( 230202154214),261001320.000,Oct 2026,1,000,UNPAID,2026-10-30,2026-11-08,NaN,-,-,Purok 4 Hermosa Bayambang Pangasinan OK,NaN
NaN,DHE_Marilyn_Devera,639701934651.000,230203091212 ( 230203091212),261001321.000,Oct 2026,1,000,UNPAID,2026-10-13,2026-10-22,NaN,-,-,Hermosa Bayambang Pangasinan,NaN
NaN,DHE_Marites_Mananzan,639123456789.000,2900060 ( 1710113073),261001322.000,Oct 2026,1,000,UNPAID,2026-10-08,2026-10-17,NaN,-,-,Purok 4, Hermoza, Bayambang, Pangasinan OK,NaN
NaN,DHE_Markwilliamlim_Abalos,639107837814.000,1777984297 ( 1777984297),261001323.000,Oct 2026,1,000,UNPAID,2026-10-07,2026-10-16,NaN,-,-,Purok 3 Hermoza Bayambang Pangasinan OK,NaN
NaN,DHE_Maryjane_Padua,639817434424.000,1740450415 ( 1740450415),261001324.000,Oct 2026,1,000,UNPAID,2026-10-25,2026-11-03,NaN,-,-,Purok4 Hermoza bayambang Pangasinan OK,NaN
NaN,DHE_Miralyn_Abalos,639070523048.000,2900004 ( 2900004),261001325.000,Oct 2026,1,000,UNPAID,2026-10-24,2026-10-30,NaN,-,-,Purok 3 Brgy Hermoza Bayambang Pangasinan,NaN
NaN,DHE_Morris_Camorongan,639701231485.000,230202155349 ( 230202155349),261001326.000,Oct 2026,1,000,UNPAID,2026-10-16,2026-10-25,NaN,-,-,Hermosa Bayambang Pangasinan,NaN
NaN,DHE_Noveliza_Miral,639097019401.000,1758873522 ( 1758873522),261001327.000,Oct 2026,1,000,UNPAID,2026-10-26,2026-11-04,NaN,-,-,Purok 5 Hermoza Bayambang Pangasinan,NaN
NaN,DHE_Rafael_Mejia,639817613321.000,1774607337 ( 1774607337),261001328.000,Oct 2026,1,000,UNPAID,2026-10-30,2026-11-08,NaN,-,-,Purok 6 Hermosa Bayambang Pangasinan,NaN
NaN,DHE_Ranel_Sabangan,639164217444.000,230203084227 ( 230203084227),261001329.000,Oct 2026,1,000,UNPAID,2026-10-16,2026-10-25,NaN,-,-,Hermosa Bayambang Pangasinan,NaN
NaN,DHE_Raquel_Manalang,639323461817.000,230202153151 ( 230202153151),261001330.000,Oct 2026,1,000,UNPAID,2026-10-09,2026-10-18,NaN,-,-,Purok 4 Hermosa Bayambang Pangasinan,NaN
NaN,DHE_Rea_Mejia,639128460459.000,230203084910 ( 230203084910),261001331.000,Oct 2026,1,000,UNPAID,2026-10-13,2026-10-22,NaN,-,-,HErmosa Bayambang Pangasinan,NaN
NaN,DHE_Rhea_Solis,639507687817.000,1764829857 ( 1764829857),261001332.000,Oct 2026,1,000,UNPAID,2026-10-04,2026-10-13,NaN,-,-,Purok 1 Hermoza Bayambang Pangasinan,NaN
NaN,DHE_Ricky_Mejia,639104939460.000,1741597208 ( 1741597208),261001333.000,Oct 2026,1,000,UNPAID,2026-10-10,2026-10-19,NaN,-,-,Valdez St. Hermoza Bayambang Pangasinan,NaN
NaN,DHE_Rita_Flores,639701130598.000,230203083751 ( 230203083751),261001334.000,Oct 2026,1,000,UNPAID,2026-10-12,2026-10-21,NaN,-,-,Hermosa Bayambang Pangasinan OK,NaN
NaN,DHE_Roger_Abalos,639489083510.000,230202155836 ( 230202155836),261001335.000,Oct 2026,1,000,UNPAID,2026-10-07,2026-10-15,NaN,-,-,Hermosa Bayambang Pangasinan,NaN
NaN,DHE_Romeo_Castro,639482193523.000,2900008 ( 2900008),261001336.000,Oct 2026,1,000,UNPAID,2026-10-28,2026-11-06,NaN,-,-,Purok 4 Brgy Hermoza Bayambang Pangasinan OK,NaN
NaN,DHE_Romnel_Torres,639506302579.000,1753929419 ( 1753929419),261001337.000,Oct 2026,1,000,UNPAID,2026-10-28,2026-11-06,NaN,-,-,Purok 1, Hermoza Bayambang Pangasinan,NaN
NaN,DHE_Rosauro_Apayart,639858343531.000,1737348189 ( 1737348189),261001338.000,Oct 2026,1,000,UNPAID,2026-10-29,2026-11-07,NaN,-,-,Purok 4 Hermoza Bayambang Pangasinan,NaN
NaN,DHE_Roxane_Ronquillo,639120384775.000,1745198690 ( 1745198690),261001339.000,Oct 2026,1,000,UNPAID,2026-10-30,2026-11-08,NaN,-,-,Purok 3 Hermoza Bayambang Pangasinan,NaN
NaN,DHE_Sofia_Sabangan,63946145167.000,1753924797 ( 1753924797),261001340.000,Oct 2026,1,000,UNPAID,2026-10-28,2026-11-06,NaN,-,-,Purok 3, Hermoza Bayambang Pangasinan,NaN
NaN,DHE_Susan_Obenza,639684259157.000,230202163959 ( 230202163959),261001341.000,Oct 2026,1,000,UNPAID,2026-10-22,2026-10-31,NaN,-,-,Hermosa Bayambang Pangasinan,NaN
NaN,DHE_Victoriano_Garcia,639066173827.000,1740136192 ( 1740136192),261001342.000,Oct 2026,1,000,UNPAID,2026-10-30,2026-11-08,NaN,-,-,Purok 1, Hermoza Bayambang Pangasinan OK,NaN
NaN,DHE_Vilma_Ferrer,639508307793.000,1764209464 ( 1764209464),261001343.000,Oct 2026,1,000,UNPAID,2026-10-27,2026-11-05,NaN,-,-,Purok 3 Hermoza Bayambang Pangasinan,NaN
NaN,DHE_Zeny_Mananzan,639464602603.000,2900009 ( 2900009),261001344.000,Oct 2026,1,000,UNPAID,2026-10-28,2026-11-06,NaN,-,-,240 purok 4 hermoza Bayambang Pangasinan,NaN
NaN,DID_Analea_Deleon,639952576454.000,1787487891 ( 1787487891),261001345.000,Oct 2026,799.000,UNPAID,2026-10-24,2026-10-28,NaN,-,-,Purok 2 Idong Bayambang Pangasinan,NaN
NaN,DID_Kathy_Flores,639100175000.000,1736302851 ( 1736302851),261001346.000,Oct 2026,1,000,UNPAID,2026-10-08,2026-10-17,NaN,-,-,Purok 3 Idong Bayambang Pangasinan,NaN
NaN,DINA_Fred_Peralta,639183044204.000,3100004 ( 3100004),261001347.000,Oct 2026,1,000,UNPAID,2026-10-14,2026-10-23,NaN,-,-,Purok 2 Inanlorenza Byaambang Pnagasinan,NaN
NaN,DINA_Juanita_Ildefonso,639928329945.000,1788309618 ( 1788309618),261001348.000,Oct 2026,1,000,UNPAID,2026-10-02,2026-10-06,NaN,-,-,Purok 1, Inanlorenza Bayambang Pangasinan,NaN
NaN,DINI_Alfredo_Alonzo,639428653507.000,3200008 ( 3200008),261001349.000,Oct 2026,1,000,UNPAID,2026-10-30,2026-11-08,NaN,-,-,Inirangan Bayambang Pangasinan,NaN
NaN,DINI_Angelica_Agustin,639484374242.000,3200002 ( 3200002),261001350.000,Oct 2026,1,000,UNPAID,2026-10-25,2026-11-03,NaN,-,-,Purok 3 Inirangan Bayambang Pangasinan,NaN
NaN,DINI_Arlyn_Dulay,639633860169.000,1764733326 ( 1764733326),261001351.000,Oct 2026,1,000,UNPAID,2026-10-03,2026-10-12,NaN,-,-,Seroy, Inirangan Byb Pang.,NaN
NaN,DINI_Boy_Bilaya,639123456789.000,230214104628 ( 230214104628),261001352.000,Oct 2026,1,000,UNPAID,2026-10-20,2026-10-29,NaN,-,-,Brgy Inirangan Bayambang Pangasinan,NaN
NaN,DINI_Boy_Kabagel,639858377335.000,1757403808 ( 1757403808),261001353.000,Oct 2026,1,000,UNPAID,2026-10-09,2026-10-18,NaN,-,-,Purok 2, Inirangan Bayambang Pangasinan,NaN
NaN,DINI_Daryl_Lapitan,639159841929.000,230202110758 ( 230202110758),261001354.000,Oct 2026,1,000,UNPAID,2026-10-28,2026-11-06,NaN,-,-,Brgy Inirangan Bayambang Pangasinan,NaN
NaN,DINI_Epifanie_Cayabyab,63916391014.000,230202105332 ( 230202105332),261001355.000,Oct 2026,1,000,UNPAID,2026-10-12,2026-11-01,NaN,-,-,Purok 7 Inirangan Bayambang Pangasinan,NaN
NaN,DINI_Estela_Gonzales,639096654259.000,230202111405 ( 230202111405),261001356.000,Oct 2026,1,000,UNPAID,2026-10-07,2026-10-16,NaN,-,-,Purok 4 Inirangan Bayambang Pangasinan,NaN
NaN,DINI_Hazel_Logan,639682180161.000,1761188695 ( 1761188695),261001357.000,Oct 2026,1,000,UNPAID,2026-10-23,2026-11-01,NaN,-,-,Purok 7, Inirangan Bayambang Pangasinan,NaN
NaN,DINI_Ian_Valdez,639107410882.000,1768699497 ( 1768699497),261001358.000,Oct 2026,1,000,UNPAID,2026-10-18,2026-10-27,NaN,-,-,Purok 1 Inirangan Bayambang Pangasinan,NaN
NaN,DINI_Jefferson_Pacubas,639309588892.000,3200038 ( 1722857315),261001359.000,Oct 2026,1,000,UNPAID,2026-10-16,2026-10-25,NaN,-,-,Purok 4 Brgy Inirangan Bayambang Pangasinan,NaN
NaN,DINI_Jenneth_Palaming,639677903251.000,3200012 ( 3200012),261001360.000,Oct 2026,1,000,UNPAID,2026-10-10,2026-10-14,NaN,-,-,Purok 3 Brgy Inirangan Bayambang Pangasinan,NaN
NaN,DINI_Jennifer_Cayabyab,639466251469.000,1779264108 ( 1779264108),261001361.000,Oct 2026,1,000,UNPAID,2026-10-23,2026-10-27,NaN,-,-,Seroy Inirangan Bayambang Pangasinan,NaN
NaN,DINI_Jessabel_Pacubas,639639873198.000,3200037 ( 1722856090),261001362.000,Oct 2026,1,000,UNPAID,2026-10-30,2026-11-08,NaN,-,-,Brgy Inirangan Bayambang Pangasinan,NaN
NaN,DINI_Jezter_Pacubas,639123456789.000,230214104611 ( 230214104611),261001363.000,Oct 2026,1,000,UNPAID,2026-10-12,2026-10-21,NaN,-,-,Brgy Inirangan Bayambang Pangasinan,NaN
NaN,DINI_Jimwel_Agustin,639318042306.000,3200040 ( 1722937872),261001364.000,Oct 2026,1,000,UNPAID,2026-10-13,2026-10-22,NaN,-,-,Purok 3 Brgy Inirangan Bayambang Pangasinan,NaN
NaN,DINI_Joan_Salvador,639488408854.000,230202111142 ( 230202111142),261001365.000,Oct 2026,1,000,UNPAID,2026-10-09,2026-10-18,NaN,-,-,Inirangan Bayambang Pangasinan,NaN
NaN,DINI_Juvilyn_Turla,639952580718.000,230202105629 ( 230202105629),261001366.000,Oct 2026,1,000,UNPAID,2026-10-09,2026-10-18,NaN,-,-,131 Inirangan Bayambang Pangasinan,NaN
NaN,DINI_Liza_Peralta,639303002006.000,230214104612 ( 230214104612),261001367.000,Oct 2026,1,000,UNPAID,2026-10-16,2026-10-25,NaN,-,-,Brgy Iniranangan Bayambang Pangasinan,NaN
NaN,DINI_Lourdes_Palaming,639959053523.000,230214104613 ( 230214104613),261001368.000,Oct 2026,1,000,UNPAID,2026-10-16,2026-10-25,NaN,-,-,Brgy Inirangan Bayambang Pangasinan OK,NaN
NaN,DINI_Lynlyn_Bugayong,639351666919.000,1787229773 ( 1787229773),261001369.000,Oct 2026,1,000,UNPAID,2026-10-24,2026-10-28,NaN,-,-,Purok 1 Inirangan Bayambang Pangasinan OK,NaN
NaN,DINI_Magda_Bilaya,639923867745.000,3200046 ( 1734316590),261001370.000,Oct 2026,1,000,UNPAID,2026-10-14,2026-10-23,NaN,-,-,Purok 1 Brgy Inirangan Bayambang Pangasinan,NaN
NaN,DINI_Marcy_Peralta,639158792501.000,1746258621 ( 1746258621),261001371.000,Oct 2026,1,000,UNPAID,2026-10-03,2026-10-12,NaN,-,-,Purok 1, Inirangan Bayambang Pangasinan,NaN
NaN,DINI_Retchel_Camcam,639272139770.000,3200045 ( 1732868279),261001372.000,Oct 2026,1,000,UNPAID,2026-10-12,2026-10-21,NaN,-,-,Purok 2 Brgy Inirangan Bayambang Pangasinan,NaN
NaN,DINI_Ricardo_Baldelomar,639958652836.000,3200029 ( 1715232599),261001373.000,Oct 2026,1,000,UNPAID,2026-10-16,2026-10-25,NaN,-,-,Purok 1 Inirangan,NaN
NaN,DINI_Rodel_Palaming,639922051687.000,1754192658 ( 1754192658),261001374.000,Oct 2026,1,000,UNPAID,2026-10-03,2026-10-12,NaN,-,-,Purok 2, Inirangan Bayambang pangasinan,NaN
NaN,DINI_Romel_Bilaya,639692235344.000,230202112022 ( 230202112022),261001375.000,Oct 2026,1,000,UNPAID,2026-10-22,2026-10-31,NaN,-,-,Inirangan Bayambang Pangasinan OK,NaN
NaN,DINI_Rowena_Valdez,639647358362.000,1738904755 ( 1738904755),261001376.000,Oct 2026,1,000,UNPAID,2026-10-07,2026-10-16,NaN,-,-,Inirangan bayambang Pangasinan,NaN
NaN,DINI_Samuel_Agustin,639633792365.000,3200047 ( 1736316011),261001377.000,Oct 2026,1,000,UNPAID,2026-10-05,2026-10-14,NaN,-,-,Purok 3 Brgy Inirangan Bayambang Pangasinan,NaN
NaN,DINI_Virginia_Guevara,639541785343.000,3200033 ( 1718686582),261001378.000,Oct 2026,1,000,UNPAID,2026-10-16,2026-10-25,NaN,-,-,Purok 2 Inirangan Bayambang,NaN
NaN,DIN_Jaymark_Caparros,639567139453.000,230202104542 ( 230202104542),261001379.000,Oct 2026,1,000,UNPAID,2026-10-28,2026-11-09,NaN,-,-,Purok 7 Inirangan Bayambang Pangasinan,NaN
NaN,DIN_Stpeter_Pacubas,639482293922.000,230202110448 ( 230202110448),261001380.000,Oct 2026,1,000,UNPAID,2026-10-28,2026-11-06,NaN,-,-,135 7 Inirangan Bayambang Pangasinan,NaN
NaN,Divina_Alicum,639059205937.000,1790661581 ( 1790661581),261001381.000,Oct 2026,1,000,UNPAID,2026-10-28,2026-11-02,NaN,-,-,Gabut st San vicente Alcala Pangasinan,NaN
NaN,DMAG_Germainelee_Orcino,639156944195.000,1782444111 ( 1782444111),261001382.000,Oct 2026,1,000,UNPAID,2026-10-26,2026-11-04,NaN,-,-,Zamora st. Magsaysay bayambang Pangasinan OK,NaN
NaN,DMAG_Nutrition_Office,639639873198.000,1765264869 ( 1765264869),261001383.000,Oct 2026,1,500,UNPAID,2026-10-09,2026-10-18,NaN,-,-,Magsaysay Bayambang Pangasinan OK,NaN
NaN,DMA_Brgy_Malioer_Sk,639514438487.000,230202100700 ( 230202100700),261001384.000,Oct 2026,1,500,UNPAID,2026-10-13,2026-10-22,NaN,-,-,Purok 3 Malioer Bayambang Pangasinan,NaN
NaN,DMA_Bryan_Sevilla,639392668903.000,1744612181 ( 1744612181),261001385.000,Oct 2026,1,000,UNPAID,2026-10-14,2026-10-23,NaN,-,-,Purok 5, Malaioer Bayambang Pangasinan OK,NaN
NaN,DMA_Carol_Padua,639506697630.000,1777764763 ( 1777764763),261001386.000,Oct 2026,1,000,UNPAID,2026-10-04,2026-10-13,NaN,-,-,Purok 3 Malioer Bayambang Pangasinan,NaN
NaN,DMA_Danilo_Palisoc,639507458622.000,1754972116 ( 1754972116),261001387.000,Oct 2026,1,000,UNPAID,2026-10-12,2026-10-21,NaN,-,-,Purok 3, Malioer Bayambang Pangasinan,NaN
NaN,DMA_Gina_Cayabyab,639082550289.000,1779935724 ( 1779935724),261001388.000,Oct 2026,1,000,UNPAID,2026-10-28,2026-11-04,NaN,-,-,Purok 1 Malioer Bayambang Pangasinan OK,NaN
NaN,DMA_Hilda_Dancel,639517350048.000,4100003 ( 4100003),261001389.000,Oct 2026,1,000,UNPAID,2026-10-13,2026-10-22,NaN,-,-,Brgy Malioer Bayambang Pangasinan,NaN
NaN,DMA_Lodrigo_Viray,639515991179.000,1754633053 ( 1754633053),261001390.000,Oct 2026,1,000,UNPAID,2026-10-08,2026-10-17,NaN,-,-,PUROK 6 MALIOER BYB PNG,NaN
NaN,DMA_Luz_Torres,639097016849.000,230211176010 ( 230211176010),261001391.000,Oct 2026,1,000,UNPAID,2026-10-28,2026-11-06,NaN,-,-,Malioer Bayambang Pangasinan,NaN
NaN,DMA_Noel_Manganti,639275911833.000,1750822192 ( 1750822192),261001392.000,Oct 2026,1,000,UNPAID,2026-10-15,2026-10-24,NaN,-,-,Purok 6, Malioer Bayambang Pangasinan,NaN
NaN,DMA_Ofelia_Castillo,639065654682.000,4100005 ( 4100005),261001393.000,Oct 2026,1,000,UNPAID,2026-10-28,2026-11-06,NaN,-,-,Purok 2 Brgy Malioer Bayambang Pangasinan,NaN
NaN,DMA_Oscar_Padua,639070990009.000,230202095805 ( 230202095805),261001394.000,Oct 2026,1,000,UNPAID,2026-10-14,2026-10-23,NaN,-,-,Malioer Bayambang Pangasinan,NaN
NaN,DMA_Rafael_Castro,639097019327.000,1740454836 ( 1740454836),261001395.000,Oct 2026,1,000,UNPAID,2026-10-25,2026-11-03,NaN,-,-,14 purok 1 malioer bayambang pang,NaN
NaN,DMA_Rebecca_Galsim,639632982492.000,4100027 ( 1725083607),261001396.000,Oct 2026,1,000,UNPAID,2026-10-28,2026-11-06,NaN,-,-,Purok 6 Brgy Malioer Bayambang Pangasinan,NaN
NaN,DMA_Rycamay_Bugagon,639639997253.000,4100028 ( 1736232436),261001397.000,Oct 2026,1,000,UNPAID,2026-10-09,2026-10-18,NaN,-,-,Purok 4 Brgy Malioer Bayambang Pangasinan OK,NaN
NaN,DMA_Sheena_Chato,639308389786.000,4100002 ( 4100002),261001398.000,Oct 2026,1,000,UNPAID,2026-10-10,2026-10-19,NaN,-,-,Purok 2 Maliuer Bayambang Pangasinan,NaN
NaN,DMA_Sunshine_Valerio,639690024961.000,230202101130 ( 230202101130),261001399.000,Oct 2026,1,000,UNPAID,2026-10-28,2026-11-06,NaN,-,-,Purok 3 Malioer Bayambang Pangasinan,NaN
NaN,DMA_Veberly_Esperat,639388561342.000,4100026 ( 1724675563),261001400.000,Oct 2026,1,000,UNPAID,2026-10-28,2026-11-06,NaN,-,-,Purok 5 Brgy Malioer Bayambang Pangasinan,NaN
NaN,DMN_Edward_Estrada,639467144246.000,1761105071 ( 1761105071),261001401.000,Oct 2026,1,000,UNPAID,2026-10-29,2026-11-07,NaN,-,-,Manambong Norte, Bayambang Pangasinan,NaN
NaN,DMN_Lolita_Ancheta,639305489364.000,1761099978 ( 1761099978),261001402.000,Oct 2026,1,000,UNPAID,2026-10-30,2026-11-08,NaN,-,-,Manambong Norte Bayambang Pangasinan OK,NaN
NaN,DMN_Marialuisa_Ancheta,639100598741.000,1766020656 ( 1766020656),261001403.000,Oct 2026,1,000,UNPAID,2026-10-18,2026-10-27,NaN,-,-,Manambong Norte Bayambang Pangasinan,NaN
NaN,DMN_Roval_Olea,639192058768.000,1780904523 ( 1780904523),261001404.000,Oct 2026,1,000,UNPAID,2026-10-10,2026-10-14,NaN,-,-,#75 Manambong Norte Bayambang Pangasinan OK,NaN
NaN,DMP_Catherine_Libres,639567950390.000,1778634194 ( 1778634194),261001405.000,Oct 2026,1,000,UNPAID,2026-10-13,2026-10-22,NaN,-,-,Sentro Manambong Parte,NaN
NaN,DMP_Delia_Mejia,639305611804.000,1738917240 ( 1738917240),261001406.000,Oct 2026,1,000,UNPAID,2026-10-07,2026-10-11,NaN,-,-,Manambong Parte bayambang Pangasinan OK,NaN
NaN,DMP_Estrella_Manaois,639544156995.000,1747901510 ( 1747901510),261001407.000,Oct 2026,1,000,UNPAID,2026-10-28,2026-11-06,NaN,-,-,Purok 2 manambong parte bayambang Pangasinan OK,NaN
NaN,DMP_Jayr_Sudario,639074201895.000,1759377647 ( 1759377647),261001408.000,Oct 2026,1,500,UNPAID,2026-10-02,2026-10-11,NaN,-,-,Purok 2, Manambong Parte Bayambang Pangasinan,NaN
NaN,DMP_Johnandrew_Manaois,639544156995.000,1759385434 ( 1759385434),261001409.000,Oct 2026,1,500,UNPAID,2026-10-02,2026-10-11,NaN,-,-,Purok 2, Manambong Parte Bayambang Pangasinan,NaN
NaN,DMP_Kenneth_Avila,639454167614.000,1757037034 ( 1757037034),261001410.000,Oct 2026,1,000,UNPAID,2026-10-05,2026-10-14,NaN,-,-,Purok 1, Manambong Parte Bayambang Pangasinan,NaN
NaN,DMP_Maricar_Limson,639638592725.000,4400028 ( 1715588073),261001411.000,Oct 2026,1,000,UNPAID,2026-10-04,2026-10-08,NaN,-,-,Purok 1 Manambong Parte,NaN
NaN,DMP_Marilou_Manaois,639633131489.000,1741154708 ( 1741154708),261001412.000,Oct 2026,1,000,UNPAID,2026-10-05,2026-10-14,NaN,-,-,Manambong Parte, Bayambang Pangasinan,NaN
NaN,DMP_Marissa_Baladad,639942188920.000,1759372164 ( 1759372164),261001413.000,Oct 2026,1,000,UNPAID,2026-10-02,2026-10-11,NaN,-,-,Purok 2, Manambong Parte Bayambang Pangasinan,NaN
NaN,DMP_Spencer_Galletes,639483240530.000,1759390801 ( 1759390801),261001414.000,Oct 2026,1,000,UNPAID,2026-10-02,2026-10-11,NaN,-,-,Purok 2, Manambong Parte Bayambang Pangasinan,NaN
NaN,DMP_Wilma_Flores,639543372252.000,1781089377 ( 1781089377),261001415.000,Oct 2026,1,000,UNPAID,2026-10-11,2026-10-20,NaN,-,-,Purok 2 Manambong Parte Bayambang Pangasinan OK,NaN
NaN,DMS_Clea_Zainab,639482835812.000,4300007 ( 4300007),261001416.000,Oct 2026,1,000,UNPAID,2026-10-17,2026-10-26,NaN,-,-,Zone 3 Subdivision Manambong Sur,Bayambang OK,NaN
NaN,DNN_Angelica_Balasabas,639079651900.000,1735968131 ( 1735968131),261001417.000,Oct 2026,1,000,UNPAID,2026-10-04,2026-10-13,NaN,-,-,Nibaliw Norte, Baustisa Pangasinan,NaN
NaN,DNN_Evander_Soriano,639633329243.000,1739425501 ( 1739425501),261001418.000,Oct 2026,1,000,UNPAID,2026-10-26,2026-10-30,NaN,-,-,225 ZONE V Nibaliw Norte Bautista Pangasinan,NaN
NaN,DNN_Lolita_Ong,639988871145.000,1764225390 ( 1764225390),261001419.000,Oct 2026,799.000,UNPAID,2026-10-27,2026-11-05,NaN,-,-,Zone 5, Nibaliw Norte Bautista Pangasinan,NaN
NaN,DNN_Marites_Eugenio,6397007309983.000,1754029582 ( 1754029582),261001420.000,Oct 2026,1,000,UNPAID,2026-10-01,2026-10-10,NaN,-,-,Zone 5, Nibaliw Norte Bautista Pangasinan,NaN
NaN,DNN_Rosel_Manglallan,639174025238.000,1754983543 ( 1754983543),261001421.000,Oct 2026,1,000,UNPAID,2026-10-12,2026-10-21,NaN,-,-,Zone 1, Nibaliw norte Bautista Pangasinan freedie/michael/dante/edwin port 1,NaN
NaN,DPA _Norma_Bautista,639669351797.000,4900096 ( 1736321863),261001422.000,Oct 2026,1,000,UNPAID,2026-10-17,2026-10-26,NaN,-,-,04 BRGY PANGDEL BYB PNG,NaN
NaN,DPA_Adrian_Torio,639944139497.000,1782727031 ( 1782727031),261001423.000,Oct 2026,1,000,UNPAID,2026-10-01,2026-10-10,NaN,-,-,Purok 1 Pangdel Bayambang Pangasinan OK,NaN
NaN,DPA_Aivie_Mejia,639222699360.000,1741836341 ( 1741836341),261001424.000,Oct 2026,1,000,UNPAID,2026-10-16,2026-10-25,NaN,-,-,Purok 3 Pangdel Bayambang Pangasinan,NaN
NaN,DPA_Alfredo_Abalos,639235331689.000,1759133729 ( 1759133729),261001425.000,Oct 2026,1,000,UNPAID,2026-10-29,2026-11-07,NaN,-,-,Purok 3, Pangdel Bayambang Pangasinan,NaN
NaN,DPA_Alvygay_Alabaso,639070293259.000,1735954261 ( 1735954261),261001426.000,Oct 2026,1,000,UNPAID,2026-10-04,2026-10-13,NaN,-,-,PUROK 3 PANGDEL BYB PNG,NaN
NaN,DPA_Antonio_Junio,639934564297.000,4900012 ( 4900012),261001427.000,Oct 2026,1,000,UNPAID,2026-10-25,2026-11-03,NaN,-,-,328 Pangdel Bayambang Pangasinan,NaN
NaN,DPA_Arlene_Ballesteros,639705803728.000,230202113431 ( 230202113431),261001428.000,Oct 2026,1,000,UNPAID,2026-10-09,2026-10-18,NaN,-,-,Purok 2 Pangdel Bayambang Pangasinan,NaN
NaN,DPA_Arlyn_Odavar,639055551371.000,1735878732 ( 1735878732),261001429.000,Oct 2026,1,000,UNPAID,2026-10-03,2026-10-12,NaN,-,-,Purok 2 Pangdel, Bayambang Pangasinan,NaN
NaN,DPA_Ashley_Abalos,639561309548.000,230203092200 ( 230203092200),261001430.000,Oct 2026,1,000,UNPAID,2026-10-28,2026-11-06,NaN,-,-,Pangdel Bayambang Pangasinan,NaN
NaN,DPA_Benjie_Perida,639104744389.000,230202120448 ( 230202120448),261001431.000,Oct 2026,1,000,UNPAID,2026-10-02,2026-10-12,NaN,-,-,Pangdel Bayambang Pangasinan,NaN
NaN,DPA_Bernadeth_Herrera,63934570154.000,4900067 ( 1723858132),261001432.000,Oct 2026,1,000,UNPAID,2026-10-24,2026-11-02,NaN,-,-,PUROK 3 BRGY PANGDEL BYB PNG,NaN
NaN,DPA_Beverly_Abalos,639518933344.000,1739264246 ( 1739264246),261001433.000,Oct 2026,1,000,UNPAID,2026-10-11,2026-10-20,NaN,-,-,Pangdel Bayambang Pangasinan,NaN
NaN,DPA_Bhing_Balmoja,639203688401.000,1740538167 ( 1740538167),261001434.000,Oct 2026,1,000,UNPAID,2026-10-26,2026-11-04,NaN,-,-,Purok 2, Pangdel Bayambang Pangasinan,NaN
NaN,DPA_Bhoi_Viernes,639635928281.000,1747278352 ( 1747278352),261001435.000,Oct 2026,1,500,UNPAID,2026-10-15,2026-10-24,NaN,-,-,Purok 1, Pangdel Bayambang Pangasinan,NaN
NaN,DPA_Carmela_Viloria,639090203758.000,230203093200 ( 230203093200),261001436.000,Oct 2026,1,000,UNPAID,2026-10-28,2026-11-06,NaN,-,-,Pangdel Bayambang Pangasinan,NaN
NaN,DPA_Cherrey_Zarate,639509511733.000,4900094 ( 1736314462),261001437.000,Oct 2026,1,000,UNPAID,2026-10-22,2026-10-31,NaN,-,-,PUROK 1 BRGY PANGDEL BYB PNG,NaN
NaN,DPA_Christian_Asuncion,639455414754.000,1741750552 ( 1741750552),261001438.000,Oct 2026,1,000,UNPAID,2026-10-12,2026-10-21,NaN,-,-,Purok 3, Bayambang Pangasinan,NaN
NaN,DPA_Clarrise_Asuncion,639465766348.000,1762149661 ( 1762149661),261001439.000,Oct 2026,1,000,UNPAID,2026-10-03,2026-10-12,NaN,-,-,Purok 2, Pangdel Bayambang Pangasinan,NaN
NaN,DPA_Dante_Papio,639105848062.000,230202113650 ( 230202113650),261001440.000,Oct 2026,1,000,UNPAID,2026-10-25,2026-11-03,NaN,-,-,253 Purok 2 Pangdel Bayambang Pangasinan,NaN
NaN,DPA_Deolita_Balmoja,639683080607.000,4900085 ( 1730389222),261001441.000,Oct 2026,1,000,UNPAID,2026-10-07,2026-10-16,NaN,-,-,154 PUROK 2 BRGY PANGDEL BYB PNG,NaN
NaN,DPA_Dianne_Junio,639634807076.000,4900087 ( 1731211257),261001442.000,Oct 2026,1,000,UNPAID,2026-10-04,2026-10-13,NaN,-,-,134 PUROK 2 BRGY PANGDEL BYB PNG,NaN
NaN,DPA_Dominic_Junio,639634807076.000,230202134110 ( 230202134110),261001443.000,Oct 2026,1,000,UNPAID,2026-10-19,2026-10-28,NaN,-,-,134 Purok 2 Pangdel Bayambang Pangasinan,NaN
NaN,DPA_Edna_Cayabyab,639559289947.000,230202134517 ( 230202134517),261001444.000,Oct 2026,1,000,UNPAID,2026-10-22,2026-10-31,NaN,-,-,16 Purok 1 Pangdel Bayambang Pangasinan,NaN
NaN,DPA_Edna_Romano,639858344565.000,1758248808 ( 1758248808),261001445.000,Oct 2026,1,000,UNPAID,2026-10-19,2026-10-28,NaN,-,-,Purok 2 Pangdel Bayambang Pangasinan,NaN
NaN,DPA_Elvira_Penullar,639859768909.000,4900022 ( 4900022),261001446.000,Oct 2026,1,000,UNPAID,2026-10-28,2026-11-06,NaN,-,-,Purok 1 Pangdel Bayambang Pangasinan,NaN
NaN,DPA_Ernesto_Polintan,639554039228.000,1747291830 ( 1747291830),261001447.000,Oct 2026,1,000,UNPAID,2026-10-15,2026-10-24,NaN,-,-,Purok 1, Bayambang Pangasinan,NaN
NaN,DPA_Everette_Arcilla,639105181905.000,1758865308 ( 1758865308),261001448.000,Oct 2026,1,000,UNPAID,2026-10-26,2026-11-04,NaN,-,-,Purok 1 Pangdel Bayambang Pangasinan OK,NaN
NaN,DPA_Feliciano_Asuncion,639161577926.000,4900011 ( 4900011),261001449.000,Oct 2026,1,000,UNPAID,2026-10-25,2026-11-03,NaN,-,-,129 Pangdel Bayambang Pangasinan,NaN
NaN,DPA_Fernan_Macaso,639467336599.000,230202133326 ( 230202133326),261001450.000,Oct 2026,1,000,UNPAID,2026-10-19,2026-10-28,NaN,-,-,Pangdel Bayambang Pangasinan,NaN
NaN,DPA_Florita_Villanueva,639150061389.000,1741748341 ( 1741748341),261001451.000,Oct 2026,1,000,UNPAID,2026-10-12,2026-10-21,NaN,-,-,254, Pangdel Bayambang pangasinan,NaN
NaN,DPA_Frankie_Carino,639936679548.000,1780284823 ( 1780284823),261001452.000,Oct 2026,1,000,UNPAID,2026-10-01,2026-10-05,NaN,-,-,Purok 3 Pangdel Bayambang Pangasinan,NaN
NaN,DPA_Gelyn_Gloria,639667284022.000,1738033951 ( 1738033951),261001453.000,Oct 2026,1,000,UNPAID,2026-10-28,2026-11-06,NaN,-,-,PANGDEL BYB PNG,NaN
NaN,DPA_Gimmalyn_Fernandez,639664362316.000,230214104629 ( 230214104629),261001454.000,Oct 2026,1,000,UNPAID,2026-10-20,2026-10-29,NaN,-,-,Purok 3 Brgy Pangdel Bayambang Pangasinan,NaN
NaN,DPA_Gloria_Laiz,639531150915.000,1783211987 ( 1783211987),261001455.000,Oct 2026,1,000,UNPAID,2026-10-07,2026-10-11,NaN,-,-,Purok 1 Pangdel Bayambang Pangasinan OK,NaN
NaN,DPA_Gretchen_Asis,639212224819.000,1765962321 ( 1765962321),261001456.000,Oct 2026,1,500,UNPAID,2026-10-25,2026-10-29,NaN,-,-,Purok 1, Pangdel Bayambang Pangasinan,NaN
NaN,DPA_Imelda_Lanojan,639553015637.000,4900080 ( 1730384006),261001457.000,Oct 2026,1,000,UNPAID,2026-10-10,2026-10-19,NaN,-,-,171 PUROK 2 BRGY PANGDEL BYB PNG,NaN
NaN,DPA_Irene_Abalos,639090642577.000,4900014 ( 4900014),261001458.000,Oct 2026,1,000,UNPAID,2026-10-28,2026-11-06,NaN,-,-,Purok 3 Pangdel Bayambang Pangasinan,NaN
NaN,DPA_IzzyYvone_Junio,639168371493.000,1775292146 ( 1775292146),261001459.000,Oct 2026,1,000,UNPAID,2026-10-08,2026-10-17,NaN,-,-,Purok 3 Pangdel Bayambang Pangasinan OK,NaN
NaN,DPA_James_Niepes_Torres,639512794505.000,4900020 ( 4900020),261001460.000,Oct 2026,1,000,UNPAID,2026-10-26,2026-11-04,NaN,-,-,Purok 2 Brgy Pangdel Bayambang Pangasinan,NaN
NaN,DPA_Ja_Corpuz,639272213074.000,4900090 ( 1731221764),261001461.000,Oct 2026,1,000,UNPAID,2026-10-16,2026-10-25,NaN,-,-,PUROK 2 BRGY PANGDEL BYB PNG,NaN
NaN,DPA_Jean_Magallones,639922487712.000,4900038 ( 4900038),261001462.000,Oct 2026,1,000,UNPAID,2026-10-21,2026-10-25,NaN,-,-,PANGDEL BAYAMBANG PANGASINAN,NaN
NaN,DPA_Jefferson_Fernandez,639275339045.000,1750403143 ( 1750403143),261001463.000,Oct 2026,1,000,UNPAID,2026-10-25,2026-11-03,NaN,-,-,Purok 1 :Pangdel B.Bang pangasinan Tapat ng kainan,NaN
NaN,DPA_Jerah_Torres,639777566947.000,1767791057 ( 1767791057),261001464.000,Oct 2026,1,000,UNPAID,2026-10-08,2026-10-12,NaN,-,-,Purok 2 Pangdel Bayambang Pangasinan,NaN
NaN,DPA_Jerry_Espejo,63915395319.000,1735876436 ( 1735876436),261001465.000,Oct 2026,1,000,UNPAID,2026-10-03,2026-10-12,NaN,-,-,113 PUROK 2 PANGDEL BYB PNG,NaN
NaN,DPA_Jerry_Ramos,639671854150.000,1768808274 ( 1768808274),261001466.000,Oct 2026,1,000,UNPAID,2026-10-20,2026-10-29,NaN,-,-,Purok 3 Pangdel Bayambang Pangasinan,NaN
NaN,DPA_Jhedzydryck_Visda,639567495558.000,1764665321 ( 1764665321),261001467.000,Oct 2026,1,000,UNPAID,2026-10-02,2026-10-11,NaN,-,-,Purok 2 Pangdel Bayambang Pangasinan,NaN
NaN,DPA_Jimuel_Quijano,639701191210.000,230202165229 ( 230202165229),261001468.000,Oct 2026,1,000,UNPAID,2026-10-15,2026-10-24,NaN,-,-,Hermosa Bayambang Pangasinan,NaN
NaN,DPA_Joana_Ramos,639090385977.000,4900063 ( 1720016352),261001469.000,Oct 2026,1,000,UNPAID,2026-10-03,2026-10-12,NaN,-,-,PUROK 3 PANGDEL BYB PNG,NaN
NaN,DPA_Johnlord_Papio,639505079196.000,230202113104 ( 230202113104),261001470.000,Oct 2026,1,000,UNPAID,2026-10-03,2026-10-12,NaN,-,-,Pangdel Bayambang Pangasinan OK,NaN
NaN,DPA_Johnloyd_Gavino,639064656239.000,4900088 ( 1731211394),261001471.000,Oct 2026,1,000,UNPAID,2026-10-04,2026-10-13,NaN,-,-,324 PUROK 3 BRGY PANGDEL BYB PNG,NaN
NaN,DPA_Jojo_Deguzman,639300514345.000,230202113923 ( 230202113923),261001472.000,Oct 2026,1,000,UNPAID,2026-10-30,2026-11-08,NaN,-,-,255 Pangdel Bayambang Pangasinan,NaN
NaN,DPA_Jonavil_Conception,639517030189.000,1779191349 ( 1779191349),261001473.000,Oct 2026,1,000,UNPAID,2026-10-23,2026-10-27,NaN,-,-,Purok 3 Pangdel Bayambang Pangasinan,NaN
NaN,DPA_Jovita_Abalos,639945634432.000,4900091 ( 1732795708),261001474.000,Oct 2026,1,000,UNPAID,2026-10-27,2026-11-05,NaN,-,-,PUROK 1 BRGY PANGDEL BYB PNG OK,NaN
NaN,DPA_Joylyn_Labian,639776286573.000,1766820194 ( 1766820194),261001475.000,Oct 2026,1,000,UNPAID,2026-10-18,2026-10-22,NaN,-,-,Purok 1, Pangdel Bayambang Pangasinan,NaN
NaN,DPA_Joy_Herrera,639977926982.000,1747977354 ( 1747977354),261001476.000,Oct 2026,1,000,UNPAID,2026-10-30,2026-11-08,NaN,-,-,Purok 3, Pangdel Bayambang pangasinan,NaN
NaN,DPA_Junior_Abalos,639945437470.000,1768211755 ( 1768211755),261001477.000,Oct 2026,1,000,UNPAID,2026-10-14,2026-10-23,NaN,-,-,Purok 3 Pangdel Bayambang Pangasinan,NaN
NaN,DPA_Jun_Concepcion,639507699432.000,230203092524 ( 230203092524),261001478.000,Oct 2026,1,000,UNPAID,2026-10-28,2026-11-01,NaN,-,-,Pangdel Bayambang Pangasinan,NaN
NaN,DPA_kayceelyn_rosario,639753961753.000,230202112334 ( 230202112334),261001479.000,Oct 2026,1,000,UNPAID,2026-10-28,2026-11-06,NaN,-,-,133 Purok 2 Pangdel Bayambang Pangasinan,NaN
NaN,DPA_Laarni_Papio,639301002175.000,230202135920 ( 230202135920),261001480.000,Oct 2026,1,000,UNPAID,2026-10-05,2026-10-14,NaN,-,-,Pangdel Bayambang Pangasinan,NaN
NaN,DPA_Lilian_Cayaan,639707401067.000,1741833314 ( 1741833314),261001481.000,Oct 2026,1,000,UNPAID,2026-10-14,2026-10-19,NaN,-,-,Purok 3 pangadel bayambang pangasinan,NaN
NaN,DPA_Liza_Carino,6391652729286.000,1745306476 ( 1745306476),261001482.000,Oct 2026,1,000,UNPAID,2026-10-22,2026-10-31,NaN,-,-,Purok 2, Pangdel Bayambang Pangasinan,NaN
NaN,DPA_Lorence_Carino,639107883268.000,1750831321 ( 1750831321),261001483.000,Oct 2026,1,000,UNPAID,2026-10-19,2026-10-23,NaN,-,-,Purok 2, Pangdel Bayambang Pangasinan PORT 5 Mierjohn/Dong,NaN
NaN,DPA_Lormie_Carino,639972187878.000,230202115352 ( 230202115352),261001484.000,Oct 2026,1,000,UNPAID,2026-10-14,2026-10-23,NaN,-,-,Purok 2 Pangdel Bayambang Pangasinan,NaN
NaN,DPA_Lourdes_Cervantes,639972187878.000,1757399267 ( 1757399267),261001485.000,Oct 2026,1,000,UNPAID,2026-10-09,2026-10-18,NaN,-,-,Purok 2, Pangdel Bayambang Pangasinan,NaN
NaN,DPA_Magdalena_Herrera,639398443067.000,1764211894 ( 1764211894),261001486.000,Oct 2026,1,000,UNPAID,2026-10-27,2026-11-05,NaN,-,-,#309 Dike Road Pangdel Bayambang Pangasinan,NaN
NaN,DPA_Marcelina_Aquino,639325230580.000,4900074 ( 1727592852),261001487.000,Oct 2026,1,000,UNPAID,2026-10-30,2026-11-08,NaN,-,-,Purok 3 Brgy Pangdel Bayambang Pangasinan,NaN
NaN,DPA_Maricel_Abalos,639859781796.000,1765249739 ( 1765249739),261001488.000,Oct 2026,1,000,UNPAID,2026-10-09,2026-10-18,NaN,-,-,Purok 3 Pangdel Bayambang Pangasinan,NaN
NaN,DPA_Maricel_Beltran,639129185490.000,230202135647 ( 230202135647),261001489.000,Oct 2026,1,000,UNPAID,2026-10-30,2026-11-08,NaN,-,-,Pangdel Bayambang Pangasinan,NaN
NaN,DPA_Marissa_Dumlao,639123456789.000,230214104586 ( 230214104586),261001490.000,Oct 2026,1,000,UNPAID,2026-10-16,2026-10-25,NaN,-,-,Brgy Pangdel Bayambang Pangasinan,NaN
NaN,DPA_Marita_Arcilla,639485173925.000,4900095 ( 1736314868),261001491.000,Oct 2026,1,000,UNPAID,2026-10-22,2026-10-31,NaN,-,-,PUROK 1 BRGY PANGDEL BYB PNG,NaN
NaN,DPA_Marlon_Mariano,639515906768.000,1761808646 ( 1761808646),261001492.000,Oct 2026,1,000,UNPAID,2026-10-02,2026-10-07,NaN,-,-,Purok 2, Pangdel Bayambang Pangasinan,NaN
NaN,DPA_Mia_Herrera,639983618175.000,230214104627 ( 230214104627),261001493.000,Oct 2026,1,000,UNPAID,2026-10-20,2026-10-29,NaN,-,-,295 Purok 3 Brgy Pangdel Bayambang Pangasinan,NaN
NaN,DPA_Michelle_Penullar,639634008225.000,230202115104 ( 230202115104),261001494.000,Oct 2026,1,000,UNPAID,2026-10-16,2026-10-25,NaN,-,-,Pangdel Bayambang Pangasinan,NaN
NaN,DPA_Mico_Magat,639271189898.000,1751528267 ( 1751528267),261001495.000,Oct 2026,1,000,UNPAID,2026-10-03,2026-10-12,NaN,-,-,Purok 1, Pangdel Bayambang Pangasinan 201-3BYB24LCP1NP4P13 Daniel/Ventura,NaN
NaN,DPA_Mildred_Asuncion,639556915032.000,4900081 ( 1730384123),261001496.000,Oct 2026,1,000,UNPAID,2026-10-10,2026-10-14,NaN,-,-,PUROK 2 BRGY PANGDEL BYB PNG,NaN
NaN,DPA_Nicole_Carino,639090944564.000,4900082 ( 1730386183),261001497.000,Oct 2026,1,000,UNPAID,2026-10-04,2026-10-13,NaN,-,-,PUROK 2 BRGY PANGDEL BYB PNG,NaN
NaN,DPA_Nieves_Batalla,639927849078.000,1784094134 ( 1784094134),261001498.000,Oct 2026,1,000,UNPAID,2026-10-18,2026-10-22,NaN,-,-,Purok 2 Pangdel Bayambang Pangasinan OK,NaN
NaN,DPA_Nora_Fami,639173968501.000,4900050 ( 4900050),261001499.000,Oct 2026,1,000,UNPAID,2026-10-08,2026-10-12,NaN,-,-,Purok 3 Brgy Pangdel Bayambang Pangasinan,NaN
NaN,DPA_Percival_Vengano,639064542095.000,1754184407 ( 1754184407),261001500.000,Oct 2026,1,000,UNPAID,2026-10-03,2026-10-12,NaN,-,-,Purok 1, Pangdel Bayambang Pangasinan,NaN
NaN,DPA_Ramila_Seguin,639920591876.000,4900086 ( 1731210966),261001501.000,Oct 2026,1,000,UNPAID,2026-10-01,2026-10-10,NaN,-,-,PUROK 3 PANGDEL BYB PNG,NaN
NaN,DPA_Raquel_Junio,639152815281.000,1765782064 ( 1765782064),261001502.000,Oct 2026,1,500,UNPAID,2026-10-15,2026-10-24,NaN,-,-,Purok 1, Pangdel Bayambang Pangasinan OK,NaN
NaN,DPA_Rebelyn_Manalo,639395151360.000,1764656570 ( 1764656570),261001503.000,Oct 2026,1,000,UNPAID,2026-10-02,2026-10-11,NaN,-,-,Purok 3 Pangdel Bayambang Pangasinan,NaN
NaN,DPA_Rechelle_Francisco,639923777204.000,4900075 ( 1727592990),261001504.000,Oct 2026,1,000,UNPAID,2026-10-30,2026-11-08,NaN,-,-,Purok 2 Brgy Pangdel Bayambang Pangasinan,NaN
NaN,DPA_Renato_Torres,639623152028.000,1761806139 ( 1761806139),261001505.000,Oct 2026,1,000,UNPAID,2026-10-10,2026-10-19,NaN,-,-,Purok 2, Pangdel Bayambang Pangasinan,NaN
NaN,DPA_Rizza_Eduria,639621922659.000,1766814796 ( 1766814796),261001506.000,Oct 2026,1,000,UNPAID,2026-10-27,2026-11-05,NaN,-,-,NaN,NaN
NaN,DPA_Ryan_Perez,639919370647.000,4900040 ( 4900040),261001507.000,Oct 2026,1,000,UNPAID,2026-10-19,2026-10-23,NaN,-,-,Purok 3 Brgy Pangdel Bayambang Pangasinan,NaN
NaN,DPA_Salvacion_Gavino,639284945607.000,230203092729 ( 230203092729),261001508.000,Oct 2026,1,000,UNPAID,2026-10-14,2026-10-23,NaN,-,-,Pangdel Bayambang Pangasinan,NaN
NaN,DPA_Sheyrl_Mejia,639157355869.000,1777638377 ( 1777638377),261001509.000,Oct 2026,1,000,UNPAID,2026-10-04,2026-10-13,NaN,-,-,Purok 1 Pangdel Bayambang Pangasinan OK,NaN
NaN,DPA_Telana_Motanio,639276405424.000,1747703541 ( 1747703541),261001510.000,Oct 2026,1,000,UNPAID,2026-10-25,2026-11-03,NaN,-,-,Purok 1, Pangdel Bayambang pangasinan,NaN
NaN,DPA_Teresita_Abalos,639517351540.000,4900010 ( 4900010),261001511.000,Oct 2026,1,000,UNPAID,2026-10-25,2026-11-03,NaN,-,-,Dike Road Pangdel Bayambang Pangasinan,NaN
NaN,DPA_Thelma_Pablico,639073856571.000,4900084 ( 1730387237),261001512.000,Oct 2026,1,000,UNPAID,2026-10-07,2026-10-16,NaN,-,-,289 Brgy Pangdel Bayambang Pangasinan,NaN
NaN,DPA_Tirso_Asuncion,639975282200.000,230202115903 ( 230202115903),261001513.000,Oct 2026,1,000,UNPAID,2026-10-16,2026-10-25,NaN,-,-,Pangdel Bayambang Pangasinan,NaN
NaN,DPA_Valentina_Manalo,639273223144.000,1789957331 ( 1789957331),261001514.000,Oct 2026,1,000,UNPAID,2026-10-21,2026-10-25,NaN,-,-,Purok 2 Pangdel Bayambang Pangasinan,NaN
NaN,DPA_Zenaida_Buena,639128993592.000,230202134958 ( 230202134958),261001515.000,Oct 2026,1,000,UNPAID,2026-10-03,2026-10-12,NaN,-,-,Purok 3 Pangdel Bayambang Pangasinan,NaN
NaN,DPS_Helenaricci_Landingin,639700667136.000,1775603479 ( 1775603479),261001516.000,Oct 2026,1,000,UNPAID,2026-10-09,2026-10-18,NaN,-,-,Rizal St Publacion Bayambang Pangasinan,NaN
NaN,DPS_Renderick_Fernandez,639919173641.000,1773059376 ( 1773059376),261001517.000,Oct 2026,1,000,UNPAID,2026-10-12,2026-10-16,NaN,-,-,Publacion Sur Bayambang Pangasinan,NaN
NaN,DPU_Magie_Corpuz,639958129282.000,5300053 ( 1737896460),261001518.000,Oct 2026,1,000,UNPAID,2026-10-26,2026-11-04,NaN,-,-,Brgy: Pugo, Bayambang,Pangasinan,NaN
NaN,DRE_Armando_Calangian,639637709805.000,5400027 ( 1722939792),261001519.000,Oct 2026,1,000,UNPAID,2026-10-09,2026-10-13,NaN,-,-,Purok 4 Brgy Reynado Bayambang Pangasinan,NaN
NaN,DRE_Eric_Ancheta,639498440968.000,1768824732 ( 1768824732),261001520.000,Oct 2026,1,000,UNPAID,2026-10-20,2026-10-29,NaN,-,-,Purok 3 Reynado Bayambang Pangasinan,NaN
NaN,DRE_Erlinda_Tamayo,639556472536.000,1784677787 ( 1784677787),261001521.000,Oct 2026,1,000,UNPAID,2026-10-22,2026-10-31,NaN,-,-,Purok 4 Reynado Bayambang Pangasinan,NaN
NaN,DRE_Helen_Arcinas,639811600297.000,5400030 ( 1732858481),261001522.000,Oct 2026,1,000,UNPAID,2026-10-29,2026-11-07,NaN,-,-,Purok 3 Brgy Renado Bayambang Pangasinan,NaN
NaN,DRE_Jelyn_Capili,639452310719.000,1764147568 ( 1764147568),261001523.000,Oct 2026,1,000,UNPAID,2026-10-28,2026-11-06,NaN,-,-,Purok 5, Reynado Bayambang Pangasinan,NaN
NaN,DRE_Jennifer_Garcia,639936639012.000,230202082744 ( 230202082744),261001524.000,Oct 2026,1,000,UNPAID,2026-10-10,2026-10-19,NaN,-,-,Purok 5 Reynado Bayambang Pangasinan,NaN
NaN,DRE_Jennyrose_Zinampan,639457961026.000,1775599908 ( 1775599908),261001525.000,Oct 2026,1,000,UNPAID,2026-10-03,2026-10-07,NaN,-,-,Purok 2 Reynado Bayambang Pangasinan,NaN
NaN,DRE_Jimmy_Santisas,639621665806.000,1752803816 ( 1752803816),261001526.000,Oct 2026,1,000,UNPAID,2026-10-18,2026-10-27,NaN,-,-,PUROK 2 REYNADO BYB PNG 201-4BYB65LCP1NP5P14 Bartulo/Ventura,NaN
NaN,DRE_Jonathan_Garcia,639271898528.000,230202082914 ( 230202082914),261001527.000,Oct 2026,1,000,UNPAID,2026-10-12,2026-10-24,NaN,-,-,Reynado Bayambang Pangasinan,NaN
NaN,DRE_Joselito_Sabangan,639292655219.000,230202090025 ( 230202090025),261001528.000,Oct 2026,1,000,UNPAID,2026-10-08,2026-10-18,NaN,-,-,Reynado Bayambang Pangasinan OK,NaN
NaN,DRE_Julius_Rosales,639384553534.000,230202075941 ( 230202075941),261001529.000,Oct 2026,1,000,UNPAID,2026-10-28,2026-11-02,NaN,-,-,Purok 3 Reynado Bayambang Pangasinan,NaN
NaN,DRE_Larmie_Carbon,639387764877.000,1761630368 ( 1761630368),261001530.000,Oct 2026,1,000,UNPAID,2026-10-28,2026-11-06,NaN,-,-,Reynado Deke, Bayambang Pangasinan,NaN
NaN,DRE_Luzvimenda_Salvador,639562557165.000,1764646740 ( 1764646740),261001531.000,Oct 2026,1,000,UNPAID,2026-10-02,2026-10-11,NaN,-,-,Purok 4 Reynado Bayambang Pangasinan,NaN
NaN,DRE_Marites_Rosales,639622893563.000,1747626998 ( 1747626998),261001532.000,Oct 2026,1,000,UNPAID,2026-10-19,2026-10-28,NaN,-,-,Purok 4, Reynado Bayambang Pangasinan,NaN
NaN,DRE_Markarnyil_Lapitan,6396672484792.000,5400025 ( 1722912786),261001533.000,Oct 2026,1,000,UNPAID,2026-10-05,2026-10-09,NaN,-,-,Brgy Reynado Bayambang Pangasinan,NaN
NaN,DRE_Marygrace_Matin,639638580121.000,5400004 ( 5400004),261001534.000,Oct 2026,1,000,UNPAID,2026-10-03,2026-10-12,NaN,-,-,Purok 3 Reynado Bayambang Pangasinan,NaN
NaN,DRE_Nesterlyn_Ramirez,639179301830.000,230202091507 ( 230202091507),261001535.000,Oct 2026,1,000,UNPAID,2026-10-13,2026-11-02,NaN,-,-,41 Purok 2 Reynado Bayambang Pangasinan,NaN
NaN,DRE_Richard_Solis,639566779652.000,240708185020 ( 1720435833),261001536.000,Oct 2026,1,000,UNPAID,2026-10-08,2026-10-15,NaN,-,-,Purok 1 Reynado Bayambang Pangasinan,NaN
NaN,DRE_Rizza_Palaming,639958117386.000,1762159496 ( 1762159496),261001537.000,Oct 2026,1,000,UNPAID,2026-10-03,2026-10-12,NaN,-,-,Purok 4, Reynado Bayambang Pangasinan,NaN
NaN,DRE_Romeo_Ventura,639123456789.000,5400003 ( 5400003),261001538.000,Oct 2026,1,000,UNPAID,2026-10-28,2026-11-06,NaN,-,-,Purok 2 Brgy Reynado Bayambang Pangasinan OK,NaN
NaN,DRE_Ronald_Rosales,63927379564.000,1753862449 ( 1753862449),261001539.000,Oct 2026,1,000,UNPAID,2026-10-20,2026-10-24,NaN,-,-,Purok 3, Reynado Bayambang pangasinan,NaN
NaN,DRE_Ronalyn_Ventura,639633835070.000,5400033 ( 1736317615),261001540.000,Oct 2026,1,000,UNPAID,2026-10-16,2026-10-25,NaN,-,-,2 Reynado Bayambang Pangasinan,NaN
NaN,DRE_Salvador_Ventura,639989173505.000,230202090646 ( 230202090646),261001541.000,Oct 2026,1,000,UNPAID,2026-10-17,2026-10-26,NaN,-,-,Reynado Bayambang Pangasinan OK,NaN
NaN,DRE_Trishamae_Palaming,639393269079.000,1764643226 ( 1764643226),261001542.000,Oct 2026,1,000,UNPAID,2026-10-02,2026-10-11,NaN,-,-,Purok 4 Reynado Bayambang Pangasinan,NaN
NaN,DRE_Wilmer_Rosales,639817296476.000,1748394713 ( 1748394713),261001543.000,Oct 2026,1,000,UNPAID,2026-10-28,2026-11-06,NaN,-,-,Purok 3 Reynado bayambang Pangasinann,NaN
NaN,DSA_Maryrose_Castillo,639072696894.000,1788317972 ( 1788317972),261001544.000,Oct 2026,1,000,UNPAID,2026-10-02,2026-10-04,NaN,-,-,Purok 1, Sanlibo Bayambang Pangasian,NaN
NaN,DSC_Jerome_Sambile,639319414545.000,5800004 ( 5800004),261001545.000,Oct 2026,1,000,UNPAID,2026-10-02,2026-10-11,NaN,-,-,Brgy Sancagulis Bayambang Pangasinan,NaN
NaN,DSC_Raquel_Curameng,639770855385.000,230214104585 ( 230214104585),261001546.000,Oct 2026,1,000,UNPAID,2026-10-13,2026-10-22,NaN,-,-,Brgy Carungay Bayambang Pangasinan,NaN
NaN,DSG1_Rea_Gomez,639661420794.000,230221183023 ( 230221183023),261001547.000,Oct 2026,1,000,UNPAID,2026-10-21,2026-10-30,NaN,-,-,PUROK 5 BRGY SANGABRIEL 1ST BYB PNG,NaN
NaN,DSV_Amy_Salvador,639171660996.000,1785494390 ( 1785494390),261001548.000,Oct 2026,1,000,UNPAID,2026-10-01,2026-10-05,NaN,-,-,San Vicente Bayambang Pangasinan OK,NaN
NaN,DSV_Danilo_Velasco,63910336688.000,1755761690 ( 1755761690),261001549.000,Oct 2026,1,000,UNPAID,2026-10-30,2026-11-08,NaN,-,-,Purok 1, San Vicente Bayambang Pangasinan Port 14 Tech:Dante,NaN
NaN,DSV_Ernesto_Balderas,639958254855.000,230221183057 ( 230221183057),261001550.000,Oct 2026,1,000,UNPAID,2026-10-28,2026-11-06,NaN,-,-,Purok 2 Brgy San Vicente Bayambang Pangasinan,NaN
NaN,DSV_Maryjane_Junio,639272270624.000,230217144160 ( 230217144160),261001551.000,Oct 2026,1,000,UNPAID,2026-10-01,2026-10-10,NaN,-,-,Brgy SanVicente Bayambang Pangasinan OK,NaN
NaN,DTAN_Dante_Deguzman,639098006706.000,6400009 ( 6400009),261001552.000,Oct 2026,1,000,UNPAID,2026-10-28,2026-11-06,NaN,-,-,Purok 1 Bakante Tanolong Bayambang Pangasinan,NaN
NaN,DTAN_Emmanuel_Onte,639625719717.000,1772430089 ( 1772430089),261001553.000,Oct 2026,1,000,UNPAID,2026-10-08,2026-10-17,NaN,-,-,Sitio Bacante Tanolong Bayambang Pangasinan,NaN
NaN,DTAN_Johnrey_Mina,639467503501.000,6400019 ( 6400019),261001554.000,Oct 2026,1,000,UNPAID,2026-10-11,2026-10-20,NaN,-,-,02 Brgy Tanolong Bayambang Pangasinan,NaN
NaN,DTAN_Jonalyn_Alonzo,639109463083.000,1759819199 ( 1759819199),261001555.000,Oct 2026,1,000,UNPAID,2026-10-07,2026-10-16,NaN,-,-,Purok 2, Tanolong Bayambang Pangasinan,NaN
NaN,DTAN_Joseph_Abalos,639954379699.000,6400011 ( 6400011),261001556.000,Oct 2026,1,000,UNPAID,2026-10-04,2026-10-13,NaN,-,-,Centro 1 Tanolong Bayambang Pangasinan,NaN
NaN,DTAN_Junior_Cosmiano,639614312255.000,6400089 ( 1726369036),261001557.000,Oct 2026,1,000,UNPAID,2026-10-07,2026-10-16,NaN,-,-,Purok 1 Paradahan Brgy Tanolong Bayambang Pangasinan,NaN
NaN,DTAN_Lingling_Frias,639454215933.000,1738028743 ( 1738028743),261001558.000,Oct 2026,1,000,UNPAID,2026-10-28,2026-11-06,NaN,-,-,Sitio bakante,purok 1,tanolong,Bayambang Pangasinan,NaN
NaN,DTAN_Michael_Miranda,639460313628.000,230427090330 ( 230427090330),261001559.000,Oct 2026,1,000,UNPAID,2026-10-28,2026-11-06,NaN,-,-,Bakante Tanolong Bayambang Pangasinan,NaN
NaN,DTAN_Regina_Paragas,639914375721.000,6400077 ( 1720588352),261001560.000,Oct 2026,1,000,UNPAID,2026-10-10,2026-10-14,NaN,-,-,Sitio Bakante Tanolong Bayambang Pangasinan OK,NaN
NaN,DTAN_Rowena_Palaming,639307718731.000,6400006 ( 6400006),261001561.000,Oct 2026,1,000,UNPAID,2026-10-01,2026-10-10,NaN,-,-,24 Tanolong Bayambang Pangasinan,NaN
NaN,DTA_Daisy_Ragos,639388185930.000,1773397459 ( 1773397459),261001562.000,Oct 2026,1,000,UNPAID,2026-10-16,2026-10-25,NaN,-,-,Purok 3 Tatarac Bayambang Pangasinan,NaN
NaN,DTA_Danicamae_Sison,639300399375.000,1740791586 ( 1740791586),261001563.000,Oct 2026,1,000,UNPAID,2026-10-01,2026-10-10,NaN,-,-,Miguel St. Tatarac Bayambang Pangasinan,NaN
NaN,DTA_Edu_Baluyot,639153551067.000,1786963630 ( 1786963630),261001564.000,Oct 2026,1,000,UNPAID,2026-10-21,2026-10-25,NaN,-,-,Agapito st Tatarac Bayambang Pangasinan,NaN
NaN,DTA_EdwardJay_Marinas_Asuncion,639949360629.000,6500034 ( 1716026688),261001565.000,Oct 2026,1,000,UNPAID,2026-10-17,2026-10-26,NaN,-,-,Purok 3 Tatarac Bayambang Pangasinan,NaN
NaN,DTA_Elmar_Quijalvo,639674451067.000,1776036072 ( 1776036072),261001566.000,Oct 2026,1,000,UNPAID,2026-10-13,2026-10-22,NaN,-,-,Purok 1 Tatarac Bayambang Pangasinan,NaN
NaN,DTA_Elvira_Aquino,639388185930.000,1780269716 ( 1780269716),261001567.000,Oct 2026,1,000,UNPAID,2026-10-01,2026-10-05,NaN,-,-,Purok 3 Tatarac Bayambang Pangasinan,NaN
NaN,DTA_Emily_Flores,6399244106297.000,6500049 ( 1726565619),261001568.000,Oct 2026,1,000,UNPAID,2026-10-28,2026-11-03,NaN,-,-,PUROK 3 MIGUEL ST, BRGY TATARAC BYB PNG,NaN
NaN,DTA_Jerremy_Corpuz,639101853661.000,6500045 ( 1724135155),261001569.000,Oct 2026,1,000,UNPAID,2026-10-30,2026-11-08,NaN,-,-,Miguel St, Brgy Tatarac Bayambang Pangasinan,NaN
NaN,DTA_Jocelyn_Manuel,639318379911.000,1735886190 ( 1735886190),261001570.000,Oct 2026,1,000,UNPAID,2026-10-03,2026-10-12,NaN,-,-,Patricio St, Brgy Tatarac Bayambang Pangasinan,NaN
NaN,DTA_Josephine_Santos,639498205315.000,1772148870 ( 1772148870),261001571.000,Oct 2026,1,000,UNPAID,2026-10-10,2026-10-19,NaN,-,-,Purok 1 Agapito st tatarac Bayambang Pangasinan OK,NaN
NaN,DTA_Jovilyn_Asuncion,639389144006.000,1764314085 ( 1764314085),261001572.000,Oct 2026,1,000,UNPAID,2026-10-28,2026-11-06,NaN,-,-,Purok 3,Tatarac Bayambang Pangasinan,NaN
NaN,DTA_Julren_Asuncion,639100266729.000,1740794303 ( 1740794303),261001573.000,Oct 2026,1,000,UNPAID,2026-10-01,2026-10-10,NaN,-,-,Purok 3, Tatarac Bayambang Pangasinan OK,NaN
NaN,DTA_Lito_Asuncion,639814908482.000,6500056 ( 1735738442),261001574.000,Oct 2026,1,000,UNPAID,2026-10-04,2026-10-08,NaN,-,-,Miguel St, Brgy Tatarac Bayambang Pangasinan,NaN
NaN,DTA_Maria_Estrada,639501157896.000,6500048 ( 1726565507),261001575.000,Oct 2026,1,000,UNPAID,2026-10-16,2026-10-25,NaN,-,-,3 Miguel St, Brgy Tatarac Bayambang Pangasinan OK,NaN
NaN,DTA_Marilyn_Gabito,639154800010.000,6500052 ( 1730388207),261001576.000,Oct 2026,1,000,UNPAID,2026-10-28,2026-11-06,NaN,-,-,Purok 3 Brgy Tatarac Bayambang Pangasinan,NaN
NaN,DTA_Rogena_Ramal,639353973879.000,6500042 ( 1722935494),261001577.000,Oct 2026,1,000,UNPAID,2026-10-18,2026-10-27,NaN,-,-,Purok 3 Brgy Tatarac Bayambang Pangasinan,NaN
NaN,DTA_Sheila_Pereja,639451931215.000,1784953266 ( 1784953266),261001578.000,Oct 2026,1,000,UNPAID,2026-10-25,2026-10-29,NaN,-,-,Purok 3, Tatarac, Bayambang, Pangsinan OK,NaN
NaN,DTE_Abegail_Ligon,639691667829.000,1787906184 ( 1787906184),261001579.000,Oct 2026,799.000,UNPAID,2026-10-01,2026-10-05,NaN,-,-,Purok Telbang Bayambang Pangasinan,NaN
NaN,DTE_Alexis_Aquino,639385509269.000,1770462656 ( 1770462656),261001580.000,Oct 2026,1,000,UNPAID,2026-10-08,2026-10-17,NaN,-,-,Purok 3 Telbang Bayambang Pangasinan,NaN
NaN,DTE_Alex_Cura,639612277872.000,6600068 ( 1735663511),261001581.000,Oct 2026,1,000,UNPAID,2026-10-28,2026-11-06,NaN,-,-,PUROK 5 BRGY TELBANG BYB PNG,NaN
NaN,DTE_Alfred_Rosario,639612277872.000,6600049 ( 1726566120),261001582.000,Oct 2026,1,000,UNPAID,2026-10-16,2026-10-25,NaN,-,-,PUROK 5 BRGY TELBANG BYB PNG,NaN
NaN,DTE_Angelica_Reyno,639851302716.000,1737164582 ( 1737164582),261001583.000,Oct 2026,1,000,UNPAID,2026-10-18,2026-10-27,NaN,-,-,TELBANG BYB PNG OK,NaN
NaN,DTE_Aris_Constantino,639477925906.000,230330081960 ( 230330081960),261001584.000,Oct 2026,1,000,UNPAID,2026-10-19,2026-10-28,NaN,-,-,PUROK 5 BRGY TELBANG BYB PNG,NaN
NaN,DTE_Filomeno_Saya,639488525697.000,1788008976 ( 1788008976),261001585.000,Oct 2026,1,000,UNPAID,2026-10-01,2026-10-05,NaN,-,-,Telbang high Bayambang Pangasinan,NaN
NaN,DTE_Francisca_Iglesias,639610727485.000,1761720567 ( 1761720567),261001586.000,Oct 2026,1,000,UNPAID,2026-10-29,2026-11-07,NaN,-,-,Purok 3, Telbang Bayambang Pangasinan,NaN
NaN,DTE_Gemalyn_Abug,639684170867.000,1783757648 ( 1783757648),261001587.000,Oct 2026,1,000,UNPAID,2026-10-13,2026-10-22,NaN,-,-,Purok 5 Telbang Bayambang Pangasinan OK,NaN
NaN,DTE_Girlieann_Gilbert,639929119335.000,1741225807 ( 1741225807),261001588.000,Oct 2026,1,000,UNPAID,2026-10-16,2026-10-25,NaN,-,-,241 Dike, Telbang Bayambang Pangasinan,NaN
NaN,DTE_Jessica_Cedo,639515697488.000,6600056 ( 1730384823),261001589.000,Oct 2026,1,000,UNPAID,2026-10-02,2026-10-11,NaN,-,-,Purok 7 Brgy Telbang Bayambang Pangasinan OK,NaN
NaN,DTE_Joenalyn_Minaz,639274070828.000,1755666639 ( 1755666639),261001590.000,Oct 2026,1,000,UNPAID,2026-10-03,2026-10-07,NaN,-,-,Purok 6, Telbang Bayambang Pangasinan Port 8 Tech: Dante,NaN
NaN,DTE_Jomar_Alvarez,639104716265.000,6600045 ( 1726368776),261001591.000,Oct 2026,1,000,UNPAID,2026-10-14,2026-10-23,NaN,-,-,5 PUROK 7 BRGY TELBANG BYB PNG,NaN
NaN,DTE_Juliet_Ferrer,639305801034.000,6600046 ( 1726368915),261001592.000,Oct 2026,1,000,UNPAID,2026-10-14,2026-10-23,NaN,-,-,Purok 5 Brgy Telbang Bayambang Pangasinan,NaN
NaN,DTE_Karen_Cruz,639089224770.000,1740015651 ( 1740015651),261001593.000,Oct 2026,1,500,UNPAID,2026-10-29,2026-11-07,NaN,-,-,purok 5 Telbang Bayambang Pangasinan,NaN
NaN,DTE_Leo_Flores,639502324264.000,1737357357 ( 1737357357),261001594.000,Oct 2026,1,000,UNPAID,2026-10-30,2026-11-08,NaN,-,-,PUROK 6 TELBANG BYB PNG,NaN
NaN,DTE_Marcelo_Flores,639634128708.000,1737357697 ( 1737357697),261001595.000,Oct 2026,1,000,UNPAID,2026-10-29,2026-11-07,NaN,-,-,PUROK 6 TELBANG BYB PNG,NaN
NaN,DTE_Marygrace_Butalon,639475633848.000,1742781870 ( 1742781870),261001596.000,Oct 2026,1,000,UNPAID,2026-10-24,2026-11-02,NaN,-,-,Purok 5 Telbang Bayambang Pangasinan,NaN
NaN,DTE_Matheresa_Lorenzana,639187642570.000,1780920585 ( 1780920585),261001597.000,Oct 2026,799.000,UNPAID,2026-10-09,2026-10-13,NaN,-,-,Purok 3 Telbang Bayambang Pangasinan,NaN
NaN,DTE_Nicomedes_Ferrer,639489827854.000,230330081957 ( 230330081957),261001598.000,Oct 2026,1,000,UNPAID,2026-10-11,2026-10-20,NaN,-,-,Brgy Telbang Bayambang Pangasinan,NaN
NaN,DTE_Reidajane_Lorenzana,639380808680.000,1780920760 ( 1780920760),261001599.000,Oct 2026,799.000,UNPAID,2026-10-09,2026-10-13,NaN,-,-,Purok 3 Telbang Bayambang Pangasinan,NaN
NaN,DTE_Rochelle_Posadas,639812881711.000,1780920392 ( 1780920392),261001600.000,Oct 2026,799.000,UNPAID,2026-10-09,2026-10-13,NaN,-,-,Purok 3 Telbang Bayambang Pangasinan,NaN
NaN,DTE_Rosiephine_Junio,639198400132.000,6600025 ( 1715331050),261001601.000,Oct 2026,1,000,UNPAID,2026-10-10,2026-10-14,NaN,-,-,BRGY TELBANG BYB PNG,NaN
NaN,DTN_Michelle_Martinez,639706468857.000,6400001 ( 6400001),261001602.000,Oct 2026,1,000,UNPAID,2026-10-25,2026-11-03,NaN,-,-,147 centro tanolong bayambang pangasinan,NaN
NaN,DTN_Primo_Cayabyab,639386993455.000,6400007 ( 6400007),261001603.000,Oct 2026,1,000,UNPAID,2026-10-12,2026-10-16,NaN,-,-,51 Bakante Tanulung Bayambang Pangasinan,NaN
NaN,DWAR_Hermalyn_Solomon,639398634918.000,1759801806 ( 1759801806),261001604.000,Oct 2026,1,000,UNPAID,2026-10-07,2026-10-16,NaN,-,-,Purok 4 Warding Bayambang pangasinan,NaN
NaN,DWAR_Sarahjane_Rico,639076058270.000,1776212150 ( 1776212150),261001605.000,Oct 2026,1,000,UNPAID,2026-10-15,2026-10-24,NaN,-,-,Purok 6, Warding Bayambang Pangasinan,NaN
NaN,DZ1_Abelardo_Galban,639295107605.000,232400001 ( 1738340399),261001606.000,Oct 2026,1,000,UNPAID,2026-10-27,2026-11-05,NaN,-,-,Public Market, Zone 1 Bayambang Pangasinan,NaN
NaN,DZ1_Anne_Macaso,639436085887.000,1743561813 ( 1743561813),261001607.000,Oct 2026,1,000,UNPAID,2026-10-02,2026-10-11,NaN,-,-,Zone1 Bayambang Pangasinan,NaN
NaN,DZ1_Camilo_Cayoga,639678302737.000,1738051536 ( 1738051536),261001608.000,Oct 2026,1,000,UNPAID,2026-10-28,2026-11-06,NaN,-,-,Zone1 Bayambang Pangasinan,NaN
NaN,DZ1_Christian_Macaso,639467121001.000,1743559806 ( 1743559806),261001609.000,Oct 2026,1,000,UNPAID,2026-10-02,2026-10-11,NaN,-,-,Zone 1, Bayambang Pangasinan,NaN
NaN,DZ1_Emily_Rosario,639924251971.000,1778580717 ( 1778580717),261001610.000,Oct 2026,1,500,UNPAID,2026-10-13,2026-10-22,NaN,-,-,Zone 1 Bayambang Pangasinan,NaN
NaN,DZ1_Jobillen_Casingal,639636303997.000,1778580246 ( 1778580246),261001611.000,Oct 2026,1,500,UNPAID,2026-10-13,2026-10-22,NaN,-,-,Zone 1 Bayambang Pangasinan,NaN
NaN,DZ1_Lucina_Iglesias,639399127943.000,1740032824 ( 1740032824),261001612.000,Oct 2026,1,000,UNPAID,2026-10-29,2026-11-07,NaN,-,-,Zone 1, Bayambang Pangasinan OK,NaN
NaN,DZ1_Marebil_Gayosa,639678202296.000,1737940869 ( 1737940869),261001613.000,Oct 2026,1,000,UNPAID,2026-10-27,2026-11-05,NaN,-,-,Zone1 Bayambang Pangasinan Bayambang Public Market,NaN
NaN,DZ1_MOHAMAR_Mimbalay,639695418791.000,1737958876 ( 1737958876),261001614.000,Oct 2026,1,000,UNPAID,2026-10-27,2026-11-05,NaN,-,-,Zone 1,marchens cellphone repair,bayambang,pangasinan,NaN
NaN,DZ1_Myrna_Florentino,639462005793.000,1737942158 ( 1737942158),261001615.000,Oct 2026,1,000,UNPAID,2026-10-27,2026-11-05,NaN,-,-,Zone1 Bayambang Pangasinan,NaN
NaN,DZ1_Ryan_Paragas,639858583571.000,1748921322 ( 1748921322),261001616.000,Oct 2026,1,000,UNPAID,2026-10-02,2026-10-11,NaN,-,-,Zone 1, Bayambang Pangasinan,NaN
NaN,EllaikaAnn_Curameng,639455835538.000,5800038 ( 1715251087),261001617.000,Oct 2026,1,000,UNPAID,2026-10-15,2026-10-19,NaN,-,-,Sancagulis Bayambang Pangasinan,NaN
NaN,Emmanuels_Way_Educational_Institutions_INC,639308366541.000,1747736232 ( 1747736232),261001618.000,Oct 2026,1,500,UNPAID,2026-10-03,2026-10-07,NaN,-,-,Buyaen Bayambang Pangasinan,NaN
NaN,Emy_Pascua,639626881704.000,1790663275 ( 1790663275),261001619.000,Oct 2026,799.000,UNPAID,2026-10-28,2026-11-02,NaN,-,-,Camanggaan bersamin alcala pangasinan,NaN
NaN,HAUS,639171586429.000,1765427942 ( 1765427942),260905233.000,Oct 2026,2,500,UNPAID,2026-10-11,2026-10-15,NaN,-,-,buayaen Pangasinan,NaN
NaN,Idong_Elementary,639569441082.000,1736756341 ( 1736756341),261001620.000,Oct 2026,1,000,UNPAID,2026-10-23,2026-11-01,NaN,-,-,Idong Elementary Bayambang Pangasinan,NaN
NaN,IrishMar_Torres,639935310393.000,1790819079 ( 1790819079),261005320.000,Oct 2026,500.000,PAID,2026-10-01,2026-10-05,2026-10-01,Installation,Ed jojo,Pindangan Centro Alcala Pangasinan,NaN
NaN,JeanErica_German,639318378223.000,1789968937 ( 1789968937),261001621.000,Oct 2026,1,000,UNPAID,2026-10-28,2026-11-02,NaN,-,-,Purok1 cabayaoasan mangatarem pangasinan,NaN
NaN,Jennifer_Laoag,639955977818.000,1790557408 ( 1790557408),261001622.000,Oct 2026,1,000,UNPAID,2026-10-28,2026-11-01,NaN,-,-,Cabalitian Bersamin alcala pangasinan,NaN
NaN,Jerzy_Campos,639318626209.000,1790831363 ( 1790831363),261005322.000,Oct 2026,500.000,PAID,2026-10-01,2026-10-01,2026-10-01,Installation,Ejojo,kisikis alcala pangasinan,NaN
NaN,Jhoy_Manglapuz,639480820097.000,1790655586 ( 1790655586),260905237.000,Oct 2026,900.000,PAID,2026-10-01,2026-10-05,2026-09-30,Cash,-,Purok 3 Manambong Parte Bayambang Pangasinan,NaN
NaN,LaeAnn_Torres,639922538420.000,1790414301 ( 1790414301),261001623.000,Oct 2026,1,000,UNPAID,2026-10-28,2026-11-02,NaN,-,-,Pindangan East Purok Liwliwa Alcala Pangasinan.,NaN
NaN,Lenda_Taan,639671091494.000,1790574657 ( 1790574657),261001624.000,Oct 2026,799.000,UNPAID,2026-10-28,2026-11-01,NaN,-,-,Centro Buayaen Bayambang Pangasinan,NaN
NaN,Leny_Moises,639381461724.000,1790388302 ( 1790388302),261005323.000,Oct 2026,500.000,PAID,2026-10-01,2026-10-05,2026-10-01,Installation,Edwo joe,253 Labuan St. Zone 7 Pindangan Centro Alcala Pangasinan,NaN
NaN,LGU_Bayambang_Municipal_Slaughterhouse_Office,639128379795.000,6600016 ( 1708486381),261001625.000,Oct 2026,1,000,UNPAID,2026-10-27,2026-10-31,NaN,-,-,BRGY TELBANG BYB PNG OK,NaN
NaN,LGU_Bayambang_ViceMayors_Office,639151423232.000,1747278788 ( 1747278788),260405247.000,Oct 2026,1,000,UNPAID,2026-10-15,2026-10-19,NaN,-,-,Roxas Zone 2 Bayambang panagsinana,NaN
NaN,Lorna_Felipe,639674357456.000,1790496442 ( 1790496442),261001626.000,Oct 2026,1,000,UNPAID,2026-10-28,2026-11-02,NaN,-,-,Purok 1 Brgy. Pangdel , Bayambang, Pangasinan,NaN
NaN,MANU_Aljon_Doliente,639381216597.000,1758851745 ( 1758851745),261001627.000,Oct 2026,1,000,UNPAID,2026-10-26,2026-10-30,NaN,-,-,Zone 5 anulid Alcala Pangasinan,NaN
NaN,MANU_Alma_Perez,639067029574.000,1767390507 ( 1767390507),261001628.000,Oct 2026,1,000,UNPAID,2026-10-06,2026-10-15,NaN,-,-,zone 4 anulid alcala pangasinan,NaN
NaN,MANU_Alvin_Dauz,639304982330.000,1772075819 ( 1772075819),261001629.000,Oct 2026,1,000,UNPAID,2026-10-26,2026-10-30,NaN,-,-,Zone 5 anulid alcala pangasinan,NaN
NaN,MANU_Anabel_Belarmino,639668300244.000,1756709130 ( 1756709130),261001630.000,Oct 2026,1,000,UNPAID,2026-10-01,2026-10-05,NaN,-,-,Zone 4 anulid alcala pangasinan,NaN
NaN,MANU_Angelo_Belarmino,639668300244.000,1756697630 ( 1756697630),261001631.000,Oct 2026,1,000,UNPAID,2026-10-01,2026-10-10,NaN,-,-,Zone 4 anulid Alcala Pangasinan,NaN
NaN,MANU_Anna_Calderon,639175218064.000,1766128334 ( 1766128334),261001632.000,Oct 2026,1,000,UNPAID,2026-10-19,2026-10-23,NaN,-,-,Zone 1 Anulid Alcala Pangasinan,NaN
NaN,MANU_Anton_Pedrozo,63927910184.000,1767389694 ( 1767389694),261001633.000,Oct 2026,1,000,UNPAID,2026-10-03,2026-10-12,NaN,-,-,zone 2 anulid alcala pangasinan,NaN
NaN,MANU_Arnel_Sante,639693043304.000,35000055 ( 1735663115),261001634.000,Oct 2026,1,000,UNPAID,2026-10-09,2026-10-13,NaN,-,-,31 Zone 5 Brgy Anulid Alcala Pangasinan,NaN
NaN,MANU_Carmela_Labine,639506045108.000,1772085271 ( 1772085271),261001635.000,Oct 2026,1,000,UNPAID,2026-10-26,2026-10-30,NaN,-,-,Zone 5 Anulid Alcala Pangasinan,NaN
NaN,MANU_Chenny_Fernando,639460514295.000,1758245486 ( 1758245486),261001636.000,Oct 2026,1,000,UNPAID,2026-10-19,2026-10-23,NaN,-,-,Zone 2 anulid alcala pangasinan,NaN
NaN,MANU_Cheryl_Alvarez,639810303314.000,1787210313 ( 1787210313),261001637.000,Oct 2026,799.000,UNPAID,2026-10-26,2026-10-30,NaN,-,-,Zone 4, Anulid Alcala Pangasinan,NaN
NaN,MANU_Christian_Diep,639673218168.000,1772096606 ( 1772096606),260905185.000,Oct 2026,868.000,UNPAID,2026-10-26,2026-10-30,NaN,-,-,Zone 5 Anulid alcala pangasinan,NaN
NaN,MANU_Claire_Ignacio,639635294708.000,1768867306 ( 1768867306),261001638.000,Oct 2026,799.000,UNPAID,2026-10-08,2026-10-12,NaN,-,-,Zone 5B Anulid Alcala Pangasinan,NaN
NaN,MANU_Clark_Arcalas,639687752792.000,12600003 ( 1732870965),261001639.000,Oct 2026,1,000,UNPAID,2026-10-17,2026-10-21,NaN,-,-,325 Anulid Alcala Pang,NaN
NaN,MANU_Cristel_Garcia,639959819592.000,1767067245 ( 1767067245),261001640.000,Oct 2026,1,000,UNPAID,2026-10-28,2026-11-01,NaN,-,-,Zone 3 Anulid Alcala Pangasinan,NaN
NaN,MANU_Edsanjoy_Tuazon,639050882628.000,1772094536 ( 1772094536),261001641.000,Oct 2026,1,000,UNPAID,2026-10-27,2026-10-31,NaN,-,-,Zone 5 anulid alcala pangasinan,NaN
NaN,MANU_Ernie_Frial,639552214029.000,1783206114 ( 1783206114),261001642.000,Oct 2026,799.000,UNPAID,2026-10-07,2026-10-11,NaN,-,-,Zone 2 Anulid Alcala Pangasinan OK,NaN
NaN,MANU_Estrella_Junio,639857548005.000,1768739292 ( 1768739292),261001643.000,Oct 2026,1,000,UNPAID,2026-10-20,2026-10-24,NaN,-,-,Zone 5-B Anulid Alcala Pangasinan,NaN
NaN,MANU_Evamaureen_Milo,639167144052.000,1767389882 ( 1767389882),261001644.000,Oct 2026,1,000,UNPAID,2026-10-03,2026-10-12,NaN,-,-,zone 2 anulid alcala pangasinan,NaN
NaN,MANU_JanJoshua_Totaan,639280798014.000,1776940152 ( 1776940152),261001645.000,Oct 2026,1,000,UNPAID,2026-10-23,2026-10-27,NaN,-,-,Bacolor st anulid alcala pangasinan,NaN
NaN,MANU_Janrhee_Pajars,639702452136.000,1789520080 ( 1789520080),261001646.000,Oct 2026,1,000,UNPAID,2026-10-16,2026-10-20,NaN,-,-,ZONE 5 B anulid alcala pangasinan,NaN
NaN,MANU_Jeanilyn_Padillon,639686962189.000,1789086036 ( 1789086036),261001647.000,Oct 2026,799.000,UNPAID,2026-10-11,2026-10-15,NaN,-,-,Zone 3 Anulid Alcala Pangasinan,NaN
NaN,MANU_Jefrey_Paylandy,639918917095.000,1748338611 ( 1748338611),261001648.000,Oct 2026,1,000,UNPAID,2026-10-06,2026-10-15,NaN,-,-,Bacolor st anulid alcala pangasinan OK,NaN
NaN,MANU_Jerry_Gunrun,639090641729.000,1767302057 ( 1767302057),261001649.000,Oct 2026,1,000,UNPAID,2026-10-03,2026-10-12,NaN,-,-,zone 2 Anulid Alcala pangasinan,NaN
NaN,MANU_Joseph_Deleon,639544528779.000,1768873327 ( 1768873327),261001650.000,Oct 2026,1,000,UNPAID,2026-10-20,2026-10-24,NaN,-,-,Zone 5b anulid alcala pangasinan,NaN
NaN,MANU_Julius_Supnet,639637924472.000,1770294903 ( 1770294903),261001651.000,Oct 2026,799.000,UNPAID,2026-10-06,2026-10-15,NaN,-,-,Zone 2 Anulid Alcala Pangasinan,NaN
NaN,MANU_Maribel_Fernandez,639485617847.000,1767929161 ( 1767929161),261001652.000,Oct 2026,1,000,UNPAID,2026-10-09,2026-10-18,NaN,-,-,Zone 2 Anulid Alcala Pangasinan,NaN
NaN,MANU_Marites_Velasco,639095392182.000,12600001 ( 1732863047),261001653.000,Oct 2026,799.000,UNPAID,2026-10-27,2026-10-31,NaN,-,-,276 National Road Brgy Anulid Alcala PAngasinan,NaN
NaN,MANU_Marjorie_Gajardo,639672550457.000,1781497009 ( 1781497009),261001654.000,Oct 2026,1,000,UNPAID,2026-10-17,2026-10-21,NaN,-,-,Casto st Zone 6 Anulid Alcala pangasinan OK,NaN
NaN,MANU_Mark_Tuazon,639271842931.000,1780256869 ( 1780256869),261001655.000,Oct 2026,1,000,UNPAID,2026-10-01,2026-10-10,NaN,-,-,Zone 5A Anulid Alcala Pangasinan,NaN
NaN,MANU_Maureen_Cabotaje,639121202728.000,1767303121 ( 1767303121),261001656.000,Oct 2026,1,000,UNPAID,2026-10-02,2026-10-11,NaN,-,-,zone 2 anulid Alcala pangsinan,NaN
NaN,MANU_Merle_Aboyme,639121131238.000,1762155993 ( 1762155993),261001657.000,Oct 2026,1,000,UNPAID,2026-10-03,2026-10-12,NaN,-,-,Zone 2 anulid Alcala Pangasinan,NaN
NaN,MANU_Michelle_Cabanilla,639063392873.000,35000109 ( 1736324858),261001658.000,Oct 2026,1,000,UNPAID,2026-10-26,2026-10-30,NaN,-,-,Zone 3 Brgy Anulid Alcala PAngasinan,NaN
NaN,MANU_Neslene_Cruz,639167658459.000,1787729852 ( 1787729852),261001659.000,Oct 2026,1,000,UNPAID,2026-10-27,2026-10-31,NaN,-,-,Zone 6 Anulid alcala pangasinan,NaN
NaN,MANU_Rameil_Barbosa,639911221008.000,1780275805 ( 1780275805),261001660.000,Oct 2026,799.000,UNPAID,2026-10-01,2026-10-10,NaN,-,-,Zone 5a Anulid Alcala pangasinan,NaN
NaN,MANU_Rebecca_Aglosolos,639625870947.000,1766719377 ( 1766719377),261001661.000,Oct 2026,1,500,UNPAID,2026-10-26,2026-10-30,NaN,-,-,Zone 5B anulid Alcala pangasinan,NaN
NaN,MANU_Rene_Velasco,639484576614.000,1767302871 ( 1767302871),261001662.000,Oct 2026,1,000,UNPAID,2026-10-02,2026-10-11,NaN,-,-,zone 2 Anulid alcala pangasinan,NaN
NaN,MANU_Reynaldo_Manzano,639126868442.000,1745470663 ( 1745470663),261001663.000,Oct 2026,799.000,UNPAID,2026-10-28,2026-11-01,NaN,-,-,Zone 5 anulid alcalq pangasinan,NaN
NaN,MANU_Rialyn_Doliente,639850523496.000,1780449010 ( 1780449010),261001664.000,Oct 2026,1,000,UNPAID,2026-10-03,2026-10-12,NaN,-,-,195 Anulid Alcala Pangasinan,NaN
NaN,MANU_Rizalyn_Lazaro,639541082649.000,1788313946 ( 1788313946),261001665.000,Oct 2026,1,000,UNPAID,2026-10-02,2026-10-06,NaN,-,-,Zone 6 Anulid Alcala Pangasinan,NaN
NaN,MANU_Roda_Cabotaje,639381207458.000,1770596388 ( 1770596388),261001666.000,Oct 2026,1,000,UNPAID,2026-10-10,2026-10-19,NaN,-,-,Zone 2 Anulid Alcala Pangasinan,NaN
NaN,MANU_Rosette_Libunao,639212378491.000,1767482461 ( 1767482461),261001667.000,Oct 2026,1,000,UNPAID,2026-10-06,2026-10-15,NaN,-,-,zone 2 anulid alcala pangasinan,NaN
NaN,MANU_Sergio_Garcia,639605834353.000,1770857972 ( 1770857972),261001668.000,Oct 2026,799.000,UNPAID,2026-10-04,2026-10-08,NaN,-,-,Zone 6 Anulid Alcala pangasinan OK,NaN
NaN,MANU_Teresita_Gumangan,639858627404.000,12600004 ( 1733203222),261001669.000,Oct 2026,799.000,UNPAID,2026-10-28,2026-11-01,NaN,-,-,Brgy Anulid Alcala Pangasinan,NaN
NaN,MANU_Valentin_Cabrera,63994051657.000,1779600911 ( 1779600911),261001670.000,Oct 2026,1,000,UNPAID,2026-10-06,2026-10-10,NaN,-,-,Zone 4 Anulid Alcala Pangasinan,NaN
NaN,Marbelyn Amper,639970775220.000,1762401101 ( 1762401101),261001671.000,Oct 2026,1,500,UNPAID,2026-10-06,2026-10-10,NaN,-,-,Purok 4, Bongato East, Bayambang, Pangasinan,NaN
NaN,Mariasheila_Fernandez,639701125790.000,1790641691 ( 1790641691),261001672.000,Oct 2026,1,000,UNPAID,2026-10-28,2026-11-02,NaN,-,-,Purok 1 Bical sur Bayambang Pangasinan,NaN
NaN,Marlon_Montoya,639663173456.000,1790574856 ( 1790574856),261001673.000,Oct 2026,799.000,UNPAID,2026-10-28,2026-11-02,NaN,-,-,Purok 3, Warding Bayambang,NaN
NaN,MaryRose_Placido,639956335533.000,1790489491 ( 1790489491),261001674.000,Oct 2026,799.000,UNPAID,2026-10-28,2026-11-01,NaN,-,-,San Gabriel 2nd Purok 3 Baltazar Bayambang Pangasinan,NaN
NaN,MBAU_Abraham_Apolonio,639153505329.000,1756361144 ( 1756361144),261001675.000,Oct 2026,1,000,UNPAID,2026-10-28,2026-11-06,NaN,-,-,Zone 2 primicias bautista pangasinan,NaN
NaN,MBAU_Aesron_Cabansag,639776680507.000,1761537397 ( 1761537397),261001676.000,Oct 2026,1,000,UNPAID,2026-10-27,2026-11-05,NaN,-,-,Zamora st villanueva bautista pangasinan,NaN
NaN,MBAU_Aljon_Mercado,639456376779.000,1756205502 ( 1756205502),261001677.000,Oct 2026,1,000,UNPAID,2026-10-26,2026-11-04,NaN,-,-,Zone 2 primicias bautista pangasinan,NaN
NaN,MBAU_Anelyn_Fontanilla,639772930907.000,1767493536 ( 1767493536),261001678.000,Oct 2026,1,000,UNPAID,2026-10-07,2026-10-16,NaN,-,-,Purok 4 Nibaliw norte bautista alcala pangasinan,NaN
NaN,MBAU_Arlene_Busto,639772957281.000,1764570905 ( 1764570905),261001679.000,Oct 2026,1,000,UNPAID,2026-10-01,2026-10-10,NaN,-,-,Zone 2 Primicias Bautista Pangasinan,NaN
NaN,MBAU_Bella_Rupisan,639165293061.000,1767435208 ( 1767435208),261001680.000,Oct 2026,799.000,UNPAID,2026-10-05,2026-10-14,NaN,-,-,Villanueva Bautista Pangasinan,NaN
NaN,MBAU_Chenee_Deguzman,639924117189.000,1758003489 ( 1758003489),261001681.000,Oct 2026,1,000,UNPAID,2026-10-16,2026-10-25,NaN,-,-,Zamora villanueva bautista pangasinan,NaN
NaN,MBAU_Christine_Reccion,639053053324.000,1761894098 ( 1761894098),261001682.000,Oct 2026,1,000,UNPAID,2026-10-10,2026-10-14,NaN,-,-,zone 6 magsaysay st villanueva PANGASINAN,NaN
NaN,MBAU_Danhenrey_Mendoza,639917050947.000,1782191727 ( 1782191727),261001683.000,Oct 2026,799.000,UNPAID,2026-10-23,2026-10-27,NaN,-,-,Zone 3 zamora st Villanueva Pangasinan OK,NaN
NaN,MBAU_Edgar_Valdez,639532596880.000,1766733802 ( 1766733802),261001684.000,Oct 2026,1,000,UNPAID,2026-10-26,2026-11-04,NaN,-,-,Zone 4 primicias bautista pangasinan,NaN
NaN,MBAU_Elvie_Mercado,639361764982.000,1784087046 ( 1784087046),261001685.000,Oct 2026,1,000,UNPAID,2026-10-16,2026-10-25,NaN,-,-,Zone 2 primicias bautista pangasinan OK,NaN
NaN,MBAU_Gilkeh_Agamao,639953248153.000,1758009193 ( 1758009193),261001686.000,Oct 2026,1,000,UNPAID,2026-10-16,2026-10-25,NaN,-,-,Zone 5 zamora st villanueva bautista pangasinan,NaN
NaN,MBAU_Helen_Transfiguracion,639917046568.000,1768798949 ( 1768798949),261001687.000,Oct 2026,1,000,UNPAID,2026-10-19,2026-10-28,NaN,-,-,Zamora st. villanueva bautista pangasinan,NaN
NaN,MBAU_Isagani_Evangelista,639940019778.000,1774719328 ( 1774719328),261001688.000,Oct 2026,799.000,UNPAID,2026-10-28,2026-11-06,NaN,-,-,Primicias bautista Pangasinan,NaN
NaN,MBAU_Janeth_Salamero,639916600138.000,1781000979 ( 1781000979),261001689.000,Oct 2026,799.000,UNPAID,2026-10-10,2026-10-14,NaN,-,-,Villanueva Bautista Pangasinan,NaN
NaN,MBAU_Jimmy_Castro,639199401595.000,1759114637 ( 1759114637),261001690.000,Oct 2026,1,000,UNPAID,2026-10-29,2026-11-07,NaN,-,-,Jacinto st villanueva bautista pangasinan,NaN
NaN,MBAU_Joshua_Gabriel,639773471725.000,1761290438 ( 1761290438),261001691.000,Oct 2026,800.000,UNPAID,2026-10-26,2026-11-04,NaN,-,-,Zone 1 primicias Bautista Pangasinan,NaN
NaN,MBAU_Joyce_Relox,639929912327.000,1788333502 ( 1788333502),261001692.000,Oct 2026,1,000,UNPAID,2026-10-02,2026-10-06,NaN,-,-,Zamora St villueva Bautista Pangasinan,NaN
NaN,MBAU_Juditha_Guevarra,639773471718.000,1766461887 ( 1766461887),261001693.000,Oct 2026,1,000,UNPAID,2026-10-23,2026-11-01,NaN,-,-,Zone 1 primicias Bautista Pangasinan,NaN
NaN,MBAU_Krisia_Magalong,639565072388.000,1783130901 ( 1783130901),261001694.000,Oct 2026,799.000,UNPAID,2026-10-04,2026-10-13,NaN,-,-,Zone 4 Cacandongan Bautista pangasinan OK,NaN
NaN,MBAU_Maejoy_Guevarra,639918067820.000,1764733002 ( 1764733002),261001695.000,Oct 2026,1,000,UNPAID,2026-10-03,2026-10-12,NaN,-,-,Zone 1 primicias bautista pangasinan,NaN
NaN,MBAU_Manuel_Nonog,639455380088.000,1782777932 ( 1782777932),261001696.000,Oct 2026,1,000,UNPAID,2026-10-01,2026-10-10,NaN,-,-,Zone 2 Primicias Bautista pangasinan OK,NaN
NaN,MBAU_MarkJhan_Ballesteros,639810145815.000,1750735766 ( 1750735766),261001697.000,Oct 2026,799.000,UNPAID,2026-10-26,2026-11-04,NaN,-,-,Rizal st Villanueva Bautista Pangasinan OK,NaN
NaN,MBAU_Mercedita_Castillo,639926935870.000,1768340345 ( 1768340345),261001698.000,Oct 2026,1,000,UNPAID,2026-10-14,2026-10-23,NaN,-,-,Zamora st villanueva bautista pangasinan,NaN
NaN,MBAU_Nelly_Apolonio,639172790433.000,1756352482 ( 1756352482),261001699.000,Oct 2026,1,000,UNPAID,2026-10-28,2026-11-06,NaN,-,-,Zone 3 primicias baustista Pangasinan,NaN
NaN,MBAU_Philip_Guevarra,639753485019.000,1756535022 ( 1756535022),261001700.000,Oct 2026,1,000,UNPAID,2026-10-30,2026-11-08,NaN,-,-,Zone 4 Primicias Baustista Pangasinan,NaN
NaN,MBAU_Regine_Velano,639949938080.000,1766819570 ( 1766819570),261001701.000,Oct 2026,1,000,UNPAID,2026-10-27,2026-11-05,NaN,-,-,Primicias Bautista Pangasinan,NaN
NaN,MBAU_Remy_Bangis,639295035721.000,1767433888 ( 1767433888),261001702.000,Oct 2026,1,000,UNPAID,2026-10-05,2026-10-10,NaN,-,-,zone 3 Primicias Bautista Pangasian,NaN
NaN,MBAU_Renynalyn_Guevarra,639932839274.000,1776813446 ( 1776813446),261001703.000,Oct 2026,1,000,UNPAID,2026-10-23,2026-10-27,NaN,-,-,Zone 1 primicias bautista pangasinan,NaN
NaN,MBAU_Ronilo_Castroverde,639953867263.000,1768611255 ( 1768611255),261001704.000,Oct 2026,1,000,UNPAID,2026-10-17,2026-10-26,NaN,-,-,Zone 5 Villanueva Bautista Pangasinan,NaN
NaN,MBAU_Stephanie_Banayos,63936144485.000,1756526764 ( 1756526764),261001705.000,Oct 2026,1,000,UNPAID,2026-10-30,2026-11-08,NaN,-,-,Zamora st Villanueva Pangasinan,NaN
NaN,MBAU_Stephanie_Fernandez,639857549541.000,1780728222 ( 1780728222),261001706.000,Oct 2026,1,000,UNPAID,2026-10-08,2026-10-17,NaN,-,-,Ketegan Bautista Pangasinan,NaN
NaN,MBAU_Vilma_Cayog,639459747954.000,1786499512 ( 1786499512),261001707.000,Oct 2026,1,000,UNPAID,2026-10-21,2026-10-25,NaN,-,-,Rizal st. Villanueva Bautista Pangasinan,NaN
NaN,MBAU_Virgilio_Velasco,639917046035.000,1776226307 ( 1776226307),261001708.000,Oct 2026,1,000,UNPAID,2026-10-15,2026-10-24,NaN,-,-,Zone 3 Primicias Bautista Pangasinan,NaN
NaN,MBSM_Adorasion_Catindig,639165652589.000,1774838041 ( 1774838041),261001709.000,Oct 2026,1,000,UNPAID,2026-10-30,2026-11-03,NaN,-,-,Cabalitian bersamin alcala pangasinan,NaN
NaN,MBSM_Aizamae_Velano,6391651400049.000,1756205882 ( 1756205882),261001710.000,Oct 2026,1,000,UNPAID,2026-10-26,2026-10-30,NaN,-,-,Cabalitian st Bersamin Alcala pangasinan,NaN
NaN,MBSM_Ben_Tadeo,639260132362.000,1775569782 ( 1775569782),261001711.000,Oct 2026,799.000,UNPAID,2026-10-10,2026-10-14,NaN,-,-,Camangaan bersamin alcala pangasinan,NaN
NaN,MBSM_Brenda_Reyes,639485538847.000,1748316541 ( 1748316541),261001712.000,Oct 2026,1,000,UNPAID,2026-10-27,2026-10-31,NaN,-,-,Cabalitian bersamin Alcala pang,NaN
NaN,MBSM_Daisy_Gallarde,639365665761.000,1784677008 ( 1784677008),261001713.000,Oct 2026,1,000,UNPAID,2026-10-22,2026-10-31,NaN,-,-,Cabalitian bersamin alcala pangasinan OK,NaN
NaN,MBSM_Darwin_Duque,639271253371.000,1784328623 ( 1784328623),261001714.000,Oct 2026,1,000,UNPAID,2026-10-21,2026-10-30,NaN,-,-,Belidan Bersamin alcala pangasinan OK,NaN
NaN,MBSM_Emie_Dedal,639647685794.000,1748332324 ( 1748332324),261001715.000,Oct 2026,1,000,UNPAID,2026-10-27,2026-10-31,NaN,-,-,Cabalitian Bersamin Alcala pangasinan,NaN
NaN,MBSM_Eunice_Velano,639926297352.000,1765527717 ( 1765527717),261001716.000,Oct 2026,1,000,UNPAID,2026-10-25,2026-10-29,NaN,-,-,Cabalitian BERSAMIN ALCALA PANG OK,NaN
NaN,MBSM_Gilbert_Cabamongan,639695866941.000,1765867242 ( 1765867242),261001717.000,Oct 2026,1,000,UNPAID,2026-10-16,2026-10-20,NaN,-,-,Sitio gualao bersamin alcala pangasinan,NaN
NaN,MBSM_Gilbert_Ebajo,639851316486.000,1754463928 ( 1754463928),261001718.000,Oct 2026,1,000,UNPAID,2026-10-06,2026-10-10,NaN,-,-,Camanggan Bersamin Alcala pangasinan,NaN
NaN,MBSM_Gloria_Velano,639525586458.000,1781742954 ( 1781742954),261001719.000,Oct 2026,799.000,UNPAID,2026-10-19,2026-10-23,NaN,-,-,Cabalitian Bersamin Alcala pangasinan,NaN
NaN,MBSM_Helen_Mata,639318571300.000,1754457364 ( 1754457364),261001720.000,Oct 2026,1,000,UNPAID,2026-10-06,2026-10-10,NaN,-,-,Sitio cabalitian bersamin Alcala pangasinan,NaN
NaN,MBSM_Jaime_Tuyo,63963916749.000,1754453660 ( 1754453660),261001721.000,Oct 2026,1,000,UNPAID,2026-10-06,2026-10-10,NaN,-,-,Sitio cabalitian bersamin Alcala pangasinan,NaN
NaN,MBSM_Jessie_Miguel,639081656183.000,1769042825 ( 1769042825),261001722.000,Oct 2026,1,000,UNPAID,2026-10-22,2026-10-26,NaN,-,-,Camangaan Bersamin Alcala pangasinan,NaN
NaN,MBSM_Joann_Nicdao,639923539920.000,1765867365 ( 1765867365),261001723.000,Oct 2026,1,000,UNPAID,2026-10-16,2026-10-20,NaN,-,-,Sitio Gualao Bersamin Alcala Pangasinan,NaN
NaN,MBSM_Joebel_Baldiviano,639635200329.000,1782822067 ( 1782822067),261001724.000,Oct 2026,799.000,UNPAID,2026-10-01,2026-10-05,NaN,-,-,Camangaan bersamin alcala pangasinan,NaN
NaN,MBSM_Longie_Ancero,639553949461.000,1777434322 ( 1777434322),261001725.000,Oct 2026,1,500,UNPAID,2026-10-28,2026-11-01,NaN,-,-,Bilidan Bersamin Alcala Pangasinan,NaN
NaN,MBSM_Marjorie_Baldiviano,639267409342.000,1781309264 ( 1781309264),261001726.000,Oct 2026,1,000,UNPAID,2026-10-15,2026-10-19,NaN,-,-,Cabalitian Bersamin alcala pangasinan,NaN
NaN,MBSM_Mark_Salvador,639150739578.000,1777505535 ( 1777505535),261001727.000,Oct 2026,1,000,UNPAID,2026-10-28,2026-11-01,NaN,-,-,Camangaan st Bersamin Alcala Pangasinan,NaN
NaN,MBSM_Maryjane_Callo,639516692621.000,1789629229 ( 1789629229),261001728.000,Oct 2026,1,000,UNPAID,2026-10-17,2026-10-21,NaN,-,-,Cabalitian Bersamin Alcala Pangasinan,NaN
NaN,MBSM_Myrna_Larioza,639451358231.000,1768347902 ( 1768347902),261001729.000,Oct 2026,1,000,UNPAID,2026-10-14,2026-10-18,NaN,-,-,Camangaan bersamin alcala pangasinan,NaN
NaN,MBSM_Presnida_Ibay,639701101361.000,1789106183 ( 1789106183),261001730.000,Oct 2026,1,000,UNPAID,2026-10-11,2026-10-15,NaN,-,-,Cabalitian Bersamin alcala pangasinan,NaN
NaN,MBSM_Ren_Torres,639193689006.000,1788330286 ( 1788330286),261001731.000,Oct 2026,1,000,UNPAID,2026-10-02,2026-10-06,NaN,-,-,Camangaan Bersamin Alcala Pangasinan,NaN
NaN,MBSM_Reynaldo_Fronda,639667545772.000,1750474625 ( 1750474625),261001732.000,Oct 2026,700.000,UNPAID,2026-10-21,2026-10-25,NaN,-,-,Sitio cabalitian, bersamin, alcala, Pangasinan PORT 1 JOHAN / MICHAEL ASUNCION,NaN
NaN,MBSM_Rochelle_Blanco,639382041527.000,1767764905 ( 1767764905),261001733.000,Oct 2026,1,000,UNPAID,2026-10-07,2026-10-13,NaN,-,-,Sitio cabalitian bersamin alcala pangasinan,NaN
NaN,MBSM_Roger_Cabanilla,639687290675.000,1768438777 ( 1768438777),261001734.000,Oct 2026,1,000,UNPAID,2026-10-15,2026-10-19,NaN,-,-,Bilidan bersamin alcala pangasinan,NaN
NaN,MBSM_Rosalia_Cortel,639087982218.000,1768979613 ( 1768979613),261001735.000,Oct 2026,799.000,UNPAID,2026-10-23,2026-10-27,NaN,-,-,Camanggaan Bersamin Alcala pangasinan,NaN
NaN,MBSM_RoseAnn_Balanquit,639187190324.000,1752481494 ( 1752481494),261001736.000,Oct 2026,1,000,UNPAID,2026-10-14,2026-10-18,NaN,-,-,CABALITIAN BERSAMIN ALCALA PANGASINAN PORT 1 johan michael,NaN
NaN,MBSM_Rusell_Corpuz,639512914282.000,1768438089 ( 1768438089),261001737.000,Oct 2026,1,000,UNPAID,2026-10-15,2026-10-19,NaN,-,-,Cabalitian Bersamin Alcala Pangasinan,NaN
NaN,MBSM_Yanka_Cabrera,639544077392.000,1767563691 ( 1767563691),261001738.000,Oct 2026,1,000,UNPAID,2026-10-06,2026-10-10,NaN,-,-,Sitio camangaan bersamin alcala pang OK,NaN
NaN,MCAN_Amelia_Inding,639526187027.000,1784782090 ( 1784782090),261001739.000,Oct 2026,1,000,UNPAID,2026-10-23,2026-10-27,NaN,-,-,Funston st Canarvacanan Alcala pangasinan OK,NaN
NaN,MCAN_Angel_Corpuz,639677449411.000,1749795606 ( 1749795606),261001740.000,Oct 2026,1,000,UNPAID,2026-10-13,2026-10-22,NaN,-,-,54 Rafal st Canarvacanan Alcala pang,NaN
NaN,MCAN_Aprilmae_Coloma,639123456789.000,16800004 ( 1732873026),261001741.000,Oct 2026,799.000,UNPAID,2026-10-15,2026-10-24,NaN,-,-,16 Aguinaldo St, Canarvacanan Alcala Pangasinan,NaN
NaN,MCAN_Christian_Dancel,639639981213.000,1742436739 ( 1742436739),261001742.000,Oct 2026,799.000,UNPAID,2026-10-23,2026-10-26,NaN,-,-,201 funston st. Canarvacanan alcala pangasinan,NaN
NaN,MCAN_Dandrib_Dagumboy,639381483448.000,1741831322 ( 1741831322),261001743.000,Oct 2026,1,000,UNPAID,2026-10-06,2026-10-15,NaN,-,-,19 aguinaldo st zone 4 canarvacanan alcala pang,NaN
NaN,MCAN_Devorah_Laus,639394281174.000,16800005 ( 1732873159),261001744.000,Oct 2026,799.000,UNPAID,2026-10-15,2026-10-24,NaN,-,-,19 Aguinaldo St, Canarvacanan Alcala Pangasinan,NaN
NaN,MCAN_Elizabeth_Cayaban,639100342551.000,1738219187 ( 1738219187),261001745.000,Oct 2026,799.000,UNPAID,2026-10-28,2026-11-06,NaN,-,-,184 Funston st. Canarvacanan ALCALA pangasinan,NaN
NaN,MCAN_Emelie_Fermin,639989706313.000,1761882841 ( 1761882841),261001746.000,Oct 2026,1,500,UNPAID,2026-10-21,2026-10-25,NaN,-,-,2 funston CANARVACANAN alcala PANGASINAN,NaN
NaN,MCAN_Emerson_Corpuz,639077541926.000,1747810208 ( 1747810208),261001747.000,Oct 2026,800.000,UNPAID,2026-10-21,2026-10-30,NaN,-,-,110 primicias st. Canarvacanan alcala pangasinan,NaN
NaN,MCAN_Erica_Aguirre,63981083083.000,1752475681 ( 1752475681),261001748.000,Oct 2026,799.000,UNPAID,2026-10-13,2026-10-22,NaN,-,-,Zone 6 canarvacanan Alcala pangasinan PORT 10 Daniel Lee June V,NaN
NaN,MCAN_Erlinda_Fronda,639567710621.000,1765254061 ( 1765254061),261001749.000,Oct 2026,799.000,UNPAID,2026-10-09,2026-10-18,NaN,-,-,Zone 4 canarvacanan Alcala pangasinan,NaN
NaN,MCAN_Evelyn_Cabanilla,639853095080.000,1789956176 ( 1789956176),261001750.000,Oct 2026,1,000,UNPAID,2026-10-21,2026-10-25,NaN,-,-,Primicias st canarvacanan alcala pangasinan,NaN
NaN,MCAN_Fernand_Orlanda,639477678538.000,1761616380 ( 1761616380),261001751.000,Oct 2026,1,000,UNPAID,2026-10-28,2026-11-06,NaN,-,-,Aguinaldo St Canarvacan Alcala Pangasinan,NaN
NaN,MCAN_Fortune_Orlanda,63947563419.000,1757987590 ( 1757987590),261001752.000,Oct 2026,1,000,UNPAID,2026-10-16,2026-10-25,NaN,-,-,Zone 6 Canarvacanan Alcala Pangasinan,NaN
NaN,MCAN_Geron_Geronilla,639294757137.000,1779086183 ( 1779086183),261001753.000,Oct 2026,799.000,UNPAID,2026-10-18,2026-10-22,NaN,-,-,Arboleda st Canarvacanan alcala pangasinan,NaN
NaN,MCAN_Grace_Cabanilla,639469710974.000,1768611781 ( 1768611781),261001754.000,Oct 2026,799.000,UNPAID,2026-10-19,2026-10-28,NaN,-,-,Funston street Canarvacanan Alcala Pangasinan,NaN
NaN,MCAN_Janice_Baladad,639994617687.000,1788492350 ( 1788492350),261001755.000,Oct 2026,1,000,UNPAID,2026-10-04,2026-10-08,NaN,-,-,Primicias st. canarvacanan Alcala Pangasinan,NaN
NaN,MCAN_JanMichael_Pabro,639451021256.000,1747811123 ( 1747811123),261001756.000,Oct 2026,800.000,UNPAID,2026-10-23,2026-11-01,NaN,-,-,15 Funston St Canarvacanan Alcala Pangasinan,NaN
NaN,MCAN_Jennefer_Gueta,639481180686.000,1738305542 ( 1738305542),261001757.000,Oct 2026,799.000,UNPAID,2026-10-28,2026-11-06,NaN,-,-,Zone 4 delo santos st. Canarvacanan alcala pangasinan OK,NaN
NaN,MCAN_Jenny_Baun,639925063282.000,1752136812 ( 1752136812),261001758.000,Oct 2026,1,000,UNPAID,2026-10-10,2026-10-19,NaN,-,-,ZONE 6 CANARVACANAN ALCALA PANG PORT 5 johan /michael,NaN
NaN,MCAN_Jessica_Cacabelos,639540963819.000,1755074635 ( 1755074635),261001759.000,Oct 2026,799.000,UNPAID,2026-10-13,2026-10-22,NaN,-,-,Delos Santos st Canarvacan Alcala.Pangasinan BOOSS D/MAKING/MARBEN,NaN
NaN,MCAN_Jhunel_Baladad,639071514456.000,1767751428 ( 1767751428),261001760.000,Oct 2026,1,000,UNPAID,2026-10-08,2026-10-17,NaN,-,-,70 Primicias St Canarvacanan Alcala Pangasinan,NaN
NaN,MCAN_Joana_Calvero,639073910170.000,1771199203 ( 1771199203),261001761.000,Oct 2026,799.000,UNPAID,2026-10-17,2026-10-26,NaN,-,-,Funston st Canarvacanan alcala pangasinan,NaN
NaN,MCAN_Jonathan_Cacabelos,639285390068.000,1737014152 ( 1737014152),261001762.000,Oct 2026,1,000,UNPAID,2026-10-16,2026-10-25,NaN,-,-,Zone 4 delos santos st. Canarvacanan Alcala pangasinan,NaN
NaN,MCAN_Jonathan_Soliven,639481520979.000,1762414281 ( 1762414281),261001763.000,Oct 2026,799.000,UNPAID,2026-10-15,2026-10-19,NaN,-,-,Lawton st Canarvacanan alcala pangasinan,NaN
NaN,MCAN_Josie_Cacabelos,639613667523.000,1762325887 ( 1762325887),261001764.000,Oct 2026,799.000,UNPAID,2026-10-05,2026-10-14,NaN,-,-,Primicias st canarvacanan Alcala pangasinan,NaN
NaN,MCAN_Juanita_Cabusao,639304618500.000,1747292459 ( 1747292459),261001765.000,Oct 2026,799.000,UNPAID,2026-10-15,2026-10-24,NaN,-,-,029 delos santos st canarvacanan alcala pangasinan,NaN
NaN,MCAN_Judie_Cacabelos,639387258717.000,1737092651 ( 1737092651),261001766.000,Oct 2026,799.000,UNPAID,2026-10-17,2026-10-26,NaN,-,-,zone 4 Delos Santos St Canarvacanan Alcala Pang,NaN
NaN,MCAN_Jun_Cabanilla,639512719333.000,1772929349 ( 1772929349),261001767.000,Oct 2026,799.000,UNPAID,2026-10-08,2026-10-17,NaN,-,-,Zone 2 Canarvacanan Alcala Pangasinan,NaN
NaN,MCAN_Justine_Ebio,63959786970.000,35000075 ( 1735980131),261001768.000,Oct 2026,1,000,UNPAID,2026-10-11,2026-10-20,NaN,-,-,01 Aguinaldo Canarvacanan Alcala Pangasinan,NaN
NaN,MCAN_Leeann_Adsuara,639481885773.000,1779249946 ( 1779249946),261001769.000,Oct 2026,1,000,UNPAID,2026-10-20,2026-10-24,NaN,-,-,Primicias st Canarvacanan Alcala Pangasinan,NaN
NaN,MCAN_Liberty_Piojo,63963364134.000,1782346508 ( 1782346508),261001770.000,Oct 2026,799.000,UNPAID,2026-10-25,2026-11-03,NaN,-,-,34B Funston St canarvacanan Alcala Pangasinan OK,NaN
NaN,MCAN_Lilia_Bautista,639078941296.000,1738556595 ( 1738556595),261001771.000,Oct 2026,1,200,UNPAID,2026-10-20,2026-10-24,NaN,-,-,Zone 5 delo santos st. Canarvacanan alcala pangasinan,NaN
NaN,MCAN_Lourd_Abalos,639542832684.000,1782822283 ( 1782822283),261001772.000,Oct 2026,1,000,UNPAID,2026-10-01,2026-10-10,NaN,-,-,Aguinaldo st Canarvacanan Alcala Pangasinan OK,NaN
NaN,MCAN_Maricel_Soriano,639533484614.000,1744094459 ( 1744094459),261001773.000,Oct 2026,1,000,UNPAID,2026-10-08,2026-10-17,NaN,-,-,50 Arboleda st canarvacanan Alcala Pangasinann,NaN
NaN,MCAN_Michael_Castanares,639478711125.000,1775962866 ( 1775962866),261001774.000,Oct 2026,1,000,UNPAID,2026-10-12,2026-10-21,NaN,-,-,Delos santos street canarvacanan alcala pangasinan,NaN
NaN,MCAN_nans_Cabrera,639981868786.000,1767918573 ( 1767918573),261001775.000,Oct 2026,1,000,UNPAID,2026-10-09,2026-10-18,NaN,-,-,Zone 4 Canarvacanan alcala pangasinan,NaN
NaN,MCAN_Noel_SanDiego,639629022715.000,1739436388 ( 1739436388),261001776.000,Oct 2026,1,000,UNPAID,2026-10-13,2026-10-22,NaN,-,-,Zone 1 Aguinaldo st. Canarvacanan alcala pangasinan,NaN
NaN,MCAN_Ralph_Cacabelos,639702317910.000,1788677350 ( 1788677350),261001777.000,Oct 2026,1,000,UNPAID,2026-10-07,2026-10-11,NaN,-,-,Delos Santos st Canarvacanan alcala pangasinan,NaN
NaN,MCAN_Rolando_Bucaloy,639703179905.000,16800003 ( 1732872812),261001778.000,Oct 2026,1,000,UNPAID,2026-10-15,2026-10-24,NaN,-,-,Zone 2 Canarvacanan Alcala Pangasinan,NaN
NaN,MCAN_Stephanie_Bustos,639156675061.000,1760932220 ( 1760932220),261001779.000,Oct 2026,800.000,UNPAID,2026-10-20,2026-10-29,NaN,-,-,Zone 1 Canarvacanan Alcala Pangasinan,NaN
NaN,MCAN_Veronica_Carbonell,639481714112.000,1745910549 ( 1745910549),261001780.000,Oct 2026,799.000,UNPAID,2026-10-28,2026-11-06,NaN,-,-,Funston st zone canarvacanan alcala pangasinan,NaN
NaN,Mercedes_Abalos,639977659124.000,1790769835 ( 1790769835),261001781.000,Oct 2026,1,000,UNPAID,2026-10-01,2026-10-05,NaN,-,-,Dusoc purok 3 bayambang pangasinan,NaN
NaN,Merlita_Padua,639567211313.000,1790686138 ( 1790686138),260905241.000,Oct 2026,900.000,PAID,2026-10-01,2026-10-01,2026-09-30,Installation,-100 sir dante fee-,Purok 1 Manambong Parte Bayambang Pangasinan,NaN
NaN,Micaela_DeLeon,639669917489.000,1790661753 ( 1790661753),260905236.000,Oct 2026,1,000,UNPAID,2026-10-01,2026-10-05,NaN,-,-,Purok 3 Barangay idong Bayambang Pangasinan,NaN
NaN,Mirasol_Catubay,639666276513.000,1790491477 ( 1790491477),261001782.000,Oct 2026,1,000,UNPAID,2026-10-27,2026-10-31,NaN,-,-,Purok 4 Wawa Tnaggal Bbang Pangasinan,NaN
NaN,MKIS_Aileen_Carbonell,639095117572.000,1748326665 ( 1748326665),261001783.000,Oct 2026,799.000,UNPAID,2026-10-27,2026-11-05,NaN,-,-,Zobe 1 kisikis Alcala Pangasinan OK,NaN
NaN,MKIS_April_Guddaran,639510552941.000,1787280594 ( 1787280594),261001784.000,Oct 2026,799.000,UNPAID,2026-10-21,2026-10-25,NaN,-,-,Zone 5, Kisikis, Alcala, Pangasinan.,NaN
NaN,MKIS_Arian_Cardenas,639176288810.000,1771784979 ( 1771784979),261001785.000,Oct 2026,1,000,UNPAID,2026-10-23,2026-10-27,NaN,-,-,Zone 4 Kisikis Alcala pangasinan,NaN
NaN,MKIS_Ban_Catubay,639309116505.000,35000120 ( 1741839509),261001786.000,Oct 2026,1,000,UNPAID,2026-10-13,2026-10-22,NaN,-,-,Zone 6 kisikis alcala pangasinan,NaN
NaN,MKIS_Benjar_Torres,639924123186.000,1784538605 ( 1784538605),261001787.000,Oct 2026,1,000,UNPAID,2026-10-21,2026-10-30,NaN,-,-,Nama st zone 1 kisikis alcala Pangasinan OK,NaN
NaN,MKIS_Crisologo_Sorio,639939413247.000,1785476468 ( 1785476468),261001788.000,Oct 2026,1,000,UNPAID,2026-10-01,2026-10-09,NaN,-,-,Zone 2 Kisikis Alcala Pangasinan OK,NaN
NaN,MKIS_Erlyn_Peregrino,639474509229.000,1788414534 ( 1788414534),261001789.000,Oct 2026,1,000,UNPAID,2026-10-03,2026-10-07,NaN,-,-,Zone 1 Kisikis Alcala Pangasinan,NaN
NaN,MKIS_Floriano_Nama,639933412891.000,1764654639 ( 1764654639),261001790.000,Oct 2026,1,000,UNPAID,2026-10-02,2026-10-11,NaN,-,-,Zone 6 kisikis alcala pangasinan,NaN
NaN,MKIS_Glenda_Refuerzo,639300765121.000,1743663629 ( 1743663629),261001791.000,Oct 2026,1,000,UNPAID,2026-10-03,2026-10-12,NaN,-,-,Santiago st kisikis alcala pang,NaN
NaN,MKIS_Harvey_Mamitag,639293387794.000,1761206252 ( 1761206252),261001792.000,Oct 2026,800.000,UNPAID,2026-10-25,2026-11-03,NaN,-,-,Nama st Kisikis Alcala Pangasinan,NaN
NaN,MKIS_Jayvee_Labiano,639167571581.000,1765959240 ( 1765959240),261001793.000,Oct 2026,799.000,UNPAID,2026-10-17,2026-10-26,NaN,-,-,Zone 1 kisikis alcala pangasinan,NaN
NaN,MKIS_Johnmarco_Ibanes,639461981770.000,1787988889 ( 1787988889),261001794.000,Oct 2026,799.000,UNPAID,2026-10-28,2026-11-02,NaN,-,-,Zone 5 kisikis alcala pangasinan,NaN
NaN,MKIS_Joy_Viernez,639949880924.000,1788422058 ( 1788422058),261001795.000,Oct 2026,1,000,UNPAID,2026-10-03,2026-10-07,NaN,-,-,Zone 1 Kisikis Alcala Pangasinan,NaN
NaN,MKIS_Kyla_Sambajon,639946405839.000,1772196650 ( 1772196650),261001796.000,Oct 2026,799.000,UNPAID,2026-10-02,2026-10-06,NaN,-,-,Zone 6 Santiago st Kisikis Alcala Pangasinan,NaN
NaN,MKIS_Lyden_Bregania,639915289821.000,1784600554 ( 1784600554),261001797.000,Oct 2026,799.000,UNPAID,2026-10-21,2026-10-30,NaN,-,-,Nama st Kisikis alcala Pangasinan / Padol Compound OK,NaN
NaN,MKIS_Margie_Pasag,639931065340.000,1784676887 ( 1784676887),261001798.000,Oct 2026,1,000,UNPAID,2026-10-22,2026-10-26,NaN,-,-,Nama st Kisikis alcala pangasinan OK,NaN
NaN,MKIS_Marivic_Sales,63917460679.000,1765508082 ( 1765508082),261001799.000,Oct 2026,1,000,UNPAID,2026-10-12,2026-10-21,NaN,-,-,Santiago st kisikis alcala pang,NaN
NaN,MKIS_Mark_Perez,639397227997.000,1769299833 ( 1769299833),261001800.000,Oct 2026,1,000,UNPAID,2026-10-26,2026-11-04,NaN,-,-,Santiago St Kisikis Alcala Pangasinan OK,NaN
NaN,MKIS_Maryjane_Ramos,639566382283.000,1777674124 ( 1777674124),261001801.000,Oct 2026,1,000,UNPAID,2026-10-04,2026-10-13,NaN,-,-,Zone 1 Kisikis Alcala Pangasinan,NaN
NaN,MKIS_Melanie_Demiar,639916632054.000,1758269196 ( 1758269196),261001802.000,Oct 2026,799.000,UNPAID,2026-10-19,2026-10-28,NaN,-,-,Zone 4 kisikis alcala pangasinan,NaN
NaN,MKIS_Melver_Clemente,639771218929.000,1784858977 ( 1784858977),261001803.000,Oct 2026,799.000,UNPAID,2026-10-24,2026-10-28,NaN,-,-,Zone 4 kisikis alcala pangasinan OK,NaN
NaN,MKIS_Ritchelle_Catubay,639514420589.000,1761201376 ( 1761201376),261001804.000,Oct 2026,800.000,UNPAID,2026-10-11,2026-10-15,NaN,-,-,Zone 6 kisikis alcala pamgasinan,NaN
NaN,MKIS_Sahra_Nueva,639954463391.000,1743664119 ( 1743664119),261001805.000,Oct 2026,1,000,UNPAID,2026-10-03,2026-10-12,NaN,-,-,Nama St. Kisikis, Alcala, Pangasinan,NaN
NaN,MLAO_Ailyn_Lanuza,639771323162.000,17000002 ( 1732796531),261001806.000,Oct 2026,1,000,UNPAID,2026-10-28,2026-11-06,NaN,-,-,230 Alcantara St, Brgy Laoc Alcala Pangasinan,NaN
NaN,MLAO_Aiza_Catubay,639777113638.000,1789003302 ( 1789003302),261001807.000,Oct 2026,1,000,UNPAID,2026-10-10,2026-10-14,NaN,-,-,Zone 6 Laoac west alcala pang,NaN
NaN,MLAO_Alfredo_Velo,63970773056.000,1762135982 ( 1762135982),261001808.000,Oct 2026,1,000,UNPAID,2026-10-03,2026-10-12,NaN,-,-,Zone 2, laoac east Alcala pangasinan,NaN
NaN,MLAO_Alicia_Mendoza,639549749166.000,1780021912 ( 1780021912),261001809.000,Oct 2026,1,000,UNPAID,2026-10-11,2026-10-15,NaN,-,-,Zone 3 Laoac East Alcala Pangasinan,NaN
NaN,MLAO_Amalia_Gallardo,639277377742.000,1778981150 ( 1778981150),261001810.000,Oct 2026,799.000,UNPAID,2026-10-23,2026-10-27,NaN,-,-,Zone 3 Laoac East Alcala Pangasinan,NaN
NaN,MLAO_Analiza_Velo,639701657707.000,1738305047 ( 1738305047),261001811.000,Oct 2026,1,000,UNPAID,2026-10-28,2026-11-06,NaN,-,-,Zone 2 velo st. Laoac alcala pangasinan,NaN
NaN,MLAO_Angelica_Andres,639122439029.000,35000068 ( 1735888436),261001812.000,Oct 2026,1,000,UNPAID,2026-10-05,2026-10-14,NaN,-,-,147 Zone 2 Laoc East Alcala Pangasinan,NaN
NaN,MLAO_Angelo_Ventura,639926946882.000,1781425657 ( 1781425657),261001813.000,Oct 2026,1,000,UNPAID,2026-10-15,2026-10-19,NaN,-,-,Bacolor street Laoac west alcala pangasinan,NaN
NaN,MLAO_Anita_Parohinog,639100146141.000,1747799169 ( 1747799169),261001814.000,Oct 2026,800.000,UNPAID,2026-10-21,2026-10-30,NaN,-,-,ZONE 2 LAOAC EAST ALCALA PANG Andres compound,NaN
NaN,MLAO_Annalyn_Pablo,639272373742.000,1736159575 ( 1736159575),261001815.000,Oct 2026,1,000,UNPAID,2026-10-06,2026-10-15,NaN,-,-,Zone 1 Ferrer St Laoac east alcala pangasinan,NaN
NaN,MLAO_Argelyn_Lanuza,639272379281.000,1768790338 ( 1768790338),261001816.000,Oct 2026,1,000,UNPAID,2026-10-19,2026-10-28,NaN,-,-,Zone 4 lanuza st laoac east alcala pangasinan,NaN
NaN,MLAO_Arianne_Velo,639123456789.000,17000009 ( 1732862459),261001817.000,Oct 2026,799.000,UNPAID,2026-10-07,2026-10-16,NaN,-,-,182 Velo St, Laoc Alcala Pangasinan,NaN
NaN,MLAO_Armando_Subido,639707370482.000,1742194899 ( 1742194899),261001818.000,Oct 2026,799.000,UNPAID,2026-10-17,2026-10-26,NaN,-,-,382 lanuza st laoac east alcala pang,NaN
NaN,MLAO_Armenio_Baysa,639487768643.000,1774917819 ( 1774917819),261001819.000,Oct 2026,799.000,UNPAID,2026-10-01,2026-10-10,NaN,-,-,Zone 1 laoac East Alcala Pangasinan,NaN
NaN,MLAO_Benjamin_Aquino,639544159186.000,17000008 ( 1732861648),261001820.000,Oct 2026,1,000,UNPAID,2026-10-18,2026-10-27,NaN,-,-,86 Zone 1 Brgy Laoc Alcala Pangasinan,NaN
NaN,MLAO_Carlos_Mendoza,639255522740.000,1756717630 ( 1756717630),261001821.000,Oct 2026,1,500,UNPAID,2026-10-01,2026-10-10,NaN,-,-,Zone 3 laoac east alcala pangasinan,NaN
NaN,MLAO_Carlo_Lucas,63916630823.000,17000016 ( 1735894523),261001822.000,Oct 2026,1,000,UNPAID,2026-10-03,2026-10-12,NaN,-,-,Zone 6 Brgy LAOC Alcala Pangasinan,NaN
NaN,MLAO_Dexter_Aleniado,639061230858.000,1764215888 ( 1764215888),261001823.000,Oct 2026,1,000,UNPAID,2026-10-27,2026-11-05,NaN,-,-,Zone 2 Laoac east alcAla pang,NaN
NaN,MLAO_Diwata_Muleta,639359115647.000,1771554186 ( 1771554186),261001824.000,Oct 2026,1,000,UNPAID,2026-10-20,2026-10-29,NaN,-,-,Zone 2 laoac east Alcala Pangasinan,NaN
NaN,MLAO_Donato_Aquino,639770941596.000,1766131433 ( 1766131433),261001825.000,Oct 2026,1,000,UNPAID,2026-10-19,2026-10-28,NaN,-,-,Zone 3 laoac East alcala pangasinan,NaN
NaN,MLAO_Edgardo_Turao,639167616669.000,1737191000 ( 1737191000),261001826.000,Oct 2026,1,500,UNPAID,2026-10-18,2026-10-27,NaN,-,-,Zone 6 beside police outpost laoac west alcala pangasinan,NaN
NaN,MLAO_Edmundo_Aquino,639608423865.000,1740727357 ( 1740727357),261001827.000,Oct 2026,1,000,UNPAID,2026-10-28,2026-11-06,NaN,-,-,90 aquino st laoac east alcala pangasinan,NaN
NaN,MLAO_Eduado_Prestoza,639603976624.000,1786417424 ( 1786417424),261001828.000,Oct 2026,1,000,UNPAID,2026-10-11,2026-10-15,NaN,-,-,Zone 1, Laoac Alcala Pangasinan OK,NaN
NaN,MLAO_Elysa_Andres,639663515597.000,1744685799 ( 1744685799),261001829.000,Oct 2026,1,000,UNPAID,2026-10-15,2026-10-24,NaN,-,-,Zone 1aoac east alcala pang,NaN
NaN,MLAO_Emelda_Nulla,63906862164.000,1740102790 ( 1740102790),261001830.000,Oct 2026,700.000,UNPAID,2026-10-23,2026-11-01,NaN,-,-,Zone 3 sinabaan rd laoac east alcala pangasinan,NaN
NaN,MLAO_Emelyn_Manuel,639955147140.000,1785844274 ( 1785844274),261001831.000,Oct 2026,1,000,UNPAID,2026-10-24,2026-10-28,NaN,-,-,Zone4 368 Velo St. Laoac East Alcala Pangasinan OK,NaN
NaN,MLAO_Emilleana_Sales,639560810996.000,1747273754 ( 1747273754),261001832.000,Oct 2026,1,000,UNPAID,2026-10-15,2026-10-24,NaN,-,-,Zone 2 Laoac east alcala pangasinan,NaN
NaN,MLAO_Ernesto_lanuza,639662673364.000,35000108 ( 1736324314),261001833.000,Oct 2026,1,000,UNPAID,2026-10-26,2026-11-04,NaN,-,-,Zone 3 Alcantara St, Laoc East Alcala Pangasinan,NaN
NaN,MLAO_Espie_Rosal,639123031553.000,1776295964 ( 1776295964),261001834.000,Oct 2026,1,000,UNPAID,2026-10-16,2026-10-25,NaN,-,-,Zone 4 Laoac East Alcala Pangasinan,NaN
NaN,MLAO_Felly_Cabuan,639277846116.000,1764899301 ( 1764899301),261001835.000,Oct 2026,1,000,UNPAID,2026-10-05,2026-10-14,NaN,-,-,Zone 3 Laoac East Alcala Pangasinan,NaN
NaN,MLAO_Fernando_Sinampanga,63954108250.000,1756795037 ( 1756795037),261001836.000,Oct 2026,1,000,UNPAID,2026-10-02,2026-10-11,NaN,-,-,Loria st. Laoac east alcala pangasinan,NaN
NaN,MLAO_Flordeliza_Andaya,639983828247.000,1773961223 ( 1773961223),261001837.000,Oct 2026,1,000,UNPAID,2026-10-20,2026-10-29,NaN,-,-,Zone 4 Laoac east Alcala Pangasinan,NaN
NaN,MLAO_Florence_Vinoya,639454830427.000,1736825787 ( 1736825787),261001838.000,Oct 2026,800.000,UNPAID,2026-10-14,2026-10-23,NaN,-,-,105 Ferrer Oria St. Laoac Alcala Pangasinan,NaN
NaN,MLAO_Gary_Pinto,639687750845.000,1756441011 ( 1756441011),261001839.000,Oct 2026,1,500,UNPAID,2026-10-29,2026-11-07,NaN,-,-,Zone 6 Laoac East Alcala Pangasinan,NaN
NaN,MLAO_Geraldine_Delfinado,639156950475.000,1769805883 ( 1769805883),261001840.000,Oct 2026,1,000,UNPAID,2026-10-28,2026-11-01,NaN,-,-,Zone 3 Laoac East alcala pangasinan,NaN
NaN,MLAO_Gina_Diaz,639399083606.000,1787109293 ( 1787109293),261001841.000,Oct 2026,1,000,UNPAID,2026-10-19,2026-10-23,NaN,-,-,Laoac West Alcala Pangasinan,NaN
NaN,MLAO_Heinze_Cabreros,639753736143.000,17000012 ( 1732869408),261001842.000,Oct 2026,799.000,UNPAID,2026-10-22,2026-10-31,NaN,-,-,Brgy Laoc Alcala Pangasinan,NaN
NaN,MLAO_Ian_Deleon,639068344458.000,1764902942 ( 1764902942),261001843.000,Oct 2026,1,000,UNPAID,2026-10-05,2026-10-14,NaN,-,-,Zone 3 Laoac East Alcala Pangasinan,NaN
NaN,MLAO_Irene_Datugan,639544865426.000,1768891460 ( 1768891460),261001844.000,Oct 2026,1,000,UNPAID,2026-10-21,2026-10-30,NaN,-,-,Zone 3 laoac east alcal pangasinan,NaN
NaN,MLAO_JanelaLove_Nartates,639688550611.000,1790238994 ( 1790238994),261001845.000,Oct 2026,1,000,UNPAID,2026-10-24,2026-10-28,NaN,-,-,Zone 6 laoac west alcala pangasinan,NaN
NaN,MLAO_Jane_Villanueva,639277791390.000,1782182901 ( 1782182901),261001846.000,Oct 2026,799.000,UNPAID,2026-10-26,2026-10-30,NaN,-,-,Zone 5 Laoac West Alcala Pangasinan OK,NaN
NaN,MLAO_Janine_Villanueva,639484942965.000,1748585739 ( 1748585739),261001847.000,Oct 2026,1,000,UNPAID,2026-10-28,2026-11-06,NaN,-,-,Zone 6 laoac west alcala pangasinan,NaN
NaN,MLAO_Janroy_Tagudin,63993896295.000,1759904926 ( 1759904926),261001848.000,Oct 2026,1,000,UNPAID,2026-10-08,2026-10-17,NaN,-,-,Zone 4 laoac east alcala pangasinan,NaN
NaN,MLAO_Jay_Papa,639360565333.000,1769806211 ( 1769806211),261001849.000,Oct 2026,799.000,UNPAID,2026-10-03,2026-10-07,NaN,-,-,Zone 1 laoac east alcala pangasinan,NaN
NaN,MLAO_Jean_Pablo,639152615090.000,1788662625 ( 1788662625),261001850.000,Oct 2026,1,000,UNPAID,2026-10-06,2026-10-10,NaN,-,-,Zone 1 laoac East Alcala Pangasinan,NaN
NaN,MLAO_Jefferson_Pablo,639950146612.000,1761878894 ( 1761878894),261001851.000,Oct 2026,799.000,UNPAID,2026-10-30,2026-11-08,NaN,-,-,Zone 1 laoac east alcala pangasinan,NaN
NaN,MLAO_Jelyn_Alejo,639460840039.000,1764916969 ( 1764916969),261001852.000,Oct 2026,1,000,UNPAID,2026-10-18,2026-10-22,NaN,-,-,Zone 6 laoac west alcala pangasinan,NaN
NaN,MLAO_Jennifer_Advincula,639510587004.000,1757992778 ( 1757992778),261001853.000,Oct 2026,1,000,UNPAID,2026-10-16,2026-10-25,NaN,-,-,Zone 6 Laoac West alcala pangasinan,NaN
NaN,MLAO_Jericon_Lanuza,639209687414.000,1764401684 ( 1764401684),261001854.000,Oct 2026,1,500,UNPAID,2026-10-29,2026-11-07,NaN,-,-,341 laoac East alcala pang,NaN
NaN,MLAO_Jessie_Embuedo,639536937595.000,1745897797 ( 1745897797),261001855.000,Oct 2026,799.000,UNPAID,2026-10-28,2026-11-06,NaN,-,-,Zone 6 bacolor st laoac east alcala pangasinan,NaN
NaN,MLAO_Jhun_Bagalayos,639947882735.000,1786499239 ( 1786499239),261001856.000,Oct 2026,1,000,UNPAID,2026-10-13,2026-10-17,NaN,-,-,Pablo st Laoac West Alcala Pangasinan OK,NaN
NaN,MLAO_Joel_Guinarez,639060038542.000,1770258524 ( 1770258524),261001857.000,Oct 2026,1,000,UNPAID,2026-10-05,2026-10-09,NaN,-,-,Zone 6 laoac west Alcala Pangasinan,NaN
NaN,MLAO_Joel_Lorenzo,639307981674.000,1737958955 ( 1737958955),261001858.000,Oct 2026,799.000,UNPAID,2026-10-27,2026-11-05,NaN,-,-,342 bacolor st. Laoac west alcala pangasinan,NaN
NaN,MLAO_JohnAce_Tabula,639272200067.000,1775029495 ( 1775029495),261001859.000,Oct 2026,1,000,UNPAID,2026-10-06,2026-10-15,NaN,-,-,Zone 6 Laoac East alcala Pangasinan,NaN
NaN,MLAO_John_Almuete,6393696414378.000,1754879668 ( 1754879668),261001860.000,Oct 2026,1,000,UNPAID,2026-10-11,2026-10-20,NaN,-,-,ALCANTARA ST LAOAC EAST ALC PNG,NaN
NaN,MLAO_John_Velasco,639544152530.000,1743153587 ( 1743153587),261001861.000,Oct 2026,1,000,UNPAID,2026-10-28,2026-11-06,NaN,-,-,Zone 2 velo st laoac east alcala pangasinan,NaN
NaN,MLAO_Jonalyn_Pinto,639669921740.000,1772579788 ( 1772579788),261001862.000,Oct 2026,1,000,UNPAID,2026-10-08,2026-10-17,NaN,-,-,Zone 1 laoac east Alcala pangasinan,NaN
NaN,MLAO_Jordan_Sison,639386326346.000,1782171156 ( 1782171156),261001863.000,Oct 2026,1,000,UNPAID,2026-10-26,2026-10-30,NaN,-,-,Zone 5 Laoac West Alcala Pangasinan/Landmark Basketball court dulong kanto OK,NaN
NaN,MLAO_Judyann_Aquino,639065925190.000,1781496862 ( 1781496862),261001864.000,Oct 2026,799.000,UNPAID,2026-10-16,2026-10-20,NaN,-,-,Zone 2 Laoac East Alcala Pangasinan,NaN
NaN,MLAO_Julius_Pablo,639959550279.000,1783034588 ( 1783034588),261001865.000,Oct 2026,1,500,UNPAID,2026-10-03,2026-10-12,NaN,-,-,Zone 1 Laoac East Alcala Pangasinan OK,NaN
NaN,MLAO_Kyla_Castro,639556810456.000,1780394116 ( 1780394116),261001866.000,Oct 2026,799.000,UNPAID,2026-10-05,2026-10-14,NaN,-,-,Zone 4 Laoac east Alcala Pangasinan OK,NaN
NaN,MLAO_Lelanie_Andaya,639275922755.000,1769985744 ( 1769985744),261001867.000,Oct 2026,1,000,UNPAID,2026-10-04,2026-10-13,NaN,-,-,Zone 1 Laoac East Alcala Pangasinan,NaN
NaN,MLAO_Liezl_Diaz,639633325406.000,1747802320 ( 1747802320),261001868.000,Oct 2026,1,000,UNPAID,2026-10-21,2026-10-30,NaN,-,-,Zone 4 Laoac west alcala pangasinan,NaN
NaN,MLAO_Ligaya_Aguilar,639776409120.000,1768022006 ( 1768022006),261001869.000,Oct 2026,1,000,UNPAID,2026-10-10,2026-10-19,NaN,-,-,Sinabaan rd laoac east alcala pangasinan,NaN
NaN,MLAO_Lolita_Peregrino,639156930282.000,1774039200 ( 1774039200),261001870.000,Oct 2026,1,000,UNPAID,2026-10-21,2026-10-30,NaN,-,-,Zone 4 Lanuza Street Laoac east alcala pangasinan,NaN
NaN,MLAO_Lorelyn_Ravarra,639364137014.000,17000010 ( 1732862546),261001871.000,Oct 2026,799.000,UNPAID,2026-10-16,2026-10-25,NaN,-,-,521 Bacolor St, Laoc West Alcala Pangasinan,NaN
NaN,MLAO_Loreto_Ordonio,639604365421.000,1740555212 ( 1740555212),261001872.000,Oct 2026,700.000,UNPAID,2026-10-28,2026-11-06,NaN,-,-,Zone 2 Sinabaan Rd. Laoac East alcala pangasinan,NaN
NaN,MLAO_Lorna_Lanuza,639451738853.000,1764318987 ( 1764318987),261001873.000,Oct 2026,1,000,UNPAID,2026-10-28,2026-11-06,NaN,-,-,Zone 3 laoac east alcala pang,NaN
NaN,MLAO_lovelyn_Catungal,639310659186.000,1736576239 ( 1736576239),261001874.000,Oct 2026,1,000,UNPAID,2026-10-18,2026-10-27,NaN,-,-,Purok 7 Laoac west Alcala Pangasinan OK,NaN
NaN,MLAO_Maicah_Merrera,639774490267.000,1782346813 ( 1782346813),261001875.000,Oct 2026,799.000,UNPAID,2026-10-27,2026-11-05,NaN,-,-,Zone 1 Laoac East Alcala Pangasinan/landmark Hotspot Resto bar OK,NaN
NaN,MLAO_Maica_Palomata,639169257942.000,1769591952 ( 1769591952),261001876.000,Oct 2026,799.000,UNPAID,2026-10-28,2026-11-06,NaN,-,-,Velo st Laoac East Alcala Pangasinan,NaN
NaN,MLAO_Mara_Mateo,639530729246.000,1749112901 ( 1749112901),261001877.000,Oct 2026,799.000,UNPAID,2026-10-01,2026-10-05,NaN,-,-,180 velo st laoac Alcala Pangasinann,NaN
NaN,MLAO_Margie_Mendoza,639560672911.000,1747133526 ( 1747133526),261001878.000,Oct 2026,799.000,UNPAID,2026-10-13,2026-10-22,NaN,-,-,Zone 1 laoac east alcala pangasinan,NaN
NaN,MLAO_Marielle_Totaan,639566114104.000,1739429724 ( 1739429724),261001879.000,Oct 2026,1,000,UNPAID,2026-10-13,2026-10-22,NaN,-,-,Zone 4 lanuza st laoac east alcala pangasinan,NaN
NaN,MLAO_Marilyn_Hurtado,639084867938.000,1762313735 ( 1762313735),261001880.000,Oct 2026,1,000,UNPAID,2026-10-05,2026-10-14,NaN,-,-,Zone 3 Laoac East Alcala Pangasinan,NaN
NaN,MLAO_Marjorie_Franada,639567187483.000,17000007 ( 1732856069),261001881.000,Oct 2026,1,000,UNPAID,2026-10-26,2026-11-04,NaN,-,-,235 Zone 2 Brgy Laoc Alcala Pangasinan,NaN
NaN,MLAO_Markjayson_Vallegos,639456031324.000,1778006473 ( 1778006473),261001882.000,Oct 2026,1,000,UNPAID,2026-10-06,2026-10-15,NaN,-,-,Alcantara st Laoac East Alcala Pangasinan,NaN
NaN,MLAO_Marlyn_Totaan,639617536291.000,1736159735 ( 1736159735),261001883.000,Oct 2026,799.000,UNPAID,2026-10-06,2026-10-15,NaN,-,-,Zone 1 laoac east alcala pangasinan,NaN
NaN,MLAO_Maryann_Mendoza,639162046148.000,1770027338 ( 1770027338),261001884.000,Oct 2026,799.000,UNPAID,2026-10-03,2026-10-07,NaN,-,-,zone 1 laoac east alcala pangasinan,NaN
NaN,MLAO_MaryGrace_Andres,639955334573.000,1745983487 ( 1745983487),261001885.000,Oct 2026,1,500,UNPAID,2026-10-28,2026-11-06,NaN,-,-,ZONE 2, LAOAC EAST, ALCALA PANGASINAN,NaN
NaN,MLAO_Marygrace_Bacan,639356530281.000,1783207098 ( 1783207098),261001886.000,Oct 2026,1,000,UNPAID,2026-10-07,2026-10-16,NaN,-,-,Zone 3 Laoac East Alcala Pangasinan OK,NaN
NaN,MLAO_Maryjane_Labitag,639544432226.000,1780272950 ( 1780272950),261001887.000,Oct 2026,799.000,UNPAID,2026-10-03,2026-10-07,NaN,-,-,Velo st laoac east alcala pangasinan,NaN
NaN,MLAO_Maryjoy_Aquino,639852966075.000,1783041549 ( 1783041549),261001888.000,Oct 2026,1,000,UNPAID,2026-10-03,2026-10-07,NaN,-,-,Zone 2 Laoac East Alcala Pangasinan Ok,NaN
NaN,MLAO_Maryrose_Martinez,639292006458.000,1778981678 ( 1778981678),261001889.000,Oct 2026,1,000,UNPAID,2026-10-19,2026-10-28,NaN,-,-,Zone 1 Laoac East Alcala Pangasinan OK,NaN
NaN,MLAO_Melissa_Pacubas,639361042909.000,1774719099 ( 1774719099),261001890.000,Oct 2026,799.000,UNPAID,2026-10-01,2026-10-10,NaN,-,-,Zone 1 laoac east Alcala pangasinan,NaN
NaN,MLAO_Meljay_Carsola,639489955063.000,17000015 ( 1733203046),261001891.000,Oct 2026,1,000,UNPAID,2026-10-04,2026-10-13,NaN,-,-,EJ Frozen Foods Laoc Alcala highway,NaN
NaN,MLAO_Michael_Castillo,639605561157.000,1742193784 ( 1742193784),261001892.000,Oct 2026,1,000,UNPAID,2026-10-17,2026-10-26,NaN,-,-,Zone 2 laoac east alcala pang,NaN
NaN,MLAO_Michelle_Co,639272363622.000,1756433376 ( 1756433376),261001893.000,Oct 2026,1,000,UNPAID,2026-10-29,2026-11-07,NaN,-,-,Zone 6 laoac West Alcala pangasina,NaN
NaN,MLAO_Michelle_Pinto,639455479766.000,1773986896 ( 1773986896),261001894.000,Oct 2026,799.000,UNPAID,2026-10-20,2026-10-29,NaN,-,-,Zone 6 Laoac west alcala pangasinan,NaN
NaN,MLAO_Mirasol_Lorenzo,639475173963.000,17000001 ( 1732795148),261001895.000,Oct 2026,1,000,UNPAID,2026-10-27,2026-11-05,NaN,-,-,507 Bacolor St, Brgy Laoc Alcala Pangasinan,NaN
NaN,MLAO_Nemrod_Agbing,639384554166.000,1783980848 ( 1783980848),261001896.000,Oct 2026,1,000,UNPAID,2026-10-15,2026-10-24,NaN,-,-,Zone 4 Laoac East Alcala Pangasinan OK,NaN
NaN,MLAO_Nicole_Pejoro,639563521121.000,1759302975 ( 1759302975),261001897.000,Oct 2026,1,000,UNPAID,2026-10-11,2026-10-20,NaN,-,-,Zone 7 laoac west alcala pangasinan OK,NaN
NaN,MLAO_Nilda_Totaan,639156950473.000,1754902111 ( 1754902111),261001898.000,Oct 2026,799.000,UNPAID,2026-10-11,2026-10-20,NaN,-,-,ZONE 3 LAOAC EAST ALCALA PANGASINAN,NaN
NaN,MLAO_Noime_Lanuza,639273538407.000,1789093481 ( 1789093481),261001899.000,Oct 2026,1,000,UNPAID,2026-10-11,2026-10-15,NaN,-,-,Zone 4 Laoac East Alcala Pangasinan,NaN
NaN,MLAO_Norie_Tasani,639455548184.000,35000048 ( 1735196271),261001900.000,Oct 2026,1,000,UNPAID,2026-10-21,2026-10-30,NaN,-,-,Laoc West Alcala Pangasinan OK,NaN
NaN,MLAO_PaulJohn_Cabaluna,639552261844.000,1743748478 ( 1743748478),261001901.000,Oct 2026,1,000,UNPAID,2026-10-04,2026-10-13,NaN,-,-,Zone 6 pablo st. Laoac west Alcala pang,NaN
NaN,MLAO_Ralyn_Sevilla,639751102420.000,1738114840 ( 1738114840),261001902.000,Oct 2026,1,000,UNPAID,2026-10-28,2026-11-06,NaN,-,-,60 zone 1 laoac east alcala pangasinan,NaN
NaN,MLAO_Raquel_Andaya,63936559529.000,17000006 ( 1732855961),261001903.000,Oct 2026,1,000,UNPAID,2026-10-26,2026-11-04,NaN,-,-,#395 Zone 4 Brgy Laoc Alcala Pangasinan,NaN
NaN,MLAO_Rebecca_Papa,639351140809.000,17000005 ( 1732855415),261001904.000,Oct 2026,1,000,UNPAID,2026-10-26,2026-11-04,NaN,-,-,356 Lanusa St, Zone 9 Laoc Alcala Pangasinan,NaN
NaN,MLAO_Renato_Andres,639267006297.000,35000050 ( 1735652998),261001905.000,Oct 2026,1,000,UNPAID,2026-10-28,2026-11-06,NaN,-,-,148 Zone II Laoc East Alcala Pangasinan,NaN
NaN,MLAO_Rhenalyn_Degamo,639059204243.000,17000003 ( 1732797380),261001906.000,Oct 2026,799.000,UNPAID,2026-10-28,2026-11-06,NaN,-,-,66 Velo Laoc Alcala Pangasinan,NaN
NaN,MLAO_Rheyann_Mendoza,639065712809.000,1759817341 ( 1759817341),261001907.000,Oct 2026,1,000,UNPAID,2026-10-21,2026-10-25,NaN,-,-,Zone 1 laoac east alcala pangasinan,NaN
NaN,MLAO_Rhoda_Nabong,639857549946.000,1766828486 ( 1766828486),261001908.000,Oct 2026,1,000,UNPAID,2026-10-27,2026-11-05,NaN,-,-,Zone 1 laoac east alcala pang,NaN
NaN,MLAO_Richard_Baclig,63997108119.000,1754018094 ( 1754018094),261001909.000,Oct 2026,1,000,UNPAID,2026-10-18,2026-10-27,NaN,-,-,Zone 2 Laoac East Alcala Pangasinan,NaN
NaN,MLAO_Rizza_Lorenzo,639920474563.000,1736581996 ( 1736581996),261001910.000,Oct 2026,799.000,UNPAID,2026-10-11,2026-10-20,NaN,-,-,595 Loria ST, Laoac west alcala,NaN
NaN,MLAO_Rodinia_Pablo,639977108119.000,1747274618 ( 1747274618),261001911.000,Oct 2026,1,000,UNPAID,2026-10-15,2026-10-24,NaN,-,-,173 velo st laoac east alcala pangasinan,NaN
NaN,MLAO_Roger_Gutierrez,63916319441.000,1764917076 ( 1764917076),261001912.000,Oct 2026,1,000,UNPAID,2026-10-05,2026-10-14,NaN,-,-,Zone 6 laoac west alcala pang,NaN
NaN,MLAO_Rolando_Aquino,639456181554.000,1745293493 ( 1745293493),261001913.000,Oct 2026,1,000,UNPAID,2026-10-04,2026-10-08,NaN,-,-,Velo st zone 1 laoac east alcala pang,NaN
NaN,MLAO_Rolando_Sison,639565331683.000,1739766606 ( 1739766606),261001914.000,Oct 2026,1,000,UNPAID,2026-10-17,2026-10-26,NaN,-,-,Zone 6 laoac west pcp outpost alcala pangasinan,NaN
NaN,MLAO_Ronald_Manuel,639668240423.000,1741247660 ( 1741247660),261001915.000,Oct 2026,1,500,UNPAID,2026-10-04,2026-10-13,NaN,-,-,Lanuza st zone 3 laoac east alcala pangasinan,NaN
NaN,MLAO_Rosalina_Velasco,6394551900779.000,1747797954 ( 1747797954),261001916.000,Oct 2026,700.000,UNPAID,2026-10-21,2026-10-30,NaN,-,-,Zone 2 velo st alcala pangasinan,NaN
NaN,MLAO_RoseMarie_Velo,639123198634.000,1752734313 ( 1752734313),261001917.000,Oct 2026,799.000,UNPAID,2026-10-17,2026-10-26,NaN,-,-,Zone 1 laoac east alcala pangasinan ALC LCP4 NP8 P6 JOHAN / MIHCAEL,NaN
NaN,MLAO_Rose_Bautista,639977182605.000,1779922906 ( 1779922906),261001918.000,Oct 2026,799.000,UNPAID,2026-10-28,2026-11-06,NaN,-,-,Lanuza st Laoac east Alcala pangasinan,NaN
NaN,MLAO_Sanny_Totaan,63974294002.000,1749001671 ( 1749001671),261001919.000,Oct 2026,1,000,UNPAID,2026-10-04,2026-10-13,NaN,-,-,Zone 4 sinabaan rd laoac east alcala pangasinan,NaN
NaN,MLAO_Severino_Mendoza,639662670330.000,1776120234 ( 1776120234),261001920.000,Oct 2026,1,500,UNPAID,2026-10-14,2026-10-23,NaN,-,-,Zone 1 looac East Alcala Pangasinan,NaN
NaN,MLAO_Shaina_Cayabyab,639266369180.000,1755221599 ( 1755221599),261001921.000,Oct 2026,1,000,UNPAID,2026-10-15,2026-10-24,NaN,-,-,Zone 6 Laoac east alcala pangasinan lcp 3 nap 7 port 3 marbe/bartolo,NaN
NaN,MLAO_Takz_Tomita,639661586082.000,1771632653 ( 1771632653),261001922.000,Oct 2026,799.000,UNPAID,2026-10-26,2026-11-04,NaN,-,-,Zone 4 laoac east alcala pangasinan,NaN
NaN,MLAO_Thelma_Lanuza,63966820250.000,1743754146 ( 1743754146),261001923.000,Oct 2026,1,000,UNPAID,2026-10-04,2026-10-13,NaN,-,-,Lanuza st laoac east alcala pang,NaN
NaN,MLAO_Vannesa_Pablo,639454830427.000,1741138842 ( 1741138842),261001924.000,Oct 2026,1,000,UNPAID,2026-10-05,2026-10-14,NaN,-,-,Purok 1 ferrer st laoac east alcala pangasinan,NaN
NaN,MLAO_Venus_Gallego,639674283490.000,1769986672 ( 1769986672),261001925.000,Oct 2026,799.000,UNPAID,2026-10-03,2026-10-12,NaN,-,-,Zone 5 laoac west alcala pangasinan,NaN
NaN,MLAO_Verlita_Gomez,639064650820.000,1776469352 ( 1776469352),261001926.000,Oct 2026,1,000,UNPAID,2026-10-23,2026-11-01,NaN,-,-,Zone 1 Laoac East Alcala Pangasinan,NaN
NaN,MLAO_Warlito_Ordonio,63964365421.000,35000121 ( 1742376629),261001927.000,Oct 2026,800.000,UNPAID,2026-10-28,2026-11-06,NaN,-,-,zone 2 pablo st laoac east alcala pang,NaN
NaN,MNN_Aeron_Bautista,639939424522.000,1750317807 ( 1750317807),261001928.000,Oct 2026,1,000,UNPAID,2026-10-21,2026-10-30,NaN,-,-,Zone 2 primicias bautista Pangasinan,NaN
NaN,MNN_Arrah_Brillante,639516767386.000,1747620226 ( 1747620226),261001929.000,Oct 2026,1,500,UNPAID,2026-10-19,2026-10-28,NaN,-,-,Purok 7 nibaliw Norte bayambang Pangasinan,NaN
NaN,MNN_Christian_Didong,639920270624.000,1743732193 ( 1743732193),261001930.000,Oct 2026,799.000,UNPAID,2026-10-04,2026-10-13,NaN,-,-,Nibaliw norte bautista pangasinan,NaN
NaN,MNN_Darlene_Carbonell,639562719723.000,1756205639 ( 1756205639),261001931.000,Oct 2026,799.000,UNPAID,2026-10-26,2026-11-04,NaN,-,-,Zone 3 primicias bautista pangasinan,NaN
NaN,MNN_Fernando_Justo,639919228534.000,1751352837 ( 1751352837),261001932.000,Oct 2026,1,000,UNPAID,2026-10-01,2026-10-10,NaN,-,-,Zonen 2 villanueva bautista pangasinan Near INC ALC LCP10NP7P1 johan michael,NaN
NaN,MNN_Jufemyr_Justo,639919228539.000,1753163312 ( 1753163312),261001933.000,Oct 2026,800.000,UNPAID,2026-10-23,2026-11-01,NaN,-,-,Zamora st villanueva bautista pangasinan PORT 1 Daniel Lee June V,NaN
NaN,MNN_RoseMarie_Castillo,639550805857.000,1750742470 ( 1750742470),261001934.000,Oct 2026,700.000,UNPAID,2026-10-26,2026-11-04,NaN,-,-,Zone 2 Primicias Bautista Pangasinan,NaN
NaN,MPA_Christian_DelosReyes,639123456789.000,230214104519 ( 230214104519),261001935.000,Oct 2026,1,500,UNPAID,2026-10-08,2026-10-15,NaN,-,-,Brgy Pangdel Bayambang Pangasinan OK,NaN
NaN,MPA_Marlyn_Kan,639123456789.000,230214104516 ( 230214104516),261001936.000,Oct 2026,1,000,UNPAID,2026-10-15,2026-10-22,NaN,-,-,Brgy Pangdel Bayambang Pangasinan,NaN
NaN,MPA_Virginia_Abalos,639487338787.000,4900008 ( 4900008),261001937.000,Oct 2026,1,000,UNPAID,2026-10-27,2026-10-31,NaN,-,-,#270 Brgy Pangdel Bayambang Pangasinan OK,NaN
NaN,MPE_Ajie_Custodio,639159729513.000,1740364193 ( 1740364193),261001938.000,Oct 2026,1,500,UNPAID,2026-10-05,2026-10-09,NaN,-,-,Zone 1 merrit st. Poblacion east alcala pangasinan,NaN
NaN,MPE_Alcala_Pnp,639505318103.000,1760603955 ( 1760603955),261001939.000,Oct 2026,799.000,UNPAID,2026-10-16,2026-10-25,NaN,-,-,Alcala police station,NaN
NaN,MPE_Amado_Fuselero,639705878329.000,1758956296 ( 1758956296),261001940.000,Oct 2026,1,000,UNPAID,2026-10-27,2026-11-05,NaN,-,-,Zone 5 pob east alcala pangasinan,NaN
NaN,MPE_Analyn_Agbing,63992502395.000,35000084 ( 1736230282),261001941.000,Oct 2026,1,000,UNPAID,2026-10-09,2026-10-18,NaN,-,-,P Sison Rd Pob East Alcala Pangasinan,NaN
NaN,MPE_Analyn_Buenaobra,639941745125.000,1758693223 ( 1758693223),261001942.000,Oct 2026,1,000,UNPAID,2026-10-25,2026-11-03,NaN,-,-,Zone 6 pob east alcala pangasinna,NaN
NaN,MPE_Apple_Deguzman,639381207374.000,1757663040 ( 1757663040),261001943.000,Oct 2026,799.000,UNPAID,2026-10-17,2026-10-26,NaN,-,-,Zone 5 Pob.east alcala pangasinan,NaN
NaN,MPE_Artemio_Cabreros,639707774099.000,35000029 ( 1732872903),261001944.000,Oct 2026,799.000,UNPAID,2026-10-16,2026-10-25,NaN,-,-,162 P. Sison Pob East Alcala Pangasinan,NaN
NaN,MPE_Bong_Lagula,639615426797.000,1770594833 ( 1770594833),261001945.000,Oct 2026,1,000,UNPAID,2026-10-09,2026-10-18,NaN,-,-,Merit st poblacion east alcala pangasinan,NaN
NaN,MPE_Brenda_Feliciano,639498892908.000,1738727502 ( 1738727502),261001946.000,Oct 2026,799.000,UNPAID,2026-10-18,2026-10-27,NaN,-,-,Alcala public Market Poob east Stall no. 2,NaN
NaN,MPE_Carmela_Pobre,63995503341.000,1748313019 ( 1748313019),261001947.000,Oct 2026,1,000,UNPAID,2026-10-27,2026-11-05,NaN,-,-,Zone 2 Pob.east alcala pangasinan,NaN
NaN,MPE_Cathriel_David,639924097904.000,1765259262 ( 1765259262),261001948.000,Oct 2026,799.000,UNPAID,2026-10-09,2026-10-18,NaN,-,-,Zone 4 pob east alcala pang,NaN
NaN,MPE_Charlene_Soriano,639454227582.000,35000014 ( 1732858914),261001949.000,Oct 2026,800.000,UNPAID,2026-10-21,2026-10-30,NaN,-,-,220 Funston St, Poblacion East Alcala Pangasinan,NaN
NaN,MPE_Conrado_Valdez,639123456789.000,35000034 ( 1732931563),261001950.000,Oct 2026,1,000,UNPAID,2026-10-28,2026-11-06,NaN,-,-,153 Primicias St, Pob East, Alcala Pangasinan,NaN
NaN,MPE_Corazon_Casicas,639451027138.000,1759376902 ( 1759376902),261001951.000,Oct 2026,1,000,UNPAID,2026-10-02,2026-10-11,NaN,-,-,Funston st poblacion east alcala pang,NaN
NaN,MPE_Deityjoy_Dulay,639053610887.000,35000025 ( 1732871458),261001952.000,Oct 2026,799.000,UNPAID,2026-10-18,2026-10-27,NaN,-,-,283 Funston St, Pob West Alcala Pangasinan,NaN
NaN,MPE_Dennis_Cabanilla,639100192323.000,1760506926 ( 1760506926),261001953.000,Oct 2026,799.000,UNPAID,2026-10-15,2026-10-24,NaN,-,-,Soriano st Poblacion east alcala pangasinan OK,NaN
NaN,MPE_Edith_Cabatic,639079501204.000,1752808308 ( 1752808308),261001954.000,Oct 2026,1,000,UNPAID,2026-10-18,2026-10-27,NaN,-,-,Zone 6 pob east Alcala pangasinan PORT 13 JOHAN / MICHAEL,NaN
NaN,MPE_Elvira_Liberato,639095217142.000,1747277653 ( 1747277653),261001955.000,Oct 2026,800.000,UNPAID,2026-10-15,2026-10-24,NaN,-,-,148 Soriano st pob east alcala pangasinan 15.845090, 120.523456,NaN
NaN,MPE_Emmanuel_Barizo,639217071385.000,1736063164 ( 1736063164),261001956.000,Oct 2026,799.000,UNPAID,2026-10-05,2026-10-14,NaN,-,-,221 fonstons st poblacion east alcala pangasinan,NaN
NaN,MPE_Evelyn_Hutalla,639308965864.000,1757407705 ( 1757407705),261001957.000,Oct 2026,1,000,UNPAID,2026-10-09,2026-10-18,NaN,-,-,Zone 5 poblacion east alcala pangasinan,NaN
NaN,MPE_Evelyn_Inigo,639984247921.000,1776731262 ( 1776731262),261001958.000,Oct 2026,1,000,UNPAID,2026-10-21,2026-10-30,NaN,-,-,soriano st poblacion east alcala pangasinan OK,NaN
NaN,MPE_Filomeno_Deguzman2,639667016598.000,1744267947 ( 1744267947),261001959.000,Oct 2026,1,000,UNPAID,2026-10-10,2026-10-19,NaN,-,-,234 Gunston st Poblacion east Alcala Pangasinann,NaN
NaN,MPE_Flora_Custodio,639100188099.000,1748310815 ( 1748310815),261001960.000,Oct 2026,799.000,UNPAID,2026-10-27,2026-11-05,NaN,-,-,Zone 1 pob. East alcala pangasinan,NaN
NaN,MPE_Gerald_Robiso,639485376399.000,1768258753 ( 1768258753),261001961.000,Oct 2026,799.000,UNPAID,2026-10-13,2026-10-22,NaN,-,-,Zone 1 Poblacion East Alcala Pangasinan,NaN
NaN,MPE_Gereberto_Cayaban,639129401535.000,1738311558 ( 1738311558),261001962.000,Oct 2026,1,000,UNPAID,2026-10-28,2026-11-06,NaN,-,-,Pob east alcala public market,NaN
NaN,MPE_Gina_Camacho,639814518626.000,1740120182 ( 1740120182),261001963.000,Oct 2026,799.000,UNPAID,2026-10-01,2026-10-05,NaN,-,-,Zone 5 Sison St. Poblacion East Alcala Pangasinan,NaN
NaN,MPE_Gwyneth_Diaz,639693453297.000,1788853944 ( 1788853944),261001964.000,Oct 2026,1,000,UNPAID,2026-10-08,2026-10-12,NaN,-,-,New Public Market, Poblacion East Alcala Pangasinan,NaN
NaN,MPE_HenryJones_Calvero,639455479697.000,1778456551 ( 1778456551),261001965.000,Oct 2026,1,000,UNPAID,2026-10-11,2026-10-20,NaN,-,-,Zone 4 Poblacion East Alcala Pangasinan,NaN
NaN,MPE_Hommer_Almuete,639338168382.000,1759892149 ( 1759892149),261001966.000,Oct 2026,1,500,UNPAID,2026-10-08,2026-10-17,NaN,-,-,Zone 1 Poblacion East Alcala Pangasinan,NaN
NaN,MPE_Israel_Libed,639062127390.000,1768340663 ( 1768340663),261001967.000,Oct 2026,799.000,UNPAID,2026-10-14,2026-10-23,NaN,-,-,Zone 3 Poblacion East Alcala Pangasinan,NaN
NaN,MPE_Jennefer_Cabreros,639922538212.000,1756867604 ( 1756867604),261001968.000,Oct 2026,799.000,UNPAID,2026-10-03,2026-10-12,NaN,-,-,Zone 4 Pob east alcala pangasinan,NaN
NaN,MPE_Jessica_Gasmen,639472875909.000,1780558096 ( 1780558096),261001969.000,Oct 2026,799.000,UNPAID,2026-10-06,2026-10-15,NaN,-,-,Primicias st Poblacion East Alcala Pangasinan,NaN
NaN,MPE_JohnPaul_Prudento,639063978848.000,1736841460 ( 1736841460),261001970.000,Oct 2026,799.000,UNPAID,2026-10-14,2026-10-23,NaN,-,-,Stall no. A-7 Public Market alcala,NaN
NaN,MPE_John_Bautista,639997089249.000,1738728751 ( 1738728751),261001971.000,Oct 2026,1,000,UNPAID,2026-10-20,2026-10-24,NaN,-,-,Alcala public market stall no. 3,NaN
NaN,MPE_John_Christian_DeGracia,639639981248.000,35000053 ( 1735653308),261001972.000,Oct 2026,799.000,UNPAID,2026-10-28,2026-11-06,NaN,-,-,Funston ST, Pob East, Alcala Pangasinan,NaN
NaN,MPE_Jomar_Cabatic,639958828080.000,1735974313 ( 1735974313),261001973.000,Oct 2026,799.000,UNPAID,2026-10-04,2026-10-13,NaN,-,-,Funsnton street zone 6 pob east,NaN
NaN,MPE_Karl_Cabrales,639563606907.000,1759127838 ( 1759127838),261001974.000,Oct 2026,799.000,UNPAID,2026-10-29,2026-11-07,NaN,-,-,Zone 1 Poblacion East alcala pangasinan,NaN
NaN,MPE_Kate_Gatchalian,639922058669.000,35000043 ( 1734316732),261001975.000,Oct 2026,799.000,UNPAID,2026-10-03,2026-10-12,NaN,-,-,79 Merit ST, Pob East Alcala Pangasinan,NaN
NaN,MPE_Kimberly_Tabora,639072229373.000,1737941662 ( 1737941662),261001976.000,Oct 2026,799.000,UNPAID,2026-10-27,2026-11-05,NaN,-,-,129 p.Sison St. zone 5 Pob. East alcala pangasinan,NaN
NaN,MPE_Kim_Arce,6396922432.000,35000017 ( 1732863532),261001977.000,Oct 2026,1,500,UNPAID,2026-10-16,2026-10-25,NaN,-,-,Zone 4 Pob East Alcala PAngasinan,NaN
NaN,MPE_Leah_Devera,63977580353.000,1758254710 ( 1758254710),261001978.000,Oct 2026,1,000,UNPAID,2026-10-19,2026-10-28,NaN,-,-,Zone 5 poblacion east alcala pangasinan,NaN
NaN,MPE_Leggie_Laureta,639462605377.000,1788678666 ( 1788678666),261001979.000,Oct 2026,799.000,UNPAID,2026-10-06,2026-10-10,NaN,-,-,P Sison st Poblacion East alcala pangasinan,NaN
NaN,MPE_Liezle_Bagayan,639453715800.000,1737170762 ( 1737170762),261001980.000,Oct 2026,799.000,UNPAID,2026-10-18,2026-10-27,NaN,-,-,Zone 6 funston st poblacion east alcala pangasinan OK,NaN
NaN,MPE_Lorna_Acosta,639055068095.000,1759134887 ( 1759134887),261001981.000,Oct 2026,1,000,UNPAID,2026-10-29,2026-11-07,NaN,-,-,Zone 1 poblacion east Alcala Pangasinan,NaN
NaN,MPE_Lorna_DelosSantos,639667350226.000,1772958223 ( 1772958223),261001982.000,Oct 2026,1,000,UNPAID,2026-10-08,2026-10-17,NaN,-,-,Rizal avenue st Pob east Alcala Pangasinan,NaN
NaN,MPE_LourdezKate_Espiritu,639707239070.000,1737788731 ( 1737788731),261001983.000,Oct 2026,1,000,UNPAID,2026-10-18,2026-10-22,NaN,-,-,16 merit st. Pob. East alcala pangasinan,NaN
NaN,MPE_Mae_Deguzman,639124573796.000,1753684453 ( 1753684453),261001984.000,Oct 2026,1,000,UNPAID,2026-10-28,2026-11-06,NaN,-,-,ARBOLEDA ST POBLACION EAST ALC PNG,NaN
NaN,MPE_Magdalena_Castillo,639707155933.000,1750301580 ( 1750301580),261001985.000,Oct 2026,1,000,UNPAID,2026-10-19,2026-10-28,NaN,-,-,Funston st Pob east alcala pangasinan,NaN
NaN,MPE_Marilyn_Casiguran,639502446953.000,1750130429 ( 1750130429),261001986.000,Oct 2026,1,500,UNPAID,2026-10-17,2026-10-26,NaN,-,-,Castañeda St Poblacion East Alcala pangasinan,NaN
NaN,MPE_Marina_Fernandez,639514387147.000,1739263448 ( 1739263448),261001987.000,Oct 2026,1,000,UNPAID,2026-10-11,2026-10-20,NaN,-,-,ZONE 6 FUNSTONS ST. POBLACION EAST ALCALA PANGASINAN,NaN
NaN,MPE_Marjorie_Bagayan,639062271240.000,1768021878 ( 1768021878),261001988.000,Oct 2026,799.000,UNPAID,2026-10-10,2026-10-19,NaN,-,-,P sison st Pob east Alcala Pangasinan,NaN