NaN,Name,Phone,Account No,Invoice No,Period,Total,Status,Due Date,Isolir Date,Date Payment,Payment Method,Reference,Address,Action
NaN,XHE_Agnes_Garcia,639776187984.000,2900050 ( 2900050),261003962.000,Oct 2026,1,000,UNPAID,2026-10-11,2026-10-18,NaN,-,-,Purok 4 Hermoza Bayambang,NaN
NaN,XHE_Alfredo_Giron,639075825330.000,2900024 ( 2900024),261003963.000,Oct 2026,1,000,UNPAID,2026-10-24,2026-10-31,NaN,-,-,Hermoza Bayambang Pangasinan,NaN
NaN,XHE_Anabelle_Custodio,639387684752.000,1755929059 ( 1755929059),261003964.000,Oct 2026,1,000,UNPAID,2026-10-23,2026-10-27,NaN,-,-,Purok 1 Hermoza Bayambang Pangasinan Port11 Tech: Daniel/June,NaN
NaN,XHE_Anirita_Morata,639388120394.000,2900034 ( 2900034),261003965.000,Oct 2026,1,000,UNPAID,2026-10-26,2026-10-30,NaN,-,-,Purok 1 Brgy Hermoza Bayambang Pangasinan,NaN
NaN,XHE_Anita_Deguzman,639071554541.000,2900029 ( 2900029),261003966.000,Oct 2026,1,000,UNPAID,2026-10-15,2026-10-19,NaN,-,-,Brgy Hermoza Bayambang Pangasinan,NaN
NaN,XHE_Ashley_Magtanong,639462948496.000,1781087001 ( 1781087001),261003967.000,Oct 2026,1,000,UNPAID,2026-10-11,2026-10-15,NaN,-,-,Purok 2 Hermoza,Bayambang,Pangasinan,NaN
NaN,XHE_Babyrose_Frias,639972379995.000,2900054 ( 1707548235),261003968.000,Oct 2026,1,000,UNPAID,2026-10-16,2026-10-20,NaN,-,-,Purok 1 Hermoza Bayambang OK,NaN
NaN,XHE_Carmela_Sabado,639090305611.000,230211176016 ( 230211176016),261003969.000,Oct 2026,1,000,UNPAID,2026-10-25,2026-10-29,NaN,-,-,Brgy Hermosa Bayambang Pangasinan,NaN
NaN,XHE_DonnaMae_Pahaganas,639387764971.000,1777703528 ( 1777703528),261003970.000,Oct 2026,1,000,UNPAID,2026-10-02,2026-10-06,NaN,-,-,Purok 1. Hermoza Bayambang Pangasinan OK,NaN
NaN,XHE_Eden_Camorongan,639666611726.000,1777683157 ( 1777683157),261003971.000,Oct 2026,1,000,UNPAID,2026-10-03,2026-10-07,NaN,-,-,Brgy. Hermoza Bayambang Pangasinan sa likod ng Plaza,NaN
NaN,XHE_Edna_Mejia,639979356224.000,230203152431 ( 230203152431),261003972.000,Oct 2026,1,000,UNPAID,2026-10-05,2026-10-09,NaN,-,-,Hermosa Bayambang Pangasinan,NaN
NaN,XHE_Emilio_Opina,639493141882.000,1759300645 ( 1759300645),261003973.000,Oct 2026,1,000,UNPAID,2026-10-01,2026-10-05,NaN,-,-,#130 Purok 2 Hermoza Bayambang Pangasinan,NaN
NaN,XHE_Evangeline_Basina,639496067874.000,2900051 ( 2900051),261003974.000,Oct 2026,1,000,UNPAID,2026-10-11,2026-10-15,NaN,-,-,PUROK 4 HERMOZA BYB PNG OK,NaN
NaN,XHE_Gludilla_Gascon,639667709822.000,230211155807 ( 230211155807),261003975.000,Oct 2026,1,000,UNPAID,2026-10-14,2026-10-18,NaN,-,-,330 Purok 4 hermoza Bayambang Pangasinan,NaN
NaN,XHE_Gossie_Prado,639915839274.000,2900011 ( 2900011),261003976.000,Oct 2026,1,000,UNPAID,2026-10-19,2026-10-23,NaN,-,-,Sitio Jimenez Brgy Hermoza Bayambang Pangasinan OK,NaN
NaN,XHE_Grace_Quitalig,639164044481.000,1738832806 ( 1738832806),261003977.000,Oct 2026,1,000,UNPAID,2026-10-06,2026-10-10,NaN,-,-,528 Purok 5 SITIO Jimenez Hermoza Bayambang Pangasinan,NaN
NaN,XHE_Hazel_Abalos,639070990887.000,1776754234 ( 1776754234),261003978.000,Oct 2026,799.000,UNPAID,2026-10-27,2026-10-31,NaN,-,-,Purok 3 Hermoza, Bayambang Pangasinan,NaN
NaN,XHE_Helen_Oloa,639287436956.000,2900043 ( 2900043),261003979.000,Oct 2026,1,000,UNPAID,2026-10-28,2026-11-01,NaN,-,-,Purok 4 Hermoza Bayambang Pangasinan,NaN
NaN,XHE_Jay_Catalan,639096406587.000,2900028 ( 2900028),261003980.000,Oct 2026,1,000,UNPAID,2026-10-18,2026-10-22,NaN,-,-,110 Purok 2, Brgy Hermoza Bayambang Pangasinan,NaN
NaN,XHE_Jean_Garcia,639166413714.000,1759381462 ( 1759381462),261003981.000,Oct 2026,1,000,UNPAID,2026-10-02,2026-10-06,NaN,-,-,495 purok 5 Hermoza Bayambang Pangasinan,NaN
NaN,XHE_Jelinda_Astorga,639126427723.000,2900030 ( 2900030),261003982.000,Oct 2026,1,000,UNPAID,2026-10-16,2026-10-22,NaN,-,-,Purok 5 Brgy Hermoza Bayambang Pangasinan,NaN
NaN,XHE_Jeryboy_Jimenez,639489726240.000,2900074 ( 1724134930),261003983.000,Oct 2026,799.000,UNPAID,2026-10-02,2026-10-06,NaN,-,-,Hermosa Bayambang Pangasinan,NaN
NaN,XHE_Jocelyn_Mejia,639919737414.000,2900055 ( 1709218301),261003984.000,Oct 2026,1,000,UNPAID,2026-10-08,2026-10-12,NaN,-,-,Purok 5 Hermoza Bayambang OK,NaN
NaN,XHE_Joy_Abalos,639197697837.000,2900017 ( 2900017),261003985.000,Oct 2026,1,000,UNPAID,2026-10-21,2026-10-25,NaN,-,-,Purok 5 Brgy Hermoza Bayambang Pangasinan,NaN
NaN,XHE_Julius_Elgin,639480664313.000,1759212025 ( 1759212025),261003986.000,Oct 2026,1,500,UNPAID,2026-10-28,2026-11-03,NaN,-,-,Purok 5 hermoza .b.bang Pangasinan OK,NaN
NaN,XHE_Kristine_Magtanong,639125574988.000,2900056 ( 1709219539),261003987.000,Oct 2026,1,000,UNPAID,2026-10-13,2026-10-17,NaN,-,-,Purok 2 Hermoza Bayambang Pangasinan,NaN
NaN,XHE_Lemuel_Joson,639276804576.000,1757304300 ( 1757304300),261003988.000,Oct 2026,1,000,UNPAID,2026-10-08,2026-10-12,NaN,-,-,Purok 1, Hermoza Bayambang Pangasinan,NaN
NaN,XHE_Lenny_Sabado,639100885531.000,2900045 ( 2900045),261003989.000,Oct 2026,1,000,UNPAID,2026-10-13,2026-10-17,NaN,-,-,Purok 1 Dike Hermosa Bayambang Pangasina,NaN
NaN,XHE_Lorein_Evangelista,639354972629.000,1760070903 ( 1760070903),261003990.000,Oct 2026,1,000,UNPAID,2026-10-10,2026-10-14,NaN,-,-,Hermoza purok 4 bayambang panggasinan,NaN
NaN,XHE_Lovelyjoy_Menes,639943901914.000,2900067 ( 1720147263),261003991.000,Oct 2026,1,000,UNPAID,2026-10-04,2026-10-08,NaN,-,-,Purok 4 Brgy.Hermoza Bayambang Pangasinan,NaN
NaN,XHE_Lovely_Sabangan,639635154733.000,2900083 ( 1736325795),261003992.000,Oct 2026,1,000,UNPAID,2026-10-28,2026-11-08,NaN,-,-,451 Purok 5 Hermoza Bayambang Pangasinan,NaN
NaN,XHE_Lykamae_Valdez,639667636826.000,1753775147 ( 1753775147),261003993.000,Oct 2026,1,000,UNPAID,2026-10-28,2026-11-02,NaN,-,-,PUROK 1 HERMOZA BYB PNG,NaN
NaN,XHE_Madelyn_Abella,639552255764.000,2900053 ( 1703118449),261003994.000,Oct 2026,1,000,UNPAID,2026-10-18,2026-10-22,NaN,-,-,Purok 1 Hermoza Bayambang,NaN
NaN,XHE_Margie_Padua,639070159992.000,1757478636 ( 1757478636),261003995.000,Oct 2026,1,000,UNPAID,2026-10-17,2026-10-20,NaN,-,-,Purok 2 Hermoza Bayambang Pangasinan,NaN
NaN,XHE_Marianina_Deguzman,639474992986.000,1748490074 ( 1748490074),261003996.000,Oct 2026,1,000,UNPAID,2026-10-02,2026-10-06,NaN,-,-,Purok 1 Hermoza Deki Bayambang Pangasinan,NaN
NaN,XHE_Marites_Giron,639517173445.000,2900026 ( 2900026),261003997.000,Oct 2026,1,000,UNPAID,2026-10-16,2026-10-20,NaN,-,-,301 Purok 4 Brgy Hermoza Bayambang Pangasinan OK,NaN
NaN,XHE_Markchristian_Flores,639674903043.000,1764397567 ( 1764397567),261003998.000,Oct 2026,1,000,UNPAID,2026-10-29,2026-11-02,NaN,-,-,purok 1, Hermoza,NaN
NaN,XHE_Maryden_Camorongan,639951289310.000,2900018 ( 2900018),261003999.000,Oct 2026,1,000,UNPAID,2026-10-17,2026-10-24,NaN,-,-,Purok 2 Brgy Hermosa Bayambang Pangasinan,NaN
NaN,XHE_Marygrace_Garcia,639537014024.000,2900069 ( 1720503393),261004000.000,Oct 2026,1,000,UNPAID,2026-10-28,2026-11-03,NaN,-,-,Purok 5 Hermoza Bayambang Pangasinan,NaN
NaN,XHE_Mary_Grace_Aquino,639519447423.000,2900084 ( 1740714596),261004001.000,Oct 2026,1,000,UNPAID,2026-10-04,2026-10-08,NaN,-,-,PUROK 5 HERMOZA BAYAMBANG PANGASINAN,NaN
NaN,XHE_Matt_Ramos,639485478505.000,2900047 ( 2900047),261004002.000,Oct 2026,1,000,UNPAID,2026-10-05,2026-10-12,NaN,-,-,124 Purok 2 Hermoza Bayambang Pangasina,NaN
NaN,XHE_Melinda_Sabado,639466412049.000,2900079 ( 1730385239),261004003.000,Oct 2026,1,000,UNPAID,2026-10-22,2026-10-26,NaN,-,-,Purok 5 Brgy Hermoza Bayambang Pangasinan,NaN
NaN,XHE_Merlinda_Frias,639123768467.000,1786770091 ( 1786770091),261004004.000,Oct 2026,799.000,UNPAID,2026-10-19,2026-10-23,NaN,-,-,Purok 5, Hermoza, B'bang., Pangasinan,NaN
NaN,XHE_Miguelito_Abalos,639653953443.000,2900015 ( 2900015),261004005.000,Oct 2026,1,000,UNPAID,2026-10-09,2026-10-13,NaN,-,-,Purok 3 Brgy Hermosa Bayambang Pangasinan,NaN
NaN,XHE_Myrla_Dacanay,639662668442.000,1752464265 ( 1752464265),261004006.000,Oct 2026,1,000,UNPAID,2026-10-09,2026-10-13,NaN,-,-,Purok 5, Hermoza Bayambang Pangasinan Philippines OK,NaN
NaN,XHE_Nikkicharlote_Munus,639810148913.000,2900037 ( 2900037),261004007.000,Oct 2026,1,000,UNPAID,2026-10-04,2026-10-08,NaN,-,-,Brgy Hermoza Bayambang Pangasinan OK,NaN
NaN,XHE_Obar_Ercilla,639303470518.000,2900058 ( 1709245964),261004008.000,Oct 2026,1,000,UNPAID,2026-10-28,2026-11-08,NaN,-,-,Purok 5 Sitio Jimenez Hermoza,NaN
NaN,XHE_Relealyn_Aguilar,639092715530.000,2900038 ( 2900038),261004009.000,Oct 2026,1,000,UNPAID,2026-10-04,2026-10-08,NaN,-,-,Purok 4 Brgy Hermoza Bayambang Pangasinan,NaN
NaN,XHE_Remirose_Gascon,639317132651.000,230211155605 ( 230211155605),261004010.000,Oct 2026,1,000,UNPAID,2026-10-01,2026-10-05,NaN,-,-,Purok 4 Hermoza Bayambang Pangasinan,NaN
NaN,XHE_Rhoda_Devera,639630070924.000,1749282632 ( 1749282632),261004011.000,Oct 2026,1,000,UNPAID,2026-10-22,2026-10-26,NaN,-,-,Purok 2, Hermoza, Bayambang, Pangasinan,NaN
NaN,XHE_Ritchard_Bondoc,639499346663.000,2900035 ( 2900035),261004012.000,Oct 2026,1,000,UNPAID,2026-10-28,2026-11-01,NaN,-,-,Purok 3 Brgy Hermoza Bayambang Pangasinan,NaN
NaN,XHE_Robert_Basina,639092328129.000,1775702292 ( 1775702292),261004013.000,Oct 2026,1,000,UNPAID,2026-10-10,2026-10-14,NaN,-,-,Purok 5 sitio Jimenez Hermoza Bayambang Pangasinan,NaN
NaN,XHE_Rommel_Castillo,639102637567.000,2900077 ( 1726581767),261004014.000,Oct 2026,1,000,UNPAID,2026-10-13,2026-10-17,NaN,-,-,Sitio Jimenez Purok 5 Brgy Hermosa Bayambang Pangasinan,NaN
NaN,XHE_Russel_Reyes,639664000595.000,2900036 ( 2900036),261004015.000,Oct 2026,1,000,UNPAID,2026-10-28,2026-11-03,NaN,-,-,430 Purok 5 deki Brgy Hermoza Bayambang Pangasinan,NaN
NaN,XHE_Ryan_Jimenez,639857534575.000,1784348880 ( 1784348880),261004016.000,Oct 2026,799.000,UNPAID,2026-10-18,2026-10-22,NaN,-,-,Purok 5 Sitio jimenez hermoza bayambang Pangasinan OK,NaN
NaN,XHE_Teody_Cuevas,639858028719.000,1770341302 ( 1770341302),261004017.000,Oct 2026,1,000,UNPAID,2026-10-15,2026-10-19,NaN,-,-,Purok 4 Hermosa Bayambang, Pang.,NaN
NaN,XHE_Vic_Pastoral,639956328841.000,3000009 ( 3000009),261004018.000,Oct 2026,1,000,UNPAID,2026-10-24,2026-10-28,NaN,-,-,Sitio Jimenez Brgy Idong Bayambang Pangasinan,NaN
NaN,XHE_Vilma_Sabangan,639087671122.000,2900061 ( 1712382032),261004019.000,Oct 2026,1,000,UNPAID,2026-10-13,2026-10-17,NaN,-,-,Purok 2 Hermoza Bayambang,NaN
NaN,XHE_Willy_Oloa,639331751733.000,1764903137 ( 1764903137),261004020.000,Oct 2026,1,000,UNPAID,2026-10-05,2026-10-09,NaN,-,-,Purok 5 jeminez, Hermosa, Bayambang, Pangasinan,NaN
NaN,XID_Angelique_Balansay,639685116585.000,3000030 ( 1727446091),261004021.000,Oct 2026,1,000,UNPAID,2026-10-03,2026-10-11,NaN,-,-,Purok 2 Brgy Idong Bayambang Pangasinan OK,NaN
NaN,XID_Arlene_Valenzuela,639695796346.000,230221183039 ( 230221183039),261004022.000,Oct 2026,1,000,UNPAID,2026-10-22,2026-10-26,NaN,-,-,Brgy Idong Bayambang Pangasinan,NaN
NaN,XID_Beverly_Agcaoili,639302889767.000,1736393823 ( 1736393823),261004023.000,Oct 2026,1,000,UNPAID,2026-10-17,2026-10-21,NaN,-,-,Purok 3 Brgy.Bayambang Pangasinan,NaN
NaN,XID_Bryan_Brual,639941521752.000,1784452212 ( 1784452212),261004024.000,Oct 2026,1,000,UNPAID,2026-10-21,2026-10-25,NaN,-,-,Purok 2 Barangay Idong, Bayambang Pangasinan OK,NaN
NaN,XID_Camel_Mandapat,639668433799.000,230211176006 ( 230211176006),261004025.000,Oct 2026,1,000,UNPAID,2026-10-20,2026-10-24,NaN,-,-,Brgy Idong Bayambang Pangasinan,NaN
NaN,XID_CausandraNicole_Tolibas,639859878598.000,1786930858 ( 1786930858),261004026.000,Oct 2026,1,000,UNPAID,2026-10-20,2026-10-24,NaN,-,-,Idong Bayambang Pangasinan OK,NaN
NaN,XID_Christian_Martinez,639455296097.000,3000015 ( 1707285806),261004027.000,Oct 2026,1,000,UNPAID,2026-10-24,2026-10-28,NaN,-,-,Purok 2 Idong Bayambang,NaN
NaN,XID_Ervin_Pacay,639683909047.000,1767775408 ( 1767775408),261004028.000,Oct 2026,799.000,UNPAID,2026-10-13,2026-10-17,NaN,-,-,Purok 1 Brgy Idong Bayambang Pangasinan,NaN
NaN,XID_Evelyn_Sabangan,639605566609.000,230211152056 ( 230211152056),261004029.000,Oct 2026,1,000,UNPAID,2026-10-18,2026-10-25,NaN,-,-,Purok 2 Idong Bayambang PAngasinan,NaN
NaN,XID_Freddie_Jimenez,639489827585.000,3000018 ( 1709375118),261004030.000,Oct 2026,1,000,UNPAID,2026-10-03,2026-10-07,NaN,-,-,Purok 1 Idong Bayambang Pangasinan,NaN
NaN,XID_Gerald_Servillon,639618148993.000,3000022 ( 1720419675),261004031.000,Oct 2026,1,000,UNPAID,2026-10-15,2026-10-19,NaN,-,-,Boundary of Idong/Sanlibo Roldan Compound,NaN
NaN,XID_Grace_Derit,639100171313.000,230221183054 ( 230221183054),261004032.000,Oct 2026,1,000,UNPAID,2026-10-23,2026-10-27,NaN,-,-,Brgy Idong Bayambang Pangasinan,NaN
NaN,XID_Irene_Habana_Sabangan,639469416245.000,3000011 ( 3000011),261004033.000,Oct 2026,799.000,UNPAID,2026-10-13,2026-10-17,NaN,-,-,Brgy. Idong Bayambang Pangasinan,NaN
NaN,XID_Jaime_Agcaoile,639336432824.000,3000008 ( 3000008),261004034.000,Oct 2026,1,000,UNPAID,2026-10-28,2026-11-01,NaN,-,-,Brgy Idong Bayambang Pangasinan,NaN
NaN,XID_Jamae_Rosales,63985075882.000,1783046361 ( 1783046361),261004035.000,Oct 2026,1,000,UNPAID,2026-10-03,2026-10-07,NaN,-,-,Purok 1 Idong Bayambang Pangasinan OK,NaN
NaN,XID_Jamaica_Junio,639211530808.000,3000001 ( 3000001),261004036.000,Oct 2026,1,000,UNPAID,2026-10-02,2026-10-06,NaN,-,-,Brgy Idong Bayambang Pangasinan,NaN
NaN,XID_Jayson_Peralta,639092783015.000,230204090450 ( 230204090450),261004037.000,Oct 2026,1,000,UNPAID,2026-10-28,2026-11-03,NaN,-,-,Purok 1 Reynado Bayambang Pangasinan,NaN
NaN,XID_Jiana_Lopez,639292228270.000,1756712845 ( 1756712845),261004038.000,Oct 2026,1,000,UNPAID,2026-10-17,2026-10-21,NaN,-,-,#20 Purok 1, Idong B'bang Pangasinan,NaN
NaN,XID_Jielou_Tabuga,639101878118.000,1761385912 ( 1761385912),261004039.000,Oct 2026,1,000,UNPAID,2026-10-25,2026-11-01,NaN,-,-,Purok 2, Idong, Bayambang, Pangasinan,NaN
NaN,XID_JohnLester_Deleon,639941503802.000,1780298049 ( 1780298049),261004040.000,Oct 2026,1,000,UNPAID,2026-10-11,2026-10-15,NaN,-,-,Idong Bayambang Pangasinan,NaN
NaN,XID_JohnPaul_Jimenez,639525531780.000,1736414240 ( 1736414240),261004041.000,Oct 2026,799.000,UNPAID,2026-10-18,2026-10-22,NaN,-,-,Purok 1 ,Brgy. Idong Bayambang Pangasinanez,NaN
NaN,XID_Joshua_Mendoza,639122573722.000,230211176019 ( 230211176019),261004042.000,Oct 2026,1,000,UNPAID,2026-10-16,2026-10-20,NaN,-,-,Purok 1 Renado Bayambang Pangasinan,NaN
NaN,XID_Julia_Padua,639070734384.000,1750145492 ( 1750145492),261004043.000,Oct 2026,1,000,UNPAID,2026-10-17,2026-10-21,NaN,-,-,Purok 3, Idong, Bayambang, Pangasinan,NaN
NaN,XID_Juliet_Agcaoili,639393455658.000,1788417683 ( 1788417683),261004044.000,Oct 2026,1,000,UNPAID,2026-10-04,2026-10-08,NaN,-,-,Brgy Idong Purok 2 Bayambang Pangasinan,NaN
NaN,XID_Jumar_Deleon,639123456789.000,3000005 ( 3000005),261004045.000,Oct 2026,1,000,UNPAID,2026-10-10,2026-10-14,NaN,-,-,Purok 3 Brgy Idong Bayambang Pangasinan,NaN
NaN,XID_Luisito_Baula,639392074180.000,230221183049 ( 230221183049),261004046.000,Oct 2026,1,000,UNPAID,2026-10-15,2026-10-19,NaN,-,-,Brgy Idong Bayambang Pangasinan OK,NaN
NaN,XID_Maricel_Jimenez,639957453779.000,3000031 ( 1727590847),261004047.000,Oct 2026,1,000,UNPAID,2026-10-28,2026-11-01,NaN,-,-,Purok 1 Brgy Idong Bayambang Pangasinan,NaN
NaN,XID_Marissa_Mamaril,639277715147.000,2900082 ( 1736314962),261004048.000,Oct 2026,1,000,UNPAID,2026-10-18,2026-10-22,NaN,-,-,Purok 2, Idong, Bayambang, Pangasinan.,NaN
NaN,XID_MarkDavid_Matabang,639123758737.000,1777268312 ( 1777268312),261004049.000,Oct 2026,1,000,UNPAID,2026-10-27,2026-11-03,NaN,-,-,Purok 3 Barangay Idong, Bayambang Pangasinan sa likod ng Elementary School ng Idong OK,NaN
NaN,XID_Maryjoy_Bautista,639667698680.000,3000028 ( 1724296876),261004050.000,Oct 2026,1,000,UNPAID,2026-10-20,2026-10-24,NaN,-,-,75 Purok 3 Brgy Idong Bayambang Pangasinan OK,NaN
NaN,XID_Melanie_Geronimo,639123456789.000,1766456103 ( 1766456103),261004051.000,Oct 2026,1,000,UNPAID,2026-10-28,2026-11-03,NaN,-,-,Idong,NaN
NaN,XID_Mylene_Sabangan,639387764751.000,230203115028 ( 230203115028),261004052.000,Oct 2026,1,000,UNPAID,2026-10-07,2026-10-14,NaN,-,-,Idong Bayambang Pangasinan,NaN
NaN,XID_Odessa_Deleon,639919453360.000,3000016 ( 1708157142),261004053.000,Oct 2026,1,000,UNPAID,2026-10-15,2026-10-22,NaN,-,-,Idong Bayambang OK,NaN
NaN,XID_Realyn_Abalos,639512807838.000,230203112035 ( 230203112035),261004054.000,Oct 2026,1,000,UNPAID,2026-10-28,2026-11-02,NaN,-,-,Idong Bayambang Pangasinan Purok 3,NaN
NaN,XID_Riza_Sabado,639954453853.000,1773804240 ( 1773804240),261004055.000,Oct 2026,799.000,UNPAID,2026-10-18,2026-10-22,NaN,-,-,Idong Bayambanng Pangasinan near barangay hall and school.,NaN
NaN,XID_Rosario_Ramos,639458165516.000,1750822414 ( 1750822414),261004056.000,Oct 2026,1,000,UNPAID,2026-10-25,2026-10-29,NaN,-,-,Purok 2, Idong, Bayambang, Pangasinan,NaN
NaN,XID_Sharmaine_Rega,639660718218.000,1775012834 ( 1775012834),261004057.000,Oct 2026,1,000,UNPAID,2026-10-05,2026-10-09,NaN,-,-,Barangay Idong Purok 3 Bayambang Pangasinan Nearest Landmark: Idong Inanlorenza Elementary School,NaN
NaN,XID_Vanessa_Sabangan,639270491490.000,1768614274 ( 1768614274),261004058.000,Oct 2026,1,000,UNPAID,2026-10-22,2026-10-26,NaN,-,-,Purok 3 Idong Bayambang Pangasinan,NaN
NaN,XINA_Alexander_Cacaitan,639953670079.000,1784690749 ( 1784690749),261004059.000,Oct 2026,1,000,UNPAID,2026-10-01,2026-10-05,NaN,-,-,MUSLIM COMPOUND PUROK UNO INANLORENZA BAYAMBANG PANGASINAN,NaN
NaN,XINA_Alma_Caoile,639174803710.000,3100016 ( 1718449362),261004060.000,Oct 2026,1,000,UNPAID,2026-10-15,2026-10-19,NaN,-,-,Brgy Inanlorenza Bayambang Pangasinan OK,NaN
NaN,XINA_Anamarie_Delacruz,639933752803.000,3100005 ( 3100005),261004061.000,Oct 2026,1,000,PAID,2026-10-15,2026-10-19,2026-10-01,Reconnection,4371607.000,Purok 1 Brgy Inanlorenza Bayambang Pangasinan OK,NaN
NaN,XINA_Angelica_Ildefonso,639928329945.000,1786153364 ( 1786153364),261004062.000,Oct 2026,799.000,UNPAID,2026-10-28,2026-11-02,NaN,-,-,Inanlorenza Bayambang Pangasinan,NaN
NaN,XINA_Antonio_Bayona,639060480601.000,1778025730 ( 1778025730),261004063.000,Oct 2026,799.000,UNPAID,2026-10-13,2026-10-17,NaN,-,-,Purok1 Inanlorenza Bayambang Pangasinan,NaN
NaN,XINA_Armando_Galisim,639467581878.000,1787880670 ( 1787880670),261004064.000,Oct 2026,1,000,UNPAID,2026-10-01,2026-10-05,NaN,-,-,Purok -2 Inanlorenza Bayambang Pangasinan,NaN
NaN,XINA_Baby_Loraine_Deguzman,639155052460.000,1767330452 ( 1767330452),261004065.000,Oct 2026,1,000,UNPAID,2026-10-05,2026-10-12,NaN,-,-,Address: Brgy. Inanlorenza, Bayambang, Pangasinan Nearest landmark: Near Inanlorenza Born again Church,NaN
NaN,XINA_Catherine_Ildefonso,639060721012.000,1778110578 ( 1778110578),261004066.000,Oct 2026,799.000,UNPAID,2026-10-06,2026-10-10,NaN,-,-,Inanlorenza,Bayambang,Pangasinan OK,NaN
NaN,XINA_Cecilia_Candelaria,639811600327.000,1748316647 ( 1748316647),261004067.000,Oct 2026,1,000,UNPAID,2026-10-27,2026-10-31,NaN,-,-,Purok 2, Inanlorenza, Bayambang, Pangasinan,NaN
NaN,XINA_Cherry_Laurino,639271835135.000,1766813809 ( 1766813809),261004068.000,Oct 2026,1,000,UNPAID,2026-10-28,2026-11-02,NaN,-,-,Near Benitez Gasoline Station turn left Inanlorenzana Bayambang,NaN
NaN,XINA_Christian_Galisim,639174582397.000,3100019 ( 1719298867),261004069.000,Oct 2026,1,000,UNPAID,2026-10-02,2026-10-06,NaN,-,-,Purok 2 Inanlorenza,NaN
NaN,XINA_Dorelyn_Lacsamana,639159359148.000,1779763424 ( 1779763424),261004070.000,Oct 2026,1,000,UNPAID,2026-10-03,2026-10-07,NaN,-,-,Purok 1 Inanlorenzana Near gasoline Station Bayambang Pangasinan OK,NaN
NaN,XINA_Gary_Gabat,639109815705.000,3100011 ( 3100011),261004071.000,Oct 2026,1,000,UNPAID,2026-10-11,2026-10-15,NaN,-,-,Purok 2 Brgy Inanlorenza Bayambang Pangasinan,NaN
NaN,XINA_Gertrude_Roy,639765804957.000,1782781622 ( 1782781622),261004072.000,Oct 2026,799.000,UNPAID,2026-10-01,2026-10-05,NaN,-,-,Barangay Inanlorenza Bayambang Pangasinan OK,NaN
NaN,XINA_Jennifer_Galisim,639090680480.000,1767006638 ( 1767006638),261004073.000,Oct 2026,1,000,UNPAID,2026-10-28,2026-11-03,NaN,-,-,Purok II Inanlorenza Bayambang Pangasinan landmark GMR Gasoline Station,NaN
NaN,XINA_Joshua_Cayabyab,639270776317.000,3100002 ( 3100002),261004074.000,Oct 2026,1,000,UNPAID,2026-10-26,2026-10-30,NaN,-,-,INANLORENZA BAYAMBANG PANGASINAN,NaN
NaN,XINA_Kimberly_Junio,639098006733.000,1761899529 ( 1761899529),261004075.000,Oct 2026,1,000,UNPAID,2026-10-05,2026-10-11,NaN,-,-,Purok 1, Inanlorenza OK,NaN
NaN,XINA_Lyndie_Galisim,639101853714.000,1748403911 ( 1748403911),261004076.000,Oct 2026,1,000,UNPAID,2026-10-28,2026-11-01,NaN,-,-,Purok 2 inanlorenza bayambang Pangasinann,NaN
NaN,XINA_Margie_Junio,639124243797.000,3100022 ( 1726585648),261004077.000,Oct 2026,1,000,UNPAID,2026-10-24,2026-10-28,NaN,-,-,Purok 1 Brgy Inanlorenza Bayambang Pangasinan,NaN
NaN,XINA_Marlon_Antolin,639463014101.000,1758786064 ( 1758786064),261004078.000,Oct 2026,1,000,UNPAID,2026-10-28,2026-11-04,NaN,-,-,Purok 2, Inanlorenza Bayambang Pangasinan OK,NaN
NaN,XINA_Merita_Perez,639706468858.000,1778043004 ( 1778043004),261004079.000,Oct 2026,1,000,UNPAID,2026-10-07,2026-10-11,NaN,-,-,Brgy Inanlorenzana Bayambang Pangasinan,NaN
NaN,XINA_Oscar_Embuido,639077189814.000,3100012 ( 1709218063),261004080.000,Oct 2026,1,000,UNPAID,2026-10-06,2026-10-13,NaN,-,-,Purok 1 Inanlorenza Bayambang OK,NaN
NaN,XINA_Peter_DeGuzman,639770939385.000,1767924830 ( 1767924830),261004081.000,Oct 2026,799.000,UNPAID,2026-10-10,2026-10-14,NaN,-,-,Inanlorenza purok 2 malapit sa covered court OK,NaN
NaN,XINA_Raymund_Lagasca,639398291626.000,3100010 ( 3100010),261004082.000,Oct 2026,1,000,UNPAID,2026-10-28,2026-11-02,NaN,-,-,Brgy Inanlorenza Bayambang Pangasinan,NaN
NaN,XINA_Reila_Diso,639090642379.000,3100018 ( 1719227866),261004083.000,Oct 2026,1,000,UNPAID,2026-10-24,2026-10-28,NaN,-,-,Purok 2 Inanlorenza Bayambang Pangasinan,NaN
NaN,XINA_Ricky_Lomandas,639811599232.000,1775610212 ( 1775610212),261004084.000,Oct 2026,1,000,UNPAID,2026-10-12,2026-10-16,NaN,-,-,Purok 1 Inanlorenza Bayambang Pangasinan,NaN
NaN,XINA_Rowena_Javier,639207976461.000,3100009 ( 3100009),261004085.000,Oct 2026,1,000,UNPAID,2026-10-16,2026-10-20,NaN,-,-,Purok 2 Inanlorenza Bayambang Pangasinan,NaN
NaN,XINA_Sam_Tapiru,639464690148.000,1789611113 ( 1789611113),261004086.000,Oct 2026,1,000,UNPAID,2026-10-17,2026-10-21,NaN,-,-,Purok 3, Inanlorenza Bayambang Pangasinan,NaN
NaN,XINA_Wahilah_Aquino,639634008143.000,1748329854 ( 1748329854),261004087.000,Oct 2026,1,000,UNPAID,2026-10-27,2026-10-31,NaN,-,-,Purok 2, Inanlorenza, Bayambang, Pangasinan,NaN
NaN,XINI_Aisa_Bautista,639518933071.000,3200020 ( 1702511547),261004088.000,Oct 2026,1,000,UNPAID,2026-10-13,2026-10-17,NaN,-,-,Purok 4 Inirangan Bayambang Pangasinan,NaN
NaN,XINI_Aurelia_Cayabyab,639817613490.000,3200048 ( 1736322991),261004089.000,Oct 2026,1,000,UNPAID,2026-10-19,2026-10-26,NaN,-,-,137 Inirangan Bayambang Pangasinan,NaN
NaN,XINI_Brenda_Bautista,639324820613.000,3200004 ( 3200004),261004090.000,Oct 2026,1,000,UNPAID,2026-10-15,2026-10-19,NaN,-,-,137 Purok 7 Brgy Inirangan Bayambang Pangasinan,NaN
NaN,XINI_Condring_Cayabyab,639195973224.000,3200043 ( 1726584341),261004091.000,Oct 2026,1,000,UNPAID,2026-10-11,2026-10-15,NaN,-,-,122 Purok 7 Brgy Inirangan Bayambang Pangasinan,NaN
NaN,XINI_Corina_Beltran,639300427378.000,1768460348 ( 1768460348),261004092.000,Oct 2026,799.000,UNPAID,2026-10-16,2026-10-20,NaN,-,-,Sitio Siroy Inirangan Bayambang,pangasinan,NaN
NaN,XINI_Cristy_Padlan,639655391608.000,3200011 ( 3200011),261004093.000,Oct 2026,1,000,PAID,2026-10-05,2026-10-09,2026-10-01,GCASH,4770703.000,Purok 3 Brgy Inirangan Bayambang Pangasinan landmark: agustin compound,NaN
NaN,XINI_Dominador_Delacruz,639185413782.000,3200010 ( 3200010),261004094.000,Oct 2026,1,000,UNPAID,2026-10-28,2026-11-03,NaN,-,-,Purok 6 Brgy Inirangan Bayambang Pangasinan,NaN
NaN,XINI_Edna_Relosa,639552939484.000,1779927275 ( 1779927275),261004095.000,Oct 2026,1,500,UNPAID,2026-10-02,2026-10-06,NaN,-,-,Purok6 inirangan Bayambang Pangasinan,NaN
NaN,XINI_Elmer_Sagun,639474148592.000,3200035 ( 1719568535),261004096.000,Oct 2026,1,000,UNPAID,2026-10-24,2026-10-28,NaN,-,-,Purok 5 Inirangan Bayambang Pangasinan,NaN
NaN,XINI_Irene_Escalicas,639273974742.000,1764577058 ( 1764577058),261004097.000,Oct 2026,1,000,UNPAID,2026-10-10,2026-10-14,NaN,-,-,Purok 7 Inirangan bayambang pangasian,NaN
NaN,XINI_Jessa_Quisias,639951108430.000,3200049 ( 1742034449),261004098.000,Oct 2026,1,500,UNPAID,2026-10-15,2026-10-19,NaN,-,-,Inirangan Bayambang Pangasinan Purok 1,NaN
NaN,XINI_Joana_Bancolita,639066148432.000,3200009 ( 3200009),261004099.000,Oct 2026,1,000,UNPAID,2026-10-01,2026-10-04,NaN,-,-,Purok 3 Brgy Inirangan Bayambang Pangasinan likod ng inc purok 3 agustin compound,NaN
NaN,XINI_Joy_Cayabyab,639324821647.000,3200031 ( 1715420753),261004100.000,Oct 2026,1,000,UNPAID,2026-10-11,2026-10-15,NaN,-,-,Purok 7 Inirangan Bayambang Pangasinan,NaN
NaN,XINI_Kathrina_Ferrer,63909255605.000,1768974272 ( 1768974272),261004101.000,Oct 2026,1,000,UNPAID,2026-10-07,2026-10-11,NaN,-,-,Purok 3, Inirangan BYB Pangasinan,NaN
NaN,XINI_Lalaine_Agustin,639638592567.000,3200006 ( 3200006),261004102.000,Oct 2026,1,000,UNPAID,2026-10-25,2026-11-01,NaN,-,-,Purok 3 Brgy Inirangan Bayambang Pangasinan,NaN
NaN,XINI_Lionel_Eria,639294693709.000,3200036 ( 1720588138),261004103.000,Oct 2026,1,000,UNPAID,2026-10-07,2026-10-11,NaN,-,-,Purok 1 Inirangan Bayambang Pangasinan ok,NaN
NaN,XINI_Melane_Dizon,639107860458.000,3200026 ( 1710371823),261004104.000,Oct 2026,1,000,UNPAID,2026-10-03,2026-10-07,NaN,-,-,Purok 3 Inirangan,NaN
NaN,XINI_Mila_Bautista,639515423156.000,3200003 ( 3200003),261004105.000,Oct 2026,1,000,UNPAID,2026-10-05,2026-10-12,NaN,-,-,Purok 6 Brgy Inirangan Bayambang Pangasinan,NaN
NaN,XINI_Nimpha_Rosales,639095068774.000,230204140146 ( 230204140146),261004106.000,Oct 2026,1,000,UNPAID,2026-10-10,2026-10-15,NaN,-,-,PUROK 2 INIRANGAN BYB PNG,NaN
NaN,XINI_Rayzon_Cayabyab,639380382318.000,3200018 ( 3200018),261004107.000,Oct 2026,1,000,UNPAID,2026-10-28,2026-11-01,NaN,-,-,Brgy Inirangan Bayambang Pangasinan OK,NaN
NaN,XINI_Rhiana_Alonzo,639817301965.000,3200027 ( 1713158012),261004108.000,Oct 2026,1,000,UNPAID,2026-10-22,2026-10-26,NaN,-,-,Purok 3 Inirangan Bayambang Pangasinan Ok,NaN
NaN,XINI_Rolando_Abalos,639451321454.000,230203163902 ( 230203163902),261004109.000,Oct 2026,1,000,UNPAID,2026-10-07,2026-10-11,NaN,-,-,PUROK 2 INIRANGAN BYB PNG,NaN
NaN,XINI_Sheila_Cayabyab,639481675221.000,1781156796 ( 1781156796),261004110.000,Oct 2026,1,000,UNPAID,2026-10-13,2026-10-17,NaN,-,-,Purok 7, Inirangan Bayambang Pangasinan,NaN
NaN,XINI_Vergie_Sapatero,639123084482.000,3200021 ( 1703636845),261004111.000,Oct 2026,1,000,UNPAID,2026-10-28,2026-11-01,NaN,-,-,Inirangan Bayambang Pangasinan,NaN
NaN,XINI_Zenaida_Codoy,639813227320.000,3200030 ( 1715251345),261004112.000,Oct 2026,1,000,UNPAID,2026-10-04,2026-10-08,NaN,-,-,Purok 6 Inirangan Bayambang Pangasinan,NaN
NaN,XIT_Edison_Casingal,639301466990.000,3300001 ( 3300001),261004113.000,Oct 2026,1,000,UNPAID,2026-10-06,2026-10-10,NaN,-,-,Brgy Iton Bayambang Pangasinan OK,NaN
NaN,XIT_Romark_Casingal,639454908773.000,3300002 ( 3300002),261004114.000,Oct 2026,1,000,UNPAID,2026-10-04,2026-10-08,NaN,-,-,Brgy Iton Bayambang Pangasinan OK,NaN
NaN,XKET_Eduard_Centeno,639504864674.000,1747468574 ( 1747468574),261004115.000,Oct 2026,1,000,UNPAID,2026-10-17,2026-10-21,NaN,-,-,Purok 2, Ketegan, Bautista, Pangasinan,NaN
NaN,XKET_Jeniffer_Castillo,639455429842.000,1789186089 ( 1789186089),261004116.000,Oct 2026,1,000,UNPAID,2026-10-14,2026-10-18,NaN,-,-,Zone 1 .KETEGAN BAUTISTA PANGASINAN,NaN
NaN,XKET_John_Filomeno,639393768842.000,1738224583 ( 1738224583),261004117.000,Oct 2026,1,000,UNPAID,2026-10-15,2026-10-21,NaN,-,-,122 Zone 1 Ketegan Bautista Pangasinan,NaN
NaN,XKET_Lilette_Matusalem,639165977587.000,1772110453 ( 1772110453),261004118.000,Oct 2026,1,000,UNPAID,2026-10-27,2026-10-31,NaN,-,-,Zone 3 ketegan palisoc road Bautista Pangasinan Nearest Landmark: gasoline station near new cemetery Bautista Pangasinan,NaN
NaN,XKET_MarkWilson_Fernandez,639476082417.000,1782886565 ( 1782886565),261004119.000,Oct 2026,1,500,UNPAID,2026-10-02,2026-10-06,NaN,-,-,Zone 2, Ketegan Bautista Pangasinan OK,NaN
NaN,XKET_Nancy_Cacabelos,639277934620.000,1752828822 ( 1752828822),261004120.000,Oct 2026,1,000,UNPAID,2026-10-28,2026-11-02,NaN,-,-,61 KETEGEN BAUTISTA PNG PORT 2 Mark Freddie/ Ma king,NaN
NaN,XKET_Syndy_Mamaril,639923099671.000,1769944080 ( 1769944080),260905174.000,Oct 2026,1,350,UNPAID,2026-10-02,2026-10-06,NaN,-,-,: 19B, Ketegan Bautista Pangasinan LANDMARK : beside ketegan elementary school (papasok),NaN
NaN,XKET_Vanessa_Fernandez,639762906354.000,1769300945 ( 1769300945),261004121.000,Oct 2026,1,000,UNPAID,2026-10-25,2026-10-29,NaN,-,-,Ketegan, Bautista, Pangasinan,NaN
NaN,XKE_Leticia_Pingol,639952168093.000,20800001 ( 1731219686),261004122.000,Oct 2026,1,000,UNPAID,2026-10-17,2026-10-21,NaN,-,-,Brgy Zone 3 Ketegan Bautista Pangasinan,NaN
NaN,XKIS_Arjay_Itorma,639612270538.000,1775450615 ( 1775450615),261004123.000,Oct 2026,1,000,UNPAID,2026-10-06,2026-10-10,NaN,-,-,Address : 41 Kisikis, Alcala, Pangasinan,NaN
NaN,XKIS_Danica_Castillo,639705053523.000,1776039752 ( 1776039752),261004124.000,Oct 2026,1,000,UNPAID,2026-10-13,2026-10-17,NaN,-,-,Zone 3 Kisikis Alcala, Pangasinan,NaN
NaN,XKIS_Estrellita_Suralta,639125504597.000,1753933536 ( 1753933536),261004125.000,Oct 2026,1,000,UNPAID,2026-10-28,2026-11-03,NaN,-,-,ZONE 6 KISIKIS ALC PNG NATIONAL ROAD,NaN
NaN,XKIS_Jeric_Galsim,639922545886.000,1748685225 ( 1748685225),261004126.000,Oct 2026,799.000,UNPAID,2026-10-28,2026-11-03,NaN,-,-,ZONE: 248 alcala kisikis pangasinan,NaN
NaN,XKIS_Joanna_Ildefonso,639073281999.000,1774946353 ( 1774946353),261004127.000,Oct 2026,1,000,UNPAID,2026-10-01,2026-10-04,NaN,-,-,183 Kisikis Alcala Pangasinan,NaN
NaN,XKIS_Julie_Respeto,639705753891.000,1767928488 ( 1767928488),261004128.000,Oct 2026,1,000,UNPAID,2026-10-10,2026-10-14,NaN,-,-,ZONE 4 kisikis ALCALA PANGASINAN,NaN
NaN,XKIS_KimuelJohn_Cuizon,639544092559.000,1767336288 ( 1767336288),261004129.000,Oct 2026,799.000,UNPAID,2026-10-09,2026-10-13,NaN,-,-,#47 Kisikis Alcala Pangasinan zone 4 near Flying V,NaN
NaN,XKIS_Lawayway_Itorma,639858472048.000,1767851362 ( 1767851362),261004130.000,Oct 2026,1,000,UNPAID,2026-10-09,2026-10-13,NaN,-,-,Zone 4 Kisikis Alcala Pangasinan,NaN
NaN,XKIS_Lorna_Collado,639100187526.000,1767927288 ( 1767927288),261004131.000,Oct 2026,1,000,UNPAID,2026-10-10,2026-10-14,NaN,-,-,ZONE 4 kisikis ALCALA PANGASINAN,NaN
NaN,XKIS_Oliver_Lanorio,639176259085.000,1788413965 ( 1788413965),261004132.000,Oct 2026,1,000,UNPAID,2026-10-04,2026-10-08,NaN,-,-,Zone: 4 Brgy. Kisikis, Alcala, Pangasinan,NaN
NaN,XKIS_Patricia_Robillos,639094939052.000,1781155875 ( 1781155875),261004133.000,Oct 2026,799.000,UNPAID,2026-10-14,2026-10-18,NaN,-,-,Kisikis, Alcala, Pangasinan,NaN
NaN,XKIS_Ramil_Magpayo,639612335503.000,1781314943 ( 1781314943),261004134.000,Oct 2026,1,000,UNPAID,2026-10-14,2026-10-18,NaN,-,-,322 barangay kisikis zone 6 Alcala Pangasinan,NaN
NaN,XKIS_Royceann_Bartolome,639351667183.000,1751598649 ( 1751598649),261004135.000,Oct 2026,799.000,UNPAID,2026-10-04,2026-10-08,NaN,-,-,314 Santiago Street Zone 6, Kisikis Alcala NEAR REFRESH RESORT PORT 3 JOHAN / MICHAEL,NaN
NaN,XKIS_Shaira_Campos,639318626209.000,1782453463 ( 1782453463),261004136.000,Oct 2026,1,000,UNPAID,2026-10-25,2026-10-29,NaN,-,-,Zone 2, Kisikis, Alcala, Pangasinan 10/1/26 Done Pullout Modem -jojo,NaN
NaN,XLAO_Evelyn_Alcantara,639305577645.000,1788410744 ( 1788410744),261004137.000,Oct 2026,799.000,UNPAID,2026-10-05,2026-10-09,NaN,-,-,Zone 5 Laoac West Alcala Pangasinan,NaN
NaN,XLAO_Genie_Santiago,639924123366.000,1788402725 ( 1788402725),261004138.000,Oct 2026,799.000,UNPAID,2026-10-03,2026-10-07,NaN,-,-,LAOAC EAST ZONE 1 VELO ST,NaN
NaN,XLAO_Josephine_Cabanatan,639271668667.000,1787194607 ( 1787194607),261004139.000,Oct 2026,799.000,UNPAID,2026-10-20,2026-10-24,NaN,-,-,Z1 Laoac Alcala Pangasinan,NaN
NaN,XLAO_MajPurple_Mataban,639957952353.000,1767919420 ( 1767919420),261004140.000,Oct 2026,1,000,UNPAID,2026-10-09,2026-10-13,NaN,-,-,Laoac alcala Sa may basketball court,NaN
NaN,XLAO_Maryjane_Lorenzo,639994301620.000,17000011 ( 1732865636),261004141.000,Oct 2026,1,000,UNPAID,2026-10-13,2026-10-17,NaN,-,-,Brgy Laoc Alcala Pangasinan,NaN
NaN,XLAO_Rizalyn_Velasco,639663829517.000,1762332260 ( 1762332260),261004142.000,Oct 2026,1,000,UNPAID,2026-10-05,2026-10-09,NaN,-,-,Oria Ferrer St., Laoac East, Alcala, Pangasinan,NaN
NaN,XLAO_Ronaldo_Tagulao,6391234567890.000,1765854886 ( 1765854886),261004143.000,Oct 2026,1,000,UNPAID,2026-10-16,2026-10-20,NaN,-,-,Laoac, Alcala, Pangasinan,NaN
NaN,XLAO_Ronnie_Salinas,639090945496.000,1787196228 ( 1787196228),261004144.000,Oct 2026,1,000,UNPAID,2026-10-23,2026-10-27,NaN,-,-,Laoac West 6 Alcala Pangasinan,NaN
NaN,XMAG_Donry_Erive,639910378098.000,1753864041 ( 1753864041),261004145.000,Oct 2026,1,000,UNPAID,2026-10-23,2026-10-27,NaN,-,-,138 Ramon Magsaysay St. BYB PNG,NaN
NaN,XMAG_Earljohn_Lalata,639560611940.000,3800011 ( 1732860988),261004146.000,Oct 2026,1,000,UNPAID,2026-10-21,2026-10-25,NaN,-,-,Rooxass St, Magsaysay Bayambang Pangasinan,NaN
NaN,XMAG_Edcil_Paglingayen,639667636609.000,1755773275 ( 1755773275),261004147.000,Oct 2026,1,000,UNPAID,2026-10-14,2026-10-18,NaN,-,-,RM 7 Gomez Brgy Magsaysay Bayambang Pangasinan LCP 1 PORT 1 MAKING/JOHN,NaN
NaN,XMAG_FrankieMae_DeGuzman,639682213081.000,1773542629 ( 1773542629),261004148.000,Oct 2026,1,000,UNPAID,2026-10-24,2026-10-28,NaN,-,-,Magsaysay Bayambang Pangasinan,NaN
NaN,XMAG_Jorelle_Umali,639318453400.000,1764403215 ( 1764403215),261004149.000,Oct 2026,1,000,UNPAID,2026-10-14,2026-10-18,NaN,-,-,#57 Zamora st. magsaysay Bayambang Pangasinan,NaN
NaN,XMAG_Jose_Taming_R503Apt,639178422758.000,1737962342 ( 1737962342),260705479.000,Oct 2026,1,000,PAID,2026-10-13,2026-10-17,2026-07-18,GCASH,5043027393344_4,Room 503 Apartment upper Magsaysay Bayambang Pangasinan PPPOE CODE:XMAG_Jose_Taming_R503Apt ACCOUNT NO: 1737962342 Contact Number:09178904314 OK,NaN
NaN,XMAG_Junahmae_Solomon,639917046404.000,5200023 ( 1730382376),261004150.000,Oct 2026,1,000,UNPAID,2026-10-15,2026-10-19,NaN,-,-,197 Magsaysay St, Bayambnag Pangasinan,NaN
NaN,XMAG_Leopoldo_Bato,639498205323.000,1785640707 ( 1785640707),261004151.000,Oct 2026,799.000,UNPAID,2026-10-12,2026-10-16,NaN,-,-,Magsaysay St Bayambang Pangasinan OK,NaN
NaN,XMAG_Lorvina_Garcia,639517504461.000,1759112537 ( 1759112537),261004152.000,Oct 2026,1,000,UNPAID,2026-10-28,2026-11-02,NaN,-,-,JM building Uper Magsaysay Bayambang Pangasinan OK,NaN
NaN,XMAG_Marilyn_Villaroque,639319211855.000,1769164007 ( 1769164007),261004153.000,Oct 2026,1,000,UNPAID,2026-10-24,2026-10-28,NaN,-,-,Magsaysay Roxas St.Bayambang Pangasinan landmark: I lovemilk Tea,NaN
NaN,XMAG_Markjayson_Deleon,639567667831.000,1757479126 ( 1757479126),261004154.000,Oct 2026,736.000,UNPAID,2026-10-01,2026-10-05,NaN,-,-,Magsaysay, Bayambang, Pangasinan,NaN
NaN,XMAG_Moureanjoi_Perdon,639289756859.000,1747621271 ( 1747621271),261004155.000,Oct 2026,1,000,UNPAID,2026-10-19,2026-10-23,NaN,-,-,01 Roxas Magsaysay Bayambang,NaN
NaN,XMAG_Precila_Basilio,639654867580.000,1770081866 ( 1770081866),261004156.000,Oct 2026,799.000,UNPAID,2026-10-21,2026-10-25,NaN,-,-,Rodrigaso Compound Magsaysay Street Bayambang, Pangasinan,NaN
NaN,XMAG_RodelRoan_Sagarino,639464535836.000,3800004 ( 3800004),261004157.000,Oct 2026,1,000,UNPAID,2026-10-06,2026-10-10,NaN,-,-,Magsaysay Bayambang Pangasinan,NaN
NaN,XMAG_Ryan_Dizon,639062416567.000,1778465330 ( 1778465330),261004158.000,Oct 2026,1,000,UNPAID,2026-10-27,2026-10-31,NaN,-,-,Magsaysay Bayambang Pangasinan,NaN
NaN,XMAI_Alma_Soriano,639317411597.000,1771290270 ( 1771290270),261004159.000,Oct 2026,1,000,UNPAID,2026-10-17,2026-10-21,NaN,-,-,Purok 2 Maigpa BYB,NaN
NaN,XMAI_Belle_Valen,639268077699.000,1782266085 ( 1782266085),261004160.000,Oct 2026,1,000,UNPAID,2026-10-27,2026-10-31,NaN,-,-,Dos Brgy Maigpa Bayambang Pangasinan,NaN
NaN,XMAI_Chito_Datuin,639167355960.000,1771127071 ( 1771127071),261004161.000,Oct 2026,799.000,UNPAID,2026-10-15,2026-10-19,NaN,-,-,Near Brgy Hall Maigpa, Bayambang Pangasinan,NaN
NaN,XMAI_Elma_Vinluan,639975273596.000,1778640833 ( 1778640833),261004162.000,Oct 2026,1,000,UNPAID,2026-10-15,2026-10-24,NaN,-,-,Purok 4, Maigpa Bayambang Pangasinan OK,NaN
NaN,XMAI_Estiphanie_Vinluan,639911409461.000,1786502177 ( 1786502177),261004163.000,Oct 2026,1,000,UNPAID,2026-10-12,2026-10-16,NaN,-,-,Purok 4 magipa Bayambang Pangasinan OK,NaN
NaN,XMAI_Joey_Mendoza,639956337316.000,1771635204 ( 1771635204),261004164.000,Oct 2026,799.000,UNPAID,2026-10-01,2026-10-05,NaN,-,-,Purok 2 Maigpa, BYB OK,NaN
NaN,XMAI_Joseph_Tamayo,639770497449.000,1773976341 ( 1773976341),261004165.000,Oct 2026,1,500,UNPAID,2026-10-20,2026-10-24,NaN,-,-,Brgy. Maigpa,NaN
NaN,XMAI_Judiel_Adan,639918918166.000,1771053321 ( 1771053321),261004166.000,Oct 2026,799.000,UNPAID,2026-10-14,2026-10-18,NaN,-,-,Purok 1 Maigpa BYB,NaN
NaN,XMAI_Mariel_Aquino,639269521715.000,1782086055 ( 1782086055),261004167.000,Oct 2026,1,000,UNPAID,2026-10-22,2026-10-26,NaN,-,-,Nibaliw Purok 2 Maigpa Bayambang Pangasinan,NaN
NaN,XMAI_Marina_Villegas,639660839809.000,1771290532 ( 1771290532),261004168.000,Oct 2026,799.000,UNPAID,2026-10-17,2026-10-21,NaN,-,-,Purok 2 Maipa BYB,NaN
NaN,XMAI_Roshiell_Montemayor,639770939422.000,1771290693 ( 1771290693),261004169.000,Oct 2026,1,000,UNPAID,2026-10-17,2026-10-21,NaN,-,-,Purok 2 Maigpa BYB,NaN
NaN,XMAI_Sharon_Ocampo,639561588781.000,1771322916 ( 1771322916),261004170.000,Oct 2026,1,000,UNPAID,2026-10-18,2026-10-22,NaN,-,-,Purok 2 Nibaliw Maigpa,NaN
NaN,XMAN_Abel_Lamo,639297202789.000,4200047 ( 1723257564),261004171.000,Oct 2026,1,000,UNPAID,2026-10-08,2026-10-12,NaN,-,-,INC Managos Bayambang Pangasinan,NaN
NaN,XMAN_Alfredo_Codal,639709109272.000,1778511027 ( 1778511027),261004172.000,Oct 2026,1,000,UNPAID,2026-10-19,2026-10-23,NaN,-,-,Purok 3, Managos Bayambang Pangasinan,NaN
NaN,XMAN_Anarose_Naval,639063638487.000,4200005 ( 4200005),260905162.000,Oct 2026,901.000,UNPAID,2026-10-20,2026-10-24,NaN,-,-,Brgy Managos Bayambang Pangasinan,NaN
NaN,XMAN_Bernie_Ancho,639927964894.000,4200020 ( 4200020),261004173.000,Oct 2026,1,000,UNPAID,2026-10-29,2026-11-02,NaN,-,-,Purok4 Managos Bayambang Pangasinan,NaN
NaN,XMAN_Betty_Manuel,639308061914.000,1780394342 ( 1780394342),261004174.000,Oct 2026,1,000,UNPAID,2026-10-04,2026-10-08,NaN,-,-,Bayambang Managos Pangasinan,NaN
NaN,XMAN_Brandy_Salcedo,639451883647.000,1778123021 ( 1778123021),261004175.000,Oct 2026,1,000,UNPAID,2026-10-07,2026-10-11,NaN,-,-,Purok 4 Managos Bayambang Pangasinan,NaN
NaN,XMAN_Carlos_Valdoz,639539054713.000,1778129746 ( 1778129746),261004176.000,Oct 2026,1,000,UNPAID,2026-10-16,2026-10-20,NaN,-,-,Purok 4 Managos Bayambang Pangasinan,NaN
NaN,XMAN_Catherine_Planillas,639389558798.000,4200049 ( 1723283846),261004177.000,Oct 2026,1,000,UNPAID,2026-10-17,2026-10-21,NaN,-,-,Purok 5 Brgy Managos Bayambang Pangasinan,NaN
NaN,XMAN_Celanie_Salinas,639105797306.000,1779236106 ( 1779236106),261004178.000,Oct 2026,799.000,UNPAID,2026-10-23,2026-10-27,NaN,-,-,Purok 1 Managos Bayambang Pangasinan,NaN
NaN,XMAN_DanErl_Arroyo,639770431915.000,1771560717 ( 1771560717),261004179.000,Oct 2026,1,000,UNPAID,2026-10-20,2026-10-24,NaN,-,-,Purok 4 Managos Bayambang Pangasinan,NaN
NaN,XMAN_Dindo_Salcedo,639388186031.000,1767677424 ( 1767677424),261004180.000,Oct 2026,1,000,UNPAID,2026-10-16,2026-10-20,NaN,-,-,Purok 2 Front of Ele,. Sch. Managos Bayambang,NaN
NaN,XMAN_Elmer_Valdez,639308295057.000,1772884149 ( 1772884149),261004181.000,Oct 2026,1,000,UNPAID,2026-10-09,2026-10-13,NaN,-,-,Purok 5 brgy Managos Bayambang Pangasinan,NaN
NaN,XMAN_Ferdinand_Rabina,639617513391.000,4200054 ( 1735979759),261004182.000,Oct 2026,1,000,UNPAID,2026-10-11,2026-10-18,NaN,-,-,Purok 4 Brgy Managos Bayambang Pangasinan,NaN
NaN,XMAN_Irene_Cablilan,639300307971.000,1749785362 ( 1749785362),261004183.000,Oct 2026,1,000,UNPAID,2026-10-15,2026-10-22,NaN,-,-,Purok 2, Managos, Bayambang, Pangasinan,NaN
NaN,XMAN_JeffRhy_Agas,631234.000,1772955107 ( 1772955107),261004184.000,Oct 2026,1,000,UNPAID,2026-10-10,2026-10-14,NaN,-,-,Purok 4 Brgy Managos Bayambang Pangasinan LandmarK: ZMJ Water Refilling Station,NaN
NaN,XMAN_Jocelyn_Valdoz,639994942579.000,4200039 ( 1713328699),261004185.000,Oct 2026,1,000,UNPAID,2026-10-28,2026-11-04,NaN,-,-,Purok 4 Managos,NaN
NaN,XMAN_Joel_Valdoz,639516767591.000,4200013 ( 4200013),261004186.000,Oct 2026,1,000,UNPAID,2026-10-28,2026-11-01,NaN,-,-,Brgy Managos Bayambang Pangasinan,NaN
NaN,XMAN_JudyAnn_Caparra,639275638686.000,1785214301 ( 1785214301),261004187.000,Oct 2026,799.000,UNPAID,2026-10-28,2026-11-01,NaN,-,-,Prk. 1 Brgy. Managos Bayambang Pangasinan Ok,NaN
NaN,XMAN_Julie_Mejia,639305483381.000,4200002 ( 4200002),261004188.000,Oct 2026,1,000,UNPAID,2026-10-14,2026-10-21,NaN,-,-,Purok 1 Brgy Managos Bayambang Pangasinan,NaN
NaN,XMAN_June_Eser,639388133231.000,4200014 ( 4200014),261004189.000,Oct 2026,1,000,UNPAID,2026-10-21,2026-10-25,NaN,-,-,Purok 1 Brgy Managos Bayambang Pangasinan,NaN
NaN,XMAN_Leticia_Siatriz2,639507885487.000,1776923309 ( 1776923309),261004190.000,Oct 2026,799.000,UNPAID,2026-10-28,2026-11-03,NaN,-,-,Purok 2, Managos,Bayambang,Pangasinn,NaN
NaN,XMAN_Maragel_Lopez,639569479671.000,4200011 ( 4200011),261004191.000,Oct 2026,1,000,UNPAID,2026-10-21,2026-10-25,NaN,-,-,Purok 1 Brgy Managos Bayambang Pangasinan,NaN
NaN,XMAN_Maricar_Papa,639924302154.000,4200038 ( 1713319946),260905191.000,Oct 2026,736.000,UNPAID,2026-10-12,2026-10-16,NaN,-,-,Purok 6 Managos,NaN
NaN,XMAN_Mario_Vidal,639511849019.000,1773546493 ( 1773546493),261004192.000,Oct 2026,1,000,UNPAID,2026-10-06,2026-10-10,NaN,-,-,PUROK 3 BRGY. MANAGOS, BAYAMBANG, PANGASINAN,NaN
NaN,XMAN_Marites_Valdez,639930657727.000,4200051 ( 1730384926),261004193.000,Oct 2026,1,000,UNPAID,2026-10-13,2026-10-17,NaN,-,-,Purok 5 Brgy Managos Bayambang Pangasinan,NaN
NaN,XMAN_Markanthony_Burbos,639163646375.000,4200046 ( 1723092239),261004194.000,Oct 2026,1,000,UNPAID,2026-10-20,2026-10-24,NaN,-,-,Purok 5 Brgy Managos Bayambang Pangasinan,NaN
NaN,XMAN_Markjershon_Bautista,639073798874.000,1750660739 ( 1750660739),261004195.000,Oct 2026,1,000,UNPAID,2026-10-23,2026-10-27,NaN,-,-,Purok 6 managos bayambang pangasinan 201-4BYB65LCP1NP7P4 JOHAN / MICHAEL,NaN
NaN,XMAN_Marrose_Tomas,639706486351.000,4200019 ( 4200019),261004196.000,Oct 2026,1,000,UNPAID,2026-10-28,2026-11-02,NaN,-,-,Purok 3 Brgy Managos Bayambang Pangasinan,NaN
NaN,XMAN_Raffy_Mananghaya,639382368658.000,4200029 ( 4200029),261004197.000,Oct 2026,1,000,UNPAID,2026-10-04,2026-10-08,NaN,-,-,Purok 6 Brgy Managos Bayambang Pangasinan OK,NaN
NaN,XMAN_Raquel_Bandola,639517617937.000,4200018 ( 4200018),261004198.000,Oct 2026,1,000,UNPAID,2026-10-22,2026-10-26,NaN,-,-,Purok 5 Brgy Managos Bayambang Pangasinan OK,NaN
NaN,XMAN_Rita_Valdoz,639072223158.000,4200043 ( 1717564978),261004199.000,Oct 2026,1,000,UNPAID,2026-10-05,2026-10-11,NaN,-,-,Purok 6 Brgy.Managos,NaN
NaN,XMAN_Rizaldy_Collado,639107449965.000,1768535310 ( 1768535310),261004200.000,Oct 2026,1,000,UNPAID,2026-10-22,2026-10-26,NaN,-,-,Managos Bayambang(purok 1),NaN
NaN,XMAN_Roel_Salinas,639517356271.000,1754718534 ( 1754718534),261004201.000,Oct 2026,1,000,UNPAID,2026-10-09,2026-10-13,NaN,-,-,PUROK 1 MANAGOS BYB PNG,NaN
NaN,XMAN_Romnick_Mina,639949521730.000,4200044 ( 1718947612),261004202.000,Oct 2026,1,000,UNPAID,2026-10-24,2026-10-28,NaN,-,-,Purok 4 Managos Bayambang,NaN
NaN,XMAN_Ronald_Delacruz,639922149245.000,1736390411 ( 1736390411),261004203.000,Oct 2026,1,000,UNPAID,2026-10-09,2026-10-13,NaN,-,-,Purok 5 managos bayambang pangasinan,NaN
NaN,XMAN_Ronalyn_Ravancho,639090609562.000,1768200145 ( 1768200145),261004204.000,Oct 2026,799.000,UNPAID,2026-10-12,2026-10-16,NaN,-,-,Purok 1, Managos BYB Pang.,NaN
NaN,XMAN_Sally_Salcedo,639388186031.000,1750821247 ( 1750821247),261004205.000,Oct 2026,1,000,UNPAID,2026-10-26,2026-10-30,NaN,-,-,Purok 2 managos bayambang Pangasinann 201-4BYB65LCP1NP4P9 GILBER / JUNE,NaN
NaN,XMAN_Trisha_Navarro,639706487316.000,4200037 ( 1713244786),261004206.000,Oct 2026,1,000,UNPAID,2026-10-16,2026-10-23,NaN,-,-,Managos Bayambang,NaN
NaN,XMA_Alfredo_Albarida,639685892698.000,1753930329 ( 1753930329),261004207.000,Oct 2026,1,000,UNPAID,2026-10-28,2026-11-03,NaN,-,-,Purok 1, Malioer, Bayambang, Pangasinan,NaN
NaN,XMA_Ching_Caerlang,639665339407.000,1779928145 ( 1779928145),261004208.000,Oct 2026,1,000,UNPAID,2026-10-28,2026-11-04,NaN,-,-,Purok 6, Pinalapa Street, Malioer Bayambang Pangasinan,NaN
NaN,XMA_Donnamae_Magsigay,639451027680.000,230203141702 ( 230203141702),261004209.000,Oct 2026,1,000,UNPAID,2026-10-28,2026-11-01,NaN,-,-,Purok 4 Malioer Bayambang Pangasinan,NaN
NaN,XMA_Dorotea_Viray,639123859034.000,4100015 ( 4100015),261004210.000,Oct 2026,1,000,UNPAID,2026-10-28,2026-11-01,NaN,-,-,246 Purok 6 Brgy Malioer Bayambang Pangasinan OK,NaN
NaN,XMA_Jeffrey_Deguzman,639636656358.000,1786593497 ( 1786593497),261004211.000,Oct 2026,1,000,UNPAID,2026-10-17,2026-10-21,NaN,-,-,Purok 1 Malioer, Bayambang Pangasinan,NaN
NaN,XMA_Joselito_Mandapat,639475671105.000,1748575186 ( 1748575186),261004212.000,Oct 2026,1,000,UNPAID,2026-10-07,2026-10-11,NaN,-,-,Purok 3, Malioer Bayambang Pangasinan,NaN
NaN,XMA_Lizel_Pascua,639457729771.000,1747797502 ( 1747797502),261004213.000,Oct 2026,1,500,UNPAID,2026-10-21,2026-10-25,NaN,-,-,Purok 3, Malioer, Bayambang, Pangasinan,NaN
NaN,XMA_Lourdes_Valerio,639309313000.000,4100017 ( 4100017),261004214.000,Oct 2026,1,000,UNPAID,2026-10-01,2026-10-05,NaN,-,-,Purok 5 Brgy Malioer Bayambang Pangasinan UNPAID JUNE DC JULY 3 RECON NOV 2,NaN
NaN,XMA_Manny_Castro,639157458709.000,230204094943 ( 230204094943),261004215.000,Oct 2026,1,000,UNPAID,2026-10-22,2026-10-26,NaN,-,-,Malioer Bayambang Pangasinan,NaN
NaN,XMA_Mercy_Peralta,639307433242.000,4100007 ( 4100007),261004216.000,Oct 2026,1,000,UNPAID,2026-10-12,2026-10-16,NaN,-,-,Purok 6 Brgy Malioer Bayambang Pangasinan,NaN
NaN,XMA_Merriam_Rey,639092186016.000,4100011 ( 4100011),261004217.000,Oct 2026,1,000,UNPAID,2026-10-01,2026-10-05,NaN,-,-,Purok 2 Brgy Malioer Bayambang Pangasinan,NaN
NaN,XMA_Raymart_Padua,639919719978.000,4100010 ( 4100010),261004218.000,Oct 2026,1,000,UNPAID,2026-10-15,2026-10-19,NaN,-,-,Purok II Brgy Malioer Bayambang Pangasinan,NaN
NaN,XMA_Rocel_Sevilla,639285339160.000,4100016 ( 4100016),261004219.000,Oct 2026,1,000,UNPAID,2026-10-17,2026-10-21,NaN,-,-,Purok 5 Brgy Malioer Bayambang Pangasinan,NaN
NaN,XMA_Romy_Bataan,639457716831.000,230203145044 ( 230203145044),261004220.000,Oct 2026,1,000,UNPAID,2026-10-28,2026-11-02,NaN,-,-,Malioer Bayambang Pangasinan,NaN
NaN,XMA_Rosalia_Peralta,639518654777.000,4100021 ( 1709212525),261004221.000,Oct 2026,1,000,UNPAID,2026-10-04,2026-10-08,NaN,-,-,Purok 6 Malioer Bayambang,NaN
NaN,XMA_Rosalie_Rosario,639278165277.000,4100009 ( 4100009),261004222.000,Oct 2026,1,000,UNPAID,2026-10-06,2026-10-10,NaN,-,-,Purok 2 Brgy Malioer Bayambang Pangasinan,NaN
NaN,XMA_Shirley_Castro,639511229535.000,1750835636 ( 1750835636),261004223.000,Oct 2026,1,000,UNPAID,2026-10-25,2026-10-29,NaN,-,-,Purok 1, Malioer, Bayambang, Pangasinan 201-4BYB65LCP1NP2P4 piolo/Jerome,NaN
NaN,XMA_Vilma_Padua,639099547061.000,4100012 ( 4100012),261004224.000,Oct 2026,1,000,UNPAID,2026-10-08,2026-10-12,NaN,-,-,124 Malioer Bayambang Pangasinan,NaN
NaN,XMG_Cherriel_Riparip,639276943672.000,4200026 ( 4200026),261004225.000,Oct 2026,1,000,UNPAID,2026-10-10,2026-10-15,NaN,-,-,Purok 3 Brgy Managos Bayambang Pangasinan,NaN
NaN,XMG_Christinejoy_Salcedo,639187674817.000,4200031 ( 1702858370),261004226.000,Oct 2026,1,000,UNPAID,2026-10-17,2026-10-21,NaN,-,-,Purok 2 Managos Bayambang Pangasinan,NaN
NaN,XMG_Jovelyn_Alabaso,639504786361.000,4200017 ( 4200017),261004227.000,Oct 2026,1,000,UNPAID,2026-10-21,2026-10-25,NaN,-,-,Purok 4 Brgy Managos Bayambang Pangasian,NaN
NaN,XMG_Karen_Aglanao,639302065832.000,4200008 ( 4200008),261004228.000,Oct 2026,1,000,UNPAID,2026-10-06,2026-10-10,NaN,-,-,Purok 2 Brgy Managos Bayambang Pangasinan,NaN
NaN,XMG_Leomar_Bondame,639955121797.000,4200025 ( 4200025),261004229.000,Oct 2026,1,000,UNPAID,2026-10-25,2026-10-29,NaN,-,-,XMG_Leomar_Espiritu_Bondame,NaN
NaN,XMG_Marwin_Aglanao,639065902407.000,4200045 ( 1722915666),261004230.000,Oct 2026,1,000,UNPAID,2026-10-05,2026-10-09,NaN,-,-,Purok 1 Brgy Managos Bayambang Pangasinan,NaN
NaN,XMG_Paulino_Madarang,639273583483.000,4200016 ( 4200016),261004231.000,Oct 2026,1,000,UNPAID,2026-10-22,2026-10-26,NaN,-,-,Purok 4 Brgy Managos Bayambang Pangasinan,NaN
NaN,XMG_Rey_Burbos,639385606081.000,4200015 ( 4200015),261004232.000,Oct 2026,1,000,UNPAID,2026-10-28,2026-11-06,NaN,-,-,Purok 4 Brgy Managos Bayambang Pangasinan,NaN
NaN,XMG_Zarrahjane_Manuel,639772573338.000,4200003 ( 4200003),261004233.000,Oct 2026,799.000,UNPAID,2026-10-22,2026-10-26,NaN,-,-,Purok 1 Brgy Managos Bayambang Pangasinan,NaN
NaN,XMG_Zenaida_Bueno,639305483280.000,4200007 ( 4200007),261004234.000,Oct 2026,1,000,UNPAID,2026-10-22,2026-10-29,NaN,-,-,Purok 3 Brgy Managos Bayambang Pangasinan,NaN
NaN,XMN_Bernard_Iglesias,639859568730.000,4300012 ( 1718274567),261004235.000,Oct 2026,1,000,UNPAID,2026-10-15,2026-10-19,NaN,-,-,Purok 1 Manambong Norte Bayambang Pangasinan,NaN
NaN,XMN_Erwin_Malicdem,639065713077.000,1755076957 ( 1755076957),261004236.000,Oct 2026,799.000,UNPAID,2026-10-04,2026-10-08,NaN,-,-,Bagong Barya, Manambong Norte, Bayambang, Pangasinan PIOLO/JEROME LCP 1 PORT 4,NaN
NaN,XMN_Evangeline_Camacho,639662503408.000,4300011 ( 1715060302),261004237.000,Oct 2026,1,000,UNPAID,2026-10-08,2026-10-09,NaN,-,-,Bagong Bario Manambong Parte BYB PNG,NaN
NaN,XMN_Gabriel_Gagar,639452798583.000,1769049214 ( 1769049214),260905200.000,Oct 2026,901.000,UNPAID,2026-10-22,2026-10-26,NaN,-,-,Bagong Baryo, Manambong Norte, Bayambang, Pangasinan,NaN
NaN,XMN_Henry_Cayabyab,639506089819.000,1783047993 ( 1783047993),261004238.000,Oct 2026,799.000,UNPAID,2026-10-03,2026-10-07,NaN,-,-,Manambong Norte Bayambang Pangasinan OK,NaN
NaN,XMN_Jade_Mamucud,639127447194.000,4300017 ( 1734318786),261004239.000,Oct 2026,1,000,UNPAID,2026-10-07,2026-10-14,NaN,-,-,Manambong Norte Bayambang Pangasinan OK,NaN
NaN,XMN_Josefina_Junio,639631298096.000,4300014 ( 1720016177),261004240.000,Oct 2026,1,000,UNPAID,2026-10-05,2026-10-09,NaN,-,-,28 Manambong Norte Bayambang pangasinan,NaN
NaN,XMN_Magelyn_Junio,639511788879.000,4300003 ( 4300003),260905201.000,Oct 2026,901.000,UNPAID,2026-10-24,2026-10-28,NaN,-,-,MANAMBONG NORTE BYB PNG,NaN
NaN,XMN_Marlyn_Diaz_House,639100091531.000,4300001 ( 4300001),261004241.000,Oct 2026,1,000,UNPAID,2026-10-10,2026-10-14,NaN,-,-,106 Brgy Manambong Norte Bayambang Pangasinan UNPAID MARCH DC 21 RECON DEC 4,2024,NaN
NaN,XMN_Nelia_Devera,639812800567.000,4300015 ( 1722930609),261004242.000,Oct 2026,1,000,UNPAID,2026-10-23,2026-10-27,NaN,-,-,Manambong Norte Bayambang Pangasinan,NaN
NaN,XMN_Romeo_Galsim,639208484166.000,1756613019 ( 1756613019),261004243.000,Oct 2026,1,000,UNPAID,2026-10-28,2026-11-04,NaN,-,-,Manambong Norte Bayambang Pangasinan,NaN
NaN,XMN_Ronaldo_Devera,639483375740.000,1788682722 ( 1788682722),261004244.000,Oct 2026,1,000,UNPAID,2026-10-08,2026-10-12,NaN,-,-,Manambong Norte Bayambang Pangasinan Landmark: Tabi ng Chapel,NaN
NaN,XMN_Ruth_Rueda,639511151950.000,1786762677 ( 1786762677),261004245.000,Oct 2026,1,000,UNPAID,2026-10-19,2026-10-23,NaN,-,-,Manambong Norte,Bayambang ,Pangasinan,NaN
NaN,XMN_Ryan_Retorta,639122552486.000,4300013 ( 1719901406),261004246.000,Oct 2026,1,000,UNPAID,2026-10-03,2026-10-07,NaN,-,-,Manambong Norte Bayambang Pangasinan,NaN
NaN,XMP_Aileen_Flores,639457718632.000,1745547224 ( 1745547224),261004247.000,Oct 2026,1,000,UNPAID,2026-10-05,2026-10-09,NaN,-,-,Purok 2 manambong parte,NaN
NaN,XMP_Aiza_Monte,639638592718.000,1772605524 ( 1772605524),261004248.000,Oct 2026,799.000,UNPAID,2026-10-10,2026-10-19,NaN,-,-,Manambong Parte Bayambang Pangasinan/Evacuation Center,NaN
NaN,XMP_Angelique_Junio,639685116637.000,1747710844 ( 1747710844),261004249.000,Oct 2026,1,000,UNPAID,2026-10-20,2026-10-24,NaN,-,-,Sagur st purok 1 manambong parte bayambang pangasinan,NaN
NaN,XMP_Ashley_Sante,639946938733.000,1765013063 ( 1765013063),261004250.000,Oct 2026,1,000,UNPAID,2026-10-13,2026-10-17,NaN,-,-,Purok 3 sitio Bukeg manambong parte bayambang pangasinan,NaN
NaN,XMP_Cara_Carisma,639811600196.000,4400026 ( 1715070652),261004251.000,Oct 2026,1,000,UNPAID,2026-10-15,2026-10-19,NaN,-,-,Sagur St, Brgy Manambong Parte,NaN
NaN,XMP_Carina_Bugasto,639216086189.000,230203101424 ( 230203101424),261004252.000,Oct 2026,1,000,UNPAID,2026-10-05,2026-10-09,NaN,-,-,MANAMBONG PARTE BYB PNG,NaN
NaN,XMP_Christian_Veloria,639693729832.000,4400033 ( 1718959695),261004253.000,Oct 2026,1,000,UNPAID,2026-10-23,2026-10-27,NaN,-,-,Centro Manambong Bayambang,NaN
NaN,XMP_Cristy_Junio,639568830276.000,1764306714 ( 1764306714),261004254.000,Oct 2026,1,000,UNPAID,2026-10-28,2026-11-01,NaN,-,-,Purok 3, Manambong Parte, Bayambang, Pangasinan,NaN
NaN,XMP_Cyril_Roco,639151451617.000,230203161102 ( 230203161102),261004255.000,Oct 2026,1,000,UNPAID,2026-10-11,2026-10-15,NaN,-,-,Sitio Bukig Manambong Parte Bayambang Pangasinan OK,NaN
NaN,XMP_Daniel_Junio,639959568262.000,4400024 ( 1709247309),261004256.000,Oct 2026,1,000,UNPAID,2026-10-24,2026-10-28,NaN,-,-,Purok 3 Manambong Parte,NaN
NaN,XMP_Desiree_Bumenlag,639466266271.000,1754531264 ( 1754531264),261004257.000,Oct 2026,1,000,UNPAID,2026-10-01,2026-10-05,NaN,-,-,PUROK 2 MANAMBONG PARTE BYB PNG,NaN
NaN,XMP_Dionicia_Junio,639301382625.000,1745552079 ( 1745552079),261004258.000,Oct 2026,1,000,UNPAID,2026-10-08,2026-10-12,NaN,-,-,Purok 2 manambong parte,NaN
NaN,XMP_Dio_Poquiz,639270491460.000,1780361217 ( 1780361217),261004259.000,Oct 2026,799.000,UNPAID,2026-10-05,2026-10-09,NaN,-,-,Barangay Manambong Parte Zone 3 Bayambang Pangasinan,NaN
NaN,XMP_Eddie_Sabado,639451489589.000,230211176009 ( 230211176009),261004260.000,Oct 2026,1,000,UNPAID,2026-10-05,2026-10-09,NaN,-,-,Manambong Parte,NaN
NaN,XMP_Edilberto_Requiso,639508155269.000,230203161632 ( 230203161632),261004261.000,Oct 2026,1,000,UNPAID,2026-10-22,2026-10-26,NaN,-,-,Purok 2 Manambong Bayambang Pangasinan,NaN
NaN,XMP_Edrian_Baladad,639530729561.000,1760775957 ( 1760775957),261004262.000,Oct 2026,1,000,UNPAID,2026-10-24,2026-10-28,NaN,-,-,Purok 2manambong parte b.bang Pangasinan,NaN
NaN,XMP_Edson_Delacruz,639059015124.000,4400019 ( 1703036604),261004263.000,Oct 2026,1,000,UNPAID,2026-10-20,2026-10-24,NaN,-,-,Manambong parte Bayambang,NaN
NaN,XMP_Emyrose_Macaraeg,639122789069.000,4400039 ( 1724899180),261004264.000,Oct 2026,1,000,UNPAID,2026-10-28,2026-11-02,NaN,-,-,Sitio Bukig Manambong Parte Bayambang Pangasinan,NaN
NaN,XMP_Frederick_Soriano,639513105424.000,230211176012 ( 230211176012),261004265.000,Oct 2026,1,000,UNPAID,2026-10-07,2026-10-14,NaN,-,-,Manambong Parte Bayambang Pangasinan,NaN
NaN,XMP_Gloria_Bancud,639511151954.000,230204082242 ( 230204082242),261004266.000,Oct 2026,1,000,UNPAID,2026-10-28,2026-11-01,NaN,-,-,Sitio Sagur Purok 1 Manambong Parte Bayambang Pangasinan UNPAID JULY DC JULY 27,NaN
NaN,XMP_Irene_Macaraeg,639928829576.000,1782954105 ( 1782954105),261004267.000,Oct 2026,799.000,UNPAID,2026-10-03,2026-10-07,NaN,-,-,Mananbong Parte Bayambang Pang.,NaN
NaN,XMP_Jafferson_Deguzman,639274283083.000,4400038 ( 1723857552),261004268.000,Oct 2026,1,000,UNPAID,2026-10-16,2026-10-20,NaN,-,-,Centro Manambong Parte Bayambang Pangasinan,NaN
NaN,XMP_Jean_Iglesias,639454166750.000,4400008 ( 4400008),261004269.000,Oct 2026,1,000,UNPAID,2026-10-05,2026-10-12,NaN,-,-,Sitio Caniogan Purok 1 Bayambang Pangasinan,NaN
NaN,XMP_Jengky_Cayabyab,639062482589.000,4400007 ( 4400007),261004270.000,Oct 2026,1,000,UNPAID,2026-10-20,2026-10-24,NaN,-,-,Sagur Manambong Parte Bayambang Pangasinan,NaN
NaN,XMP_Jeremy_Sinampaga,639154621801.000,4400011 ( 4400011),261004271.000,Oct 2026,1,000,UNPAID,2026-10-16,2026-10-20,NaN,-,-,Centro Manambong Parte Bayambang Pangasinan,NaN
NaN,XMP_JessaMay_Junio,639369054931.000,4400021 ( 1707954915),261004272.000,Oct 2026,1,000,UNPAID,2026-10-14,2026-10-18,NaN,-,-,Purok 3 Manambong Parte,NaN
NaN,XMP_Jessa_Baltazar,639690940951.000,4400045 ( 1736324988),261004273.000,Oct 2026,1,000,UNPAID,2026-10-02,2026-10-06,NaN,-,-,Purok 3 Bukid St, Brgy Manambong Parte Bayambang Pangasinan,NaN
NaN,XMP_Joan_Medrano,639511299649.000,1735895180 ( 1735895180),261004274.000,Oct 2026,1,000,UNPAID,2026-10-03,2026-10-07,NaN,-,-,Purok 2 Centro Manambong Parte Bayambang Pangasinan OK,NaN
NaN,XMP_Johnrey_Tomelden,639165969080.000,1749285678 ( 1749285678),261004275.000,Oct 2026,1,500,UNPAID,2026-10-07,2026-10-11,NaN,-,-,Purok II manambong Parte Bayambang Pangasinan,NaN
NaN,XMP_Jojo_Jimenez,639916184085.000,4400004 ( 4400004),261004276.000,Oct 2026,1,000,UNPAID,2026-10-08,2026-10-12,NaN,-,-,Kanyogan Manambong Parte Bayambang Pangasinan,NaN
NaN,XMP_Jomar_Guzman,639774583032.000,1755745403 ( 1755745403),261004277.000,Oct 2026,1,000,UNPAID,2026-10-21,2026-10-25,NaN,-,-,Manambong parte Port 4 Tech:Freediie/ Mike,NaN
NaN,XMP_Jonathan_Dulay,639566770237.000,1758789562 ( 1758789562),261004278.000,Oct 2026,1,000,UNPAID,2026-10-25,2026-10-29,NaN,-,-,Purok 2 Centro, Manambong Parte, Bayambang, Pangasinan,NaN
NaN,XMP_Joseph_Devera,639754233383.000,4400006 ( 4400006),261004279.000,Oct 2026,1,000,UNPAID,2026-10-04,2026-10-08,NaN,-,-,Purok 1 Brgy Manambong Parte Bayambang Pangasinan,NaN
NaN,XMP_JulieVi_Junio,639237290086.000,1761368152 ( 1761368152),261004280.000,Oct 2026,1,000,UNPAID,2026-10-25,2026-10-29,NaN,-,-,Sitio sagur Manambong Parte Bayambang Pangasinan,NaN
NaN,XMP_Lani_Delossantos,639453469711.000,4400005 ( 4400005),261004281.000,Oct 2026,1,000,UNPAID,2026-10-27,2026-11-03,NaN,-,-,Caniugan St Manambong Parte Bayambang Pangasinan,NaN
NaN,XMP_Lea_Valerio,639164551277.000,1736996528 ( 1736996528),261004282.000,Oct 2026,1,000,UNPAID,2026-10-21,2026-10-25,NaN,-,-,Sitio kaniyogan,purok 1, manambong parte bayambang pangasinan,NaN
NaN,XMP_Lea_Valle,639065918697.000,4400036 ( 1722932241),261004283.000,Oct 2026,1,000,UNPAID,2026-10-28,2026-11-01,NaN,-,-,Purok 3 Manambong Parte Bayambang pangasinan 15.778324, 120.483748,NaN
NaN,XMP_Lito_Junio,639074857211.000,1787566372 ( 1787566372),261004284.000,Oct 2026,799.000,UNPAID,2026-10-28,2026-11-02,NaN,-,-,201 Manambong Parte Bayambang Pangasinan,NaN
NaN,XMP_Lourdes_Flores,639460117076.000,4400023 ( 1708745005),261004285.000,Oct 2026,1,000,UNPAID,2026-10-22,2026-10-26,NaN,-,-,Purok 1 Manambong Parte,NaN
NaN,XMP_Lourdes_Mejia,639242045079.000,1780887737 ( 1780887737),261004286.000,Oct 2026,1,000,UNPAID,2026-10-08,2026-10-12,NaN,-,-,1 Sagur Manambong Parte Bayambang Pangasinan,NaN
NaN,XMP_Lyka_Medrano,639954095912.000,1750064489 ( 1750064489),261004287.000,Oct 2026,1,000,UNPAID,2026-10-16,2026-10-20,NaN,-,-,CENTRO MANAMBONG PARTE BAYAMBANG,NaN
NaN,XMP_Marchenry_Paral,639638592716.000,1751509441 ( 1751509441),261004288.000,Oct 2026,1,000,UNPAID,2026-10-03,2026-10-07,NaN,-,-,Purok 3 sotio centro manambong parte Bayambang Pangasinan PORT 11 TABI NG HYDR8 WATER STATION, BABA NG EVACUATION CENTER JOHAN / MICHAEL,NaN
NaN,XMP_Mariaelvira_Eugenio,639488663831.000,4400042 ( 1730261241),261004289.000,Oct 2026,1,000,UNPAID,2026-10-28,2026-11-01,NaN,-,-,Purok 2 Sitio Dike Manambong Parte Bayambang Pangasinan,NaN
NaN,XMP_Maricris_Ogalesco,639153960661.000,4400046 ( 1740813195),261004290.000,Oct 2026,1,000,PAID,2026-10-01,2026-10-05,2026-10-01,Reconnection,BC550000032117556948,Purok 3,sitio bukig, bayambang pangasinan OK,NaN
NaN,XMP_Maricris_Villegas,639384391312.000,4400025 ( 1714120750),261004291.000,Oct 2026,1,000,UNPAID,2026-10-27,2026-10-31,NaN,-,-,Manambong Parte,NaN
NaN,XMP_Mario_Bruzon,639939364536.000,230218121339 ( 230218121339),261004292.000,Oct 2026,1,000,UNPAID,2026-10-22,2026-10-26,NaN,-,-,Purok 2 Manambong Parte Bayambang Pangasinan OK,NaN
NaN,XMP_Mario_DelosSantos,639497771209.000,4400013 ( 4400013),261004293.000,Oct 2026,1,000,UNPAID,2026-10-26,2026-11-02,NaN,-,-,Sitio Canyogan Manambong Parte Bayambang Pangasinan,NaN
NaN,XMP_Marissa_Fausto,639155874276.000,4400040 ( 1726369866),261004294.000,Oct 2026,1,000,UNPAID,2026-10-14,2026-10-18,NaN,-,-,Sagur Manambong Parte Bayambang Pangasinan,NaN
NaN,XMP_Marjorie_Castillo,639165838929.000,4400044 ( 1736321750),261004295.000,Oct 2026,1,000,UNPAID,2026-10-18,2026-10-22,NaN,-,-,Purok 2 Brgy Manambong Bayambang Pangasinan,NaN
NaN,XMP_Markjoy_Ayop,639551549112.000,4400027 ( 1715072243),261004296.000,Oct 2026,1,000,UNPAID,2026-10-07,2026-10-11,NaN,-,-,Purok 5 Manambong Parte,NaN
NaN,XMP_Merly_Sinampaga,639468603503.000,230204132457 ( 230204132457),261004297.000,Oct 2026,1,000,UNPAID,2026-10-13,2026-10-17,NaN,-,-,Manambong Parte Bayambang pangasinan,NaN
NaN,XMP_Michelle_DelosSantos,639279634479.000,4400029 ( 1716541108),261004298.000,Oct 2026,1,000,UNPAID,2026-10-24,2026-10-28,NaN,-,-,Purok Kanyogan Manambong Parte Bayambang Pangasinan,NaN
NaN,XMP_Minda_Relevo,639673227330.000,1761813552 ( 1761813552),261004299.000,Oct 2026,1,000,UNPAID,2026-10-30,2026-11-06,NaN,-,-,Sitio, Kanyugan, Manambong Parte, Bayambang, Pangasinan,NaN
NaN,XMP_Nicolefaith_Cayabyab,639451242997.000,1758963799 ( 1758963799),261004300.000,Oct 2026,1,000,UNPAID,2026-10-27,2026-10-31,NaN,-,-,Manambong parte, Bayambang, Pangasinan,NaN
NaN,XMP_Norleen_Balingway,639155812205.000,4400030 ( 1717732906),261004301.000,Oct 2026,1,000,UNPAID,2026-10-28,2026-11-01,NaN,-,-,Purok 1 Kanyugan Manambong Parte,NaN
NaN,XMP_Paula_Bulaun,639104742430.000,230211144746 ( 230211144746),261004302.000,Oct 2026,1,000,UNPAID,2026-10-08,2026-10-12,NaN,-,-,Sagur Manambong Parte Bayambang Pangasinan OK,NaN
NaN,XMP_Ranie_Macaraeg,639324281358.000,230211176011 ( 230211176011),261004303.000,Oct 2026,1,000,UNPAID,2026-10-21,2026-10-25,NaN,-,-,SITIO BUKEG PUROK 3 MANAMBONG PARTE BYB PNG,NaN
NaN,XMP_Raquel_Mondala,639272213039.000,1749810832 ( 1749810832),261004304.000,Oct 2026,799.000,UNPAID,2026-10-19,2026-10-23,NaN,-,-,MANAMBONG PARTE BAYAMBANG PANGASINAN DULO NG VACUATION,NaN
NaN,XMP_Raymundpaul_Sabado,639558996128.000,1755834437 ( 1755834437),261004305.000,Oct 2026,1,000,UNPAID,2026-10-09,2026-10-13,NaN,-,-,Manambong parte,NaN
NaN,XMP_Regine_Manaois1,639053334337.000,4400034 ( 1720227807),261004306.000,Oct 2026,1,000,UNPAID,2026-10-06,2026-10-10,NaN,-,-,Purok 1 Manambong Parte Bayambang Pangasinan,NaN
NaN,XMP_Reynaldo_Macaraeg,639555785521.000,4400010 ( 4400010),261004307.000,Oct 2026,1,000,UNPAID,2026-10-16,2026-10-20,NaN,-,-,Purok 3 Brgy Manambong Bayambang Pangasinan OK,NaN
NaN,XMP_Rizamay_Sabado,639568832582.000,1755772080 ( 1755772080),261004308.000,Oct 2026,1,500,UNPAID,2026-10-21,2026-10-28,NaN,-,-,Manambong parte Port 6 Tech: Freedie/Mike,NaN
NaN,XMP_Rizza_Devera,639707935433.000,4400012 ( 4400012),261004309.000,Oct 2026,1,000,UNPAID,2026-10-27,2026-11-01,NaN,-,-,Purok 1 Kaniogan Brgy Manambong Parte Bayambang Pangasinan,NaN
NaN,XMP_Roberto_Macaraeg,639067246016.000,230211176007 ( 230211176007),261004310.000,Oct 2026,1,000,UNPAID,2026-10-22,2026-10-26,NaN,-,-,24 Bukig Road Manambong Parte Bayambang Pangasinan,NaN
NaN,XMP_Saik_Ahod,639956827867.000,4400041 ( 1726566642),261004311.000,Oct 2026,1,000,UNPAID,2026-10-24,2026-10-28,NaN,-,-,Purok 2 Brgy Manambong Parte Bayambang Pangasinan,NaN
NaN,XMP_Sarrah_Jayne_Gutierrez,639602414076.000,1737962247 ( 1737962247),261004312.000,Oct 2026,1,000,PAID,2026-10-02,2026-10-06,2026-10-01,Reconnection,3070567.000,Purok 3 Sitio Amianan Dubai Manambong Parte Bayambang Pangasinan,NaN
NaN,XMP_Sonia_Medrano,639165969098.000,1755771931 ( 1755771931),261004313.000,Oct 2026,1,000,UNPAID,2026-10-21,2026-10-28,NaN,-,-,Manambong parte port 5 Tech: Freedie/mike,NaN
NaN,XMP_Stephanie_Ringor,639059201053.000,1764907038 ( 1764907038),261004314.000,Oct 2026,1,000,UNPAID,2026-10-05,2026-10-12,NaN,-,-,Purok 2, Manambong Parte, Bayambang, Pangasinan,NaN
NaN,XMP_Teddy_Tagulao,639279338026.000,4400015 ( 4400015),261004315.000,Oct 2026,1,000,UNPAID,2026-10-08,2026-10-12,NaN,-,-,Manambong Parte Bayambang Pangasinan,NaN
NaN,XMP_Teodista_Cayago,639562552640.000,4400031 ( 1718004478),261004316.000,Oct 2026,1,000,UNPAID,2026-10-10,2026-10-14,NaN,-,-,Kanyugan Manambong Parte,NaN
NaN,XMP_Violeta_Delossantos,639944148153.000,1769136950 ( 1769136950),261004317.000,Oct 2026,1,000,UNPAID,2026-10-23,2026-10-27,NaN,-,-,Sitio Kaniogan, Manambong Parte BYB Pangasinan,NaN
NaN,XMS_Annmarie_Castaneda,639304389962.000,4500009 ( 4500009),261004318.000,Oct 2026,1,000,UNPAID,2026-10-07,2026-10-11,NaN,-,-,Purok 1 Manambong Sur Bayambang Pangasinan,NaN
NaN,XMS_AprilJohn_Mejia,639388988642.000,230211176008 ( 230211176008),261004319.000,Oct 2026,1,000,UNPAID,2026-10-20,2026-10-24,NaN,-,-,Manambong Sur Bayambang Pangasinan,NaN
NaN,XMS_Arlyn_Auncion,639951293851.000,1772628794 ( 1772628794),261004320.000,Oct 2026,1,000,UNPAID,2026-10-18,2026-10-22,NaN,-,-,zone 3, manambong sur, bayambang pangasinan,NaN
NaN,XMS_Beanettee_Diano,639927966514.000,1756528925 ( 1756528925),261004321.000,Oct 2026,1,000,UNPAID,2026-10-28,2026-11-04,NaN,-,-,169 purok 2 Manambong Sur Bayambang Pangasinan,NaN
NaN,XMS_Beverly_Perez,639667420679.000,4500024 ( 1724135380),261004322.000,Oct 2026,1,000,UNPAID,2026-10-22,2026-10-26,NaN,-,-,Manambong Sur Bayambang Pangasinan,NaN
NaN,XMS_Cesario_Mejares,639451029626.000,1768281806 ( 1768281806),261004323.000,Oct 2026,1,000,UNPAID,2026-10-16,2026-10-20,NaN,-,-,Manambong sur subdivision purok 6,NaN
NaN,XMS_DaniellaJoy_Lasquite,639707371549.000,1785979289 ( 1785979289),261004324.000,Oct 2026,1,000,UNPAID,2026-10-19,2026-10-23,NaN,-,-,PUROK 2 MANAMBONG SUR BAYAMBANG PANGASINAN,NaN
NaN,XMS_Eddie_Domalayas,639618150260.000,4500008 ( 4500008),261004325.000,Oct 2026,1,000,UNPAID,2026-10-01,2026-10-04,NaN,-,-,Manambong Sur Bayambang Pangasinan,NaN
NaN,XMS_Elsie_Diano,639912341064.000,1764240378 ( 1764240378),261004326.000,Oct 2026,1,000,UNPAID,2026-10-27,2026-11-03,NaN,-,-,Purok 2 Manambong Sur Bayambang Pangasinan,NaN
NaN,XMS_Ernesto_Cacho,639556629611.000,4500018 ( 1717129757),261004327.000,Oct 2026,1,000,UNPAID,2026-10-28,2026-11-01,NaN,-,-,Purok 2 Manambong Sur Bayambang Pangasinan OK,NaN
NaN,XMS_Florita_Devera,639857535504.000,1758875571 ( 1758875571),261004328.000,Oct 2026,799.000,UNPAID,2026-10-26,2026-10-30,NaN,-,-,Purok 3, Manambong Sur, Bayambang, Pangasinan,NaN
NaN,XMS_Francisco_Bautista,639921521449.000,1784873882 ( 1784873882),261004329.000,Oct 2026,1,000,UNPAID,2026-10-25,2026-10-29,NaN,-,-,Manambonh Sur Bayambang Pangasinan OK,NaN
NaN,XMS_Gessiel_Pagungayen_Flores,639123782477.000,4500006 ( 4500006),261004330.000,Oct 2026,1,000,UNPAID,2026-10-28,2026-11-04,NaN,-,-,Purok 3 Brgy Manambong Sur Bayambang Pangasinan OK,NaN
NaN,XMS_Gina_Lanorio,639158344564.000,1752645908 ( 1752645908),261004331.000,Oct 2026,1,000,UNPAID,2026-10-16,2026-10-23,NaN,-,-,Lanorio compound Purok 2 Manambong Sur Bayambang Pangasinan,NaN
NaN,XMS_Irishmae_Peralta,639275860272.000,1756957444 ( 1756957444),261004332.000,Oct 2026,1,000,UNPAID,2026-10-13,2026-10-17,NaN,-,-,Purok 3 manambong sure B.Bang Pangasinan,NaN
NaN,XMS_Janet_Magsano,639052925191.000,4500005 ( 4500005),261004333.000,Oct 2026,1,000,UNPAID,2026-10-09,2026-10-13,NaN,-,-,295 SITIO MANAMBONG BYB PNG,NaN
NaN,XMS_Jenie_Flores,639509511893.000,230203152704 ( 230203152704),261004334.000,Oct 2026,1,000,UNPAID,2026-10-05,2026-10-09,NaN,-,-,Purok 2 Manambong Sur Bayambang Pangasinan,NaN
NaN,XMS_Jessa_Bautista,639618289510.000,230206170244 ( 230206170244),261004335.000,Oct 2026,800.000,UNPAID,2026-10-01,2026-10-05,NaN,-,-,purok 3 Manambong Sur OK,NaN
NaN,XMS_Johnlester_Latorre,639911812263.000,1756717820 ( 1756717820),261004336.000,Oct 2026,1,000,UNPAID,2026-10-01,2026-10-05,NaN,-,-,Zone 3 Manambong Sur Bayambang Pangasinan,NaN
NaN,XMS_Jonas_Bautista,639913740421.000,1736217513 ( 1736217513),261004337.000,Oct 2026,1,000,UNPAID,2026-10-09,2026-10-13,NaN,-,-,Purok 2 manambong sur bayambang pangasinan,NaN
NaN,XMS_Joyce_Canengneng,639458149585.000,1756874176 ( 1756874176),261004338.000,Oct 2026,1,000,UNPAID,2026-10-03,2026-10-07,NaN,-,-,Zone 3 Manambong Sur Bayambang Pangasinan,NaN
NaN,XMS_Kareen_Lasquite,639065700324.000,1785037700 ( 1785037700),261004339.000,Oct 2026,1,000,UNPAID,2026-10-13,2026-10-17,NaN,-,-,purok tres leksab subdivision Manambong Sur subdivision Bayambang Pang OK,NaN
NaN,XMS_Kenneth_Magsano,639927170530.000,1754277184 ( 1754277184),261004340.000,Oct 2026,1,000,UNPAID,2026-10-04,2026-10-08,NaN,-,-,126 purok 2 Manambong Sur Bayambang Pangasinan OK,NaN
NaN,XMS_Larry_Magsano,639214448259.000,1766197367 ( 1766197367),261004341.000,Oct 2026,1,000,UNPAID,2026-10-20,2026-10-24,NaN,-,-,125 manambong sur bayambang pangasinan,NaN
NaN,XMS_Lilia_Palsimon,639677658791.000,230203171755 ( 230203171755),261004342.000,Oct 2026,1,000,UNPAID,2026-10-26,2026-10-30,NaN,-,-,Manambang Sur Bayambang Pangasinan OK,NaN
NaN,XMS_Maria_Solis,639569900574.000,4500027 ( 1730389098),261004343.000,Oct 2026,1,000,UNPAID,2026-10-07,2026-10-11,NaN,-,-,Purok 3 Brgy Manambong Sur Bayambang Pangasinan,NaN
NaN,XMS_Maricar_Balay,639271190030.000,230203172042 ( 230203172042),261004344.000,Oct 2026,1,000,UNPAID,2026-10-28,2026-11-04,NaN,-,-,Manambong Bayambang Pangasinan,NaN
NaN,XMS_Marilou_Ruben,639934721465.000,1750489477 ( 1750489477),261004345.000,Oct 2026,1,000,UNPAID,2026-10-21,2026-10-25,NaN,-,-,Purok 2 manambong sur B.Bang Pangasinan,NaN
NaN,XMS_Marlon_Catungal,639541862529.000,1772950970 ( 1772950970),261004346.000,Oct 2026,1,000,UNPAID,2026-10-11,2026-10-15,NaN,-,-,Purok 3 Manambong Sur BYB,NaN
NaN,XMS_Meliza_Cayabyab,639381458183.000,1759394052 ( 1759394052),261004347.000,Oct 2026,1,000,UNPAID,2026-10-02,2026-10-09,NaN,-,-,Ashinda manambong sur b.bang Pangasinan,NaN
NaN,XMS_Orlando_Mejia,639936708478.000,1756370407 ( 1756370407),261004348.000,Oct 2026,1,000,UNPAID,2026-10-01,2026-10-08,NaN,-,-,Purok 3 Manambung sur bayambang pangasinan,NaN
NaN,XMS_Rachelle_Paed,639851874629.000,230203145724 ( 230203145724),261004349.000,Oct 2026,1,000,UNPAID,2026-10-28,2026-11-03,NaN,-,-,Manambong Sur Bayambang Pangasinan,NaN
NaN,XMS_Raffy_Lasquite,639060323611.000,1776598438 ( 1776598438),261004350.000,Oct 2026,1,000,UNPAID,2026-10-20,2026-10-24,NaN,-,-,Manambong Sur Subdivision Bayambang Pangasinan,NaN
NaN,XMS_Raquel_Mejares,639751406195.000,1769929683 ( 1769929683),261004351.000,Oct 2026,1,000,UNPAID,2026-10-05,2026-10-09,NaN,-,-,Purok 3, Manambong Sur, Bayambang, Pangasinan,NaN
NaN,XMS_Renz_Mejia,639193691905.000,1758860927 ( 1758860927),261004352.000,Oct 2026,1,000,UNPAID,2026-10-26,2026-10-30,NaN,-,-,Purok 3, Manambong Sur, Bayambang, Pangasinan,NaN
NaN,XMS_Rosemarie_Camacho_Laza,639457551982.000,4500004 ( 4500004),261004353.000,Oct 2026,1,000,UNPAID,2026-10-27,2026-10-31,NaN,-,-,Purok 1 Brgy Manambong Sur Bayambang Pangasinan,NaN
NaN,XMS_Sarah_Flores,639166270791.000,1756544586 ( 1756544586),261004354.000,Oct 2026,1,000,UNPAID,2026-10-28,2026-11-03,NaN,-,-,111 purok 2 Manambong Sur Bayambang Pangasinan,NaN
NaN,XMS_Valeriano_Abaoag,639567929406.000,1752134032 ( 1752134032),261004355.000,Oct 2026,1,000,UNPAID,2026-10-09,2026-10-14,NaN,-,-,#160 Purok 2, Manambong Sur Bayambang Pangasinan Philipines PORT 5 Freddie / Jffrsn,NaN
NaN,XMS_Veronica_Masiglat,639563543632.000,230214104623 ( 230214104623),261004356.000,Oct 2026,1,000,UNPAID,2026-10-21,2026-10-25,NaN,-,-,Manambong Sur Bayambang Pangasinan,NaN
NaN,XMS_Vilma_Tantay,639674901766.000,1750307057 ( 1750307057),261004357.000,Oct 2026,1,000,UNPAID,2026-10-19,2026-10-23,NaN,-,-,PUROK 3 MANAMBONG SUR BYB PNG,NaN
NaN,XMS_Wilma_Lasquite,639757207163.000,230221183047 ( 230221183047),261004358.000,Oct 2026,1,000,UNPAID,2026-10-06,2026-10-10,NaN,-,-,Brgy Manambong Sur Bayambang Pangasinan,NaN
NaN,XNAN_CyrilAnthony_Roco,639151451617.000,1771479980 ( 1771479980),261004359.000,Oct 2026,799.000,UNPAID,2026-10-20,2026-10-24,NaN,-,-,Nandacan-Poblacion East-Palisoc Road : Beside Bautista Public Cemetery,NaN
NaN,XNAN_JohnAlexander_Pilarca,639914826856.000,1774941080 ( 1774941080),261004360.000,Oct 2026,1,000,UNPAID,2026-10-01,2026-10-05,NaN,-,-,#233 Arellano St. Nandacan Bautista Pangasinan,NaN
NaN,XNAN_MaryAnne_Ragos,639633335424.000,1785979564 ( 1785979564),261004361.000,Oct 2026,1,000,UNPAID,2026-10-12,2026-10-16,NaN,-,-,Purok 3 Nandacan Bautista Pangasinan OK,NaN
NaN,XNAN_Olivia_DelosSantos,639277294025.000,1765614365 ( 1765614365),261004362.000,Oct 2026,1,000,UNPAID,2026-10-01,2026-10-05,NaN,-,-,Luna St. Nandacan Bautista Pangasinan,NaN
NaN,XNN_Aisa_Ferrer,639639245730.000,1781500057 ( 1781500057),261004363.000,Oct 2026,1,000,UNPAID,2026-10-28,2026-11-02,NaN,-,-,Nibaliw norte Dike 0967 071 8496,NaN
NaN,XNN_Analyn_Gallardo,639094917631.000,1738981586 ( 1738981586),261004364.000,Oct 2026,1,000,UNPAID,2026-10-18,2026-10-22,NaN,-,-,Nibaliw Norte Rever side Bautista pang,NaN
NaN,XNN_Armenia_Paningbatan,639155707728.000,800004 ( 1730371722),261004365.000,Oct 2026,1,000,UNPAID,2026-10-01,2026-10-08,NaN,-,-,Brgy Nibaliw Norte Bautista Pangasinan,NaN
NaN,XNN_Bernadine_Abalos,639396101944.000,20300008 ( 1723283970),261004366.000,Oct 2026,1,000,UNPAID,2026-10-18,2026-10-22,NaN,-,-,BRGY ZONE VI NIBALIW NORTE BAU PNG,NaN
NaN,XNN_Celeste_Paningbatan,639945659548.000,20300005 ( 1722911982),261004367.000,Oct 2026,1,000,UNPAID,2026-10-21,2026-10-25,NaN,-,-,Nibaliw Norte Brgy Bautista Bayambang Pangasinan,NaN
NaN,XNN_Crisanto_Ong,639988672100.000,1771640116 ( 1771640116),261004368.000,Oct 2026,799.000,UNPAID,2026-10-23,2026-10-27,NaN,-,-,Nibaliw Norte, Bautista, Pangasinan,NaN
NaN,XNN_EduardJohn_Cayabyab,639125541506.000,1751961646 ( 1751961646),261004369.000,Oct 2026,799.000,UNPAID,2026-10-15,2026-10-19,NaN,-,-,Nibaliw norte bayambang pangasinan OK,NaN
NaN,XNN_Elvira_Cayabyab,639858502253.000,1755680944 ( 1755680944),261004370.000,Oct 2026,1,000,UNPAID,2026-10-14,2026-10-18,NaN,-,-,Zone 6 nibaliw Norte Bautista Pangasinan Port 11 Tech: Piolo/John,NaN
NaN,XNN_Felizardo_Paningbatan,639178497065.000,20300003 ( 1719813252),261004371.000,Oct 2026,1,000,UNPAID,2026-10-28,2026-11-01,NaN,-,-,Nibaliw Norte Bautista Pangasinan,NaN
NaN,XNN_James_Devera,639638110737.000,1759283436 ( 1759283436),261004372.000,Oct 2026,1,000,UNPAID,2026-10-01,2026-10-05,NaN,-,-,Purok 2 Nibaliw Norte Bautista Pangasinan,NaN
NaN,XNN_Jenifer_Tagulao,639073883920.000,1772428374 ( 1772428374),261004373.000,Oct 2026,799.000,UNPAID,2026-10-04,2026-10-08,NaN,-,-,Nibaliw Norte Bautista, Pangasinan 15.811606, 120.459228,NaN
NaN,XNN_JingJing_Delacruz,639487082537.000,1741742690 ( 1741742690),261004374.000,Oct 2026,1,000,UNPAID,2026-10-07,2026-10-11,NaN,-,-,Rever side Nibaliw Norte bayambang pang,NaN
NaN,XNN_Jonard_Tangonan,639270268747.000,1771319213 ( 1771319213),261004375.000,Oct 2026,1,000,UNPAID,2026-10-18,2026-10-22,NaN,-,-,Nibaliw Norte Bautista, PETROLINC gasoline Station kanto papasok white gate,NaN
NaN,XNN_Kimberly_Gonzalez,639102293442.000,20300007 ( 1723256758),261004376.000,Oct 2026,1,000,UNPAID,2026-10-02,2026-10-06,NaN,-,-,Zamboy Bldg Brgy Nibaliw Norte Bautista Bayambang Pangasinan,NaN
NaN,XNN_Kristine_Andrada,639073328357.000,1740020186 ( 1740020186),261004377.000,Oct 2026,1,000,UNPAID,2026-10-20,2026-10-24,NaN,-,-,ZONE 6 Nibaliw Norte Bautista Pangasinan OK,NaN
NaN,XNN_Marco_Abalos,639090504287.000,20300002 ( 1719813089),261004378.000,Oct 2026,1,000,UNPAID,2026-10-07,2026-10-11,NaN,-,-,Zone 6 Nibaliw Norte Bautista Pangasinan,NaN
NaN,XNN_MarkKin_Halili,639815212623.000,1787908341 ( 1787908341),261004379.000,Oct 2026,1,000,UNPAID,2026-10-01,2026-10-05,NaN,-,-,Zone 3 Nibaliw Norte Bautista Pangasinan,NaN
NaN,XNN_Maryjoy_Vinluan,639776395034.000,1737076864 ( 1737076864),261004380.000,Oct 2026,1,000,UNPAID,2026-10-17,2026-10-21,NaN,-,-,Zone7 nibaliw bayambang pangasinan,NaN
NaN,XNN_Nikkilou_Payumo,639154897535.000,1748927711 ( 1748927711),261004381.000,Oct 2026,1,000,UNPAID,2026-10-03,2026-10-07,NaN,-,-,Zone VI Nibaliw Norte Bautista Pangasinan,NaN
NaN,XNN_Renante_Gabriel,63951321688.000,800002 ( 1724900869),261004382.000,Oct 2026,1,000,UNPAID,2026-10-02,2026-10-06,NaN,-,-,riverside Nibaliw Norte Bautista Pangasinan Reconnected JAN 13,NaN
NaN,XNN_Riza_Domingo,639274545351.000,1781256898 ( 1781256898),261004383.000,Oct 2026,1,000,UNPAID,2026-10-13,2026-10-17,NaN,-,-,Brgy Nibaliw Norte Bautista Pangasinan.,NaN
NaN,XNN_Shakara_Gloria,639531087815.000,1760325779 ( 1760325779),261004384.000,Oct 2026,799.000,UNPAID,2026-10-11,2026-10-15,NaN,-,-,Zone 6, Nibaliw Norte, Bautista, Pangasinan,NaN
NaN,XNN_Shiela_Macanas,639812465012.000,20300009 ( 1724900678),261004385.000,Oct 2026,1,000,UNPAID,2026-10-28,2026-11-04,NaN,-,-,River Side Brgy Nibaliw Norte Bayambang Pangasinan,NaN
NaN,XNN_Thousand_Sunny_Laundry_Shop,639054104846.000,1787812146 ( 1787812146),261004386.000,Oct 2026,799.000,UNPAID,2026-10-28,2026-11-01,NaN,-,-,Zone IV, Nibaliw Norte, Bautista, Pangasinan,NaN
NaN,XNN_Vangie_Patungan,639945659548.000,800001 ( 1722912091),261004387.000,Oct 2026,1,000,UNPAID,2026-10-08,2026-10-12,NaN,-,-,Brgy Nibaliw Norte Bayambang Pangasinan UNPAID 2months,NaN
NaN,XNS_Argie_Anasco,639072217712.000,1750910730 ( 1750910730),261004388.000,Oct 2026,1,000,UNPAID,2026-10-15,2026-10-22,NaN,-,-,ZONE 7 NIBALIW SUR BAUTISTA PANGASINAN,NaN
NaN,XNS_AvrilMariann_Tagulao,639207070515.000,1780383899 ( 1780383899),261004389.000,Oct 2026,1,000,UNPAID,2026-10-08,2026-10-12,NaN,-,-,ZONE4 NIBALIW SUR BAUTISTA PANGASINAN,NaN
NaN,XNS_Cecilia_Caranto,639762133447.000,1739605956 ( 1739605956),261004390.000,Oct 2026,1,000,UNPAID,2026-10-15,2026-10-19,NaN,-,-,Zone7 Nibaliw Sur BAUTISTA Pangasinan,NaN
NaN,XNS_Charlota_Collamar,639106204245.000,1788503111 ( 1788503111),261004391.000,Oct 2026,1,000,UNPAID,2026-10-15,2026-10-15,NaN,-,-,Zone1 nibaliw sur bautista pangasinan,NaN
NaN,XNS_Crisanto_Ong,639988672100.000,1761550045 ( 1761550045),261004392.000,Oct 2026,799.000,UNPAID,2026-10-27,2026-10-31,NaN,-,-,Nibaliw sur Bautista Pangasinan,NaN
NaN,XNS_Eduardo_Dulay,639489464133.000,1748417418 ( 1748417418),261004393.000,Oct 2026,1,000,UNPAID,2026-10-28,2026-11-08,NaN,-,-,118 nibaliw sur Bautista Pangasinann,NaN
NaN,XNS_Ernesto_CayabyabJr,639669387972.000,1787055188 ( 1787055188),261004394.000,Oct 2026,1,000,UNPAID,2026-10-21,2026-10-25,NaN,-,-,ZONE 5, NIBALIW SUR, BAUTUSTA, PANGASINAN,NaN
NaN,XNS_Farrahmay_Bugarin,639156943317.000,1747811697 ( 1747811697),261004395.000,Oct 2026,1,000,UNPAID,2026-10-21,2026-10-25,NaN,-,-,ZONE 5 NIBALIW SUR BAUTISTA PANGASINAN NEAR Nibaliw Elementary School,NaN
NaN,XNS_Froilan_Cruz,639914812344.000,1767586013 ( 1767586013),261004396.000,Oct 2026,1,000,UNPAID,2026-10-05,2026-10-05,NaN,-,-,No. 9 Nibaliw Sur Bautista Pangasinan,NaN
NaN,XNS_Grace_Mamaril,639282761172.000,240826200515 ( 1724674010),261004397.000,Oct 2026,1,000,UNPAID,2026-10-26,2026-10-30,NaN,-,-,Zone 4 Brgy Nibaliw Bautista Pangasinan OK,NaN
NaN,XNS_John_Cayabyab,639491764672.000,240929140148 ( 1727589851),261004398.000,Oct 2026,1,000,UNPAID,2026-10-28,2026-11-01,NaN,-,-,121 Zone 4 Brgy Nibaliw Sur Bautista Pangasinan,NaN
NaN,XNS_Jojo_Justo,639933563592.000,1766371178 ( 1766371178),261004399.000,Oct 2026,1,000,UNPAID,2026-10-22,2026-10-26,NaN,-,-,ZONE 7 NIBALIW SUR BAUTISTA PANGASINAN,NaN
NaN,XNS_Judelyn_Ruetas_2,639308052480.000,1768104883 ( 1768104883),261004400.000,Oct 2026,799.000,UNPAID,2026-10-17,2026-10-21,NaN,-,-,Nibaliw Sur Bautista Pangasinan OK,NaN
NaN,XNS_Leah_Salaguinto,639294542701.000,1789446144 ( 1789446144),261004401.000,Oct 2026,1,000,UNPAID,2026-10-17,2026-10-21,NaN,-,-,Nibaliw Sur Bayambang Pangasinan,NaN
NaN,XNS_Mariane_Panique,639916700560.000,1785650118 ( 1785650118),261004402.000,Oct 2026,1,000,UNPAID,2026-10-07,2026-10-11,NaN,-,-,Purok 7 #150 Nibaliw Sur Bautista, Pangasinan OK,NaN
NaN,XNS_Maribec_Victorio,639917165311.000,1780662766 ( 1780662766),261004403.000,Oct 2026,1,000,UNPAID,2026-10-08,2026-10-12,NaN,-,-,Zone 4 Nibaliw Sur, Bautista, Pangasinan,NaN
NaN,XNS_Marites_Dimarucot,639692388713.000,1753945716 ( 1753945716),261004404.000,Oct 2026,1,000,UNPAID,2026-10-04,2026-10-07,NaN,-,-,24 ZONE 1 NIBALIW SUR BAUTISTA PANGASINAN,NaN
NaN,XNS_Rafael_Dimarucot,639455975002.000,1784774852 ( 1784774852),261004405.000,Oct 2026,1,000,UNPAID,2026-10-23,2026-10-27,NaN,-,-,Nibaliw Sur Bautista Pangasinan OK,NaN
NaN,XNS_Reggie_Jimenez,639271289923.000,1771567652 ( 1771567652),261004406.000,Oct 2026,1,500,UNPAID,2026-10-23,2026-10-27,NaN,-,-,Zone 7 nibaliw sur Bautista Pangasinan, Near Zamboy Pharmacy Tapat ng Petrolinc,NaN
NaN,XNS_Riqueza_Aquino,639488362041.000,20200001 ( 1721054038),261004407.000,Oct 2026,1,000,UNPAID,2026-10-13,2026-10-17,NaN,-,-,Nibaliw Sur Bautista Pangasinan,NaN
NaN,XNS_Samme_Maata,639317412995.000,241030123423 ( 1730263048),261004408.000,Oct 2026,1,000,UNPAID,2026-10-28,2026-11-02,NaN,-,-,Zone 4 Brgy Nibaliw Sur Bayambang Pangasinan OK,NaN
NaN,XPAL_April_Fille,639486809571.000,1746004210 ( 1746004210),261004409.000,Oct 2026,1,000,UNPAID,2026-10-28,2026-11-03,NaN,-,-,Zone 5 Palisoc Bautista Pangasinan,NaN
NaN,XPAL_Arlene_Masiglat,639914851486.000,1753772450 ( 1753772450),261004410.000,Oct 2026,1,000,UNPAID,2026-10-28,2026-11-01,NaN,-,-,114 Purok 5 Palisoc Bautista Pangasinan PORT 2,NaN
NaN,XPAL_Brando_Cacabilos,639777736876.000,1781490139 ( 1781490139),261004411.000,Oct 2026,799.000,UNPAID,2026-10-17,2026-10-21,NaN,-,-,Bautista Palisoc Zone 7 OK,NaN
NaN,XPAL_Charlie_Cacabilos,639923057989.000,1758965446 ( 1758965446),261004412.000,Oct 2026,799.000,UNPAID,2026-10-28,2026-11-02,NaN,-,-,palisoc zone 7bautista,NaN
NaN,XPAL_Charlot_Gonzales,639466656600.000,1765358717 ( 1765358717),261004413.000,Oct 2026,799.000,UNPAID,2026-10-10,2026-10-14,NaN,-,-,zone 1 Palisoc Bautista Pangasinan,NaN
NaN,XPAL_MarcGieopher_Bendijo,639478376518.000,1768269900 ( 1768269900),261004414.000,Oct 2026,799.000,UNPAID,2026-10-13,2026-10-17,NaN,-,-,Palisoc zone 7 bautsta,Pangasinan OK,NaN
NaN,XPAL_MariaFe_Liberato,639318078324.000,1750740196 ( 1750740196),260905178.000,Oct 2026,967.000,UNPAID,2026-10-03,2026-10-07,NaN,-,-,#30 zone 2 Palisoc Bautista Pangasinan OK,NaN
NaN,XPAL_Shirley_Tomas,639156641963.000,1754126092 ( 1754126092),261004415.000,Oct 2026,799.000,UNPAID,2026-10-02,2026-10-06,NaN,-,-,Zone 5 Palisoc Bautista Pangasinan,NaN
NaN,XPAL_VernaLevy_Casabar,639917371626.000,1764219370 ( 1764219370),261004416.000,Oct 2026,799.000,UNPAID,2026-10-27,2026-10-31,NaN,-,-,Boundary Zone 6 Palisoc Bautista Pangasinan,NaN
NaN,XPAR_Anna_Pascua,639305591291.000,1769740100 ( 1769740100),261004417.000,Oct 2026,1,000,UNPAID,2026-10-28,2026-11-03,NaN,-,-,Purok 2 brgy paragos Bayambang Pangasinan,NaN
NaN,XPAR_Arha_Martinez,639638552545.000,1770035166 ( 1770035166),261004418.000,Oct 2026,1,000,UNPAID,2026-10-09,2026-10-13,NaN,-,-,Purok 2 Paragos Bayambang Pangasinan,NaN
NaN,XPAR_Belinda_Ragos,639153747407.000,1759397377 ( 1759397377),261004419.000,Oct 2026,1,000,UNPAID,2026-10-06,2026-10-10,NaN,-,-,purok 1 paragos bayambang panggasinan OK,NaN
NaN,XPAR_Benjamin_Bautista,639770864058.000,5100001 ( 5100001),261004420.000,Oct 2026,1,000,UNPAID,2026-10-25,2026-10-29,NaN,-,-,#2 Paragos Bayambang Pangasinan,NaN
NaN,XPAR_Cherry_Arenas,639690909788.000,1756374946 ( 1756374946),261004421.000,Oct 2026,1,500,UNPAID,2026-10-06,2026-10-10,NaN,-,-,Purok 1 paragos bayambang pangasinan,NaN
NaN,XPAR_Clarita_Lomibao,639813236068.000,1767689311 ( 1767689311),261004422.000,Oct 2026,1,000,UNPAID,2026-10-09,2026-10-13,NaN,-,-,Purok 3, Paragos, Bayambang, Pangasinan,NaN
NaN,XPAR_ClentJoshua_Ragos,639156904617.000,1788596631 ( 1788596631),261004423.000,Oct 2026,1,000,UNPAID,2026-10-15,2026-10-15,NaN,-,-,Paragos Bayambang Pangasinan,NaN
NaN,XPAR_Eduardo_Abellera,639664929621.000,5100004 ( 5100004),261004424.000,Oct 2026,901.000,PAID,2026-10-10,2026-10-17,2026-10-01,Reconnection,-,Paragos Bayambang Pangasinan DC JAN 25 RECON FEB 10,NaN
NaN,XPAR_Elena_Prestoza,639666493726.000,5100002 ( 5100002),261004425.000,Oct 2026,1,000,UNPAID,2026-10-10,2026-10-14,NaN,-,-,Purok 2 Paragos Bayambang Pangasinan,NaN
NaN,XPAR_Ellamae_Bautista,639309049445.000,1742799175 ( 1742799175),261004426.000,Oct 2026,1,000,UNPAID,2026-10-28,2026-11-02,NaN,-,-,Purok 2 Paragos B.Bang Pangasinan,NaN
NaN,XPAR_Gabrielle_Gabriel,639452447825.000,4300006 ( 4300006),261004427.000,Oct 2026,799.000,UNPAID,2026-10-08,2026-10-12,NaN,-,-,Purok 1 Brgy Paragos Bayambang Pangasinan OK,NaN
NaN,XPAR_Ginalyn_Prestoza,639656457359.000,5100006 ( 1717065140),261004428.000,Oct 2026,1,000,UNPAID,2026-10-02,2026-10-06,NaN,-,-,2 Brgy Paragos Bayambang Pangasinan UNPAID AUG DC AUG 30 recon nov 23,NaN
NaN,XPAR_Jaypee_Ragos,639150088327.000,1788753651 ( 1788753651),261004429.000,Oct 2026,1,000,UNPAID,2026-10-15,2026-10-15,NaN,-,-,Purok 3 Paragos Bayambang Pangasinan,NaN
NaN,XPAR_MariaFe_Fernandez_Ala,639150928858.000,5100005 ( 1717045042),261004430.000,Oct 2026,1,000,UNPAID,2026-10-28,2026-11-01,NaN,-,-,Purok 2 Paragos,NaN
NaN,XPAR_Marryann_Aguila,639218777108.000,5100008 ( 1717670467),261004431.000,Oct 2026,1,000,UNPAID,2026-10-06,2026-10-10,NaN,-,-,Purok 2 Paragos Bayambang Pangasinan,NaN
NaN,XPAR_PrincessMae_Julian,639157454960.000,1753864389 ( 1753864389),261004432.000,Oct 2026,1,000,UNPAID,2026-10-28,2026-11-04,NaN,-,-,Purok 1 Paragos Bayambang Pangasinan OK,NaN
NaN,XPAR_Reagan_Roque,639670720260.000,5100009 ( 1718449270),261004433.000,Oct 2026,1,000,UNPAID,2026-10-15,2026-10-19,NaN,-,-,108 Purok 2 Brgy Paragos Bayambang Pangasinan,NaN
NaN,XPAR_Reynaisa_Gerolaguin,639082706727.000,5100003 ( 5100003),261004434.000,Oct 2026,1,000,UNPAID,2026-10-28,2026-11-01,NaN,-,-,PUROK 1 BRGY PARAGOS BYB PNG,NaN
NaN,XPAR_Rinabel_Bautista,639050366787.000,1744776349 ( 1744776349),261004435.000,Oct 2026,1,000,UNPAID,2026-10-16,2026-10-20,NaN,-,-,Purok 2, Paragos, Bayambang, Pangasinan,NaN
NaN,XPAR_Shirely_Mariano,639101797389.000,1755485551 ( 1755485551),261004436.000,Oct 2026,1,000,UNPAID,2026-10-11,2026-10-15,NaN,-,-,Purok 1 Paragos Bayambang Pangasinan LCP 1 NAP 8 PORT 4 DANIEL/JUNE,NaN
NaN,XPA_Abegail_Herrera,639124555110.000,4900097 ( 1736324584),261004437.000,Oct 2026,1,000,UNPAID,2026-10-04,2026-10-08,NaN,-,-,PUROK 3 BRGY PANGDEL BYB PNG,NaN
NaN,XPA_Adrian_Balmoja,639267322951.000,230211175967 ( 230211175967),261004438.000,Oct 2026,1,000,UNPAID,2026-10-21,2026-10-25,NaN,-,-,Brgy Pangdel Bayambang PAngasinan,NaN
NaN,XPA_Ailine_Balas,639924106127.000,4900045 ( 4900045),261004439.000,Oct 2026,1,000,UNPAID,2026-10-14,2026-10-21,NaN,-,-,Purok 2 Pangdel Bayambang Pangasinan,NaN
NaN,XPA_Alejandro_Balmoja,639318400983.000,230204121603 ( 230204121603),261004440.000,Oct 2026,1,000,UNPAID,2026-10-08,2026-10-13,NaN,-,-,Pangdel Bayambang Pangasinan,NaN
NaN,XPA_Aljay_Herrera,639933342061.000,1761189799 ( 1761189799),261004441.000,Oct 2026,1,000,UNPAID,2026-10-12,2026-10-16,NaN,-,-,Purok 3, Pangdel B'bang Pang.,NaN
NaN,XPA_alvin_balmoja,639108007161.000,230211175966 ( 230211175966),261004442.000,Oct 2026,1,000,UNPAID,2026-10-01,2026-10-08,NaN,-,-,Purok 2 Brgy Pangdel Bayambang Pangasinan OK,NaN
NaN,XPA_Annie_Balais,639509292406.000,4900024 ( 4900024),261004443.000,Oct 2026,1,000,UNPAID,2026-10-05,2026-10-12,NaN,-,-,PUROK 2 BRGY PANGDEL BYB PNG,NaN
NaN,XPA_Aries_Daypo,639060172358.000,1749629857 ( 1749629857),261004444.000,Oct 2026,1,000,UNPAID,2026-10-11,2026-10-15,NaN,-,-,Purok 1, Pangdel, Bayambang, Pangasinan,NaN
NaN,XPA_Aris_Herrera,639923557662.000,4900039 ( 4900039),261004445.000,Oct 2026,1,000,UNPAID,2026-10-20,2026-10-27,NaN,-,-,Purok 1 Brgy Pangdel Bayambang Pangasinan,NaN
NaN,XPA_Arnold_Aquino,639289997977.000,230204105300 ( 230204105300),261004446.000,Oct 2026,1,000,UNPAID,2026-10-05,2026-10-08,NaN,-,-,Pangdel Bayambang Pangasinan,NaN
NaN,XPA_Aurelia_Herrera,639124584880.000,4900026 ( 4900026),261004447.000,Oct 2026,1,000,UNPAID,2026-10-17,2026-10-21,NaN,-,-,299 DIKE BRGY ROAD BRGY PANGDEL BYB PNG,NaN
NaN,XPA_Blessie_Ramos,639925673681.000,1768265375 ( 1768265375),261004448.000,Oct 2026,1,000,UNPAID,2026-10-13,2026-10-17,NaN,-,-,Purok 3, Pangdel BYB Pang.,NaN
NaN,XPA_Carla_Custodio,639262112193.000,4900051 ( 1706776403),261004449.000,Oct 2026,1,000,UNPAID,2026-10-01,2026-10-05,NaN,-,-,Purok 1 Pangdel Bayambang,NaN
NaN,XPA_Carlo_Gabiola,639939420765.000,1736927014 ( 1736927014),261004450.000,Oct 2026,1,000,UNPAID,2026-10-17,2026-10-21,NaN,-,-,PUROK 2 PANGDEL BYB PNG,NaN
NaN,XPA_CherryAnne_Caragan,639923557662.000,4900029 ( 4900029),261004451.000,Oct 2026,1,000,UNPAID,2026-10-17,2026-10-21,NaN,-,-,Purok 1 Brgy Pangdel Bayambang Pangasinan,NaN
NaN,XPA_Dante_Aquino,639686817302.000,1770379467 ( 1770379467),261004452.000,Oct 2026,799.000,UNPAID,2026-10-19,2026-10-23,NaN,-,-,Pangdel Purok 1 Nearest Landmark: Katabing bahay nila Jennifer Aquino,NaN
NaN,XPA_Dexter_Costales,639945450580.000,230203152948 ( 230203152948),261004453.000,Oct 2026,799.000,UNPAID,2026-10-10,2026-10-14,NaN,-,-,Purok 1 Pangdel Bayambang Pangasinan,NaN
NaN,XPA_Gloria_Bacunan,639060948183.000,1788408835 ( 1788408835),261004454.000,Oct 2026,1,500,UNPAID,2026-10-04,2026-10-08,NaN,-,-,Purok 1 barangay Pangdel bayambang Pangasinan,NaN
NaN,XPA_Henry_Delapasion,639164035702.000,4900023 ( 4900023),261004455.000,Oct 2026,1,000,UNPAID,2026-10-08,2026-10-12,NaN,-,-,Purok 1 Brgy Pangdel Bayambang Pangasinan,NaN
NaN,XPA_Isagani_Abalos,639217357322.000,230203104435 ( 230203104435),261004456.000,Oct 2026,1,000,UNPAID,2026-10-21,2026-10-25,NaN,-,-,Pangdel Bayambang Pangasinan,NaN
NaN,XPA_Jake_Labrador,639064082951.000,4900036 ( 4900036),261004457.000,Oct 2026,1,000,UNPAID,2026-10-27,2026-10-31,NaN,-,-,PUROK 1 BRGY PANGDEL BYB PNG,NaN
NaN,XPA_Jelyn_Abalos,639667404000.000,1743843639 ( 1743843639),261004458.000,Oct 2026,1,000,UNPAID,2026-10-05,2026-10-09,NaN,-,-,Purok 3 pangdel bayambang pangasinan,NaN
NaN,XPA_Jennifer_Aquino,639557670349.000,230529204208 ( 230529204208),261004459.000,Oct 2026,1,000,UNPAID,2026-10-14,2026-10-18,NaN,-,-,77 Purok 1 Brgy Pangdel Bayambang Pangasinan,NaN
NaN,XPA_Jenny_Abalos,639107665386.000,4900065 ( 1722933830),261004460.000,Oct 2026,1,000,UNPAID,2026-10-08,2026-10-12,NaN,-,-,BRGY PANGDEL BYB PNG OK,NaN
NaN,XPA_Jeramie_Abalos,639685829843.000,4900057 ( 1717499794),261004461.000,Oct 2026,1,000,UNPAID,2026-10-12,2026-10-16,NaN,-,-,PUROK 3 PANGDEL BYB PNG OK,NaN
NaN,XPA_Jeremiah_Carino,639353949591.000,1765510896 ( 1765510896),261004462.000,Oct 2026,1,000,UNPAID,2026-10-12,2026-10-16,NaN,-,-,Purok 2, Pangdel, Bayambang, Pangasinan,NaN
NaN,XPA_Jerry_Abalos,639064265825.000,230203115955 ( 230203115955),261004463.000,Oct 2026,1,000,UNPAID,2026-10-22,2026-10-26,NaN,-,-,Purok 2 Pangdel Bayambang Pangasinan OK,NaN
NaN,XPA_Jessie_Abalos,639751424187.000,230203141251 ( 230203141251),261004464.000,Oct 2026,1,000,UNPAID,2026-10-28,2026-11-04,NaN,-,-,Pangdel Bayambang Pangasinan OK,NaN
NaN,XPA_Joan_Cancino,639383630788.000,1762238121 ( 1762238121),261004465.000,Oct 2026,1,000,UNPAID,2026-10-04,2026-10-08,NaN,-,-,Purok 3, Pangdel,NaN
NaN,XPA_Jonalyn_Balmoja,639387733005.000,230203143954 ( 230203143954),261004466.000,Oct 2026,1,000,UNPAID,2026-10-28,2026-11-01,NaN,-,-,Pangdel Bayambang Pangasinan OK,NaN
NaN,XPA_Jonalyn_Libao,63939481806.000,4900007 ( 4900007),261004467.000,Oct 2026,1,000,UNPAID,2026-10-12,2026-10-19,NaN,-,-,DIKE ROAD BRGY PANGDEL BYB PNG,NaN
NaN,XPA_Joseph_Mallonga,639123456789.000,230214104534 ( 230214104534),260905206.000,Oct 2026,1,000,PAID,2026-10-01,2026-10-05,2026-09-26,GCASH,5045439562565.000,Brgy Pangdel Bayambang Pangasinan OK,NaN
NaN,XPA_Jovita_Borgueta,639308664675.000,230204131920 ( 230204131920),261004468.000,Oct 2026,1,000,UNPAID,2026-10-01,2026-10-05,NaN,-,-,Purok 2 Pangdel Bayambang Pangasinan,NaN
NaN,XPA_Juanita_Papio,639122944093.000,230203101735 ( 230203101735),261004469.000,Oct 2026,1,000,UNPAID,2026-10-28,2026-11-04,NaN,-,-,Pangdel Purok 2 Bayambang Pangasinan,NaN
NaN,XPA_Judelyn_Ferrer,639154215257.000,4900025 ( 4900025),261004470.000,Oct 2026,1,000,UNPAID,2026-10-14,2026-10-18,NaN,-,-,Purok 2 Brgy Pangdel Bayambang Pangasinan OK,NaN
NaN,XPA_Judy_Habagat,639913219291.000,240618162119 ( 1718698890),261004471.000,Oct 2026,1,000,UNPAID,2026-10-28,2026-11-03,NaN,-,-,Purok 1 Pangdel Bayambang,NaN
NaN,XPA_Lesliemae_Datuin,639550959719.000,1749869416 ( 1749869416),261004472.000,Oct 2026,1,000,UNPAID,2026-10-14,2026-10-18,NaN,-,-,Purok 1, Pangdel, Bayambang, Pangasinan,NaN
NaN,XPA_LeviAnn_Alcantara,639122701776.000,1749203443 ( 1749203443),261004473.000,Oct 2026,1,000,UNPAID,2026-10-06,2026-10-10,NaN,-,-,Purok 3 Diki Pangdel, Bayambang, Pangasinan,NaN
NaN,XPA_Loreta_Barrion,639050248225.000,1774423134 ( 1774423134),261004474.000,Oct 2026,1,000,UNPAID,2026-10-08,2026-10-12,NaN,-,-,Purok 2 Pangdel Bayambang Pangasinan,NaN
NaN,XPA_Loreto_Alabazo,639672741008.000,4900069 ( 1724296413),261004475.000,Oct 2026,1,000,UNPAID,2026-10-21,2026-10-25,NaN,-,-,Purok 2 Brgy Pangdel Bayambang Pangasinan,NaN
NaN,XPA_LovelyJoy_Fabian,639563459134.000,4900032 ( 4900032),261004476.000,Oct 2026,1,000,UNPAID,2026-10-10,2026-10-14,NaN,-,-,Purok 1 Brgy Pangdel Bayambang Pangasinan OK,NaN
NaN,XPA_Luis_Taruc,639918003237.000,4900072 ( 1727590078),261004477.000,Oct 2026,1,000,UNPAID,2026-10-21,2026-10-21,NaN,-,-,Purok 2 Brgy 214 Pangdel Bayambang Pangasinan UNPAID NOV DC DEC 5,NaN
NaN,XPA_MaeRamos_Martin,639369240155.000,1785126083 ( 1785126083),261004478.000,Oct 2026,1,000,UNPAID,2026-10-27,2026-10-31,NaN,-,-,Purok 3 Pangdel Bayambang Pangasinan OK,NaN
NaN,XPA_Mamer_Yamomo,639951445404.000,1785554507 ( 1785554507),261004479.000,Oct 2026,799.000,UNPAID,2026-10-02,2026-10-06,NaN,-,-,Purok 1, Pangdel Bayambang Pangasinaan OK,NaN
NaN,XPA_marianne_delacruz,639091823789.000,230211176000 ( 230211176000),261004480.000,Oct 2026,1,000,UNPAID,2026-10-10,2026-10-14,NaN,-,-,Brgy Pangdel,NaN
NaN,XPA_Marian_Poblete,639155469684.000,4900037 ( 4900037),261004481.000,Oct 2026,1,000,UNPAID,2026-10-25,2026-10-29,NaN,-,-,183 Purok 2 Brgy Pangdel Bayambang Pangasinan,NaN
NaN,XPA_Maribel_Carino,639279745543.000,1760931471 ( 1760931471),261004482.000,Oct 2026,1,000,UNPAID,2026-10-20,2026-10-24,NaN,-,-,Purok 2, Pangdel B'bang Pang.,NaN
NaN,XPA_Marino_Cayabyab,639166080197.000,1776915927 ( 1776915927),261004483.000,Oct 2026,1,000,UNPAID,2026-10-23,2026-10-27,NaN,-,-,Purok 1 Brgy Pangdel Bayambang Pangasinan ok,NaN
NaN,XPA_Mario_Abalos/Primitiva_Abalos,639128117143.000,230214104515 ( 230214104515),261004484.000,Oct 2026,1,000,UNPAID,2026-10-03,2026-10-07,NaN,-,-,Purok III Brgy Pangdel Bayambang Pangasinan,NaN
NaN,XPA_Marites_Tabios,639109690250.000,4900030 ( 4900030),261004485.000,Oct 2026,1,000,UNPAID,2026-10-15,2026-10-19,NaN,-,-,140 Purok 2 Brgy Pangdel Bayambang Pangasinan,NaN
NaN,XPA_MarkJosh_Espejo,639050248225.000,1774423055 ( 1774423055),260905222.000,Oct 2026,901.000,UNPAID,2026-10-27,2026-10-31,NaN,-,-,Purok 2 Pangdel Pangasinan,NaN
NaN,XPA_Melody_Pardales,639951445404.000,230203153947 ( 230203153947),261004486.000,Oct 2026,1,000,UNPAID,2026-10-21,2026-10-25,NaN,-,-,Purok 2 Pangdel Bayambang Pangasinan,NaN
NaN,XPA_MikeAlmer_Carino,639707304409.000,1774525739 ( 1774525739),261004487.000,Oct 2026,1,000,UNPAID,2026-10-27,2026-10-31,NaN,-,-,#235A PUROK 2 PANGDEL, BAYAMBANG, PANGASINAN,NaN
NaN,XPA_Milagros_Remada,639208981055.000,4900052 ( 1709209548),261004488.000,Oct 2026,1,000,UNPAID,2026-10-17,2026-10-21,NaN,-,-,Purok 1 Pangdel Bayambang,NaN
NaN,XPA_Nenita_Magno,639509502224.000,230211175964 ( 230211175964),261004489.000,Oct 2026,1,000,UNPAID,2026-10-01,2026-10-05,NaN,-,-,Dike Road Brgy Pangdel,NaN
NaN,XPA_Nestor_Gloria,639708327876.000,4900021 ( 4900021),261004490.000,Oct 2026,1,000,UNPAID,2026-10-28,2026-11-01,NaN,-,-,138 Purok 2 Pangdel Bayambang Pangasinan,NaN
NaN,XPA_Nida_Alanas,639666579485.000,1759397059 ( 1759397059),261004491.000,Oct 2026,1,000,UNPAID,2026-10-02,2026-10-06,NaN,-,-,Purok 1 Pangdel Bayambang Pangasinan,NaN
NaN,XPA_Nidy_Carino,639562285703.000,230204132220 ( 230204132220),261004492.000,Oct 2026,1,000,UNPAID,2026-10-08,2026-10-12,NaN,-,-,Pangdel Bayambang Pangasinan OK,NaN
NaN,XPA_Olive_Herrera,639938834873.000,4900033 ( 4900033),261004493.000,Oct 2026,1,000,UNPAID,2026-10-16,2026-10-20,NaN,-,-,Purok 3 Brgy Pangdel Bayambang Pangasinan,NaN
NaN,XPA_Paulino_Carino,639123456789.000,230211175963 ( 230211175963),261004494.000,Oct 2026,1,000,UNPAID,2026-10-28,2026-11-02,NaN,-,-,Purok 3 Brgy Pangdel Bayambang Pangasinan,NaN
NaN,XPA_Pel_Asuncion,639279126572.000,1769565712 ( 1769565712),261004495.000,Oct 2026,799.000,UNPAID,2026-10-28,2026-11-01,NaN,-,-,Near KRC Motorparts Purok 3 Pangdel Bayambang Pangasinan,NaN
NaN,XPA_Pina_Cervantes,639451260146.000,230221183042 ( 230221183042),261004496.000,Oct 2026,1,000,UNPAID,2026-10-23,2026-10-27,NaN,-,-,Purok 2 Brgy Pangdel Bayambang Pangasinan,NaN
NaN,XPA_Ramon_Failanga,639060351346.000,4900059 ( 1717573770),261004497.000,Oct 2026,1,000,UNPAID,2026-10-05,2026-10-09,NaN,-,-,PUROK 1 PANGDEL BYB PNG OK,NaN
NaN,XPA_Ramon_Melecio,639287167894.000,4900043 ( 4900043),261004498.000,Oct 2026,1,000,UNPAID,2026-10-28,2026-11-03,NaN,-,-,Purok 1 Brgy Pangdel Bayambang Pangasinan,NaN
NaN,XPA_Rany_Laza,639927080630.000,1745892248 ( 1745892248),261004499.000,Oct 2026,1,000,UNPAID,2026-10-28,2026-11-02,NaN,-,-,Purok 2 pangdel B.Bang Pangasinan,NaN
NaN,XPA_Raziel_Torio,639540957073.000,4900071 ( 1726369492),261004500.000,Oct 2026,1,000,UNPAID,2026-10-14,2026-10-18,NaN,-,-,Purok 3 Brgy Pangdel Bayambang Pangasinan,NaN
NaN,XPA_Regie/Lotus_Libao,639123456789.000,230211176001 ( 230211176001),261004501.000,Oct 2026,2,000,UNPAID,2026-10-10,2026-10-14,NaN,-,-,Brgy Pangdel,NaN
NaN,XPA_Renalyn_Bautista,639936798665.000,4900061 ( 1717574759),261004502.000,Oct 2026,1,000,UNPAID,2026-10-12,2026-10-16,NaN,-,-,PUROK 1 PANGDEL BYB PNG OK,NaN
NaN,XPA_Resty_Lagoy,639293333201.000,1766727876 ( 1766727876),261004503.000,Oct 2026,1,000,UNPAID,2026-10-27,2026-11-02,NaN,-,-,Purok 1 Pangdel,NaN
NaN,XPA_Robert_Alanas,639454508899.000,4900044 ( 4900044),261004504.000,Oct 2026,1,500,UNPAID,2026-10-27,2026-11-02,NaN,-,-,Purok 2 Brgy Pangdel Bayambang Pangasinan OK,NaN
NaN,XPA_Roda_Resoso,639123456789.000,230211176003 ( 230211176003),261004505.000,Oct 2026,1,000,UNPAID,2026-10-10,2026-10-14,NaN,-,-,Brgy Pangdel,NaN
NaN,XPA_Ronie_Padlan,639071500338.000,230203170045 ( 230203170045),261004506.000,Oct 2026,1,000,PAID,2026-10-01,2026-10-05,2026-10-01,Reconnection,7045630101396.000,Pangdel Bayambang Pangasinan,NaN
NaN,XPA_Rosalina_Balmoja,639383300097.000,230204120705 ( 230204120705),261004507.000,Oct 2026,1,000,UNPAID,2026-10-28,2026-11-07,NaN,-,-,Purok 2 Pangdel Bayambang Pangasinan OK,NaN
NaN,XPA_Rowena_Duenas,639927147033.000,4900004 ( 4900004),261004508.000,Oct 2026,1,000,UNPAID,2026-10-02,2026-10-06,NaN,-,-,Purok 2 Brgy Pangdel Bayambang Pangasinan,NaN
NaN,XPA_Sanny_Romano,639924106127.000,1738206979 ( 1738206979),261004509.000,Oct 2026,1,000,UNPAID,2026-10-28,2026-11-04,NaN,-,-,Purok 3 Pangdel Bayambang Pangasinan,NaN
NaN,XPA_Soledad_Cayabyab,639153952210.000,1785922646 ( 1785922646),261004510.000,Oct 2026,1,000,UNPAID,2026-10-07,2026-10-11,NaN,-,-,Purok 1 Pangdel Bayambang Pangasinan OK,NaN
NaN,XPA_Susan_Petuya,639384369035.000,4900055 ( 1711171674),261004511.000,Oct 2026,1,000,UNPAID,2026-10-06,2026-10-10,NaN,-,-,PUROK 2 PANGDEL BYB PNG,NaN
NaN,XPA_Therence_Arcilla,639171498243.000,1757492298 ( 1757492298),261004512.000,Oct 2026,1,000,UNPAID,2026-10-10,2026-10-14,NaN,-,-,Purok 3 Pangdel Bayambang Pangasinan,NaN
NaN,XPA_Tita_Gabiola,639505060557.000,230203151826 ( 230203151826),261004513.000,Oct 2026,1,000,UNPAID,2026-10-04,2026-10-08,NaN,-,-,PANGDEL BAYAMBANG PANGASINAN,NaN
NaN,XPA_TrixieMae_Eduria,639953287051.000,4900058 ( 1717500004),261004514.000,Oct 2026,1,000,UNPAID,2026-10-09,2026-10-09,NaN,-,-,PUROK 3 PANGDEL BYB PNG,NaN
NaN,XPA_Veronica_Celajes,639352104844.000,4900031 ( 4900031),261004515.000,Oct 2026,1,000,UNPAID,2026-10-23,2026-10-27,NaN,-,-,Purok 1 Brgy Pangdel Bayambang Pangasinan,NaN
NaN,XPA_Violeta_Solidum,639817621621.000,1758944613 ( 1758944613),261004516.000,Oct 2026,1,000,UNPAID,2026-10-27,2026-10-31,NaN,-,-,pangdel purok 2 bayambang panggasinan,NaN
NaN,XPA_Virgilio_Datuin,639671372218.000,4900060 ( 1717573945),261004517.000,Oct 2026,1,000,UNPAID,2026-10-05,2026-10-09,NaN,-,-,PUROK 1 PANGDEL BYB PNG,NaN
NaN,XPEA_Jerlyn_Nabor,639929139285.000,1757063351 ( 1757063351),261004518.000,Oct 2026,1,000,UNPAID,2026-10-11,2026-10-15,NaN,-,-,Zone 2, Poblacion East, Alcala, Pangasinan,NaN
NaN,XPE_Alvin_Junio,639077775533.000,1740813828 ( 1740813828),261004519.000,Oct 2026,799.000,UNPAID,2026-10-07,2026-10-11,NaN,-,-,POBLACION EAST ALCALA PNG,NaN
NaN,XPE_Aurelio_Rina,639508808061.000,1737707061 ( 1737707061),261004520.000,Oct 2026,799.000,UNPAID,2026-10-24,2026-10-28,NaN,-,-,M.H. Delpilar poblacion east Bautista Pangasinan,NaN
NaN,XPE_Belinda_Garcia,639685203255.000,1788396866 ( 1788396866),261004521.000,Oct 2026,799.000,UNPAID,2026-10-04,2026-10-08,NaN,-,-,Poblacion East Bautista,NaN
NaN,XPE_Catherine_Rosario,639389365889.000,1745997547 ( 1745997547),260905245.000,Oct 2026,799.000,PAID,2026-10-02,2026-10-06,2026-09-30,GCASH,1045606347932.000,Poblacion East, Bautista, Pangasinan,NaN
NaN,XPE_Herita_Chantioco,639158344910.000,1780371719 ( 1780371719),261004522.000,Oct 2026,799.000,UNPAID,2026-10-03,2026-10-07,NaN,-,-,#21 Poblacion East, Bautista, Pangasinan,NaN
NaN,XPE_John_John_Perez,639085505743.000,1779946285 ( 1779946285),261004523.000,Oct 2026,1,500,UNPAID,2026-10-02,2026-10-06,NaN,-,-,Castañeda Street, Poblacion East, Alcala, Pangasinan NEAREST LANDMARK: Alcala TESDA Training Center, Behind POBLACION EAST BARANGAY HALL,NaN
NaN,XPE_LheilaMay_Lagula,639187198370.000,1760005169 ( 1760005169),261004524.000,Oct 2026,1,000,UNPAID,2026-10-01,2026-10-05,NaN,-,-,11 Merrit Poblacion East Alcala Pangasinan,NaN
NaN,XPE_Myra_Africa,639090969074.000,1779545984 ( 1779545984),261004525.000,Oct 2026,1,000,UNPAID,2026-10-25,2026-10-29,NaN,-,-,Poblacion East Bautista Pangasinan,NaN
NaN,XPE_Noel_DeGuzman,639184077739.000,1788578452 ( 1788578452),261004526.000,Oct 2026,799.000,UNPAID,2026-10-09,2026-10-13,NaN,-,-,Poblacion East Bautista Pangasinan,NaN
NaN,XPE_RhianDarynn_Blanco,639307974157.000,1784100055 ( 1784100055),261004527.000,Oct 2026,1,000,UNPAID,2026-10-17,2026-10-21,NaN,-,-,158 Don P. Tadeo zone 4 Poblacion East, Alcala Pangasinan OK,NaN
NaN,XPE_Stefanie_Sebastian,639163017447.000,1764125211 ( 1764125211),261004528.000,Oct 2026,799.000,UNPAID,2026-10-27,2026-10-31,NaN,-,-,zone 6 poblacion east bautista pangasinan,NaN
NaN,XPIN_Agustin_Nario,639279711706.000,1785645654 ( 1785645654),261004529.000,Oct 2026,799.000,UNPAID,2026-10-04,2026-10-08,NaN,-,-,Aguada St., Pindangan West, Alcala, Pangasinan Ok,NaN
NaN,XPIN_Aileen_DeVera,639614266088.000,1783468118 ( 1783468118),261004530.000,Oct 2026,1,000,UNPAID,2026-10-08,2026-10-12,NaN,-,-,Zone 1, Torres St. Pindangan Centro Alcala Pangsinan OK,NaN
NaN,XPIN_Ailyn_Cabiso,639923407523.000,1759290757 ( 1759290757),261004531.000,Oct 2026,1,000,UNPAID,2026-10-03,2026-10-07,NaN,-,-,113 pindangan Centro alcala Pangasinan,NaN
NaN,XPIN_Aldo_Madronio,639093930802.000,1784194499 ( 1784194499),261004532.000,Oct 2026,799.000,UNPAID,2026-10-19,2026-10-23,NaN,-,-,Zone 1, Pindangan East Bayambang Pangasinan OK,NaN
NaN,XPIN_AnaMae_Agsaoay,639345675541.000,1788483251 ( 1788483251),261004533.000,Oct 2026,1,000,UNPAID,2026-10-04,2026-10-08,NaN,-,-,zone 7 Pindangan West Alcala Pangasinan,NaN
NaN,XPIN_Angelie_Bisarra,639102488540.000,1779271954 ( 1779271954),261004534.000,Oct 2026,799.000,UNPAID,2026-10-21,2026-10-25,NaN,-,-,Zone 6 pindangan east ALCALA pangasinan,NaN
NaN,XPIN_Angel_Montemayor,639108322980.000,1787703019 ( 1787703019),261004535.000,Oct 2026,799.000,UNPAID,2026-10-26,2026-10-30,NaN,-,-,Pindangan West zone 3 Alcala,NaN
NaN,XPIN_AnnaRica_Mayo,639923058027.000,1785844887 ( 1785844887),261004536.000,Oct 2026,1,000,UNPAID,2026-10-05,2026-10-09,NaN,-,-,Zone 1 Pindangan East Alcala Pangasinan OK,NaN
NaN,XPIN_Bill_Agustin,639685649661.000,1777531886 ( 1777531886),261004537.000,Oct 2026,1,000,UNPAID,2026-10-28,2026-11-02,NaN,-,-,Pindangan west zone 6 labuan road,NaN
NaN,XPIN_Bryan_Bagana,639924549083.000,1785916542 ( 1785916542),261004538.000,Oct 2026,1,000,UNPAID,2026-10-05,2026-10-09,NaN,-,-,Doña aurora St. Zone 1 Pindangan East Alcala Pang OK,NaN
NaN,XPIN_Bryan_Bagana2,639924549083.000,1786326296 ( 1786326296),261004539.000,Oct 2026,1,000,UNPAID,2026-10-17,2026-10-21,NaN,-,-,Zone 6 Mannaraon Pindangan East,NaN
NaN,XPIN_Cecilia_Perrion,639635813305.000,1783844046 ( 1783844046),261004540.000,Oct 2026,1,000,UNPAID,2026-10-14,2026-10-18,NaN,-,-,#35 Pindangan East Alcala Pangasinan,NaN
NaN,XPIN_CharmainRose_Jimenez,639468489655.000,1789778263 ( 1789778263),261004541.000,Oct 2026,799.000,UNPAID,2026-10-19,2026-10-23,NaN,-,-,Zone 7 Pindangan Centro Alcala Pang.,NaN
NaN,XPIN_Cindy_Torres,639918003213.000,1766132709 ( 1766132709),261004542.000,Oct 2026,799.000,UNPAID,2026-10-19,2026-10-23,NaN,-,-,Zone 6 labuan road pindangan centro alcala pangasinan,NaN
NaN,XPIN_Conrado_Maranan,639947835837.000,1787209733 ( 1787209733),261004543.000,Oct 2026,799.000,UNPAID,2026-10-20,2026-10-24,NaN,-,-,Pindangan West, Alcala Pangasinan,NaN
NaN,XPIN_Cristeta_Fortez,639935769369.000,1776469750 ( 1776469750),261004544.000,Oct 2026,1,000,UNPAID,2026-10-01,2026-10-05,NaN,-,-,Zone 7 Pindangan Centro,NaN
NaN,XPIN_Cristina_Quines,639515520487.000,1783658178 ( 1783658178),261004545.000,Oct 2026,1,000,UNPAID,2026-10-10,2026-10-14,NaN,-,-,Zone 6 Pindangan Centro Alcala Pangasinan,NaN
NaN,XPIN_Darrel_Domingo,639398901653.000,1779870787 ( 1779870787),261004546.000,Oct 2026,799.000,UNPAID,2026-10-01,2026-10-04,NaN,-,-,Pindangan East Purok liwliwa zone 2 referred by Sir Cris Torres,NaN
NaN,XPIN_DebbieGrace_Bete1,639187780802.000,1786149887 ( 1786149887),261004547.000,Oct 2026,1,000,UNPAID,2026-10-11,2026-10-15,NaN,-,-,Mannaraon St. Pindangan East Alcala Pangasinan OK,NaN
NaN,XPIN_DennisRoldan_Agsaoay,639663200790.000,1785298102 ( 1785298102),261004548.000,Oct 2026,1,000,UNPAID,2026-10-28,2026-11-02,NaN,-,-,161 Zone 1, Pindangan East, Alcala, Pangasinan,NaN
NaN,XPIN_Dibie_Torres,639345738435.000,1783729508 ( 1783729508),261004549.000,Oct 2026,799.000,UNPAID,2026-10-12,2026-10-16,NaN,-,-,Zone6 Pindangan Centro Alcala OK,NaN
NaN,XPIN_Dionisio_Vagilla,639955521859.000,1786082229 ( 1786082229),261004550.000,Oct 2026,1,000,UNPAID,2026-10-18,2026-10-22,NaN,-,-,PINDANGAN WEST, ZONE 2 ALCALA PANGASINAN,NaN
NaN,XPIN_Eddie_Lazaga,639078862912.000,1775866171 ( 1775866171),261004551.000,Oct 2026,1,000,UNPAID,2026-10-11,2026-10-15,NaN,-,-,185 Torres Street, Pindangan Centro,NaN
NaN,XPIN_Ednalyn_Balbin,639945129123.000,1783144555 ( 1783144555),261004552.000,Oct 2026,799.000,UNPAID,2026-10-06,2026-10-10,NaN,-,-,Zone 4 Pindangan West Alcala Pangasinan OK,NaN
NaN,XPIN_Emily_Resurreccion,639121459244.000,1756719344 ( 1756719344),261004553.000,Oct 2026,1,000,UNPAID,2026-10-22,2026-10-26,NaN,-,-,Zone 1 PINDANGAN east ALCALA PANGASINAN,NaN
NaN,XPIN_Erlinda_Altura,639922922330.000,1754382085 ( 1754382085),261004554.000,Oct 2026,1,000,UNPAID,2026-10-05,2026-10-09,NaN,-,-,201 Liwliwa, Pindangan East, Alcala, Pangasinan,NaN
NaN,XPIN_Freddie_Cabiso,639923297798.000,1777905116 ( 1777905116),261004555.000,Oct 2026,799.000,UNPAID,2026-10-05,2026-10-09,NaN,-,-,Zone 2 pindangan centro alcala pangasinan OK,NaN
NaN,XPIN_Gemma_Piamonte,639936302510.000,1785024361 ( 1785024361),261004556.000,Oct 2026,1,000,UNPAID,2026-10-28,2026-11-02,NaN,-,-,Zone 2, Pindangan West, Alcala, Pangasinan OK,NaN
NaN,XPIN_GianCarlo_Pamuspusan,639928754220.000,1789185963 ( 1789185963),261004557.000,Oct 2026,1,000,UNPAID,2026-10-14,2026-10-18,NaN,-,-,ZONE 6 PINDANGAN EAST, ALCALA, PANGASINAN,NaN
NaN,XPIN_Glenda_Torio,639338138918.000,1770028310 ( 1770028310),261004558.000,Oct 2026,1,000,UNPAID,2026-10-04,2026-10-08,NaN,-,-,mencias st .pindangan west alcala pangasinan,NaN
NaN,XPIN_GorgeTercias_Torres,639921598256.000,1783468211 ( 1783468211),261004559.000,Oct 2026,799.000,UNPAID,2026-10-08,2026-10-12,NaN,-,-,Zone 5 pindangan centro alcala pangasinan Done Pullout,NaN
NaN,XPIN_Hans_Itorma,639911478965.000,1780884122 ( 1780884122),261004560.000,Oct 2026,1,000,UNPAID,2026-10-08,2026-10-12,NaN,-,-,Pindangan West Zone 6 Alcala Pangasinan,NaN
NaN,XPIN_HolyFamilyEducationalInstitutionInc,639217318049.000,1770514704 ( 1770514704),261004561.000,Oct 2026,1,000,UNPAID,2026-10-09,2026-10-13,NaN,-,-,Pindangan West, Alcala, Pangasinan,NaN
NaN,XPIN_Jacklord_Bongolan,639949938184.000,1757320455 ( 1757320455),261004562.000,Oct 2026,799.000,UNPAID,2026-10-08,2026-10-12,NaN,-,-,Zone 3 pindangan west alcala PANGASINAN,NaN
NaN,XPIN_Jackson_Madamca,639929139883.000,1783319354 ( 1783319354),261004563.000,Oct 2026,799.000,UNPAID,2026-10-06,2026-10-10,NaN,-,-,Zone 4 pindangan Centro Alcala Pangasinan OK,NaN
NaN,XPIN_James_Biala,639932839031.000,1786510900 ( 1786510900),261004564.000,Oct 2026,1,500,UNPAID,2026-10-24,2026-10-28,NaN,-,-,Doña aurora pindangan east alcala pang OK,NaN
NaN,XPIN_Janice_Torres,639949297580.000,1766047528 ( 1766047528),261004565.000,Oct 2026,799.000,UNPAID,2026-10-18,2026-10-22,NaN,-,-,Pindangan,NaN
NaN,XPIN_Jayvee_Tubera,639919392059.000,1785905310 ( 1785905310),261004566.000,Oct 2026,1,000,UNPAID,2026-10-05,2026-10-09,NaN,-,-,Pindangan east doña aurora st. Alcala pangasinan OK,NaN
NaN,XPIN_Jenelyn_Jimenez,639859768244.000,1789777212 ( 1789777212),261004567.000,Oct 2026,799.000,UNPAID,2026-10-19,2026-10-23,NaN,-,-,Zone 7 Pindangan Centro Alcala Pangasinan,NaN
NaN,XPIN_Jennie_Obar,63109941203428.000,1783825558 ( 1783825558),260905187.000,Oct 2026,835.000,UNPAID,2026-10-15,2026-10-19,NaN,-,-,ZONE 2 PUROK LIWLIWA PINDANGAN EAST ALCALA PANGASINAN,NaN
NaN,XPIN_Jenny_Lopez,639945662611.000,1788258793 ( 1788258793),261004568.000,Oct 2026,1,000,UNPAID,2026-10-03,2026-10-07,NaN,-,-,PINDANGAN EAST ALCALA PANGASINAN,NaN
NaN,XPIN_Jessieca_Torres,639127412583.000,1777531787 ( 1777531787),261004569.000,Oct 2026,799.000,UNPAID,2026-10-28,2026-11-02,NaN,-,-,Pindangan centro zone 7 alcala pangasinan,NaN
NaN,XPIN_JoMarie_Agsaoay,639925425502.000,1789778403 ( 1789778403),261004570.000,Oct 2026,1,000,UNPAID,2026-10-19,2026-10-23,NaN,-,-,Pindangan East Alcala Pangasinan,NaN
NaN,XPIN_Jomar_Barcel,639917677551.000,1764235785 ( 1764235785),261004571.000,Oct 2026,799.000,UNPAID,2026-10-28,2026-11-02,NaN,-,-,80 mannaraon pindangan East alcala Pangasinan,NaN
NaN,XPIN_JonaJane_Rowui,639937262856.000,1773128418 ( 1773128418),261004572.000,Oct 2026,1,000,UNPAID,2026-10-10,2026-10-14,NaN,-,-,Zone 1 Torres Tt. Pindangan Centro Alcala Pangasinan,NaN
NaN,XPIN_JudyAnn_Auingan,639938520919.000,1782732066 ( 1782732066),261004573.000,Oct 2026,1,000,UNPAID,2026-10-06,2026-10-10,NaN,-,-,Zone 2 Pindangan West Alcala Pangasinan,NaN
NaN,XPIN_Junior_Montero,639911332063.000,1768376470 ( 1768376470),261004574.000,Oct 2026,799.000,UNPAID,2026-10-14,2026-10-18,NaN,-,-,Zone 1, Pindangan East Alcala Pangasinan,NaN
NaN,XPIN_Karla_Rivales,639939408417.000,1788162093 ( 1788162093),261004575.000,Oct 2026,1,000,UNPAID,2026-10-01,2026-10-05,NaN,-,-,Zone 5 Mannaraon Pindangan East Alcala Pangasinan,NaN
NaN,XPIN_Ladelyn_Bebat,639934577613.000,1775615527 ( 1775615527),261004576.000,Oct 2026,1,000,UNPAID,2026-10-08,2026-10-12,NaN,-,-,Pindangan West Zone 3 Alcala Pangasinan.,NaN
NaN,XPIN_Lester_Peralta,639935099651.000,1788402547 ( 1788402547),261004577.000,Oct 2026,799.000,UNPAID,2026-10-05,2026-10-09,NaN,-,-,Zone 7 Pindangan Centro Alcala Pang.,NaN
NaN,XPIN_Lovely_Cabotaje,639304933701.000,1787702881 ( 1787702881),261004578.000,Oct 2026,799.000,UNPAID,2026-10-26,2026-10-30,NaN,-,-,Torres st. Pindangan Centro, Alcala,NaN
NaN,XPIN_Madelyn_Madronio,6399932114708.000,1787961201 ( 1787961201),261004579.000,Oct 2026,1,000,UNPAID,2026-10-01,2026-10-05,NaN,-,-,Purok liwliwa zone 2. Pindangan east alcala pangasinan,NaN
NaN,XPIN_MaetaRae_Nazareno,639569602320.000,1780282387 ( 1780282387),261004580.000,Oct 2026,1,000,UNPAID,2026-10-23,2026-10-27,NaN,-,-,Purok 2 liwliwa pindangan east alcala pangasinan.,NaN
NaN,XPIN_Magdalina_Bauzon,639935256012.000,1787480804 ( 1787480804),261004581.000,Oct 2026,799.000,UNPAID,2026-10-26,2026-10-30,NaN,-,-,pindangan east doño arora alcala pangasinan,NaN
NaN,XPIN_MariaElena_Peralta,639920488101.000,1787449960 ( 1787449960),261004582.000,Oct 2026,1,000,UNPAID,2026-10-23,2026-10-27,NaN,-,-,Pindangan centro zone 7 alcala pangasinam,NaN
NaN,XPIN_MariaElena_Sayson,639192551380.000,1780882958 ( 1780882958),261004583.000,Oct 2026,1,000,UNPAID,2026-10-09,2026-10-13,NaN,-,-,Pindangan West Zone 1 Alcala Pangasinan,NaN
NaN,XPIN_Maribel_Bautista,639706436069.000,1786151510 ( 1786151510),261004584.000,Oct 2026,1,000,UNPAID,2026-10-11,2026-10-15,NaN,-,-,Pindangan East Alcala Pangasinan,NaN
NaN,XPIN_Maricris_Barnachea,639480398342.000,1788064678 ( 1788064678),261004585.000,Oct 2026,1,000,UNPAID,2026-10-01,2026-10-05,NaN,-,-,Pindangan Centro Torres st, Alcala, Pangasinan,NaN
NaN,XPIN_Marilou_Sibayan,639568956942.000,1781000760 ( 1781000760),261004586.000,Oct 2026,1,000,UNPAID,2026-10-11,2026-10-15,NaN,-,-,Zone 3 cabotaje st.Pindangan Centro Alcala Pangasinan,NaN
NaN,XPIN_MarkGil_Cabiso,639933731955.000,1775815667 ( 1775815667),261004587.000,Oct 2026,799.000,UNPAID,2026-10-10,2026-10-14,NaN,-,-,Cabotaje Street Pindangan Centro,NaN
NaN,XPIN_Mark_Quindara,639271780604.000,1768708637 ( 1768708637),261004588.000,Oct 2026,1,000,UNPAID,2026-10-01,2026-10-05,NaN,-,-,Zone 3, Pindangan, Alcala, Pangasinan,NaN
NaN,XPIN_Marwin_Bauzon,639935256012.000,1787480967 ( 1787480967),261004589.000,Oct 2026,799.000,UNPAID,2026-10-26,2026-10-30,NaN,-,-,Liwliwa zone 2 pindangan east alcala pangasinan,NaN
NaN,XPIN_Maryann_Agustin,639915844100.000,1775556741 ( 1775556741),261004590.000,Oct 2026,1,000,UNPAID,2026-10-08,2026-10-12,NaN,-,-,#53 PINDANGAN WEST, ALCALA,NaN
NaN,XPIN_MaryJane_Cerezo,639152715225.000,1788741580 ( 1788741580),261004591.000,Oct 2026,799.000,UNPAID,2026-10-07,2026-10-11,NaN,-,-,Pindangan west zone 6 alcala pangasinan,NaN
NaN,XPIN_MaryJoyce_Lopez,639924123164.000,1785294498 ( 1785294498),261004592.000,Oct 2026,799.000,UNPAID,2026-10-28,2026-11-02,NaN,-,-,Pindangan east liwliwa zone 2 OK,NaN
NaN,XPIN_Nilson_Tolentino,639657041127.000,1775276604 ( 1775276604),261004593.000,Oct 2026,1,500,UNPAID,2026-10-06,2026-10-15,NaN,-,-,Brgy : PINDANGAN EAST, ALCALA PANGASINAN ( malapit sa arko ng Alcala-Sto. Tomas boundary) Tindahan - TOLENTINO STORE,NaN
NaN,XPIN_Rebecca_Agsaoay,639927386498.000,1789353908 ( 1789353908),261004594.000,Oct 2026,1,000,UNPAID,2026-10-14,2026-10-18,NaN,-,-,Labuan road zone 7 Pindangan West Alcala,NaN
NaN,XPIN_Remedeos_Bauzon,63912313802.000,1788160403 ( 1788160403),261004595.000,Oct 2026,1,000,UNPAID,2026-10-01,2026-10-05,NaN,-,-,Pindangan east doña aurora alcala pangasinan,NaN
NaN,XPIN_Rendyll_Nelmida,639858506051.000,1783825386 ( 1783825386),261004596.000,Oct 2026,1,000,UNPAID,2026-10-12,2026-10-16,NaN,-,-,zone 6 pindangan centro alcala pangasinan OK,NaN
NaN,XPIN_Rex_Orcajo,639774432360.000,1787389677 ( 1787389677),261004597.000,Oct 2026,1,000,UNPAID,2026-10-24,2026-10-28,NaN,-,-,Pindangan west zone 4 alcala pangasinan OK,NaN
NaN,XPIN_Reymart_Tabula,639552214271.000,1786794007 ( 1786794007),261004598.000,Oct 2026,1,000,UNPAID,2026-10-18,2026-10-22,NaN,-,-,pind.centro zome 6 alcala pang.,NaN
NaN,XPIN_Rhoda_Sabiano,639928723220.000,1766128023 ( 1766128023),261004599.000,Oct 2026,1,000,UNPAID,2026-10-19,2026-10-23,NaN,-,-,110 mencias pindangan Alcala Pangasinan,NaN
NaN,XPIN_Rico_Medrano,639461187001.000,1778902948 ( 1778902948),261004600.000,Oct 2026,1,000,UNPAID,2026-10-17,2026-10-21,NaN,-,-,Purok Mannaraon, Pindangan East, Alcala Pangasinan 2425,NaN
NaN,XPIN_Rochelle_Cabanilla,639810129372.000,1762573222 ( 1762573222),261004601.000,Oct 2026,799.000,UNPAID,2026-10-08,2026-10-12,NaN,-,-,95 pindangan East alcala Pangasinan,NaN
NaN,XPIN_Roderick_Torres,639935310393.000,1779420341 ( 1779420341),261004602.000,Oct 2026,799.000,UNPAID,2026-10-22,2026-10-26,NaN,-,-,Pindangan Centro Alcala Pangasinan 10/1/26 done Pullout -jojo,NaN
NaN,XPIN_Rolly_Sumalbag,639353752411.000,1754365091 ( 1754365091),261004603.000,Oct 2026,799.000,UNPAID,2026-10-20,2026-10-24,NaN,-,-,Zone 1 Liwliwa, Pindangan East, Alcala, Pangasinan,NaN
NaN,XPIN_Ronald_Dumaoal,639938621051.000,1777511360 ( 1777511360),261004604.000,Oct 2026,799.000,UNPAID,2026-10-28,2026-11-02,NaN,-,-,Zone 3 pindangan centro alcala pangasinan.,NaN
NaN,XPIN_Rosalina_Torres,639917998741.000,1783315072 ( 1783315072),261004605.000,Oct 2026,799.000,UNPAID,2026-10-06,2026-10-10,NaN,-,-,zone 5 Pindangan Centro Alcala Pangasinan OK,NaN
NaN,XPIN_RoseAnn_Tercias,639924250942.000,1786426858 ( 1786426858),261004606.000,Oct 2026,1,000,UNPAID,2026-10-12,2026-10-16,NaN,-,-,Mannaraon st. Pindangan East Alcala Pangasinan OK,NaN
NaN,XPIN_Rowena_Lazaro,639241412367.000,1785037254 ( 1785037254),261004607.000,Oct 2026,1,000,UNPAID,2026-10-01,2026-10-05,NaN,-,-,Zone 7 Pindangan centro alcala Pangasinan OK,NaN
NaN,XPIN_Sanny_Cabotaje,639302534833.000,1775908969 ( 1775908969),261004608.000,Oct 2026,1,000,UNPAID,2026-10-12,2026-10-16,NaN,-,-,Torres street pindangan centro referred bu Sir Cris Torres,NaN
NaN,XPIN_Sanny_Ramos,639928248452.000,1773153804 ( 1773153804),261004609.000,Oct 2026,1,000,UNPAID,2026-10-11,2026-10-15,NaN,-,-,zone 1 torres st. Pindangan centro alcala pangasinan,NaN
NaN,XPIN_Suzie_Cabingas,639552500669.000,1775483428 ( 1775483428),261004610.000,Oct 2026,799.000,UNPAID,2026-10-07,2026-10-11,NaN,-,-,zone 3 Pindangan centro alcala pangasinan,NaN
NaN,XPIN_TinaMae_Rovillos,6399308745072.000,1760517213 ( 1760517213),261004611.000,Oct 2026,1,000,UNPAID,2026-10-15,2026-10-19,NaN,-,-,Zone 7 Pindangan Centro Alcala Pangasinan,NaN
NaN,XPIN_Tyron_Vega,639941203437.000,1783835781 ( 1783835781),261004612.000,Oct 2026,1,000,UNPAID,2026-10-13,2026-10-17,NaN,-,-,Zone 2 purok liwliwa pindangan east alcala pangasinan OK,NaN
NaN,XPIN_Vivien_Dorion,639219925142.000,1764301348 ( 1764301348),261004613.000,Oct 2026,1,000,UNPAID,2026-10-28,2026-11-01,NaN,-,-,71 pindangan East alcala Pangasinan,NaN
NaN,XPIN_Winilinda_Dacanay,639355409600.000,1787796346 ( 1787796346),261004614.000,Oct 2026,1,000,UNPAID,2026-10-27,2026-10-31,NaN,-,-,Pindangan West, Alcala Pangasinan,NaN
NaN,XPIN_Yuri_Gallego,639614827246.000,1760433068 ( 1760433068),261004615.000,Oct 2026,1,000,UNPAID,2026-10-14,2026-10-18,NaN,-,-,95 Mannaraon Pindangan East Alcala Pangasinan,NaN
NaN,XPOB_Eunice_DelosSantos,639463835825.000,1784437288 ( 1784437288),261004616.000,Oct 2026,799.000,UNPAID,2026-10-20,2026-10-24,NaN,-,-,Address (with Purok): P Sison Street, Poblacion East, Alcala, Pangasinan OK,NaN
NaN,XPOB_FritzGerald_Esguerra,639295105133.000,1774585644 ( 1774585644),261004617.000,Oct 2026,1,000,UNPAID,2026-10-12,2026-10-16,NaN,-,-,P. Sison Street, Poblacion East, Alcala, Pangasinan Landmark: Poblacion East Brgy Hall,NaN
NaN,XPOB_Mariettonie_Delizo,639488696650.000,1780748326 ( 1780748326),261004618.000,Oct 2026,799.000,UNPAID,2026-10-09,2026-10-13,NaN,-,-,Funston St. Poblacion East Alcala Pangasinan,NaN
NaN,XPOG_Estelita_Milanes,639107726381.000,1772692518 ( 1772692518),261004619.000,Oct 2026,1,000,UNPAID,2026-10-05,2026-10-09,NaN,-,-,Zone 3 Pogo Bautista Pangasinan,NaN
NaN,XPOG_Gemma_Ignacio,639568358566.000,1788236910 ( 1788236910),261004620.000,Oct 2026,799.000,UNPAID,2026-10-04,2026-10-08,NaN,-,-,Pogo bautista pangasinan,NaN
NaN,XPOG_Jopi_Tecson,639925675310.000,21300001 ( 1727051430),261004621.000,Oct 2026,1,000,UNPAID,2026-10-18,2026-10-25,NaN,-,-,Zone 2 Brgy Pogo Bautista Pangasinan,NaN
NaN,XPOG_Karen_Lucena,639938804474.000,1772773497 ( 1772773497),261004622.000,Oct 2026,799.000,UNPAID,2026-10-08,2026-10-12,NaN,-,-,Barangay pogo zone3 sa likod ng plaza Referred by: Jerome Alonsagay,NaN
NaN,XPRI_Efren_Punzalan,639954797531.000,1775881063 ( 1775881063),261004623.000,Oct 2026,1,000,UNPAID,2026-10-21,2026-10-25,NaN,-,-,Zone 2, Primicias Bautista Pangasinan,NaN
NaN,XPRI_Jerry_Obcena,639456367780.000,1752925424 ( 1752925424),261004624.000,Oct 2026,1,000,UNPAID,2026-10-28,2026-11-01,NaN,-,-,PUROK 1 PRIMICIAS BAU PNG PORT 3 mierjohn/boss dong,NaN
NaN,XPRI_Melanie_Galsim,639544154475.000,1752811223 ( 1752811223),261004625.000,Oct 2026,1,000,UNPAID,2026-10-18,2026-10-22,NaN,-,-,ZONE 1 PRIMICIAS BAUTISTA PNG OK,NaN
NaN,XPRI_Rakshan_Obcina,639773471339.000,1775866550 ( 1775866550),261004626.000,Oct 2026,1,000,UNPAID,2026-10-11,2026-10-15,NaN,-,-,Zone3,katingaan,Primicias Bautista,Pangasinan,NaN
NaN,XPRI_Saniata_Bisarra,639945764320.000,1779710239 ( 1779710239),261004627.000,Oct 2026,1,000,UNPAID,2026-10-26,2026-10-26,NaN,-,-,127 Mabini Street, Zone 4 Primicias, Bautista, Pangasinan,NaN
NaN,XPRI_Wilma_Delossantos,639055183252.000,1764405056 ( 1764405056),261004628.000,Oct 2026,799.000,UNPAID,2026-10-29,2026-11-02,NaN,-,-,Zone 1, Primicias Bautista Pangasinan,NaN
NaN,XPS_Abegail_Gabatino,639504782778.000,1754732321 ( 1754732321),261004629.000,Oct 2026,799.000,UNPAID,2026-10-05,2026-10-09,NaN,-,-,109 POBLACION SUR BAYAMBANG PANGASINAN,NaN
NaN,XPS_CarlDaryl_Santiago_Ramirez,639703847089.000,5200002 ( 5200002),261004630.000,Oct 2026,1,000,UNPAID,2026-10-18,2026-10-22,NaN,-,-,Poblacion Sur Bayambang Pangasinan Tagay Buddy shop,NaN
NaN,XPS_Evangeline_Leal,639204289805.000,5200017 ( 1720242161),261004631.000,Oct 2026,1,000,UNPAID,2026-10-07,2026-10-11,NaN,-,-,DUQUE MEAT SHOP POB SUR BYB PNG,NaN
NaN,XPS_Geriola_Estrada,639123456789.000,1765765753 ( 1765765753),261004632.000,Oct 2026,1,000,UNPAID,2026-10-16,2026-10-20,NaN,-,-,poblacion sur OK,NaN
NaN,XPS_Irma_Manganaan,639991096465.000,1748228709 ( 1748228709),261004633.000,Oct 2026,1,000,UNPAID,2026-10-26,2026-10-30,NaN,-,-,Poblacion Sur, Bayambang, Pangasinan,NaN
NaN,XPS_Jasper_Alipio,639854832715.000,5200024 ( 1730383095),261004634.000,Oct 2026,1,000,UNPAID,2026-10-13,2026-10-17,NaN,-,-,DIKE SITE PUROK 1 POBLACION SUR BYB PNG,NaN
NaN,XPS_Jayson_Sison,639486064527.000,1740363672 ( 1740363672),261004635.000,Oct 2026,1,000,UNPAID,2026-10-24,2026-10-28,NaN,-,-,Public market zone 1 Poblacion bayambang pang,NaN
NaN,XPS_Jonnarose_Sayson,639667908464.000,1755164324 ( 1755164324),261004636.000,Oct 2026,1,000,UNPAID,2026-10-14,2026-10-18,NaN,-,-,Poblacion Sur, Bayambang, Pangasinan PIOLO/JEROME LCP 1/NAP4/PORT8,NaN
NaN,XPS_Laila_Dulay,639457404286.000,5200019 ( 1722935214),261004637.000,Oct 2026,1,000,UNPAID,2026-10-21,2026-10-25,NaN,-,-,POBLACION SUR BYB PNG,NaN
NaN,XPS_Lawrence_Galsim,639507700633.000,1780469057 ( 1780469057),261004638.000,Oct 2026,1,000,UNPAID,2026-10-05,2026-10-09,NaN,-,-,Poblacion Sur Bayambang, Pangasinan,NaN
NaN,XPS_Leslie_Perez,639987226593.000,1749197457 ( 1749197457),261004639.000,Oct 2026,1,000,UNPAID,2026-10-06,2026-10-10,NaN,-,-,14 Rizal Ave, Poblacion Sur, Bayambang, Pangasinan,NaN
NaN,XPS_Libert_Galsim,639858690912.000,1765331418 ( 1765331418),261004640.000,Oct 2026,1,000,UNPAID,2026-10-10,2026-10-14,NaN,-,-,Poblacion Sur Bayambang Pangasinan,NaN
NaN,XPS_Malvar_Iglesias,639912397271.000,5200003 ( 5200003),261004641.000,Oct 2026,1,000,UNPAID,2026-10-21,2026-10-25,NaN,-,-,Poblacion Sur Bayambang Pangasinan,NaN
NaN,XPS_Mariafe_Seledio,639481038730.000,5200012 ( 1711530868),261004642.000,Oct 2026,1,000,UNPAID,2026-10-28,2026-11-02,NaN,-,-,Poblacion Sur Bayambang,NaN
NaN,XPS_Marisse_Bato,639123456789.000,1765782965 ( 1765782965),261004643.000,Oct 2026,1,000,UNPAID,2026-10-15,2026-10-19,NaN,-,-,poblacion sur,NaN
NaN,XPS_Marvin_Villedar,639657932196.000,1760499221 ( 1760499221),261004644.000,Oct 2026,799.000,UNPAID,2026-10-28,2026-11-01,NaN,-,-,Poblacion Sur B'bang Pangasina,NaN
NaN,XPS_MaryAnn_Velasco,639395150100.000,1760000187 ( 1760000187),261004645.000,Oct 2026,1,000,UNPAID,2026-10-09,2026-10-13,NaN,-,-,Poblacion Sur Bayambang, Pangasinan,NaN
NaN,XPS_Natashia_Salaguinto,639294542701.000,1760340917 ( 1760340917),261004646.000,Oct 2026,1,000,UNPAID,2026-10-13,2026-10-17,NaN,-,-,Poblacion Sur dike, Bayambang Pangasinan,NaN
NaN,XPS_Paulanthony_Macaraeg,639284927062.000,1758252501 ( 1758252501),261004647.000,Oct 2026,1,000,UNPAID,2026-10-21,2026-10-25,NaN,-,-,018 poblacion Sur Bayambang Pangasinan tapat ng yunas carwash tabi ng sun plaza entrance.,NaN
NaN,XPS_Ronald_Samera,63977683556.000,5200022 ( 1730263309),261004648.000,Oct 2026,1,000,UNPAID,2026-10-01,2026-10-05,NaN,-,-,110 POBLACION SUR BYB PNG,NaN
NaN,XPS_Vangie_Laluan,639543275425.000,1787468246 ( 1787468246),261004649.000,Oct 2026,1,000,UNPAID,2026-10-25,2026-10-29,NaN,-,-,Purok 1, Poblacion Sur, Bayambang, Pangasinan,NaN
NaN,XPU_Khrizel_Tamondong,639157576785.000,230204092838 ( 230204092838),261004650.000,Oct 2026,1,000,UNPAID,2026-10-09,2026-10-13,NaN,-,-,Purok 1 Pugo Bayambang Pangsinan,NaN
NaN,XPU_Maggie_Solomon,639063716388.000,1774422938 ( 1774422938),261004651.000,Oct 2026,799.000,UNPAID,2026-10-28,2026-11-01,NaN,-,-,Purok 2 Pugo Bayambang Pangasinan malapit sa plaza,NaN
NaN,XPU_Reybert_Junio,639466964591.000,1736238926 ( 1736238926),261004652.000,Oct 2026,799.000,UNPAID,2026-10-22,2026-10-26,NaN,-,-,124 purok 1 Pugo Bayambang,NaN
NaN,XPW_ChristianJoy_Medrano,639192512792.000,1781323173 ( 1781323173),261004653.000,Oct 2026,799.000,UNPAID,2026-10-16,2026-10-20,NaN,-,-,11 National Rd. Zone 4 Poblacion West, Alcala, Pangasinan,NaN
NaN,XPW_Dean_Zamora,639164023768.000,8800001 ( 1742993705),261004654.000,Oct 2026,1,500,UNPAID,2026-10-05,2026-10-09,NaN,-,-,Block 8 Lot, Villa Sto, tomas Poblacion West Sto tomas Pangasinan,NaN
NaN,XPW_Eduardoleo_Ong,639760664054.000,17300001 ( 1731219558),261004655.000,Oct 2026,1,000,UNPAID,2026-10-04,2026-10-08,NaN,-,-,184 Pob West Bautista Pangasinan,NaN
NaN,XPW_Eduardson_Ong,639454900652.000,1751617340 ( 1751617340),261004656.000,Oct 2026,1,000,UNPAID,2026-10-04,2026-10-08,NaN,-,-,Poblacion West Bautista Pangasinan OK,NaN
NaN,XPW_Eulakaye_Cariaga,639352937962.000,1766375257 ( 1766375257),261004657.000,Oct 2026,799.000,UNPAID,2026-10-22,2026-10-26,NaN,-,-,Poblacion west Bautista pangasinan,NaN
NaN,XPW_JosephineJoan_Velasco,639672292240.000,1788411170 ( 1788411170),261004658.000,Oct 2026,1,000,UNPAID,2026-10-03,2026-10-07,NaN,-,-,246 Mc. Arthur St. Poblacion West, Alcala Pangasinan,NaN
NaN,XPW_Marites_Sablon,639486651482.000,1767664938 ( 1767664938),261004659.000,Oct 2026,799.000,UNPAID,2026-10-06,2026-10-10,NaN,-,-,Castañeda St. Poblacion West, Alcala, Pangasinan,NaN
NaN,XPW_Rhea_Tagulao,639926788254.000,1785113754 ( 1785113754),261004660.000,Oct 2026,1,000,UNPAID,2026-10-27,2026-10-31,NaN,-,-,10 Poblacion West Bautista Pangasinan,NaN
NaN,XPW_Richard_Aquino,639760506812.000,1789528511 ( 1789528511),261004661.000,Oct 2026,1,500,UNPAID,2026-10-16,2026-10-20,NaN,-,-,Malone St Zone 6 poblacion west alcala,NaN
NaN,XPW_Shielamae_Delacruz,639275024405.000,1767430154 ( 1767430154),261004662.000,Oct 2026,1,000,UNPAID,2026-10-06,2026-10-10,NaN,-,-,Poblacion west alcala pangasinan tabi ng dito tower,NaN
NaN,XRE_Adela_Villanueva,639178617063.000,1774332790 ( 1774332790),261004663.000,Oct 2026,1,000,UNPAID,2026-10-06,2026-10-10,NaN,-,-,Purok 2 Reynado Bayambang Pangasinan,NaN
NaN,XRE_Camilo_Rosales,639811703865.000,5400019 ( 1710987834),261004664.000,Oct 2026,1,000,UNPAID,2026-10-14,2026-10-18,NaN,-,-,Reynado Bayambang,NaN
NaN,XRE_Domingo_Deguzman,639610133677.000,5400015 ( 1702544365),261004665.000,Oct 2026,1,000,UNPAID,2026-10-14,2026-10-21,NaN,-,-,Purok2 Reynado Bayambang Pangasinan,NaN
NaN,XRE_Dondon_Villamil,639487470793.000,5400031 ( 1735892145),261004666.000,Oct 2026,1,000,UNPAID,2026-10-03,2026-10-07,NaN,-,-,Purok 1 Brgy Renado Bayambang Pangasinan,NaN
NaN,XRE_JameLouise_Reyes,639310766052.000,5400018 ( 1708668014),261004667.000,Oct 2026,1,000,UNPAID,2026-10-28,2026-11-03,NaN,-,-,Purok 1 Reynado BYB PNG,NaN
NaN,XRE_JohnRussel_Castro,639957819744.000,1744251951 ( 1744251951),261004668.000,Oct 2026,1,000,UNPAID,2026-10-10,2026-10-14,NaN,-,-,Purok 5 Reynado bayambang Pangasinann,NaN
NaN,XRE_Katrina_Raguindin,639261450069.000,5400023 ( 1716977992),261004669.000,Oct 2026,1,000,UNPAID,2026-10-28,2026-11-01,NaN,-,-,Purok 5 Brgy Reynado Bayambang Pangasinan,NaN
NaN,XRE_Lani_Delacruz,639544629133.000,230211153606 ( 230211153606),261004670.000,Oct 2026,1,000,UNPAID,2026-10-03,2026-10-07,NaN,-,-,Renado bayambang Pangasinan,NaN
NaN,XRE_Lerma_Nacur,639270010176.000,1772438935 ( 1772438935),261004671.000,Oct 2026,1,000,UNPAID,2026-10-08,2026-10-12,NaN,-,-,Purok 2 Reynado Bayambang Pangasinan,NaN
NaN,XRE_Maricel_Soriano,639813217298.000,230204140838 ( 230204140838),261004672.000,Oct 2026,1,000,UNPAID,2026-10-26,2026-10-26,NaN,-,-,Purok 1 Reynado Bayambang Pangasinan,NaN
NaN,XRE_Maricris_Deguzman,639850706176.000,5400029 ( 1732503638),261004673.000,Oct 2026,1,000,UNPAID,2026-10-04,2026-10-08,NaN,-,-,Purok 1 Brgy Renado Bayambang Pangasinan,NaN
NaN,XRE_Mercedes_DeGuzman,639303405684.000,1747450972 ( 1747450972),261004674.000,Oct 2026,1,000,UNPAID,2026-10-28,2026-11-01,NaN,-,-,Purok 1 Reynado Bayambang Pangasinan Ok,NaN
NaN,XRE_Mylene_Oliquino,639551182664.000,1782453582 ( 1782453582),261004675.000,Oct 2026,1,000,UNPAID,2026-10-28,2026-11-01,NaN,-,-,Reynado Bayambang Pangasinan,NaN
NaN,XRE_Nimpha_Rosales,639095068774.000,230203144532 ( 230203144532),261004676.000,Oct 2026,1,000,UNPAID,2026-10-18,2026-10-25,NaN,-,-,PUROK 4 REYNADO BYB PNG,NaN
NaN,XRE_Pearljoy_Navarro,639460300793.000,5400009 ( 5400009),261004677.000,Oct 2026,1,000,UNPAID,2026-10-18,2026-10-22,NaN,-,-,Purok 1 Brgy Reynado, Bayambang Pangasinan,NaN
NaN,XRE_Purita_Castro,639157146843.000,230203094707 ( 230203094707),261004678.000,Oct 2026,1,000,UNPAID,2026-10-20,2026-10-27,NaN,-,-,Purok 1 Reynado Bayambang Pangasinan,NaN
NaN,XRE_Remedios_Garcia,639355142371.000,5400008 ( 5400008),261004679.000,Oct 2026,1,000,UNPAID,2026-10-17,2026-10-21,NaN,-,-,Purok 5 Brgy Reynado Bayambang Pangasinan,NaN
NaN,XRE_Reynalda_Rosales,639762588936.000,5400017 ( 1708073393),261004680.000,Oct 2026,1,000,UNPAID,2026-10-04,2026-10-08,NaN,-,-,Reynado Bayambang, Pangasinan OK,NaN
NaN,XRE_Rolly_Nacur,639156919326.000,1749285768 ( 1749285768),261004681.000,Oct 2026,1,000,UNPAID,2026-10-07,2026-10-11,NaN,-,-,Purok 1 Reynado Bayambang Pangasinan 15.783769 120.40219,NaN
NaN,XRE_Rowena_Rosales,639638595309.000,1750476274 ( 1750476274),261004682.000,Oct 2026,1,000,UNPAID,2026-10-28,2026-11-01,NaN,-,-,Purok 1 Renado B.Bang Pangasinan,NaN
NaN,XRE_Salvador_Soriano,639502817406.000,5400016 ( 1707876912),261004683.000,Oct 2026,1,000,UNPAID,2026-10-14,2026-10-18,NaN,-,-,Purok 1 Reynado Bayambang,NaN
NaN,XRE_Valentina_Bautista,639658012087.000,1765508674 ( 1765508674),261004684.000,Oct 2026,1,000,UNPAID,2026-10-12,2026-10-16,NaN,-,-,Purok 2 reynado b.bang Pangasinan,NaN
NaN,XSAN_Christian_Cabico,639455284890.000,1761378525 ( 1761378525),261004685.000,Oct 2026,1,000,UNPAID,2026-10-05,2026-10-09,NaN,-,-,30 Rizal street San Juan alcala,NaN
NaN,XSAN_Christian_Padua,639092187248.000,1784348259 ( 1784348259),261004686.000,Oct 2026,1,000,UNPAID,2026-10-19,2026-10-23,NaN,-,-,San Juan Canan, Alcala, Pangasinan OK,NaN
NaN,XSAN_Erika_Fernandez,639975718034.000,1786248526 ( 1786248526),261004687.000,Oct 2026,1,000,UNPAID,2026-10-12,2026-10-16,NaN,-,-,Brgy san juan zone 6 alcala Pang OK,NaN
NaN,XSAN_Jamell_Canete,639854837393.000,1779498373 ( 1779498373),261004688.000,Oct 2026,1,000,UNPAID,2026-10-26,2026-10-30,NaN,-,-,Zone 4B Asuncion Street San Nicolas Alcala Pangasinan,NaN
NaN,XSAN_Johnnikko_Caoile,639461524392.000,1761359785 ( 1761359785),261004689.000,Oct 2026,1,000,UNPAID,2026-10-25,2026-10-29,NaN,-,-,56 rizal street San Juan alcala,NaN
NaN,XSAN_KarmylleAnn_Dimatangal,639514762265.000,1788157740 ( 1788157740),261004690.000,Oct 2026,1,000,UNPAID,2026-10-03,2026-10-07,NaN,-,-,zone 2 delos santos st. San Nicolas, Alcala, Pangasinan.,NaN
NaN,XSAN_KrizzaJane_Odayao,639913641206.000,1769391552 ( 1769391552),261004691.000,Oct 2026,799.000,UNPAID,2026-10-26,2026-10-30,NaN,-,-,San Juan Alcala Pangasinan,NaN
NaN,XSAN_Leah_Camilang,639931712650.000,1788683215 ( 1788683215),261004692.000,Oct 2026,1,000,UNPAID,2026-10-07,2026-10-11,NaN,-,-,Full address. Zone5 brgy Canan,San juan Alcala Pangasinan,NaN
NaN,XSAN_Markandrew_Pinto,639999888918.000,1747724344 ( 1747724344),261004693.000,Oct 2026,1,000,UNPAID,2026-10-20,2026-10-24,NaN,-,-,175 LAWTON STREET BRGY. SAN NICOLAS ALCALA PANGASINAN,NaN
NaN,XSAN_Marklawrence_Racpan,639455201057.000,1760927523 ( 1760927523),261004694.000,Oct 2026,799.000,UNPAID,2026-10-20,2026-10-24,NaN,-,-,137 pangniban st San Juan alcala Pangasinan,NaN
NaN,XSAN_Milalona_Cayog,639667337307.000,1775874717 ( 1775874717),261004695.000,Oct 2026,1,000,UNPAID,2026-10-11,2026-10-15,NaN,-,-,San juan canan zone 6,NaN
NaN,XSAN_Pelagia_Limet,639463588562.000,1789264583 ( 1789264583),261004696.000,Oct 2026,1,000,UNPAID,2026-10-14,2026-10-18,NaN,-,-,Zone 7 .san juan canan alcala pangasinan,NaN
NaN,XSAN_Rebina_Quibual,639926594843.000,1777882827 ( 1777882827),261004697.000,Oct 2026,1,000,UNPAID,2026-10-06,2026-10-10,NaN,-,-,Agoncillo St. San Juan Alcala Pangasinan,NaN
NaN,XSA_Allan_Soriano,639557741958.000,1780982713 ( 1780982713),261004698.000,Oct 2026,1,000,UNPAID,2026-10-10,2026-10-14,NaN,-,-,PUROK 5 SANLIBO BAYAMBANG PANGASINAN ( SORIANO COMPOUND),NaN
NaN,XSA_Arlena_Albarida,639150280417.000,5900004 ( 1717487743),261004699.000,Oct 2026,1,000,UNPAID,2026-10-12,2026-10-16,NaN,-,-,Purok 7 Sanlibo Bayambang,NaN
NaN,XSA_Edwin_Bugayong,639562377819.000,1744083347 ( 1744083347),261004700.000,Oct 2026,1,000,UNPAID,2026-10-11,2026-10-15,NaN,-,-,Purok 4, Sanlibo Bayambang Pangasinan,NaN
NaN,XSA_Evangeline_Layoso,639957812623.000,1786774748 ( 1786774748),261004701.000,Oct 2026,1,000,UNPAID,2026-10-20,2026-10-24,NaN,-,-,Purok 7 Turner Sanlibo Bayambang Pangasinan OK,NaN
NaN,XSA_Helen_Datuin,639517858288.000,1749191980 ( 1749191980),261004702.000,Oct 2026,1,000,UNPAID,2026-10-01,2026-10-05,NaN,-,-,Purok 4,masigasig, san libo, bayambang, pangasinan OK,NaN
NaN,XSA_Jane_Padua,639391307857.000,230511204752 ( 230511204752),261004703.000,Oct 2026,1,000,UNPAID,2026-10-07,2026-10-11,NaN,-,-,Sanlibo Bayambang Pangasinan OK,NaN
NaN,XSA_Jerome_Deguzman,639123456789.000,1765949089 ( 1765949089),261004704.000,Oct 2026,1,000,UNPAID,2026-10-19,2026-10-23,NaN,-,-,Purok 4, Sanlibo, Bayambang, Pangasinan,NaN
NaN,XSA_Jocelyn_Deguzman,639911409766.000,1767591766 ( 1767591766),261004705.000,Oct 2026,1,000,UNPAID,2026-10-05,2026-10-09,NaN,-,-,Sanlibo Purok 4,NaN
NaN,XSA_JohnCedric_Bugayong,639460301011.000,1736499713 ( 1736499713),261004706.000,Oct 2026,1,000,UNPAID,2026-10-21,2026-10-25,NaN,-,-,Purok 1 Brgy. Sanlibo Bayambang Pangasinan,NaN
NaN,XSA_JulieMin_Fernandez,639928775041.000,1764320202 ( 1764320202),261004707.000,Oct 2026,1,000,UNPAID,2026-10-28,2026-11-01,NaN,-,-,Purok 4, Sanlibo,NaN
NaN,XSA_Lanie_Deguzman,639568946699.000,1767841379 ( 1767841379),261004708.000,Oct 2026,1,000,UNPAID,2026-10-10,2026-10-14,NaN,-,-,Purok 4 barangay Sanlibo Bayambang Pangasinan Near Catalino Elementary School,NaN
NaN,XSA_Lerma_Abalos,639518469267.000,1780531498 ( 1780531498),261004709.000,Oct 2026,1,000,UNPAID,2026-10-05,2026-10-09,NaN,-,-,Samon Brgy.sanlibo,NaN
NaN,XSA_Luciamae_Deguzman,639356880871.000,1764125399 ( 1764125399),261004710.000,Oct 2026,1,000,UNPAID,2026-10-26,2026-10-30,NaN,-,-,Purok 4 sanlibo b.bang Pangasinan,NaN
NaN,XSA_Milagros_Sotto,639321537809.000,1746158477 ( 1746158477),261004711.000,Oct 2026,1,000,UNPAID,2026-10-02,2026-10-06,NaN,-,-,Purok 7 Sanlibo Bayambang Pangasinan,NaN
NaN,XSA_Orlando_Conde,63960566958.000,5900008 ( 1727589963),261004712.000,Oct 2026,1,000,UNPAID,2026-10-05,2026-10-09,NaN,-,-,Purok 7 Brgy Sanlibo Bayambang Pangasinan,NaN
NaN,XSA_Princess_Deleon,639273470760.000,5900009 ( 1743304479),261004713.000,Oct 2026,1,000,UNPAID,2026-10-28,2026-11-04,NaN,-,-,BRGY. SANLIBO BAYAMBANG PNG,NaN
NaN,XSA_Priscilla_Eslit,639391307857.000,1751514336 ( 1751514336),261004714.000,Oct 2026,1,000,UNPAID,2026-10-03,2026-10-07,NaN,-,-,PUROK 7 SANLIBO BYB PNG OK,NaN
NaN,XSA_Raynard_Rozada,639695593393.000,230211176018 ( 230211176018),261004715.000,Oct 2026,1,000,UNPAID,2026-10-13,2026-10-17,NaN,-,-,SITIO SAMON BRGY SANLIBO BYB PNG,NaN
NaN,XSA_Rey_Delmonte,639941963849.000,1770446318 ( 1770446318),261004716.000,Oct 2026,1,000,UNPAID,2026-10-16,2026-10-20,NaN,-,-,Purok 1 Sanlibo Bayambang, Pang.,NaN
NaN,XSA_Ricamay_Lantonio,639304389007.000,1747649682 ( 1747649682),261004717.000,Oct 2026,799.000,UNPAID,2026-10-19,2026-10-23,NaN,-,-,PUROK 5, SANLIBO, BAYAMBANG, PANGASINAN,NaN
NaN,XSA_Roel_Cacabilos,639121709525.000,1781084434 ( 1781084434),261004718.000,Oct 2026,1,000,UNPAID,2026-10-13,2026-10-17,NaN,-,-,Sanlibo bayambang Caldito compound,NaN
NaN,XSA_Roxanne_Solis,639659883459.000,1787619670 ( 1787619670),261004719.000,Oct 2026,1,000,UNPAID,2026-10-26,2026-10-30,NaN,-,-,Purok 4 brgy sanlibo Bayambang Pangasinan,NaN
NaN,XSA_Sarah_Rosales,639302891754.000,1762327313 ( 1762327313),261004720.000,Oct 2026,1,000,UNPAID,2026-10-05,2026-10-09,NaN,-,-,Purok 1, San Libo, Bayambang, Pangasinan,NaN
NaN,XSA_Sherilyn_Layoso,639466565420.000,5900007 ( 1726567374),261004721.000,Oct 2026,1,000,UNPAID,2026-10-13,2026-10-20,NaN,-,-,392 Purok 7 Brgy Sanlibo Bayambang Pangasinan,NaN
NaN,XSA_Shiela_Garcia,639487938158.000,1751625530 ( 1751625530),261004722.000,Oct 2026,1,000,UNPAID,2026-10-17,2026-10-23,NaN,-,-,PUROK 6 Sanlibo BYB PNG / BYBLCP1NP1P2 MIER JOHN / PAPA DONG,NaN
NaN,XSA_Sophiakhylle_Lanzuela,639465983941.000,1744683697 ( 1744683697),261004723.000,Oct 2026,799.000,UNPAID,2026-10-15,2026-10-19,NaN,-,-,Centro 5 Sanlibo Bayambang Pangasinan,NaN
NaN,XSA_Susana_Deleon,639952579744.000,1747642714 ( 1747642714),261004724.000,Oct 2026,1,000,UNPAID,2026-10-22,2026-10-29,NaN,-,-,Purok 2 sanlibo bayambang pangasinan,NaN
NaN,XSA_Yolanda_Soriano,639055395708.000,1749608330 ( 1749608330),261004725.000,Oct 2026,1,000,UNPAID,2026-10-11,2026-10-15,NaN,-,-,Purok 5 San libo bayambang Pangasinann,NaN
NaN,XSA_Zoila_Padua,639079624249.000,1751602717 ( 1751602717),261004726.000,Oct 2026,1,000,UNPAID,2026-10-11,2026-10-15,NaN,-,-,PUROK 7 Sanlibo BYB PNG 15.805745 120.301245 PORT 7 MIER JHON / DONG,NaN
NaN,XSC_Alex_Rabang,639464379358.000,5800006 ( 5800006),261004727.000,Oct 2026,1,000,UNPAID,2026-10-10,2026-10-14,NaN,-,-,Purok 2 San Cagulis Bayambang Pangasinan,NaN
NaN,XSC_Ariel_Calixto,639946866075.000,5800051 ( 1726369389),261004728.000,Oct 2026,1,000,UNPAID,2026-10-24,2026-10-27,NaN,-,-,Purok 2 Brgy San Cagulis Bayambang Pangasinan OK,NaN
NaN,XSC_Benedicto_Layno,639851057455.000,5800029 ( 1709218992),261004729.000,Oct 2026,800.000,UNPAID,2026-10-18,2026-10-22,NaN,-,-,Sancagulis Bayambang Pangasinan,NaN
NaN,XSC_Bernadette_Tolentino,639707005877.000,1754628505 ( 1754628505),261004730.000,Oct 2026,1,000,UNPAID,2026-10-08,2026-10-12,NaN,-,-,130 PUROK 4 SANCAGULIS BYB PNG,NaN
NaN,XSC_Cecila_Dumantay,639433102897.000,1786426494 ( 1786426494),261004731.000,Oct 2026,1,000,UNPAID,2026-10-14,2026-10-18,NaN,-,-,Purok 1 Sancagulis Bayambang Pangasinan,NaN
NaN,XSC_Claire_Asuncion,639913219378.000,5800040 ( 1716625815),261004732.000,Oct 2026,1,000,UNPAID,2026-10-28,2026-11-03,NaN,-,-,Purok 2 Sancagulis OK,NaN
NaN,XSC_CybelleHyacinth_Calub,639922668113.000,1748076862 ( 1748076862),261004733.000,Oct 2026,1,500,UNPAID,2026-10-24,2026-10-28,NaN,-,-,Purok 2 sancagulis bayambang pangasinan,NaN
NaN,XSC_Diane_Cabaddu2,639208403207.000,5800039 ( 1715338617),261004734.000,Oct 2026,1,000,UNPAID,2026-10-19,2026-10-23,NaN,-,-,Purok 4, Sancagulis, Bayambang, Pangasinan,NaN
NaN,XSC_Dianne_Cabaddu1,639208403207.000,5800034 ( 1709706279),261004735.000,Oct 2026,1,000,UNPAID,2026-10-01,2026-10-05,NaN,-,-,Sancagulis Bayambang OK,NaN
NaN,XSC_Divina_Flores,639923661535.000,1756782644 ( 1756782644),261004736.000,Oct 2026,1,000,UNPAID,2026-10-09,2026-10-13,NaN,-,-,Purok 2, Sancagulis, Bayambang, Pangasinan OK,NaN
NaN,XSC_Edison_Llanda,639667730238.000,1768021143 ( 1768021143),261004737.000,Oct 2026,1,000,UNPAID,2026-10-14,2026-10-18,NaN,-,-,Purok 2 Sancaguilis Bayambang landmark: Purok 2 sancaguilis Old covered court,NaN
NaN,XSC_Efren_Gayosa,639678202296.000,230214104531 ( 230214104531),261004738.000,Oct 2026,1,000,UNPAID,2026-10-05,2026-10-09,NaN,-,-,Brgy San Cagulis Bayambang Pangasinan,NaN
NaN,XSC_Elma_Millondaga,639457551978.000,1755675446 ( 1755675446),261004739.000,Oct 2026,1,000,UNPAID,2026-10-20,2026-10-24,NaN,-,-,51 purok 2 SANcagulis b.bang Pangasinan,NaN
NaN,XSC_Gelyn_Labasan,639927147288.000,1764148960 ( 1764148960),261004740.000,Oct 2026,1,000,UNPAID,2026-10-26,2026-10-30,NaN,-,-,purok 3 Sancagulis Bayambang Pangasinan OK,NaN
NaN,XSC_Genebert_Aquino,639285387023.000,5800054 ( 1740018523),261004741.000,Oct 2026,1,000,UNPAID,2026-10-04,2026-10-08,NaN,-,-,PUROK 2 SANCAGULIS BAYAMBANG PANGASINAN,NaN
NaN,XSC_Gloria_Bautista1,639104809843.000,5800014 ( 5800014),261004742.000,Oct 2026,1,000,UNPAID,2026-10-25,2026-10-29,NaN,-,-,129 Sangcagulis Bayambang Pangasinan,NaN
NaN,XSC_Hazel_Dorado,639152636419.000,5800047 ( 1723863467),261004743.000,Oct 2026,1,000,UNPAID,2026-10-17,2026-10-21,NaN,-,-,Purok 4 Brgy San Cagulis Bayambang Pangasinan,NaN
NaN,XSC_Jayzel_Fernandez,639754206453.000,1740645067 ( 1740645067),261004744.000,Oct 2026,1,000,UNPAID,2026-10-27,2026-10-31,NaN,-,-,Purok 1 Sancagulis Bayambang Pangasinan,NaN
NaN,XSC_Jeanette_Remilloza,639156638908.000,5800041 ( 1717477977),261004745.000,Oct 2026,1,000,UNPAID,2026-10-05,2026-10-09,NaN,-,-,Purok 4 Sancagulis Bayambang,NaN
NaN,XSC_Jean_Fabros,639121978873.000,1737446676 ( 1737446676),261004746.000,Oct 2026,1,000,UNPAID,2026-10-21,2026-10-28,NaN,-,-,Purok 4 Bical Sur Bayambang Pangasinan,NaN
NaN,XSC_Jennifer_Tampipig,639307206168.000,5800053 ( 1731220379),260905171.000,Oct 2026,868.000,UNPAID,2026-10-14,2026-10-18,NaN,-,-,179 Purok 4 Brgy San Cagulis Bayambang Pangasinan,NaN
NaN,XSC_Johnvel_Sibayan,639617539861.000,1766976729 ( 1766976729),261004747.000,Oct 2026,1,000,UNPAID,2026-10-09,2026-10-13,NaN,-,-,Purok 4 Sancagulis,NaN
NaN,XSC_Johny_Justo,639923009125.000,230402204017 ( 230402204017),261004748.000,Oct 2026,1,000,UNPAID,2026-10-28,2026-11-01,NaN,-,-,San Cagulis Bayambang Pangasinan,NaN
NaN,XSC_Jonathan_Natividad,639919379862.000,230402204021 ( 230402204021),261004749.000,Oct 2026,1,000,UNPAID,2026-10-03,2026-10-10,NaN,-,-,Purok 1 Brgy San Cagulis Bayambang Pangasinan,NaN
NaN,XSC_Julius_Eduria,639978441741.000,5800027 ( 1709215834),261004750.000,Oct 2026,1,000,UNPAID,2026-10-03,2026-10-10,NaN,-,-,88 purok 1 Brgy San Cagulis Bayambang Pangasinan,NaN
NaN,XSC_Leona_Mejia,639318462903.000,5800036 ( 1714118763),261004751.000,Oct 2026,1,000,UNPAID,2026-10-26,2026-10-30,NaN,-,-,Purok 3 Sancagulis UNPAID NOV DC DEC 4 paid via gcash dec 1,NaN
NaN,XSC_Leonora_Castillo,639561309460.000,230402204024 ( 230402204024),261004752.000,Oct 2026,1,000,UNPAID,2026-10-23,2026-10-27,NaN,-,-,75 San Cagulis Bayambang Pangasinan,NaN
NaN,XSC_Lorymay_Bautista,639508300439.000,5800011 ( 5800011),261004753.000,Oct 2026,1,000,UNPAID,2026-10-26,2026-10-30,NaN,-,-,Purok 1 Brgy San Cagulis Bayambang Pangasinan,NaN
NaN,XSC_Lydia_Garcia,639458127878.000,230402204014 ( 230402204014),261004754.000,Oct 2026,1,000,UNPAID,2026-10-02,2026-10-07,NaN,-,-,Purok San Cagulis Bayambang Pangasinan,NaN
NaN,XSC_Marissa_Bacani,639100929651.000,1788852894 ( 1788852894),261004755.000,Oct 2026,1,000,UNPAID,2026-10-15,2026-10-15,NaN,-,-,Purok 2 sancagulis along the highway,NaN
NaN,XSC_Mark_Dumantay,639984167995.000,5800013 ( 5800013),261004756.000,Oct 2026,1,000,UNPAID,2026-10-12,2026-10-16,NaN,-,-,Purok 1 Sangcagulis Bayambang Pangasinan UNPAID JAN DC FEB 11,NaN
NaN,XSC_Maryjoy_Alejandro,639101991951.000,5800028 ( 1709218894),261004757.000,Oct 2026,1,000,UNPAID,2026-10-10,2026-10-14,NaN,-,-,Purok 1 Sancagulis Bayambang,NaN
NaN,XSC_Melencia_Papio,639956326830.000,5800001 ( 5800001),261004758.000,Oct 2026,1,000,UNPAID,2026-10-07,2026-10-11,NaN,-,-,brgy SanCagulis Bayambang Pangasinan,NaN
NaN,XSC_Remedios_Fernandez,639368886847.000,230402204022 ( 230402204022),261004759.000,Oct 2026,1,000,UNPAID,2026-10-14,2026-10-21,NaN,-,-,Puro 1 Brgy San Cagulis Bayambang Pangasinan OK,NaN
NaN,XSC_ReyJohn_Macapagong,639857785324.000,1770816017 ( 1770816017),261004760.000,Oct 2026,1,000,UNPAID,2026-10-26,2026-10-30,NaN,-,-,BRGY PUROK 4 SANCAGULIS BAHAY NAMIN WALANG GATE NASA LIKOD KAMI NG BAHAY NI NIDA REMILIOSA GARLITOS PATANONG NALNG PANGALAN KO SIR PTR. BONG,NaN
NaN,XSC_Rhodalyn_Ravina,639936202904.000,230402204015 ( 230402204015),261004761.000,Oct 2026,1,000,UNPAID,2026-10-16,2026-10-20,NaN,-,-,Purok 2 Brgy Sancagulis Bayambang Pangasinan,NaN
NaN,XSC_Rodrick_Segundo,639917046317.000,5800048 ( 1724296069),261004762.000,Oct 2026,1,000,UNPAID,2026-10-21,2026-10-25,NaN,-,-,Purok 2 Brgy San Cagulis Bayambang Pangasinan ============== DC 10/24/25 - Ice,NaN
NaN,XSC_Rosemarie_Ortiz,639124673688.000,5800008 ( 5800008),261004763.000,Oct 2026,1,000,UNPAID,2026-10-09,2026-10-16,NaN,-,-,Purok 1 Brgy SanCagulis Bayambang Pangasinan OK,NaN
NaN,XSC_Rose_Bautista,639380694166.000,1748057959 ( 1748057959),261004764.000,Oct 2026,1,000,UNPAID,2026-10-28,2026-11-03,NaN,-,-,16 Purok 1 Sancagulis Bayambang Pangasinan,NaN
NaN,XSC_Rowena_Landas,639076710607.000,230211175988 ( 230211175988),261004765.000,Oct 2026,1,000,UNPAID,2026-10-15,2026-10-19,NaN,-,-,Brgy San Cagulis Bayambang Pangasinan,NaN
NaN,XSC_Sabina_Papio,639568657559.000,5800046 ( 1723257453),261004766.000,Oct 2026,1,000,UNPAID,2026-10-13,2026-10-17,NaN,-,-,Purok 1 Brgy SanCagulis Bayambang Pangasinan,NaN
NaN,XSC_Salceda_Paca,639670718544.000,1754209584 ( 1754209584),261004767.000,Oct 2026,1,000,UNPAID,2026-10-16,2026-10-20,NaN,-,-,PUROK 4 SANCAGULIS BYB PNG,NaN
NaN,XSC_Salvador_Bautista,639122080867.000,5800033 ( 1709685575),261004768.000,Oct 2026,1,000,UNPAID,2026-10-15,2026-10-19,NaN,-,-,131 Sancagulis Bayambang Pangasinan OK,NaN
NaN,XSC_Sophia_Garcia,639270047872.000,5800032 ( 1709603302),261004769.000,Oct 2026,1,000,UNPAID,2026-10-02,2026-10-06,NaN,-,-,Purok 2 Sancagulis UNPAID JULY DC JULY 25,2024 Reconnected OCT 2!! GCASH PAYMENT Ref# Ref: 5021397128407,NaN
NaN,XSG1_Aileen_Lapada,639517337439.000,5500044 ( 1714467635),261004770.000,Oct 2026,1,000,UNPAID,2026-10-19,2026-10-23,NaN,-,-,Purok 3 San Gabriel 1st,NaN
NaN,XSG1_Alexander_Medrano,639997525452.000,5500023 ( 5500023),261004771.000,Oct 2026,1,000,UNPAID,2026-10-01,2026-10-08,NaN,-,-,Purok 4 Brgy Sang Gabriel 1st Bayambang Pangasinan,NaN
NaN,XSG1_Almira_Marcos,639661508793.000,5500014 ( 5500014),261004772.000,Oct 2026,1,000,UNPAID,2026-10-15,2026-10-19,NaN,-,-,Purok 3 Brgy San Gabriel 1st Bayambang Pangasinan,NaN
NaN,XSG1_Angeline_Garcia,639928445056.000,1764388253 ( 1764388253),261004773.000,Oct 2026,799.000,UNPAID,2026-10-05,2026-10-09,NaN,-,-,Purok 3, San Gabriel 1st Byb Pang.,NaN
NaN,XSG1_Arnulfo_Laza,63935689647.000,1748576889 ( 1748576889),261004774.000,Oct 2026,1,000,UNPAID,2026-10-28,2026-11-04,NaN,-,-,Purok 2, San Gabriel 1st, Bayambang, Pangasinan OK,NaN
NaN,XSG1_Bonifacio_Laza,639216688543.000,5500018 ( 5500018),261004775.000,Oct 2026,1,000,UNPAID,2026-10-19,2026-10-23,NaN,-,-,Purok 7 San Gabriel 1st Baymabang, Pangasinan,NaN
NaN,XSG1_Charito_Maregmen,639850883571.000,5500001 ( 5500001),261004776.000,Oct 2026,1,000,UNPAID,2026-10-28,2026-11-03,NaN,-,-,Purok 2 San Gabriel 1st Bayambang Pangasinan,NaN
NaN,XSG1_Christian_Graza,639387733203.000,5500054 ( 1722935310),261004777.000,Oct 2026,1,000,UNPAID,2026-10-19,2026-10-23,NaN,-,-,SanGabriel 1st Bayambang Pangasinan,NaN
NaN,XSG1_Christine_Veloria,639627235336.000,1740988053 ( 1740988053),261004778.000,Oct 2026,1,000,UNPAID,2026-10-14,2026-10-22,NaN,-,-,Purok 3 airport San Gabriel 1st,NaN
NaN,XSG1_Clarice_Ramos,639939419939.000,5500038 ( 1709685716),261004779.000,Oct 2026,1,000,UNPAID,2026-10-12,2026-10-16,NaN,-,-,San Gabriel 1st Bayambang Pangasinan OK,NaN
NaN,XSG1_Criza_Tabora,639054548495.000,230204081935 ( 230204081935),261004780.000,Oct 2026,1,000,UNPAID,2026-10-14,2026-10-18,NaN,-,-,Purok 2 San Gabriel 1st Bayambang Pangasinan OK,NaN
NaN,XSG1_Delfina_Gallardo,639055594192.000,5500016 ( 5500016),261004781.000,Oct 2026,1,000,UNPAID,2026-10-16,2026-10-20,NaN,-,-,Purok 7 Brgy San Gabriel 1st Bayambang Pangasinan,NaN
NaN,XSG1_Edwin_Lorenzana,639777549961.000,5500005 ( 5500005),261004782.000,Oct 2026,1,000,UNPAID,2026-10-08,2026-10-12,NaN,-,-,164 Purok 6 Brgy San Gabriel 1st Bayambang Pangasinan,NaN
NaN,XSG1_Elsie_Deguzman,639127869653.000,230203150316 ( 230203150316),261004783.000,Oct 2026,1,000,UNPAID,2026-10-06,2026-10-10,NaN,-,-,San Gabriel 1st Bayambang Pangasinan,NaN
NaN,XSG1_Eric_Maballo_Camacho,639563844100.000,5500043 ( 1714053562),261004784.000,Oct 2026,1,000,UNPAID,2026-10-25,2026-10-29,NaN,-,-,Purok 1 San Gabriel 1st Bayambang Pangasinan,NaN
NaN,XSG1_Gina_Tamayo,639566109761.000,5500042 ( 1712567539),261004785.000,Oct 2026,1,000,UNPAID,2026-10-08,2026-10-12,NaN,-,-,San Gabriel 1st Bayambang,NaN
NaN,XSG1_Hanna_Rabang,639758056478.000,5500021 ( 5500021),261004786.000,Oct 2026,1,000,UNPAID,2026-10-14,2026-10-18,NaN,-,-,51 Purok 3 Brgy San Gabriel 1st Bayambang Pangasinan,NaN
NaN,XSG1_Honorio_Ulep,639814718951.000,5500028 ( 5500028),261004787.000,Oct 2026,1,000,UNPAID,2026-10-02,2026-10-06,NaN,-,-,Brgy San Gabriel 1st Bayambang Pangasinan,NaN
NaN,XSG1_Jayr_Maregmen,639064243671.000,5500010 ( 5500010),261004788.000,Oct 2026,1,000,UNPAID,2026-10-01,2026-10-05,NaN,-,-,PUROK 7 San Gabriel 1st BYB PNG,NaN
NaN,XSG1_Jeffrey_Manangan,639567211853.000,5500017 ( 5500017),261004789.000,Oct 2026,1,000,UNPAID,2026-10-12,2026-10-16,NaN,-,-,Purok 1 Brgy Sangabriel 1st Bayambang Pangasinan OK,NaN
NaN,XSG1_Julie_Almonte,639674900082.000,230204082544 ( 230204082544),261004790.000,Oct 2026,800.000,UNPAID,2026-10-14,2026-10-17,NaN,-,-,Purok 2 San Gabriel 1st Bayambang Pangasinan OK,NaN
NaN,XSG1_Juzlyn_Gomez,639603471856.000,1787900828 ( 1787900828),261004791.000,Oct 2026,799.000,UNPAID,2026-10-01,2026-10-05,NaN,-,-,Purok 3 San Gabriel 1st bayambang Pangasinan,NaN
NaN,XSG1_Korina_Roque,639271465650.000,230203160416 ( 230203160416),261004792.000,Oct 2026,1,000,UNPAID,2026-10-09,2026-10-13,NaN,-,-,Purok 2 San Gabriel 1st Bayambang Pangasinan,NaN
NaN,XSG1_Lani_Delacruz,639563552689.000,5500019 ( 5500019),261004793.000,Oct 2026,1,000,UNPAID,2026-10-19,2026-10-23,NaN,-,-,Purok 1 Brgy San Gabriel Bayambang Pangasinan,NaN
NaN,XSG1_Lolita_Valdoz,639764394729.000,1770878120 ( 1770878120),261004794.000,Oct 2026,1,000,UNPAID,2026-10-18,2026-10-22,NaN,-,-,San Gabriel 1st, Purok 3 Black Gate, Beside Tabora Residence OK,NaN
NaN,XSG1_Luisa_Maregmen,639156878080.000,5500012 ( 5500012),261004795.000,Oct 2026,1,000,UNPAID,2026-10-18,2026-10-22,NaN,-,-,5 San Gabriel 1st Bayambang Pangasinan OK,NaN
NaN,XSG1_Lyna_Evangelista,639177050574.000,5500030 ( 1704159658),261004796.000,Oct 2026,1,000,UNPAID,2026-10-07,2026-10-11,NaN,-,-,Purok V San Gabriel 1st Bayambang,NaN
NaN,XSG1_Macario_Deguzman,639653588258.000,230203111615 ( 230203111615),260905239.000,Oct 2026,1,000,UNPAID,2026-10-28,2026-11-03,NaN,-,-,San Gabriel 1st Bayambang Pangasinan OK,NaN
NaN,XSG1_Marjie_DeGuzman,639168876269.000,230203145348 ( 230203145348),261004797.000,Oct 2026,1,000,UNPAID,2026-10-28,2026-11-02,NaN,-,-,Purok 3 San Gabriel 1st Bayambang Pangasinan,NaN
NaN,XSG1_Marvin_Paa,639095100480.000,1767775235 ( 1767775235),261004798.000,Oct 2026,1,000,UNPAID,2026-10-23,2026-10-27,NaN,-,-,Purok 3 san gabriel 1st Bayambang Pangasinan OK,NaN
NaN,XSG1_MaryGrace_Lumanog,639943871812.000,5500034 ( 1708591086),261004799.000,Oct 2026,1,000,UNPAID,2026-10-07,2026-10-11,NaN,-,-,Purok 2 San Gabriel 1st,NaN
NaN,XSG1_Maryjane_Deguzman,639245211614.000,1768976956 ( 1768976956),261004800.000,Oct 2026,1,000,PAID,2026-10-01,2026-10-04,2026-10-01,Cash,-,Purok 4 San Gabriel 1st Bayambang Pangasinan,NaN
NaN,XSG1_Maylyn_Ribusa,639358235899.000,5500063 ( 1736306765),261004801.000,Oct 2026,1,500,UNPAID,2026-10-16,2026-10-20,NaN,-,-,200 Purok 7 Brgy San Gabriel 1st Bayambang Pangasinan Ok,NaN
NaN,XSG1_Medardo_Palen,639951909578.000,5500035 ( 1709081813),261004802.000,Oct 2026,1,000,UNPAID,2026-10-01,2026-10-08,NaN,-,-,Purok 2 San Gabriel 1st Bayambang Pangasinan,NaN
NaN,XSG1_Melanie_Favi,639468481312.000,5500049 ( 1718017454),261004803.000,Oct 2026,1,000,UNPAID,2026-10-17,2026-10-21,NaN,-,-,Purok 1 San Gabriel 1st Bayambang Pangasinan OK,NaN
NaN,XSG1_Melissa_Abalos,639092154335.000,230211175972 ( 230211175972),261004804.000,Oct 2026,1,000,UNPAID,2026-10-11,2026-10-15,NaN,-,-,Purok 1 San Gabriel 1st Bayambang Pangasinan UNPAID FEB DC 18,NaN
NaN,XSG1_Pamela_Pilaspilas,639179058325.000,5500037 ( 1709266336),261004805.000,Oct 2026,1,000,UNPAID,2026-10-01,2026-10-05,NaN,-,-,Purok 2 San Gabriel 1st Baymabang Pangasinan,NaN
NaN,XSG1_Remedios_Baligad,639958119085.000,5500007 ( 5500007),261004806.000,Oct 2026,1,000,UNPAID,2026-10-01,2026-10-05,NaN,-,-,PUROK 3 SAN GABRIEL 1ST BYB PNG OK,NaN
NaN,XSG1_Rodel_Payomo,639812881700.000,1736409690 ( 1736409690),261004807.000,Oct 2026,1,000,UNPAID,2026-10-09,2026-10-13,NaN,-,-,Purok 1,San Gabriel 1st, bayambang pangasinan,NaN
NaN,XSG1_Roger_Estrada,639363169610.000,5500050 ( 1718786915),261004808.000,Oct 2026,1,000,UNPAID,2026-10-19,2026-10-23,NaN,-,-,Purok 2c San Gabriel 1st,NaN
NaN,XSG1_Rosemarie_Gallardo/Erguiza,639532293872.000,5500022 ( 5500022),261004809.000,Oct 2026,1,000,UNPAID,2026-10-23,2026-10-27,NaN,-,-,Brgy SanGabriel 1st Bayambang Pangasinan,NaN
NaN,XSG1_Ryan_Gallardo,639265786812.000,5500032 ( 1708320825),261004810.000,Oct 2026,1,000,UNPAID,2026-10-28,2026-11-01,NaN,-,-,San Gabriel 1st Bayambang OK,NaN
NaN,XSG1_Sonny_Capulong,639514421449.000,5500003 ( 5500003),261004811.000,Oct 2026,1,000,UNPAID,2026-10-14,2026-10-20,NaN,-,-,Purok 3 San Gabriel 1st Bayambang Pangasinan,NaN
NaN,XSG1_Theresa_Laza,639466321709.000,230203094215 ( 230203094215),261004812.000,Oct 2026,1,000,UNPAID,2026-10-19,2026-10-23,NaN,-,-,San Gabriel 1st Bayambang Pangasinan,NaN
NaN,XSG1_Vaneza_Dela_Cruz,639307504744.000,230203112310 ( 230203112310),261004813.000,Oct 2026,1,000,UNPAID,2026-10-11,2026-10-15,NaN,-,-,Purok 2 San Gabriel 1st Bayambang Pangasinan,NaN
NaN,XSG1_Victor_DeGuerto,639165375140.000,5500031 ( 1706691678),261004814.000,Oct 2026,1,000,UNPAID,2026-10-06,2026-10-10,NaN,-,-,Purok 2 San Gabriel 1st,NaN
NaN,XSG2_Adonis_Sabado,639062015928.000,1753781524 ( 1753781524),261004815.000,Oct 2026,1,000,UNPAID,2026-10-28,2026-11-02,NaN,-,-,SAN GABRIEL 2ND BAYAMBANG PANGASINAN,NaN
NaN,XSG2_Airene_Obcena,639277778467.000,1779321564 ( 1779321564),261004816.000,Oct 2026,799.000,UNPAID,2026-10-25,2026-10-29,NaN,-,-,San Gabriel 2nd Bayambang Pangasinan,NaN
NaN,XSG2_Andrew_Benito,639776935568.000,5600006 ( 5600006),261004817.000,Oct 2026,1,000,UNPAID,2026-10-03,2026-10-07,NaN,-,-,Purok 2 Brgy San Gabriel 2nd Bayambang Pangasinan,NaN
NaN,XSG2_Angelica_Dacasin,639064758659.000,5600017 ( 1719388069),261004818.000,Oct 2026,1,000,UNPAID,2026-10-28,2026-11-02,NaN,-,-,Purok 3 Brgy San Gabriel 2nd Bayambang Pangasinan,NaN
NaN,XSG2_Berna_Placido,639673220866.000,1786932723 ( 1786932723),261004819.000,Oct 2026,1,000,UNPAID,2026-10-27,2026-10-31,NaN,-,-,Purok 3 sitio lagare street San Gabriel 2nd,NaN
NaN,XSG2_Cherry_Yango,639650351376.000,1778550875 ( 1778550875),261004820.000,Oct 2026,1,000,UNPAID,2026-10-20,2026-10-24,NaN,-,-,Purok 2, Balatazar, San Gabriel 2nd, Bayambang, Pangasinan, 2423, philippines OK,NaN
NaN,XSG2_Crisilda_Campos,639544589598.000,1759218939 ( 1759218939),261004821.000,Oct 2026,1,000,UNPAID,2026-10-28,2026-11-03,NaN,-,-,San Gabriel 2nd, Bayambang, Pangasinan,NaN
NaN,XSG2_Cristina_Prestoza,639756324996.000,1747730491 ( 1747730491),261004822.000,Oct 2026,1,000,UNPAID,2026-10-20,2026-10-24,NaN,-,-,Purok 2,san gabriel 2nd, bayambang, Pangasinan,NaN
NaN,XSG2_Danica_Placido,639066058356.000,5600023 ( 1724366885),261004823.000,Oct 2026,1,000,UNPAID,2026-10-22,2026-10-26,NaN,-,-,San Gabriel 2nd bayambang Pangasinan,NaN
NaN,XSG2_Daniel_Soriano,639062623350.000,5600027 ( 1727590178),261004824.000,Oct 2026,1,000,UNPAID,2026-10-01,2026-10-05,NaN,-,-,Purok 1 Brgy San Gabriel 2nd Bayambang Pangasinan,NaN
NaN,XSG2_Danred_Lloyd_Dacasin,639054951622.000,1757386792 ( 1757386792),261004825.000,Oct 2026,1,000,UNPAID,2026-10-16,2026-10-20,NaN,-,-,Purok 1 San Gabriel 2nd B.Bang Pangasinan,NaN
NaN,XSG2_Delmar_Anquillano,639364274353.000,1755158119 ( 1755158119),261004826.000,Oct 2026,1,000,UNPAID,2026-10-14,2026-10-18,NaN,-,-,purok 2 san gabriel 2nd Baymbang Pangasinan JUNE/DANIEL LEE PORT 8,NaN
NaN,XSG2_Diane_Sanchez,639771676104.000,1769421963 ( 1769421963),261004827.000,Oct 2026,1,000,UNPAID,2026-10-13,2026-10-17,NaN,-,-,Purok 1 San Gabriel 2nd Bayambang Pangasinan,NaN
NaN,XSG2_Divina_Perez,639123891675.000,5600003 ( 5600003),261004828.000,Oct 2026,1,000,UNPAID,2026-10-01,2026-10-05,NaN,-,-,Brgy San Gabriel 2nd Bayambang Pangasinan,NaN
NaN,XSG2_Glacill_Dacasin,639957820167.000,5600019 ( 1722915771),261004829.000,Oct 2026,1,000,UNPAID,2026-10-21,2026-10-25,NaN,-,-,Purok 3 SanGabriel 2nd Bayambang Pangasinan,NaN
NaN,XSG2_Glenda_Sarmiento,639667916722.000,230204140501 ( 230204140501),261004830.000,Oct 2026,1,000,UNPAID,2026-10-15,2026-10-19,NaN,-,-,San Gabriel 2nd Bayambang Pangasinan OK,NaN
NaN,XSG2_Gloria_Campos,639389725838.000,5600002 ( 5600002),261004831.000,Oct 2026,1,000,UNPAID,2026-10-28,2026-11-03,NaN,-,-,Purok 1 San Gabriel 2nd Bayambang Pangasinan,NaN
NaN,XSG2_Jeany_Sabado,639164135907.000,1771642510 ( 1771642510),261004832.000,Oct 2026,1,000,UNPAID,2026-10-22,2026-10-26,NaN,-,-,Purok 3,San Gabriel 2nd,Bayambang,Pangasinan,NaN
NaN,XSG2_Jehanbelle_Dacalanio,639957826177.000,1760691944 ( 1760691944),261004833.000,Oct 2026,799.000,UNPAID,2026-10-15,2026-10-19,NaN,-,-,Purok 1 San Gabriel 2nd OK,NaN
NaN,XSG2_Jennifer_Manzano,639670575980.000,5600014 ( 1718094423),261004834.000,Oct 2026,1,000,UNPAID,2026-10-25,2026-10-29,NaN,-,-,Sitio Botot San Gabriel 2nd Bayambang,NaN
NaN,XSG2_Jennilyn_Pengco,639956472420.000,1762158675 ( 1762158675),261004835.000,Oct 2026,1,000,UNPAID,2026-10-09,2026-10-13,NaN,-,-,San Gabriel 2nd bayambang pangasinan,NaN
NaN,XSG2_JenniRose_Paredes,639155811858.000,5600009 ( 1708054655),261004836.000,Oct 2026,1,000,UNPAID,2026-10-19,2026-10-23,NaN,-,-,Purok 2 San Gabriel 2nd OK,NaN
NaN,XSG2_Jerry_Revilla,639157762530.000,1756973297 ( 1756973297),261004837.000,Oct 2026,1,000,UNPAID,2026-10-08,2026-10-12,NaN,-,-,Purok 1 San Gabriel 2nd B.Bang Pangasinan,NaN
NaN,XSG2_Jerusa_Deguzman,639058204852.000,1748503797 ( 1748503797),261004838.000,Oct 2026,1,000,UNPAID,2026-10-28,2026-11-02,NaN,-,-,Putol 2 san Gabriel 2nd bayambang Pangasinann,NaN
NaN,XSG2_Joshua_Poquiz,639357108327.000,1761277572 ( 1761277572),261004839.000,Oct 2026,1,000,UNPAID,2026-10-28,2026-11-05,NaN,-,-,Purok 3 San Gabriel 2nd b.bang Pangasinan,NaN
NaN,XSG2_Julius_Poquiz,639163213925.000,5600008 ( 1706596119),261004840.000,Oct 2026,1,000,UNPAID,2026-10-01,2026-10-05,NaN,-,-,San Gabriel 2nd Bayambang OK,NaN
NaN,XSG2_Justine_Manzano,639271435138.000,1778553085 ( 1778553085),261004841.000,Oct 2026,1,000,UNPAID,2026-10-12,2026-10-16,NaN,-,-,San Gabriel 2nd Bayambang, Pangasinan,NaN
NaN,XSG2_Khaye_Pilaspilas,639456378186.000,1781427102 ( 1781427102),261004842.000,Oct 2026,1,000,UNPAID,2026-10-15,2026-10-19,NaN,-,-,Purok 2 San Gabriel 2nd Bayambang, Pangasinan OK,NaN
NaN,XSG2_LeahLee_Lambino,639674954763.000,1782951000 ( 1782951000),261004843.000,Oct 2026,1,000,UNPAID,2026-10-02,2026-10-06,NaN,-,-,San Gabriel 2nd Sitio lagari OK,NaN
NaN,XSG2_Lenie_Ranario,639277807111.000,1772444542 ( 1772444542),261004844.000,Oct 2026,1,000,UNPAID,2026-10-21,2026-10-25,NaN,-,-,Purok 1, San Gabriel 2nd, Bayambang Pangasinan OK,NaN
NaN,XSG2_Lolita_Torres,639271189494.000,1759306198 ( 1759306198),261004845.000,Oct 2026,1,000,UNPAID,2026-10-01,2026-10-05,NaN,-,-,Purok 3 San Gabriel 2nd b.bang Pangasinan,NaN
NaN,XSG2_Loraine_Catalan,639176482385.000,1775708489 ( 1775708489),261004846.000,Oct 2026,1,000,UNPAID,2026-10-09,2026-10-13,NaN,-,-,Purok 2 San Gabriel 2nd,NaN
NaN,XSG2_Lourdes_Soriano,639054875641.000,5600013 ( 1717573656),261004847.000,Oct 2026,1,000,UNPAID,2026-10-15,2026-10-19,NaN,-,-,San Gabriel 2nd BAYAMBANG PANGASINAN,NaN
NaN,XSG2_Manilyn_Apaga,639543276408.000,1747724511 ( 1747724511),261004848.000,Oct 2026,1,000,UNPAID,2026-10-24,2026-10-28,NaN,-,-,San gabriel 2nd pulok 2,NaN
NaN,XSG2_Marcelina_Solis,639667901507.000,5600016 ( 1719387963),261004849.000,Oct 2026,1,000,UNPAID,2026-10-26,2026-10-30,NaN,-,-,Purok 3 Brgy SanGabriel 2nd Bayambang Pangasinan,NaN
NaN,XSG2_Marie_Manzano,639929939698.000,5600015 ( 1719309335),261004850.000,Oct 2026,1,000,UNPAID,2026-10-25,2026-11-01,NaN,-,-,Purok 3 San Gabriel 2nd Bayambang Pangasinan,NaN
NaN,XSG2_Mario_Veloria,639566770116.000,1756702517 ( 1756702517),261004851.000,Oct 2026,1,000,UNPAID,2026-10-01,2026-10-05,NaN,-,-,Sitio botot Purok2 San Gabriel 2nd OK,NaN
NaN,XSG2_Marites_Macalalad,639978440238.000,1767661770 ( 1767661770),261004852.000,Oct 2026,1,000,UNPAID,2026-10-09,2026-10-13,NaN,-,-,San Gabriel 2nd /Purok 1 OK,NaN
NaN,XSG2_Marla_Sarmiento,639387684793.000,1775706641 ( 1775706641),261004853.000,Oct 2026,1,500,UNPAID,2026-10-15,2026-10-19,NaN,-,-,San Gabriel 2nd bayambang Pangasinan,NaN
NaN,XSG2_Marlene_Baron,639273832403.000,1771468796 ( 1771468796),261004854.000,Oct 2026,1,000,UNPAID,2026-10-20,2026-10-27,NaN,-,-,Sitio Butot San Gabriel 2nd Lagpas ng School,NaN
NaN,XSG2_Marvino_Pinto,639266832502.000,1782177183 ( 1782177183),261004855.000,Oct 2026,1,000,UNPAID,2026-10-23,2026-10-27,NaN,-,-,San Gabriel 2nd Bayambang Pangasinan OK,NaN
NaN,XSG2_Mercy_DeGuzman,639670229549.000,1777795633 ( 1777795633),261004856.000,Oct 2026,1,000,UNPAID,2026-10-05,2026-10-11,NaN,-,-,Purok 3 Sitio Lagare San Gabriel 2nd Bayambang Pangasinan OK,NaN
NaN,XSG2_Merly_Medrano,639165467544.000,5600012 ( 1715213935),261004857.000,Oct 2026,1,000,UNPAID,2026-10-08,2026-10-12,NaN,-,-,Purok 2 San Gabriel 2nd,NaN
NaN,XSG2_Mhay_Dereal,639770592625.000,230214104567 ( 230214104567),261004858.000,Oct 2026,1,000,UNPAID,2026-10-24,2026-10-28,NaN,-,-,Boto San Gabriel 2nd Bayambang Pangasinan,NaN
NaN,XSG2_Rechielynn_Gabriel,639458464911.000,5600010 ( 1708493446),261004859.000,Oct 2026,1,000,UNPAID,2026-10-25,2026-10-29,NaN,-,-,Purok 2 San Gabriel 2nd UNPAID NOV DC DEC 2 Reconnected DEC 3,NaN
NaN,XSG2_Reynasol_Pilaspilas,639156869320.000,1741758041 ( 1741758041),261004860.000,Oct 2026,1,500,UNPAID,2026-10-12,2026-10-16,NaN,-,-,Purok 2 San Gabriel 2nd Bayambang Pangasinan,NaN
NaN,XSG2_Rosita_Placido,639670229549.000,230204141132 ( 230204141132),261004861.000,Oct 2026,1,000,UNPAID,2026-10-15,2026-10-21,NaN,-,-,San Gabriel 2nd Bayambang Pangasinan,NaN
NaN,XSG2_Rosita_Poquiz,639556630429.000,5600020 ( 1722940103),261004862.000,Oct 2026,1,000,UNPAID,2026-10-06,2026-10-10,NaN,-,-,San Gabriel 2nd Bayambang Pangasinan,NaN
NaN,XSG2_Rowena_Biay,639167740103.000,1777441341 ( 1777441341),261004863.000,Oct 2026,1,000,UNPAID,2026-10-28,2026-11-01,NaN,-,-,Purok 2, San Gabriel 2nd Bayambang Pangasinan,NaN
NaN,XSG2_Rowena_Campos,639260083057.000,1744600843 ( 1744600843),261004864.000,Oct 2026,1,000,UNPAID,2026-10-18,2026-10-22,NaN,-,-,Purok 1 San Gabriel 2nd Bayambang Pangasinan,NaN
NaN,XSG2_Shawnmichael_Bacani,639163213925.000,5600022 ( 1724123134),261004865.000,Oct 2026,1,000,UNPAID,2026-10-23,2026-10-30,NaN,-,-,Purok 2 Brgy San Gabriel 2nd Bayambang Pangasinan OK,NaN
NaN,XSG2_Shiela_Gabriel,639959461871.000,5600005 ( 5600005),261004866.000,Oct 2026,1,000,UNPAID,2026-10-17,2026-10-21,NaN,-,-,Baltazar St, Brgy San Gabriel 2nd Bayambang Pangasinan,NaN
NaN,XSG2_Vanessa_Poquiz,639670718437.000,5600025 ( 1727052577),261004867.000,Oct 2026,1,000,UNPAID,2026-10-16,2026-10-20,NaN,-,-,Purok 2 Sitio Botot Brgy San Gabriel 2nd Bayambang Pangasinan,NaN
NaN,XSG2_Wendell_Perez,639662682079.000,1757300699 ( 1757300699),261004868.000,Oct 2026,1,000,UNPAID,2026-10-08,2026-10-12,NaN,-,-,Purok 1 San Gabriel Bayambang, Pangasinan pullout,NaN
NaN,XSG2_Wilfredo_Latorre2,639062247914.000,5600030 ( 1730385350),261004869.000,Oct 2026,1,000,UNPAID,2026-10-11,2026-10-15,NaN,-,-,San Gabriel 2nd Purok 1 Bayambang Pangasinan OK,NaN
NaN,XSIN_Fernando_Patungan,639158799333.000,1753087275 ( 1753087275),261004870.000,Oct 2026,799.000,UNPAID,2026-10-21,2026-10-28,NaN,-,-,45 Sinabaan, Bautista PNG / FRONT HOUSE TILES BROWN PORT 3 PIOLO / JEROM,NaN
NaN,XSIN_Madelyn_Bataller,639452338126.000,1783133377 ( 1783133377),261004871.000,Oct 2026,1,000,UNPAID,2026-10-07,2026-10-11,NaN,-,-,65 Zone 1 Sinabaan, Bautista Pangasinan OK,NaN
NaN,XSI_Johncarlo_Gayagay,639454170303.000,21200001 ( 1723257114),261004872.000,Oct 2026,1,000,UNPAID,2026-10-09,2026-10-13,NaN,-,-,#148 Brgy Sinabaan Bautista Pangasinan,NaN
NaN,XSI_Rubyjean_Capanang,639667051337.000,21200002 ( 1730389602),261004873.000,Oct 2026,1,000,UNPAID,2026-10-12,2026-10-19,NaN,-,-,Sinabaan Bautista Pangasinan,NaN
NaN,XSJ_Frank_Castillo,639275026575.000,1747984493 ( 1747984493),261004874.000,Oct 2026,1,000,UNPAID,2026-10-23,2026-10-27,NaN,-,-,145 PANGANIBAN ST.SAN JUAN ALCALA PANGASINAN,NaN
NaN,XSN_Kharla_Dacanay,639665011521.000,1781060338 ( 1781060338),261004875.000,Oct 2026,1,000,UNPAID,2026-10-13,2026-10-17,NaN,-,-,#161 Delos Santos St. San Nicolas Alcala Pangasinan,NaN
NaN,XSPA_Eric_Gatchalian,639946849236.000,1779358927 ( 1779358927),261004876.000,Oct 2026,799.000,UNPAID,2026-10-22,2026-10-26,NaN,-,-,Purok 1 San Pedro apartado ALCALA pangasinan,NaN
NaN,XSPA_Ernesto_Cargo,639097020848.000,1753275232 ( 1753275232),261004877.000,Oct 2026,799.000,UNPAID,2026-10-23,2026-10-27,NaN,-,-,ZONE 1 SAN PEDRO APARTADO ALCALA PORT 2 Freddie/Mike,NaN
NaN,XSPA_Gilbert_Codilan,639196592624.000,1753253731 ( 1753253731),261004878.000,Oct 2026,799.000,UNPAID,2026-10-03,2026-10-07,NaN,-,-,ZONE 1 SAN PEDRO APARTADO ALCALA PNG PORT 1 Freddie/Mike,NaN
NaN,XSPA_Marilou_Lapitan,639687989115.000,1760587372 ( 1760587372),261004879.000,Oct 2026,1,000,UNPAID,2026-10-16,2026-10-20,NaN,-,-,Purok 5 San Pedro apartado Alcala Pangasinan,NaN
NaN,XSPA_Marivic_Cuaresma,639618435690.000,1784525379 ( 1784525379),261004880.000,Oct 2026,1,000,UNPAID,2026-10-21,2026-10-25,NaN,-,-,Purok5 San pedro apartado Alcala Pangasinan OK,NaN
NaN,XSPA_MikayaPatricia_Costales,639123456789.000,1766466691 ( 1766466691),261004881.000,Oct 2026,799.000,UNPAID,2026-10-23,2026-10-27,NaN,-,-,San Pedro Apartado,NaN
NaN,XSPA_Rodolfo_Domingo,639927582797.000,1788760733 ( 1788760733),261004882.000,Oct 2026,1,500,UNPAID,2026-10-09,2026-10-13,NaN,-,-,Purok 6 San Pedro apartado alcala Pangasinan,NaN
NaN,XSPA_Ronalyn_Nelmida,639081537496.000,1752290374 ( 1752290374),261004883.000,Oct 2026,799.000,UNPAID,2026-10-18,2026-10-22,NaN,-,-,San Pedro Apartado Alcala,NaN
NaN,XSPA_Rosalie_Tagama,639451168000.000,1787357915 ( 1787357915),261004884.000,Oct 2026,1,000,UNPAID,2026-10-23,2026-10-27,NaN,-,-,Purok4 San Pedro Apartado Alcala Pang.,NaN
NaN,XSPI_Abegail_Valdez,639318631283.000,1755162675 ( 1755162675),261004885.000,Oct 2026,799.000,UNPAID,2026-10-14,2026-10-18,NaN,-,-,304 Arboleda street San Pedro ili OK,NaN
NaN,XSPI_Andrelyn_Pimentel,639707259396.000,1786325598 ( 1786325598),261004886.000,Oct 2026,1,000,UNPAID,2026-10-11,2026-10-15,NaN,-,-,borje street. San pedro ili alcala pangasinan OK,NaN
NaN,XSPI_Bernardo_Mangsat,639077175533.000,1786512653 ( 1786512653),261004887.000,Oct 2026,1,000,UNPAID,2026-10-20,2026-10-24,NaN,-,-,Unit 3, 1st Floor, San Pedro Eli, front of INC, Alcala, Pangasinan,NaN
NaN,XSPI_Brenda_Yazon,639811547355.000,1777870496 ( 1777870496),261004888.000,Oct 2026,1,000,UNPAID,2026-10-05,2026-10-09,NaN,-,-,Phase II Lot 2 Blk 11 Ruby St. Doña Maria Lourdes Village ,San Pedro ili,Alcala,NaN
NaN,XSPI_JohnAlexander_Pilarca,639914826856.000,1785283538 ( 1785283538),261004889.000,Oct 2026,799.000,UNPAID,2026-10-01,2026-10-05,NaN,-,-,AE2Z CAR WASH SAN PEDRO ILI ALCALA OK,NaN
NaN,XSPI_Juliet_Capales,639086561626.000,1783381536 ( 1783381536),261004890.000,Oct 2026,1,000,UNPAID,2026-10-08,2026-10-12,NaN,-,-,Sitio Pangdel, San Pedro Ili, Alcala, Pangsinan OK,NaN
NaN,XSPI_Mariella_Gutierrez,639684448915.000,1779168396 ( 1779168396),261004891.000,Oct 2026,1,000,UNPAID,2026-10-20,2026-10-24,NaN,-,-,San Pedro ili Alcala Pangasinan (zone 2) San Pedro ili elementary school,NaN
NaN,XSPI_Ruth_Duque,639157179594.000,1787112093 ( 1787112093),261004892.000,Oct 2026,1,000,UNPAID,2026-10-04,2026-10-08,NaN,-,-,Address (with Purok):Bacerra St. San Pedro ili, Alcala Pangasinan Nearest Landmark: Near at CARD Inc. alcala unit.,NaN
NaN,XSTP_AllenRose_Serapion,639396003371.000,1780281781 ( 1780281781),261004893.000,Oct 2026,1,000,UNPAID,2026-10-02,2026-10-06,NaN,-,-,zone 4, San Antonio, Santo Tomas, Pangasinan.,NaN
NaN,XSTP_AmahLea_Jacobo,639278799310.000,1787916748 ( 1787916748),261004894.000,Oct 2026,799.000,UNPAID,2026-10-02,2026-10-06,NaN,-,-,371 zone 6 san Antonio sto. Tomas, pangasinan,NaN
NaN,XSTP_Angelica_Revivis,639564333989.000,1786782861 ( 1786782861),261004895.000,Oct 2026,1,000,UNPAID,2026-10-17,2026-10-21,NaN,-,-,BRGY. SAN JOSE SANTO TOMAS PANGASINAN ZONE 4,NaN
NaN,XSTP_Arlyn_Pulido,639467235500.000,1777939620 ( 1777939620),261004896.000,Oct 2026,1,000,UNPAID,2026-10-05,2026-10-09,NaN,-,-,Zone 5 San Antonio, Sto. Tomas, Pangasinan,NaN
NaN,XSTP_Assessors_Office,639360745849.000,1779232752 ( 1779232752),261004897.000,Oct 2026,1,000,UNPAID,2026-10-20,2026-11-20,NaN,-,-,Municipality of Sto. Tomas assessors office,NaN
NaN,XSTP_BrianPaule_Palad,639458118132.000,1789515665 ( 1789515665),261004898.000,Oct 2026,1,000,UNPAID,2026-10-16,2026-10-20,NaN,-,-,Zone 1 San Agustin Sto Tomas Pangasinan,NaN
NaN,XSTP_Camille_Pascua,639511544570.000,1768920969 ( 1768920969),261004899.000,Oct 2026,1,000,UNPAID,2026-10-24,2026-10-28,NaN,-,-,Zone 2 San Antonio sto Tomas pangasinan,NaN
NaN,XSTP_Camille_Pascua2,639511544570.000,1786672881 ( 1786672881),261004900.000,Oct 2026,1,500,UNPAID,2026-10-20,2026-10-24,NaN,-,-,Zone 2 San Antonio sto Tomas pangasinan,NaN
NaN,XSTP_Carl_Quitan,639175020215.000,1778823197 ( 1778823197),261004901.000,Oct 2026,799.000,UNPAID,2026-10-16,2026-10-20,NaN,-,-,#18 Brgy.Laluna Sto.Tomas Pangasinan,NaN
NaN,XSTP_ChristianPaul_Motilla,639345675590.000,1788243005 ( 1788243005),261004902.000,Oct 2026,799.000,UNPAID,2026-10-02,2026-10-06,NaN,-,-,Purok 6 Barangay San Antonio Sto Tomas Pangasinan,NaN
NaN,XSTP_Comelec_Dept,639175589925.000,1779253441 ( 1779253441),261004903.000,Oct 2026,1,000,UNPAID,2026-10-22,2026-10-26,NaN,-,-,Municipality of Sto.Tomas Comelec Dept. Look for Ms. Ada,NaN
NaN,XSTP_Crichelle_Baltazar,639355409639.000,1772099277 ( 1772099277),261004904.000,Oct 2026,1,000,UNPAID,2026-10-27,2026-10-31,NaN,-,-,zone 7 don barroga sto. Niño sto tomas pangasinan,NaN
NaN,XSTP_DanicaJoy_Pulido,639508304941.000,1777701322 ( 1777701322),261004905.000,Oct 2026,1,000,UNPAID,2026-10-04,2026-10-08,NaN,-,-,#97 San Antonio Sto. Tomas Pangasinan,NaN
NaN,XSTP_Darwin_DelosSantos,639065266200.000,1775632983 ( 1775632983),261004906.000,Oct 2026,1,000,UNPAID,2026-10-09,2026-10-13,NaN,-,-,San Antonio Sto. Tomas Pangasinan,NaN
NaN,XSTP_DianneMarie_Perez,639616320712.000,1787025295 ( 1787025295),261004907.000,Oct 2026,1,000,UNPAID,2026-10-20,2026-10-24,NaN,-,-,Zone 4, #16 Brgy San Jose Santo Tomas Pangasinan 2426,NaN
NaN,XSTP_DILG,639175589925.000,1781744035 ( 1781744035),261004908.000,Oct 2026,1,000,UNPAID,2026-10-18,2026-10-22,NaN,-,-,Municipality of Sto.Tomas,NaN
NaN,XSTP_Dolores_Aguilar,639318064350.000,1790060189 ( 1790060189),261004909.000,Oct 2026,1,000,UNPAID,2026-10-22,2026-10-26,NaN,-,-,San Antonio Sto Tomas Pangasinan,NaN
NaN,XSTP_Domingo_Marquez,639282791936.000,1777525525 ( 1777525525),261004910.000,Oct 2026,799.000,UNPAID,2026-10-04,2026-10-07,NaN,-,-,Zone 7, Santo Domingo Santo Tomas KAPITBAHAY NI XSTP_Teresa_Terrado,NaN
NaN,XSTP_Dorina_Motilla,639510856061.000,1787476409 ( 1787476409),261004911.000,Oct 2026,1,000,UNPAID,2026-10-24,2026-10-28,NaN,-,-,Sto niño zone 4 sto tomas pangasinan OK,NaN
NaN,XSTP_Edison_Tacotaco,639504649776.000,1786950698 ( 1786950698),261004912.000,Oct 2026,1,000,UNPAID,2026-10-17,2026-10-21,NaN,-,-,San Jose zone 4 Santo Tomas Pangasinan,NaN
NaN,XSTP_Efren_Abrina,639081657042.000,1743838081 ( 1743838081),261004913.000,Oct 2026,1,000,UNPAID,2026-10-10,2026-10-14,NaN,-,-,Project 8 Salvacion Sto Tomas,NaN
NaN,XSTP_Emmanuel_Semana,639164097143.000,1777853508 ( 1777853508),261004914.000,Oct 2026,1,000,UNPAID,2026-10-11,2026-10-15,NaN,-,-,Zone 6 San Antonio Sto.Tomas Pangasinan,NaN
NaN,XSTP_Fatima_Almonte,639534562984.000,1775706013 ( 1775706013),261004915.000,Oct 2026,1,000,UNPAID,2026-10-11,2026-10-15,NaN,-,-,Zone 5 Salvacion Sto. Tomas,NaN
NaN,XSTP_Gemmalyn_Baltazar,639508073570.000,1788226981 ( 1788226981),261004916.000,Oct 2026,1,000,UNPAID,2026-10-01,2026-10-05,NaN,-,-,San Jose Sto Tomas Pangasinan,NaN
NaN,XSTP_Glenn_Caguioa,639925476149.000,1756348521 ( 1756348521),261004917.000,Oct 2026,1,000,UNPAID,2026-10-28,2026-11-01,NaN,-,-,531 San Antonio sto Tomas pangasinan,NaN
NaN,XSTP_Hazel_Rabang,639667352309.000,1787739722 ( 1787739722),261004918.000,Oct 2026,1,000,UNPAID,2026-10-28,2026-11-01,NaN,-,-,San marcos zone 6 sto. Tomas pangasinan,NaN
NaN,XSTP_Imelda_Almon,639850906860.000,1775881314 ( 1775881314),261004919.000,Oct 2026,1,500,UNPAID,2026-10-11,2026-10-15,NaN,-,-,Salvacion sto tomas,NaN
NaN,XSTP_Isagani_Ramos,639639980914.000,1764823754 ( 1764823754),261004920.000,Oct 2026,1,000,UNPAID,2026-10-04,2026-10-08,NaN,-,-,Zone 5, San Antonio, Sto. Tomas, Pangasinan,NaN
NaN,XSTP_Jamaica_Florida,639384382905.000,1773538526 ( 1773538526),261004921.000,Oct 2026,799.000,UNPAID,2026-10-18,2026-10-22,NaN,-,-,Zone 1, San Antonio , Sto.Tomas , Pangasinan,NaN
NaN,XSTP_Janice_Abalos,639065749834.000,1787371809 ( 1787371809),261004922.000,Oct 2026,1,000,UNPAID,2026-10-26,2026-10-30,NaN,-,-,73 Zone 5 Salvacion, Santo Tomas Pangasinan,NaN
NaN,XSTP_Jasmin_Carlos,639931935171.000,1782951497 ( 1782951497),261004923.000,Oct 2026,1,000,UNPAID,2026-10-06,2026-10-10,NaN,-,-,Zone 6 San Antonio, Sto. Tomas, Pangasinan OK,NaN
NaN,XSTP_Jerrecell_Arandio,639633633253.000,1767835417 ( 1767835417),261004924.000,Oct 2026,799.000,UNPAID,2026-10-08,2026-10-12,NaN,-,-,San Jose sto.tomas Pangasinan,NaN
NaN,XSTP_JohnPaul_Corpuz,639631726620.000,1772673970 ( 1772673970),261004925.000,Oct 2026,1,000,UNPAID,2026-10-05,2026-10-09,NaN,-,-,zone 6 sto. Niño sto tomas pang.,NaN
NaN,XSTP_Jongclin_Demasupil,639939445533.000,1779931252 ( 1779931252),261004926.000,Oct 2026,1,000,UNPAID,2026-10-28,2026-10-28,NaN,-,-,Salvacion Sto. Tomas pangasinan,NaN
NaN,XSTP_Junvic_Corpuz,639305481677.000,1772677538 ( 1772677538),261004927.000,Oct 2026,1,000,UNPAID,2026-10-05,2026-10-10,NaN,-,-,Zone 5 Sto.Niño Santo Tomas Pangasinan,NaN
NaN,XSTP_Kenneth_Marzan,639123136311.000,1786673688 ( 1786673688),261004928.000,Oct 2026,1,000,UNPAID,2026-10-20,2026-10-24,NaN,-,-,Don fruto Seismundo St. Sto.Niño Sto.tomas pang.,NaN
NaN,XSTP_Lance_Marzan,639092457092.000,1770808403 ( 1770808403),261004929.000,Oct 2026,1,000,UNPAID,2026-10-12,2026-10-16,NaN,-,-,zone 7 Sto.Niño sto. Tomas pangasinan nearest Landmark: Marquez water station,NaN
NaN,XSTP_Limay_Tabin,639308598198.000,1780711914 ( 1780711914),261004930.000,Oct 2026,799.000,UNPAID,2026-10-17,2026-10-21,NaN,-,-,247, Zone 6 San Jose Santo Tomas Pangasinan OK,NaN
NaN,XSTP_Liza_Rivivis,639560878217.000,1786951930 ( 1786951930),261004931.000,Oct 2026,1,000,UNPAID,2026-10-17,2026-10-21,NaN,-,-,San Jose Santo Tomas Pangasinan,NaN
NaN,XSTP_Marjorie_Pescador,639636011787.000,1786246451 ( 1786246451),261004932.000,Oct 2026,799.000,UNPAID,2026-10-12,2026-10-16,NaN,-,-,Address: San Antonio zone 7 sto Tomas Pangasinan OK,NaN
NaN,XSTP_Mau_Nuncio,639858469240.000,1774350319 ( 1774350319),261004933.000,Oct 2026,799.000,UNPAID,2026-10-25,2026-10-29,NaN,-,-,Zone 7 Sto.Nino Sto Tomas Pangasinan,NaN
NaN,XSTP_MDRRMO,639317830488.000,1782176486 ( 1782176486),261004934.000,Oct 2026,1,000,UNPAID,2026-10-23,2026-10-27,NaN,-,-,Poblacion West, Sto. Tomas, Pangasinan,NaN
NaN,XSTP_Melvie_Belano,639195192026.000,1778380251 ( 1778380251),261004935.000,Oct 2026,799.000,UNPAID,2026-10-10,2026-10-14,NaN,-,-,Zone 6 Sto Nino, Sto Tomas Pangasinan,NaN
NaN,XSTP_Mike_RABARA,639306583827.000,1755492277 ( 1755492277),261004936.000,Oct 2026,1,000,UNPAID,2026-10-28,2026-11-01,NaN,-,-,Zone 6, San Agustin,santo tomas, pangasinan port 4 FREEDIE/MIKE,NaN
NaN,XSTP_Nancy_Laureta,639192055540.000,1778122218 ( 1778122218),261004937.000,Oct 2026,1,000,UNPAID,2026-10-10,2026-10-14,NaN,-,-,Sto ñino sto. Tomas Pangasinan,NaN
NaN,XSTP_PaulaJane_Parayno,639054104846.000,1783072576 ( 1783072576),261004938.000,Oct 2026,799.000,UNPAID,2026-10-07,2026-10-11,NaN,-,-,Sto. Niño, Sto. Tomas, Pangasinan OK,NaN
NaN,XSTP_Raff_Marquez,639178011113.000,1778823542 ( 1778823542),261004939.000,Oct 2026,799.000,UNPAID,2026-10-23,2026-10-27,NaN,-,-,Villa Syo.Tomas Poblacion West Sto.Tomas Pangasinan,NaN
NaN,XSTP_Rebecca_Serapion,639162610200.000,1756699066 ( 1756699066),261004940.000,Oct 2026,1,000,UNPAID,2026-10-05,2026-10-09,NaN,-,-,Zone 5 San Antonio sto Tomas pangasinan,NaN
NaN,XSTP_Rodel_Sarmiento,639692841285.000,1781051452 ( 1781051452),261004941.000,Oct 2026,799.000,UNPAID,2026-10-14,2026-10-18,NaN,-,-,Poblacion West Santo Tomas Pangasinan,NaN
NaN,XSTP_Rogelio_DeVera,639306460381.000,1788260365 ( 1788260365),261004942.000,Oct 2026,1,000,UNPAID,2026-10-03,2026-10-07,NaN,-,-,Zone 5 .San Antonio Sto. Tomas Pang.,NaN
NaN,XSTP_Rojellyn_Suyat,639176203066.000,1760427823 ( 1760427823),261004943.000,Oct 2026,1,000,UNPAID,2026-10-14,2026-10-18,NaN,-,-,Zone 5 San Antonio Santo Tomas pangasinan,NaN
NaN,XSTP_Rolly_Mercado,639103705620.000,1768963500 ( 1768963500),261004944.000,Oct 2026,1,000,UNPAID,2026-10-21,2026-10-25,NaN,-,-,Zone 2, San Antonio, Santo Tomas, Pangasinan,NaN
NaN,XSTP_Ronald_Gabbac,639859677593.000,1772162893 ( 1772162893),261004945.000,Oct 2026,799.000,UNPAID,2026-10-27,2026-10-31,NaN,-,-,Zone 7 Don Barroga St. Sto. Niño Sto Tomas Pangasinan,NaN
NaN,XSTP_Rosie_Ramos,639469725576.000,1788407698 ( 1788407698),261004946.000,Oct 2026,799.000,UNPAID,2026-10-05,2026-10-09,NaN,-,-,San Jose Sto Tomas Pangasinan,NaN
NaN,XSTP_Rowena_Tolentino,639928321307.000,1775457140 ( 1775457140),261004947.000,Oct 2026,1,000,UNPAID,2026-10-08,2026-10-12,NaN,-,-,San Antonio Sto. Tomas Pangasinan,NaN
NaN,XSTP_RyanVista_Pequet,639511293207.000,1775436044 ( 1775436044),261004948.000,Oct 2026,1,000,UNPAID,2026-10-07,2026-10-11,NaN,-,-,Sto. Niño Sto. Tomas Pang.,NaN