NaN,Name,Phone,Account No,Invoice No,Period,Total,Status,Due Date,Isolir Date,Date Payment,Payment Method,Reference,Address,Action
NaN,MPE_Mark_Galleno,639100059980.000,1742892536 ( 1742892536),261001989.000,Oct 2026,800.000,UNPAID,2026-10-26,2026-11-04,NaN,-,-,135 don P tadeo st pob east alcala pangasinan OK,NaN
NaN,MPE_Marygrace_Aguda,639690386810.000,1773371321 ( 1773371321),261001990.000,Oct 2026,1,000,UNPAID,2026-10-13,2026-10-22,NaN,-,-,P.sison st poblacion east alcala pangasinan,NaN
NaN,MPE_Marygrace_Dancel,639544635668.000,1776036234 ( 1776036234),261001991.000,Oct 2026,1,000,UNPAID,2026-10-13,2026-10-22,NaN,-,-,Arboleda St Poblacion East Alcala Pangasinan,NaN
NaN,MPE_Meriam_Deguzman,639566349351.000,1761277953 ( 1761277953),261001992.000,Oct 2026,800.000,UNPAID,2026-10-26,2026-11-04,NaN,-,-,zone 6 Inanama st Poblacion east alcala pangasinan,NaN
NaN,MPE_Michael_Santos,639199959680.000,1745227324 ( 1745227324),261001993.000,Oct 2026,700.000,UNPAID,2026-10-21,2026-10-30,NaN,-,-,166 tadeo Poblacion east Alcala Pangasinann,NaN
NaN,MPE_Nancy_Engson,63995455993.000,1761706723 ( 1761706723),261001994.000,Oct 2026,1,000,UNPAID,2026-10-29,2026-11-07,NaN,-,-,Zone 1 poblacion East Alcala Pangasinan,NaN
NaN,MPE_NeelJohn_Bagayan,639274738965.000,1736412847 ( 1736412847),261001995.000,Oct 2026,799.000,UNPAID,2026-10-09,2026-10-18,NaN,-,-,Zone 6 Funston St, Poblacion east Alcala Pangasinan,NaN
NaN,MPE_Noemi_Cabrales,639218856902.000,1736061271 ( 1736061271),261001996.000,Oct 2026,799.000,UNPAID,2026-10-05,2026-10-14,NaN,-,-,Zone 5 PSison Poblacion East Alcala Pangasinan,NaN
NaN,MPE_Pacita_Bagayan,639215588255.000,1737168944 ( 1737168944),261001997.000,Oct 2026,799.000,UNPAID,2026-10-27,2026-11-05,NaN,-,-,Zone 6 funston st. Poblacion east alcala pangasinan,NaN
NaN,MPE_Precious_Grande,639940940844.000,1777785869 ( 1777785869),261001998.000,Oct 2026,1,000,UNPAID,2026-10-06,2026-10-15,NaN,-,-,P sison st. Poblacion Alcala Pangasinan,NaN
NaN,MPE_Raquel_Pobre,639387342187.000,35000038 ( 1732974510),261001999.000,Oct 2026,1,000,UNPAID,2026-10-12,2026-10-16,NaN,-,-,#51 Mercado St, Pob East, Alcala Pangasinan,NaN
NaN,MPE_Raymund_Bagayan,639157097566.000,1784454013 ( 1784454013),261002000.000,Oct 2026,799.000,UNPAID,2026-10-21,2026-10-30,NaN,-,-,P. Sison St Poblacion East alcala Pangasinan,NaN
NaN,MPE_Regine_Lacro,639425818170.000,1736739976 ( 1736739976),261002001.000,Oct 2026,799.000,UNPAID,2026-10-13,2026-10-22,NaN,-,-,Zone 6 funston st. Poblacion East Alcala pangasinan,NaN
NaN,MPE_Renajoyce_Deguzman,639179505309.000,1787211302 ( 1787211302),261002002.000,Oct 2026,1,000,UNPAID,2026-10-03,2026-10-07,NaN,-,-,FUNSTON ST POBLACION EAST,ALCALA,PANGASINAN,NaN
NaN,MPE_Reneboy_Ramos,639812902919.000,1752470546 ( 1752470546),261002003.000,Oct 2026,799.000,UNPAID,2026-10-14,2026-10-23,NaN,-,-,Zone 5 poblacion East Alcala Pangasinan PORT 13 Daniel Lee June V,NaN
NaN,MPE_Richard_Macalalay,639941203424.000,1742180201 ( 1742180201),261002004.000,Oct 2026,1,000,UNPAID,2026-10-17,2026-10-26,NaN,-,-,Zone 4 Donia aurora st. Pindangan East Alcala Pangasinan,NaN
NaN,MPE_Roberto_Peralta,639272389980.000,1748319668 ( 1748319668),261002005.000,Oct 2026,799.000,UNPAID,2026-10-27,2026-11-05,NaN,-,-,Purok 6 Poblacion east Alcala Pangasinann,NaN
NaN,MPE_Rodel_Cabanilla,639156654954.000,35000077 ( 1735980395),261002006.000,Oct 2026,1,000,UNPAID,2026-10-11,2026-10-20,NaN,-,-,Funston St, Pob East, Alcala Pangasinan,NaN
NaN,MPE_Rodel_Llarenas,639075284331.000,1747623574 ( 1747623574),261002007.000,Oct 2026,800.000,UNPAID,2026-10-29,2026-11-07,NaN,-,-,173 Primicias St Pob East Alcala Pangasinan,NaN
NaN,MPE_Romel_Miral,639098516429.000,1778890690 ( 1778890690),261002008.000,Oct 2026,1,000,UNPAID,2026-10-22,2026-10-26,NaN,-,-,Arboleda St POBLACION EAST ALCALA PANGASINAN OK,NaN
NaN,MPE_Ronalie_Delacruz,639478643905.000,1765790024 ( 1765790024),261002009.000,Oct 2026,1,000,UNPAID,2026-10-15,2026-10-24,NaN,-,-,Zone 1 Pob east Alcala Pangasinan,NaN
NaN,MPE_Roxanne_Cabanilla,639468029689.000,1748592174 ( 1748592174),261002010.000,Oct 2026,799.000,UNPAID,2026-10-28,2026-11-06,NaN,-,-,174 Soriano st Poblacion east Alcala Pangasinann,NaN
NaN,MPE_Samuel_Calvero,639389052853.000,1758701616 ( 1758701616),261002011.000,Oct 2026,800.000,UNPAID,2026-10-24,2026-11-02,NaN,-,-,Funston st pob east alcala pangasinan,NaN
NaN,MPE_ShearrieAnn_Manuel,639303307732.000,1748831295 ( 1748831295),261002012.000,Oct 2026,799.000,UNPAID,2026-10-11,2026-10-20,NaN,-,-,196 P.sison st Poblacion east Alcala Pangasinann,NaN
NaN,MPE_Sherlyn_Tasani,639777886532.000,1772197369 ( 1772197369),261002013.000,Oct 2026,799.000,UNPAID,2026-10-02,2026-10-11,NaN,-,-,Sison St Pob east alcala pangasinan,NaN
NaN,MPE_Sheryl_Bagayan,639625285878.000,1747820970 ( 1747820970),261002014.000,Oct 2026,799.000,UNPAID,2026-10-21,2026-10-25,NaN,-,-,P Sison st zone 5 Poblacion east Alcala Pangasinann,NaN
NaN,MPE_Shierly_Soriano,639198406257.000,1756886865 ( 1756886865),261002015.000,Oct 2026,1,000,UNPAID,2026-10-03,2026-10-12,NaN,-,-,Zone 1 poblacion east alcala pangasinan,NaN
NaN,MPE_Stephanie_Carino,639685229528.000,1744078558 ( 1744078558),261002016.000,Oct 2026,1,000,UNPAID,2026-10-08,2026-10-17,NaN,-,-,P Sison St. Poblaciob East Alcala Pangasinan,NaN
NaN,MPE_Susan_Carlos,639455172457.000,1735954385 ( 1735954385),261002017.000,Oct 2026,1,000,UNPAID,2026-10-04,2026-10-13,NaN,-,-,Purok 4 Poblacion East Alcala Pangasinan,NaN
NaN,MPE_Teresa_Penson,639810129106.000,1765520494 ( 1765520494),261002018.000,Oct 2026,799.000,UNPAID,2026-10-12,2026-10-21,NaN,-,-,Zone 1 pob east Alcala pangasinan,NaN
NaN,MPE_Terrence_Arce,639277404869.000,1778980464 ( 1778980464),261002019.000,Oct 2026,1,000,UNPAID,2026-10-27,2026-10-31,NaN,-,-,Arboleda St. Poblacion East Alcala Pangasinan,NaN
NaN,MPE_Tomas_Villoria,639088819809.000,1773113367 ( 1773113367),261002020.000,Oct 2026,799.000,UNPAID,2026-10-11,2026-10-20,NaN,-,-,Castaneda st poblacion east alcala pangasinan,NaN
NaN,MPE_Tricia_Marquez,639924097905.000,1737773474 ( 1737773474),261002021.000,Oct 2026,799.000,UNPAID,2026-10-27,2026-11-05,NaN,-,-,Stall no. 1 pob east alcala Gspeed mobile phone Alcala Branch,NaN
NaN,MPE_Xander_Labrera,639930726685.000,1744773441 ( 1744773441),261002022.000,Oct 2026,799.000,UNPAID,2026-10-20,2026-10-29,NaN,-,-,Zone 6 funston st poblacion east alcala pang,NaN
NaN,MPE_Ysamei_Caranay,639925044128.000,1789623108 ( 1789623108),261002023.000,Oct 2026,799.000,UNPAID,2026-10-17,2026-10-21,NaN,-,-,Tadeo st poblacion east alcala pangasinan,NaN
NaN,MPINE_Abegail_Gutierrez,639918685692.000,1782902275 ( 1782902275),261002024.000,Oct 2026,1,000,UNPAID,2026-10-02,2026-10-11,NaN,-,-,Pindangan East Alcala pangasinan / arko/Erwin Bautista OK,NaN
NaN,MPINE_AngelMae_Pamogas,639158682483.000,1750060201 ( 1750060201),261002025.000,Oct 2026,1,000,UNPAID,2026-10-16,2026-10-25,NaN,-,-,Zone 5 Pindangan Centro Alcala Pangasin,NaN
NaN,MPINE_April_Ramay,639926564480.000,1765684075 ( 1765684075),261002026.000,Oct 2026,1,000,UNPAID,2026-10-15,2026-10-24,NaN,-,-,Torres st Pindangan Centro Alcala Pangasinan,NaN
NaN,MPINE_Benita_Yabes,639911221849.000,1749530856 ( 1749530856),261002027.000,Oct 2026,799.000,UNPAID,2026-10-01,2026-10-10,NaN,-,-,Zone 4 Pindangan West Alcala Pangasinan,NaN
NaN,MPINE_Chares_Ramay,639464050518.000,1788742980 ( 1788742980),261002028.000,Oct 2026,799.000,UNPAID,2026-10-07,2026-10-11,NaN,-,-,Galleno st pindangan centro alcala pangasinan,NaN
NaN,MPINE_Cipriano_Lacerna,639707639491.000,1750147131 ( 1750147131),261002029.000,Oct 2026,1,000,UNPAID,2026-10-17,2026-10-26,NaN,-,-,Zone 3 Pindangan West Alcala Pangasinan,NaN
NaN,MPINE_Corleto_Lazaga,639277293024.000,1777678379 ( 1777678379),261002030.000,Oct 2026,799.000,UNPAID,2026-10-17,2026-10-21,NaN,-,-,Zone 1 Pindangan West Alcala Pangasinan,NaN
NaN,MPINE_Desiree_Santiago,639213382794.000,1743842569 ( 1743842569),261002031.000,Oct 2026,1,500,UNPAID,2026-10-05,2026-10-14,NaN,-,-,138 Doña Aurora st Pindangan East alcala Pangasinan,NaN
NaN,MPINE_Don_Fortez,639959617439.000,1773621736 ( 1773621736),261002032.000,Oct 2026,2,000,UNPAID,2026-10-14,2026-10-23,NaN,-,-,Purok liwliwa Pindangan East Alcala pangasinan,NaN
NaN,MPINE_Elvis_Ramay,639270773398.000,1765526675 ( 1765526675),261002033.000,Oct 2026,799.000,UNPAID,2026-10-12,2026-10-21,NaN,-,-,Galleno St Pindangan Centro Alcala Pangasinan,NaN
NaN,MPINE_Emma_Perrion,639634723496.000,1749546066 ( 1749546066),261002034.000,Oct 2026,799.000,UNPAID,2026-10-10,2026-10-19,NaN,-,-,Zone 6 pindangan east alcala pangasinan,NaN
NaN,MPINE_Erlyn_Fuentes,639939588090.000,1789107470 ( 1789107470),261002035.000,Oct 2026,1,000,UNPAID,2026-10-11,2026-10-15,NaN,-,-,Nario st Pindangan centro alcala pangasinan,NaN
NaN,MPINE_Esmael_Nario,639708290823.000,1766116230 ( 1766116230),261002036.000,Oct 2026,1,000,UNPAID,2026-10-19,2026-10-28,NaN,-,-,Zone 1 pindangan West Alcala pangasinan,NaN
NaN,MPINE_Franklin_Ramay,639319769774.000,1788743617 ( 1788743617),261002037.000,Oct 2026,799.000,UNPAID,2026-10-07,2026-10-11,NaN,-,-,Galleno st Pindangan Centro Alcala Pangasinan,NaN
NaN,MPINE_Geraldine_Quintero,639277293024.000,1765783894 ( 1765783894),261002038.000,Oct 2026,1,000,UNPAID,2026-10-21,2026-10-25,NaN,-,-,Zone 2 Pindangan West Alcala Pangasinan,NaN
NaN,MPINE_Gertudes_Espiritu,639095153552.000,1749539376 ( 1749539376),261002039.000,Oct 2026,1,500,UNPAID,2026-10-10,2026-10-19,NaN,-,-,162 Pindangan East Alcala Pangasinan,NaN
NaN,MPINE_Hector_Memita,639634805025.000,1748836865 ( 1748836865),261002040.000,Oct 2026,1,000,UNPAID,2026-10-07,2026-10-16,NaN,-,-,Zone 1 Ambrocio St Pindangan West Alcala Pangasinan,NaN
NaN,MPINE_Jeffrey_Esteron,639919392093.000,1749098652 ( 1749098652),261002041.000,Oct 2026,799.000,UNPAID,2026-10-05,2026-10-14,NaN,-,-,Zone 1 Torres st pindangan Centro Alcala Pangasinann,NaN
NaN,MPINE_Jeremy_Primicias,63969587763.000,1762222536 ( 1762222536),261002042.000,Oct 2026,1,000,UNPAID,2026-10-04,2026-10-13,NaN,-,-,Zone 6 Pindangan Centro Alcala pangasinan,NaN
NaN,MPINE_Jhen_Fortu,639925064505.000,1779760327 ( 1779760327),261002043.000,Oct 2026,1,000,UNPAID,2026-10-26,2026-10-30,NaN,-,-,Zone 6 Pindnagan Centro Alcala Pangasinan,NaN
NaN,MPINE_Joan_Pacleb,639706432372.000,1755742983 ( 1755742983),261002044.000,Oct 2026,1,000,UNPAID,2026-10-08,2026-10-12,NaN,-,-,Zone 5 Pindangan Centro Alcala Pangasinan Port 6 Tech: Marben,NaN
NaN,MPINE_John_Torres,63963708105.000,1747712407 ( 1747712407),261002045.000,Oct 2026,800.000,UNPAID,2026-10-22,2026-10-31,NaN,-,-,Zone 3 pindangan east alcala pangasinan,NaN
NaN,MPINE_Jonathan_Alarcio,639389121971.000,1773812523 ( 1773812523),261002046.000,Oct 2026,799.000,UNPAID,2026-10-20,2026-10-24,NaN,-,-,Pindangan Centro Alcala Pangasinan,NaN
NaN,MPINE_Jonathan_Galano,639203423757.000,1749098763 ( 1749098763),261002047.000,Oct 2026,799.000,UNPAID,2026-10-05,2026-10-14,NaN,-,-,Torres st pindangan centro alcala pang,NaN
NaN,MPINE_Jorge_Galleno,639949938719.000,1770784715 ( 1770784715),261002048.000,Oct 2026,1,000,UNPAID,2026-10-11,2026-10-20,NaN,-,-,Pindangan Centro Alcala Pangasinan,NaN
NaN,MPINE_Joseph_Galleno,639100059980.000,1771815739 ( 1771815739),261002049.000,Oct 2026,1,000,UNPAID,2026-10-23,2026-10-27,NaN,-,-,Galleno St Pindangan Centro Alcala Pangasinan,NaN
NaN,MPINE_Kenneth_Galleno,639633326537.000,1742268241 ( 1742268241),261002050.000,Oct 2026,799.000,UNPAID,2026-10-18,2026-10-22,NaN,-,-,Zone 1 liwliwa st pindangan east alcala pang,NaN
NaN,MPINE_Leah_Lhemos,639955208576.000,1773118234 ( 1773118234),261002051.000,Oct 2026,1,000,UNPAID,2026-10-10,2026-10-19,NaN,-,-,Zone 2 pindangan east alcala pangasinan,NaN
NaN,MPINE_Leah_Yuro,639911221190.000,1754624545 ( 1754624545),261002052.000,Oct 2026,1,000,UNPAID,2026-10-08,2026-10-17,NaN,-,-,PUROK LIWLIWA PINDANGAN EAST ALC PNG,NaN
NaN,MPINE_Leonida_Nelmida,639922058598.000,1777240221 ( 1777240221),261002053.000,Oct 2026,1,000,UNPAID,2026-10-27,2026-11-05,NaN,-,-,Zone 1 Pindangan West Alcala Pangasinan,NaN
NaN,MPINE_Maricel_Paraganas,639469679354.000,1754967323 ( 1754967323),261002054.000,Oct 2026,1,000,UNPAID,2026-10-12,2026-10-21,NaN,-,-,Purok sinnaranay Pindangan east alcala pangasinan marben/making/boss d port 4,NaN
NaN,MPINE_Marichu_Bautista,639639937116.000,1756779091 ( 1756779091),261002055.000,Oct 2026,1,000,UNPAID,2026-10-02,2026-10-11,NaN,-,-,Zone 3 pindangan east alcala pangasinan,NaN
NaN,MPINE_Marilou_Ramay,639910377921.000,1765682949 ( 1765682949),261002056.000,Oct 2026,799.000,UNPAID,2026-10-15,2026-10-24,NaN,-,-,Pindangan Centro Alcala Pangasinan,NaN
NaN,MPINE_Mark_Ramay,639279411452.000,1746256488 ( 1746256488),261002057.000,Oct 2026,1,000,UNPAID,2026-10-03,2026-10-12,NaN,-,-,75 national road pindangan west alcala pangasinan,NaN
NaN,MPINE_Marvinrey_Miranda,639166043230.000,1776733386 ( 1776733386),261002058.000,Oct 2026,1,500,UNPAID,2026-10-22,2026-10-31,NaN,-,-,Pindangan Centro Alcala pangasinan,NaN
NaN,MPINE_Marvin_Bautista,639324493388.000,1748846586 ( 1748846586),261002059.000,Oct 2026,799.000,UNPAID,2026-10-02,2026-10-11,NaN,-,-,Zone 5 Pindangan West Alcala Pangasinan,NaN
NaN,MPINE_Maryjoy_Perrion,639460829224.000,1779117424 ( 1779117424),261002060.000,Oct 2026,799.000,UNPAID,2026-10-20,2026-10-24,NaN,-,-,Purok Mannaraon Pindangan East Alcala Pangasinan,NaN
NaN,MPINE_Merle_Valerio,6399911221553.000,1768115849 ( 1768115849),261002061.000,Oct 2026,799.000,UNPAID,2026-10-12,2026-10-21,NaN,-,-,Zone 5 pindangan centro alcala pangasinan,NaN
NaN,MPINE_Michael_Galleno,639924097905.000,1750061552 ( 1750061552),261002062.000,Oct 2026,799.000,UNPAID,2026-10-16,2026-10-25,NaN,-,-,111 Galleno st pindangan centro alcala pangasinan,NaN
NaN,MPINE_Michael_Ramay,639270773398.000,1784163731 ( 1784163731),261002063.000,Oct 2026,799.000,UNPAID,2026-10-16,2026-10-25,NaN,-,-,Galleno st Pindangan Centro Alcala Pangasinan OK,NaN
NaN,MPINE_Michelle_Galleno,63969639475.000,1744695314 ( 1744695314),261002064.000,Oct 2026,1,000,UNPAID,2026-10-15,2026-10-24,NaN,-,-,Zone 6 pindangan centro alcala pangasinan,NaN
NaN,MPINE_MiguelaOlivea_Perrion,639306421519.000,1766123215 ( 1766123215),261002065.000,Oct 2026,799.000,UNPAID,2026-10-19,2026-10-28,NaN,-,-,Pindangan East Alcala Pangasia,NaN
NaN,MPINE_Mindros_Quines,63923212982.000,1765433216 ( 1765433216),261002066.000,Oct 2026,799.000,UNPAID,2026-10-11,2026-10-20,NaN,-,-,Zone 5 pindangan centro alcala pangasinan,NaN
NaN,MPINE_Mitch_Mayo,639287407473.000,1750141820 ( 1750141820),261002067.000,Oct 2026,799.000,UNPAID,2026-10-17,2026-10-26,NaN,-,-,Zone 1 pindangan West Alcala Pangasinan,NaN
NaN,MPINE_Noilan_Magsanoc,639923057348.000,1746260814 ( 1746260814),261002068.000,Oct 2026,1,000,UNPAID,2026-10-20,2026-10-24,NaN,-,-,Laboan 1 zone 6 pindangan alcala pangsinan,NaN
NaN,MPINE_Peter_Sanidad,639385724778.000,1742782552 ( 1742782552),261002069.000,Oct 2026,800.000,UNPAID,2026-10-26,2026-11-04,NaN,-,-,Zone 2 Doña_Aurora St. pindangan East alcala pang,NaN
NaN,MPINE_Rachelle_Quines,6399117622140.000,1759720754 ( 1759720754),261002070.000,Oct 2026,1,000,UNPAID,2026-10-06,2026-10-15,NaN,-,-,508 pindangan centro alcala pangasinan,NaN
NaN,MPINE_Rechelle_Mabalot,639483724319.000,1782092046 ( 1782092046),261002071.000,Oct 2026,799.000,UNPAID,2026-10-22,2026-10-26,NaN,-,-,Purok 5 Manaraon Pindangan East Alcala Pangasinan / Landmark Aling Lenny Store,NaN
NaN,MPINE_Remedios_Torres,639911762140.000,1759464090 ( 1759464090),261002072.000,Oct 2026,1,000,UNPAID,2026-10-03,2026-10-12,NaN,-,-,Mencias st pindangan west alcala pangasinan,NaN
NaN,MPINE_Renato_Tayawa,639353684939.000,1758261965 ( 1758261965),261002073.000,Oct 2026,1,000,UNPAID,2026-10-19,2026-10-28,NaN,-,-,Zone 6 pindangan west alcala pangasinan,NaN
NaN,MPINE_Renelito_Nario,639762263953.000,1750388762 ( 1750388762),261002074.000,Oct 2026,700.000,UNPAID,2026-10-20,2026-10-29,NaN,-,-,Zone 4 pindangan west alcala pang,NaN
NaN,MPINE_Romeo_Mindaros,639922058677.000,1750056961 ( 1750056961),261002075.000,Oct 2026,799.000,UNPAID,2026-10-16,2026-10-25,NaN,-,-,Galleno st Pindangan centro alcala pangasinan,NaN
NaN,MPINE_Rosemarie_Bernido,639203423757.000,1749099926 ( 1749099926),261002076.000,Oct 2026,799.000,UNPAID,2026-10-05,2026-10-14,NaN,-,-,Zone 1 Torres st pindangan Centro Alcala Pangasinann,NaN
NaN,MPINE_Ryan_Lanuza,639935545174.000,1770296397 ( 1770296397),261002077.000,Oct 2026,799.000,UNPAID,2026-10-16,2026-10-20,NaN,-,-,Zone 4 Pindangan Centro Alcala Pangasinan,NaN
NaN,MPINE_Shahab_Torres,639934574278.000,1759467980 ( 1759467980),261002078.000,Oct 2026,799.000,UNPAID,2026-10-03,2026-10-12,NaN,-,-,Nario st pindangan west alcala pangasinan,NaN
NaN,MPINE_Simona_Antienza,639935545174.000,1770681138 ( 1770681138),261002079.000,Oct 2026,799.000,UNPAID,2026-10-05,2026-10-14,NaN,-,-,Zone 4 pindangan Centro alcala pang,NaN
NaN,MPINE_Susan_Barroga,639457705171.000,1752561885 ( 1752561885),261002080.000,Oct 2026,1,000,UNPAID,2026-10-15,2026-10-24,NaN,-,-,Zone 4 pindangan centro alcala pangasinan PORT 4 JOHAN / MICHAEL,NaN
NaN,MPINE_Timoteo_Torres,639682503282.000,1760587507 ( 1760587507),261002081.000,Oct 2026,1,000,UNPAID,2026-10-16,2026-10-25,NaN,-,-,Zone 5 Pindangan Centro Alcala Pangasinan,NaN
NaN,MPINE_Wilfred_Serapion,639916866465.000,1779213918 ( 1779213918),261002082.000,Oct 2026,1,000,UNPAID,2026-10-21,2026-10-30,NaN,-,-,Pindangan East Alcala Pangasinan,NaN
NaN,MPINW_RoseAnn_Deleon,63991460280.000,1747707917 ( 1747707917),261002083.000,Oct 2026,799.000,UNPAID,2026-10-20,2026-10-29,NaN,-,-,94 tores st pindangan west Alcala Pangasinann OK,NaN
NaN,MPIN_CarolMay_Mejia,639919378498.000,1787210947 ( 1787210947),261002084.000,Oct 2026,1,000,UNPAID,2026-10-21,2026-10-25,NaN,-,-,#55, Pindangan West Alcala, Pangasinan,NaN
NaN,MPOG_Cecilio_Mejia,639543275084.000,1768259480 ( 1768259480),261002085.000,Oct 2026,1,000,UNPAID,2026-10-06,2026-10-10,NaN,-,-,Pogo bautista Pangasinan,NaN
NaN,MPOG_Emelita_Mejia,639293283896.000,1762400452 ( 1762400452),261002086.000,Oct 2026,1,000,UNPAID,2026-10-06,2026-10-15,NaN,-,-,Zone 2 Pogo Bautista Pangasinan,NaN
NaN,MPOG_Josephine_Dionisio,639212199222.000,1774224197 ( 1774224197),261002087.000,Oct 2026,1,000,UNPAID,2026-10-06,2026-10-10,NaN,-,-,Zone 5 pogo Bautista pangasinan,NaN
NaN,MPOG_Ruelito_Ilagan,639496047226.000,1760496236 ( 1760496236),261002088.000,Oct 2026,1,000,UNPAID,2026-10-20,2026-10-29,NaN,-,-,Zone 2 Pogo Bautista pangasinan OK,NaN
NaN,MPOG_Ruena_Lumapac,639509522740.000,1765506294 ( 1765506294),261002089.000,Oct 2026,1,000,UNPAID,2026-10-12,2026-10-21,NaN,-,-,Zone 2 Pogo Bautista Pangasinan,NaN
NaN,MPW_Albaraido_Gomez,639664026182.000,1736131196 ( 1736131196),261002090.000,Oct 2026,1,000,UNPAID,2026-10-06,2026-10-15,NaN,-,-,DILG Alcala Pangasinan,NaN
NaN,MPW_Alberto_Respecia,639199314247.000,1741399306 ( 1741399306),261002091.000,Oct 2026,1,000,UNPAID,2026-10-20,2026-10-24,NaN,-,-,173 Agoncillo St zone 5 pob west alcala,NaN
NaN,MPW_Alcala_Central,63908865379.000,1750915645 ( 1750915645),261002092.000,Oct 2026,1,200,UNPAID,2026-10-11,2026-10-15,NaN,-,-,Pob west alcala central school PORT 5 jun bartulo,NaN
NaN,MPW_Alisah_Fernandez,639486376412.000,1738223211 ( 1738223211),261002093.000,Oct 2026,1,000,UNPAID,2026-10-28,2026-11-06,NaN,-,-,Zone 7 malone st poblacion east alcala pangasinan,NaN
NaN,MPW_Amado_Duque,639277294019.000,1766387784 ( 1766387784),261002094.000,Oct 2026,1,000,UNPAID,2026-10-22,2026-10-31,NaN,-,-,Aguncillo st Poblacion west Alcala pangasinan,NaN
NaN,MPW_Angelika_Moraleda,639955158434.000,1751870111 ( 1751870111),261002095.000,Oct 2026,1,000,UNPAID,2026-10-25,2026-10-29,NaN,-,-,Funston st Poblacion West Alcala Pangasinan OK,NaN
NaN,MPW_Argel_Liberato,639123456789.000,35000104 ( 1736323694),261002096.000,Oct 2026,1,000,UNPAID,2026-10-14,2026-10-23,NaN,-,-,Rizal St, PobWEst Alcala PAngasinan,NaN
NaN,MPW_Benjamin_Danzil,639672859573.000,1752569288 ( 1752569288),261002097.000,Oct 2026,799.000,UNPAID,2026-10-15,2026-10-24,NaN,-,-,Malone st pob west alcala pangasinan PORT 12 JOHAN / MICHAEL,NaN
NaN,MPW_Chris_Tagulao,639859758234.000,1746154739 ( 1746154739),261002098.000,Oct 2026,1,000,UNPAID,2026-10-02,2026-10-11,NaN,-,-,Malone st pob east alcala pangasinan,NaN
NaN,MPW_Claire_Calica,639063834726.000,1750753959 ( 1750753959),261002099.000,Oct 2026,800.000,UNPAID,2026-10-26,2026-11-04,NaN,-,-,Malone st pob west alcala pangasinan OK,NaN
NaN,MPW_Clara_Belmonte,639603365720.000,1781523523 ( 1781523523),261002100.000,Oct 2026,799.000,UNPAID,2026-10-18,2026-10-22,NaN,-,-,Malone st Poblacion west alcala pangasinan OK,NaN
NaN,MPW_CliffanyRuth_Bughaw,639688542756.000,1738125506 ( 1738125506),261002101.000,Oct 2026,1,000,UNPAID,2026-10-28,2026-11-06,NaN,-,-,Malone st poblacion west alcala pangasinan Coffe Alley OK,NaN
NaN,MPW_Crislyn_Ancero,639525405962.000,1777422797 ( 1777422797),261002102.000,Oct 2026,1,500,UNPAID,2026-10-28,2026-11-06,NaN,-,-,Malone st Poblacion west alcala pangasinan oK,NaN
NaN,MPW_Dan_Arellano,639663171553.000,20600001 ( 1732796967),261002103.000,Oct 2026,1,000,UNPAID,2026-10-10,2026-10-19,NaN,-,-,Funston St, Pob West Alcala Pangasinan,NaN
NaN,MPW_Donald_Formentos,639930726763.000,1777155113 ( 1777155113),261002104.000,Oct 2026,1,000,UNPAID,2026-10-28,2026-11-06,NaN,-,-,Zone 1 castaneda st Pob west Alcala Pangasinan,NaN
NaN,MPW_Emerson_Acan,639629633426.000,1754188662 ( 1754188662),261002105.000,Oct 2026,1,200,UNPAID,2026-10-22,2026-10-26,NaN,-,-,Agoncillo st pob west alcala pangasinan OK,NaN
NaN,MPW_Emilio_Villon,639081057676.000,1750297962 ( 1750297962),261002106.000,Oct 2026,1,500,UNPAID,2026-10-19,2026-10-28,NaN,-,-,Zone 4 poblacion west Alcala Pangasinan,NaN
NaN,MPW_Gino_Idio,639456324271.000,1789964052 ( 1789964052),261002107.000,Oct 2026,799.000,UNPAID,2026-10-21,2026-10-25,NaN,-,-,Malone st poblacion west alcala pangasinan,NaN
NaN,MPW_Glenn_Gasmen,639811696002.000,35000002 ( 1732851324),261002108.000,Oct 2026,1,000,UNPAID,2026-10-16,2026-10-25,NaN,-,-,Pob West Alcala Pangasinan,NaN
NaN,MPW_Glen_Limos,639671084399.000,17200003 ( 1732796849),261002109.000,Oct 2026,1,000,UNPAID,2026-10-28,2026-11-07,NaN,-,-,Aocillo Poblacion West Alcala Pangasinan,NaN
NaN,MPW_Haide_Mata,639456373726.000,35000005 ( 1732852094),261002110.000,Oct 2026,799.000,UNPAID,2026-10-21,2026-10-30,NaN,-,-,231 Malone St, Pob West Alcala Pangasinan,NaN
NaN,MPW_Irene_Pinto,639959080079.000,1738127986 ( 1738127986),261002111.000,Oct 2026,799.000,UNPAID,2026-10-28,2026-11-06,NaN,-,-,Malone st poblacion west kambal empanada store,NaN
NaN,MPW_Jaime_Cabuco,639486433928.000,1783400794 ( 1783400794),261002112.000,Oct 2026,1,000,UNPAID,2026-10-08,2026-10-17,NaN,-,-,Malone st Poblacion West Alcala Pangasinan OK,NaN
NaN,MPW_Jay_Calderon,639198448939.000,1774766952 ( 1774766952),261002113.000,Oct 2026,1,000,UNPAID,2026-10-30,2026-11-08,NaN,-,-,Malone st Poblacion East Alcala pangasinan,NaN
NaN,MPW_Jeazelle_Soriano,639549743853.000,1760427334 ( 1760427334),261002114.000,Oct 2026,1,000,UNPAID,2026-10-14,2026-10-23,NaN,-,-,Zone 4 Poblacion west alcala pangasinan,NaN
NaN,MPW_Jellyjoy_Montemayor,639275377005.000,1789011774 ( 1789011774),261002115.000,Oct 2026,1,000,UNPAID,2026-10-10,2026-10-14,NaN,-,-,Funston st poblacion west alcala pangasinan,NaN
NaN,MPW_Jhonaliza_Cabanayan,639771205846.000,1736397658 ( 1736397658),261002116.000,Oct 2026,799.000,UNPAID,2026-10-09,2026-10-13,NaN,-,-,28 Rizal St, Poblacion west Alcala Pangasinan,NaN
NaN,MPW_Jocelyn_Arellano,639154504908.000,1755311601 ( 1755311601),261002117.000,Oct 2026,799.000,UNPAID,2026-10-16,2026-10-25,NaN,-,-,Mc arthur st pob west alcala pangasinan port 13 marben,NaN
NaN,MPW_Junard_Danzil,639776986561.000,1750484636 ( 1750484636),261002118.000,Oct 2026,700.000,UNPAID,2026-10-21,2026-10-30,NaN,-,-,19 MAlone St Poblacion West Alcala pangasinan PORT 11 JOHAN / MICHAEL ASUNCION,NaN
NaN,MPW_Keith_Miranda,639772565663.000,1736134097 ( 1736134097),261002119.000,Oct 2026,1,000,UNPAID,2026-10-10,2026-10-14,NaN,-,-,Ice ice baby Pob west Alcala pangasinan,NaN
NaN,MPW_Leticia_Pecio,639123031879.000,1771197453 ( 1771197453),261002120.000,Oct 2026,799.000,UNPAID,2026-10-16,2026-10-25,NaN,-,-,Rizal st Poblacion East Alcala Pangasinan,NaN
NaN,MPW_Lolita_Agustin,639165013732.000,1766995172 ( 1766995172),261002121.000,Oct 2026,1,000,UNPAID,2026-10-07,2026-10-16,NaN,-,-,Malone st. Poblacion east alcala pangasinan,NaN
NaN,MPW_Maria_Aquino,639053553082.000,1740386424 ( 1740386424),261002122.000,Oct 2026,799.000,UNPAID,2026-10-04,2026-10-08,NaN,-,-,Zone 5 mc arthur st poblacion west alcala pangasinan,NaN
NaN,MPW_Marites_Bernardo,639986100340.000,1788829549 ( 1788829549),261002123.000,Oct 2026,1,000,UNPAID,2026-10-08,2026-10-12,NaN,-,-,Funston st. Poblacion West Alcala Pangasinan,NaN
NaN,MPW_Marites_Osternag,639452783775.000,1774225127 ( 1774225127),261002124.000,Oct 2026,799.000,UNPAID,2026-10-23,2026-10-27,NaN,-,-,Poblacion west Alcala pangasinan,NaN
NaN,MPW_Mark_Gambol,639451027181.000,1768779823 ( 1768779823),261002125.000,Oct 2026,1,000,UNPAID,2026-10-23,2026-11-01,NaN,-,-,Zone 1 Poblacion West Alcala Pangasinan,NaN
NaN,MPW_Marvin_Danzil,639128150058.000,1767062766 ( 1767062766),261002126.000,Oct 2026,799.000,UNPAID,2026-10-28,2026-11-06,NaN,-,-,Malone st Pob west Alcala Pangasinan,NaN
NaN,MPW_MaryRose_Gambol,639858621956.000,1747449923 ( 1747449923),261002127.000,Oct 2026,1,000,UNPAID,2026-10-17,2026-10-26,NaN,-,-,Malone street Alcala Pangasinann,NaN
NaN,MPW_Mayann_Delacruz,639851316462.000,1769131566 ( 1769131566),261002128.000,Oct 2026,1,000,UNPAID,2026-10-23,2026-11-01,NaN,-,-,Zone 1 castaneda st pob west alcala pangasinan,NaN
NaN,MPW_MichaelAngelo_Resta,639369352991.000,1783400682 ( 1783400682),261002129.000,Oct 2026,799.000,UNPAID,2026-10-08,2026-10-12,NaN,-,-,Zone 5 Poblacion West Alcala Pangasinan OK,NaN
NaN,MPW_Michael_Calderon,639667338278.000,1737596286 ( 1737596286),261002130.000,Oct 2026,800.000,UNPAID,2026-10-26,2026-11-04,NaN,-,-,246 funston st poblacion west alcala pangasinan,NaN
NaN,MPW_Neil_Suarez,639165106684.000,1741056795 ( 1741056795),261002131.000,Oct 2026,1,000,UNPAID,2026-10-04,2026-10-13,NaN,-,-,zone 7 576 funston st poblacion west,NaN
NaN,MPW_Paul_Tabora,639273471603.000,35000026 ( 1732871550),261002132.000,Oct 2026,799.000,UNPAID,2026-10-18,2026-10-27,NaN,-,-,102 Malone St, Pob West Alcala Pangasinan OK,NaN
NaN,MPW_Rhea_Garcia,639956237461.000,1768174819 ( 1768174819),261002133.000,Oct 2026,1,000,UNPAID,2026-10-13,2026-10-22,NaN,-,-,Malone st Poblacion East Alcala Pangasinan,NaN
NaN,MPW_Richard_Castillo,639633671623.000,1747455277 ( 1747455277),261002134.000,Oct 2026,799.000,UNPAID,2026-10-17,2026-10-26,NaN,-,-,Malone st Poblacion west Alcala Pangasinann,NaN
NaN,MPW_Roel_Lucido,639309293308.000,1778475622 ( 1778475622),261002135.000,Oct 2026,1,000,UNPAID,2026-10-11,2026-10-20,NaN,-,-,Agocillo st. Poblacion West Alcala Pangasinan,NaN
NaN,MPW_Rosemarie_Pastor,639566390254.000,1777527270 ( 1777527270),261002136.000,Oct 2026,1,000,UNPAID,2026-10-28,2026-11-06,NaN,-,-,Malone St Poblacion West Alcala Pangasinan,NaN
NaN,MPW_Rossel_Montemayor,639460832774.000,1755748728 ( 1755748728),261002137.000,Oct 2026,800.000,UNPAID,2026-10-21,2026-10-30,NaN,-,-,Zone 4 Agoncillo st Pob west alcala pangasinan Port 6 Tech: Marben,NaN
NaN,MPW_Rowena_Pinto,639455939333.000,1750066021 ( 1750066021),261002138.000,Oct 2026,1,000,UNPAID,2026-10-20,2026-10-29,NaN,-,-,Poblacion West Centrum Alcala pangasinan,NaN
NaN,MPW_Shiela_Casicas,639274452624.000,1747735361 ( 1747735361),261002139.000,Oct 2026,800.000,UNPAID,2026-10-20,2026-10-29,NaN,-,-,Funston st poblacion east alcala pangasinan,NaN
NaN,MPW_Shirley_Limpin,639666243668.000,1780632565 ( 1780632565),261002140.000,Oct 2026,1,000,UNPAID,2026-10-10,2026-10-19,NaN,-,-,125 mc arthur st poblacion west alcala pangasinan,NaN
NaN,MPW_Victor_Calibuso,639978140090.000,1769414447 ( 1769414447),261002141.000,Oct 2026,1,000,UNPAID,2026-10-27,2026-11-05,NaN,-,-,Malone st Poblacion East Alcala Pangasinan,NaN
NaN,MPW_Yvette_Limpin,639566501610.000,1789884097 ( 1789884097),261002142.000,Oct 2026,1,000,UNPAID,2026-10-20,2026-10-24,NaN,-,-,Rizal st Poblacion West Alcala pangasinan,NaN
NaN,MSJC_Adrielle_Quadra,639166401015.000,1757131381 ( 1757131381),261002143.000,Oct 2026,1,000,UNPAID,2026-10-26,2026-10-30,NaN,-,-,Zone 3 san juan alcala pangasinan,NaN
NaN,MSJC_Albert_Padua,639957987607.000,1779922272 ( 1779922272),261002144.000,Oct 2026,799.000,UNPAID,2026-10-28,2026-11-06,NaN,-,-,Canan st San juan alcala pangasinan,NaN
NaN,MSJC_Alejandro_Totaan,639544528748.000,1771283450 ( 1771283450),261002145.000,Oct 2026,1,000,UNPAID,2026-10-17,2026-10-26,NaN,-,-,Funston st san Juan Alcala pangasinan,NaN
NaN,MSJC_Alma_Lumanit,639184282840.000,1765443094 ( 1765443094),261002146.000,Oct 2026,1,000,UNPAID,2026-10-11,2026-10-20,NaN,-,-,Canan San juan Alcala Pangasinan,NaN
NaN,MSJC_Andy_Refujia,63930957626.000,1762245319 ( 1762245319),261002147.000,Oct 2026,799.000,UNPAID,2026-10-04,2026-10-13,NaN,-,-,Zone 6 San juan Alcala Pangasinan OK,NaN
NaN,MSJC_Angel_Sancho,63909916645.000,1758858691 ( 1758858691),261002148.000,Oct 2026,1,000,UNPAID,2026-10-26,2026-11-04,NaN,-,-,Zone 1 San juan alcala pangasinan,NaN
NaN,MSJC_Anna_Masiglat,639618381472.000,1764838316 ( 1764838316),261002149.000,Oct 2026,1,000,UNPAID,2026-10-04,2026-10-13,NaN,-,-,Zone 4 Sna juan alcala pangasinan,NaN
NaN,MSJC_Anthony_Adsuara,639365962467.000,1776931453 ( 1776931453),261002150.000,Oct 2026,799.000,UNPAID,2026-10-25,2026-11-03,NaN,-,-,Agoncillo st San juan alcala pangasinan,NaN
NaN,MSJC_Ashley_Javier,639772865615.000,1750218801 ( 1750218801),261002151.000,Oct 2026,799.000,UNPAID,2026-10-18,2026-10-27,NaN,-,-,ZONE 1 SAN JUAN ALCALA PANGASINAN,NaN
NaN,MSJC_Carla_Dularte,639954527461.000,1764818046 ( 1764818046),261002152.000,Oct 2026,1,000,UNPAID,2026-10-04,2026-10-13,NaN,-,-,Zone 4 San Juan Alcala Pangasinan,NaN
NaN,MSJC_Chivas_Macaspac,639106702530.000,1748577471 ( 1748577471),261002153.000,Oct 2026,1,000,UNPAID,2026-10-28,2026-11-06,NaN,-,-,Zone 3 san juan alcala pangasinan,NaN
NaN,MSJC_Cristopher_Castillo,639695209645.000,1786593023 ( 1786593023),261002154.000,Oct 2026,1,000,UNPAID,2026-10-18,2026-10-22,NaN,-,-,Zone 1,San juan Alcala,NaN
NaN,MSJC_DanRafael_Quadra,639703301569.000,1744723993 ( 1744723993),261002155.000,Oct 2026,799.000,UNPAID,2026-10-03,2026-10-07,NaN,-,-,Burgos St. San Juan, Alcala, Pangsinan OK,NaN
NaN,MSJC_Debbie_Caluya,639667717061.000,1758874800 ( 1758874800),261002156.000,Oct 2026,1,000,UNPAID,2026-10-26,2026-11-04,NaN,-,-,Zone 2 rizal st San juan alcala pangasinan,NaN
NaN,MSJC_Delfin_Lapitan,639353101530.000,35000027 ( 1732872128),261002157.000,Oct 2026,1,000,UNPAID,2026-10-04,2026-10-08,NaN,-,-,Sitio Canan Zone 7 San Juan Alcala PAngasinan,NaN
NaN,MSJC_Divine_Padilla,639083749802.000,1764825661 ( 1764825661),261002158.000,Oct 2026,1,000,UNPAID,2026-10-04,2026-10-13,NaN,-,-,Zone 4 san juan alcala pangasinan,NaN
NaN,MSJC_Dolores_Acosta,639055068095.000,1764227379 ( 1764227379),261002159.000,Oct 2026,1,000,UNPAID,2026-10-27,2026-11-05,NaN,-,-,Zone 1 San juan alcala pang,NaN
NaN,MSJC_Edson_Piano,639452253931.000,1770024070 ( 1770024070),261002160.000,Oct 2026,1,000,UNPAID,2026-10-06,2026-10-15,NaN,-,-,Sitio Canan San Juan Alcala Pangasinan,NaN
NaN,MSJC_Enrico_Ramos,639772565663.000,1753947943 ( 1753947943),261002161.000,Oct 2026,1,500,UNPAID,2026-10-28,2026-11-06,NaN,-,-,Sitio canan san juan alcala pangasinan OK,NaN
NaN,MSJC_Fe_Nardo,639389989576.000,1789023689 ( 1789023689),261002162.000,Oct 2026,1,000,UNPAID,2026-10-10,2026-10-14,NaN,-,-,Panganiban St. san juan alcala pangasinan,NaN
NaN,MSJC_Harlene_Paningbatan,639093584664.000,35000098 ( 1736319641),261002163.000,Oct 2026,1,000,UNPAID,2026-10-16,2026-10-25,NaN,-,-,Zone 7 Sitio Canan San Juan Alcala Pangasinan,NaN
NaN,MSJC_Hermardine_Balibat,639502955443.000,1769400858 ( 1769400858),261002164.000,Oct 2026,1,000,UNPAID,2026-10-26,2026-11-04,NaN,-,-,210 gabut st San Juan alcala Pangasinan,NaN
NaN,MSJC_Janice_Agaoid,639162956897.000,1788231929 ( 1788231929),261002165.000,Oct 2026,799.000,UNPAID,2026-10-01,2026-10-05,NaN,-,-,Zone 1 San juan alcala pangasinan,NaN
NaN,MSJC_Janna_Bustos,639669674939.000,1760673338 ( 1760673338),261002166.000,Oct 2026,800.000,UNPAID,2026-10-17,2026-10-26,NaN,-,-,Gabot st san vicente alcala pang,NaN
NaN,MSJC_Jasper_Fortez,639565576689.000,1772004216 ( 1772004216),261002167.000,Oct 2026,1,000,UNPAID,2026-10-25,2026-11-03,NaN,-,-,Burgos st San juan Alcala Pangasinan,NaN
NaN,MSJC_Jelame_Itorma,639935288650.000,1777022921 ( 1777022921),261002168.000,Oct 2026,1,000,UNPAID,2026-10-24,2026-11-02,NaN,-,-,Sitio Canan San juan Canan Alcala pangasinan,NaN
NaN,MSJC_Jennifer_Sugui,639454788176.000,35000076 ( 1735980242),261002169.000,Oct 2026,799.000,UNPAID,2026-10-03,2026-10-12,NaN,-,-,02, Rizal St, San Juan Alcala Pangasinan,NaN
NaN,MSJC_Jimuel_Tasani,639156486742.000,1736319901 ( 1736319901),261002170.000,Oct 2026,799.000,UNPAID,2026-10-08,2026-10-17,NaN,-,-,Zone 5 Sitio canan San juan alcala,NaN
NaN,MSJC_JohnPaul_Bulosan,63956026396.000,35000087 ( 1736230756),261002171.000,Oct 2026,1,000,UNPAID,2026-10-09,2026-10-18,NaN,-,-,84 Nat'l Road San Jauan Alcala Pangasinan OK,NaN
NaN,MSJC_Jomar_Advincula,639953784831.000,1780410110 ( 1780410110),261002172.000,Oct 2026,1,000,UNPAID,2026-10-03,2026-10-07,NaN,-,-,70 national rd. san juan alcala pangasinan,NaN
NaN,MSJC_JonaLiza_Andres,639128845865.000,35000102 ( 1736322581),261002173.000,Oct 2026,1,000,UNPAID,2026-10-20,2026-10-29,NaN,-,-,Zone 2 San Juan Alcala PAngasinan,NaN
NaN,MSJC_Jordan_Siador2,639510587456.000,1741408068 ( 1741408068),261002174.000,Oct 2026,1,000,UNPAID,2026-10-08,2026-10-17,NaN,-,-,Zone 6 San juan Canan Alcala pangasinan,NaN
NaN,MSJC_Jose_Paras,639703854811.000,1778057535 ( 1778057535),261002175.000,Oct 2026,1,000,UNPAID,2026-10-07,2026-10-16,NaN,-,-,Rizal st san juan alcala pangasinan,NaN
NaN,MSJC_Joshua_Fronda,639454789140.000,1754191862 ( 1754191862),261002176.000,Oct 2026,1,000,UNPAID,2026-10-03,2026-10-12,NaN,-,-,Gen luna st san juan alcala pangasinan,NaN
NaN,MSJC_Keana_Tadeo,639663012792.000,1757052936 ( 1757052936),261002177.000,Oct 2026,1,000,UNPAID,2026-10-05,2026-10-14,NaN,-,-,Zone 3 san juan alcala pangasinan,NaN
NaN,MSJC_Kurt_Tasani,639157181568.000,1779492478 ( 1779492478),261002178.000,Oct 2026,1,000,UNPAID,2026-10-25,2026-10-29,NaN,-,-,San Juan Canan alcala pangasinan,NaN
NaN,MSJC_Lawrence_Galapate,639159864760.000,35000009 ( 1732856562),261002179.000,Oct 2026,800.000,UNPAID,2026-10-27,2026-11-05,NaN,-,-,Zone 5 Brgy San Juan Alcala Pangasinan,NaN
NaN,MSJC_Lester_Menor,639451109950.000,35000023 ( 1732871064),261002180.000,Oct 2026,800.000,UNPAID,2026-10-16,2026-10-25,NaN,-,-,Rizal St, San Juan Alcala Pangasinan,NaN
NaN,MSJC_Madona_Ramos,63956616028.000,35000006 ( 1732854617),261002181.000,Oct 2026,799.000,UNPAID,2026-10-21,2026-10-30,NaN,-,-,San Juan Alcala Pangasinan,NaN
NaN,MSJC_Manilyn_Mortel,639090381345.000,1765269487 ( 1765269487),261002182.000,Oct 2026,1,000,UNPAID,2026-10-09,2026-10-18,NaN,-,-,Funston street san juan alcala pangasinan,NaN
NaN,MSJC_Markrenz_Degracia,639266471425.000,1781581621 ( 1781581621),261002183.000,Oct 2026,1,000,UNPAID,2026-10-16,2026-10-20,NaN,-,-,Rizat St San Juan Alcala Pangasinan,NaN
NaN,MSJC_Marygrace_Tuvera,639514921821.000,1757905433 ( 1757905433),261002184.000,Oct 2026,1,000,UNPAID,2026-10-15,2026-10-24,NaN,-,-,Zone 3 san juan Alcala pangasinan,NaN
NaN,MSJC_MaryJean_Terrado,639128237385.000,1738811327 ( 1738811327),261002185.000,Oct 2026,799.000,UNPAID,2026-10-06,2026-10-15,NaN,-,-,Zone 5 pastor rd sitio canan san juan alcala pangasinan,NaN
NaN,MSJC_Michael_Totaan,6395105874146.000,1761531846 ( 1761531846),261002186.000,Oct 2026,1,000,UNPAID,2026-10-27,2026-11-05,NaN,-,-,Zone 2 San juan Alcala Pangasinan,NaN
NaN,MSJC_Mimie_Manaois,6396733881691.000,1765418638 ( 1765418638),261002187.000,Oct 2026,1,000,UNPAID,2026-10-11,2026-10-20,NaN,-,-,Zone 1 San juan alcala pangasinan,NaN
NaN,MSJC_Monaliza_Bacay,639452114243.000,1771283643 ( 1771283643),261002188.000,Oct 2026,799.000,UNPAID,2026-10-17,2026-10-26,NaN,-,-,Zone 2 San juan alcala pangasinan,NaN
NaN,MSJC_Monalyn_DeVera,639453198176.000,1737452156 ( 1737452156),261002189.000,Oct 2026,800.000,UNPAID,2026-10-10,2026-10-14,NaN,-,-,Sitio Canan San juan alcala pangasinan,NaN
NaN,MSJC_Nicanor_Corpuz,639272356065.000,1787537059 ( 1787537059),261002190.000,Oct 2026,1,000,UNPAID,2026-10-24,2026-10-28,NaN,-,-,Luna st san juan alcala pangasinan OK,NaN
NaN,MSJC_Orlando_Delacruz,639171250509.000,1736909863 ( 1736909863),261002191.000,Oct 2026,1,000,UNPAID,2026-10-15,2026-10-24,NaN,-,-,48 rizal st zone 2 San juan Alcala pangasinan,NaN
NaN,MSJC_Paulo_Cacabelos,639776745203.000,1788240656 ( 1788240656),261002192.000,Oct 2026,1,000,UNPAID,2026-10-01,2026-10-05,NaN,-,-,Sitio Canan San Juan Alcala pangasinan,NaN
NaN,MSJC_Pilar_Encio,639465295954.000,1789453623 ( 1789453623),261002193.000,Oct 2026,1,000,UNPAID,2026-10-16,2026-10-20,NaN,-,-,Sitio canan sanjuan alcala pangasinan,NaN
NaN,MSJC_Rizza_Baladad,639456728019.000,35000042 ( 1732974995),261002194.000,Oct 2026,1,000,UNPAID,2026-10-17,2026-10-21,NaN,-,-,Sitio Canan San Juan Alcala Pangasinan,NaN
NaN,MSJC_Robie_Revilla,639485275505.000,1765445202 ( 1765445202),261002195.000,Oct 2026,1,000,UNPAID,2026-10-11,2026-10-20,NaN,-,-,Sitio canan San juan alcala Pangasinan OK,NaN
NaN,MSJC_Ruben_Soriano,639162612655.000,1789450115 ( 1789450115),261002196.000,Oct 2026,1,000,UNPAID,2026-10-15,2026-10-19,NaN,-,-,Panganiban st San Juan alcala Pangasinan,NaN
NaN,MSJC_Samuel_Andres,639685143276.000,35000101 ( 1736322447),261002197.000,Oct 2026,1,000,UNPAID,2026-10-18,2026-10-27,NaN,-,-,Zone 2 78 National Road San juan Alcala Pangasinan,NaN
NaN,MSJC_Shaira_Deguzman,639567697146.000,1783866958 ( 1783866958),261002198.000,Oct 2026,1,000,UNPAID,2026-10-14,2026-10-23,NaN,-,-,Zone 5 San juan Alcala pangasinan OK,NaN
NaN,MSJC_Sherrly_Lagmay,639383423461.000,35000001 ( 1732798048),261002199.000,Oct 2026,800.000,UNPAID,2026-10-25,2026-11-03,NaN,-,-,#242 Pastor St, San Juan Canan Alcala Pangasinan,NaN
NaN,MSJC_Toro_Miranda,639810127509.000,1771545456 ( 1771545456),261002200.000,Oct 2026,1,000,UNPAID,2026-10-20,2026-10-29,NaN,-,-,Sitio canan san juan alcala pangasinan,NaN
NaN,MSJC_Tyron_Hermigildo,639383248424.000,1736748152 ( 1736748152),261002201.000,Oct 2026,799.000,UNPAID,2026-10-13,2026-10-22,NaN,-,-,Zone 6 sitio canan San Juan Alcala Pangasinan,NaN
NaN,MSJC_Ula_Ruben,639562142889.000,1771997663 ( 1771997663),261002202.000,Oct 2026,1,000,UNPAID,2026-10-25,2026-11-03,NaN,-,-,Burgos st San Juan Alcala pangasinan,NaN
NaN,MSJC_Valentina_Soriano,639917189143.000,1783867330 ( 1783867330),261002203.000,Oct 2026,799.000,UNPAID,2026-10-13,2026-10-22,NaN,-,-,Rizal Street San Juan Alcala Pangasinan,NaN
NaN,MSJC_Victoria_Totaan,639544528748.000,1757126095 ( 1757126095),261002204.000,Oct 2026,1,000,UNPAID,2026-10-06,2026-10-15,NaN,-,-,Zone 5 san juan alcala pangasinan,NaN
NaN,MSJC_Virgie_Alvaro,639263290139.000,1775700307 ( 1775700307),261002205.000,Oct 2026,1,000,UNPAID,2026-10-10,2026-10-19,NaN,-,-,San juan canan alcala pangasinan,NaN
NaN,MSN_Agnes_Bueza,639457849362.000,1766389861 ( 1766389861),261002206.000,Oct 2026,1,000,UNPAID,2026-10-01,2026-10-05,NaN,-,-,Natl rd San nicolas alcala pang OK,NaN
NaN,MSN_Agnes_Cuaresma,639924265028.000,35000045 ( 1734316993),261002207.000,Oct 2026,1,000,UNPAID,2026-10-07,2026-10-16,NaN,-,-,Lawton St, San Nicolas Alcala PAngasinan,NaN
NaN,MSN_Alberto_Delosreyes,639814501302.000,1768739622 ( 1768739622),261002208.000,Oct 2026,1,000,UNPAID,2026-10-21,2026-10-30,NaN,-,-,Lawton st San nicolas alcala pangasinan OK,NaN
NaN,MSN_Amadeo_Tagama,639199830144.000,1777098998 ( 1777098998),261002209.000,Oct 2026,799.000,UNPAID,2026-10-26,2026-11-04,NaN,-,-,Zone 3 San Nicolas Alcala Pangasinan,NaN
NaN,MSN_Angela_Villanueva,639293387794.000,1744782983 ( 1744782983),260905212.000,Oct 2026,868.000,UNPAID,2026-10-16,2026-10-25,NaN,-,-,Zone 2 Castañeda st san nicolas alcala pang,NaN
NaN,MSN_Anjanette_Gallardo,639123024944.000,35000033 ( 1732931425),261002210.000,Oct 2026,1,000,UNPAID,2026-10-28,2026-11-06,NaN,-,-,120 Castaneda St, San Nicolas Alcala Pangasinan,NaN
NaN,MSN_Bryan_Beltran,639198502405.000,35000036 ( 1732974296),261002211.000,Oct 2026,1,000,UNPAID,2026-10-28,2026-11-06,NaN,-,-,112 Aguinaldo, San Nicolas Alcala Pangasinan,NaN
NaN,MSN_Cliffanny_Bughaw2,639688542456.000,1744182966 ( 1744182966),261002212.000,Oct 2026,1,000,UNPAID,2026-10-09,2026-10-18,NaN,-,-,Aguinaldo st san nicolas alcala pang,NaN
NaN,MSN_Cristito_Custodio,639685905930.000,1739239243 ( 1739239243),261002213.000,Oct 2026,1,000,UNPAID,2026-10-11,2026-10-20,NaN,-,-,101 Castaneda st. San Nicolas Alcala Pangasinan,NaN
NaN,MSN_Dario_Custodio,639706056682.000,1789535004 ( 1789535004),261002214.000,Oct 2026,1,000,UNPAID,2026-10-16,2026-10-20,NaN,-,-,Sone 2 san nicolas Alcala Pangasinan,NaN
NaN,MSN_Edmar_Bernabe,639757936863.000,1768458744 ( 1768458744),261002215.000,Oct 2026,1,000,UNPAID,2026-10-13,2026-10-22,NaN,-,-,36 Natl rd San Nicolas Alcala Pangasinan,NaN
NaN,MSN_Erica_Lorenzo,639127413294.000,1753761966 ( 1753761966),261002216.000,Oct 2026,1,000,UNPAID,2026-10-05,2026-10-14,NaN,-,-,Lawton St San nicolas alcala pangasinan PORT 10 BARTLO / JHUN,NaN
NaN,MSN_Giovana_Guarino,639983806851.000,1773801147 ( 1773801147),261002217.000,Oct 2026,1,000,UNPAID,2026-10-18,2026-10-27,NaN,-,-,Castaneda st San nicolas alcala pangasinan,NaN
NaN,MSN_Gloria_Melegrito,639218857440.000,1757557119 ( 1757557119),261002218.000,Oct 2026,1,000,UNPAID,2026-10-03,2026-10-12,NaN,-,-,Lawton st san nicolas alcala pangasinan,NaN
NaN,MSN_James_Obedoza,639937187019.000,1753153596 ( 1753153596),261002219.000,Oct 2026,800.000,UNPAID,2026-10-25,2026-11-03,NaN,-,-,Zone 2 san nicolas alcala pangasinan PORT 13 Daniel Lee June V,NaN
NaN,MSN_Jay-R_Ambubuyog,639082899443.000,1742786308 ( 1742786308),261002220.000,Oct 2026,800.000,UNPAID,2026-10-22,2026-10-26,NaN,-,-,198 Aguinaldo st San nicolas Alcala Pangasinan,NaN
NaN,MSN_Jennilyn_Delacruz,639933643482.000,1776471610 ( 1776471610),261002221.000,Oct 2026,1,000,UNPAID,2026-10-20,2026-10-29,NaN,-,-,Zone 2 Aguinaldo St San Nicolas Alcala Pangasinan,NaN
NaN,MSN_Jerald_Gatchalian,639620565831.000,35000011 ( 1732857641),261002222.000,Oct 2026,1,000,UNPAID,2026-10-27,2026-11-05,NaN,-,-,80 Castaneda St, San Nicolas Alcala,NaN
NaN,MSN_Jinky_Fernandez,639279409746.000,1778823805 ( 1778823805),261002223.000,Oct 2026,1,000,UNPAID,2026-10-17,2026-10-26,NaN,-,-,Aguinaldo st. san nicolas Alcala Pangasinan,NaN
NaN,MSN_Joanna_Carajay,639467291221.000,1766974281 ( 1766974281),261002224.000,Oct 2026,799.000,UNPAID,2026-10-28,2026-11-06,NaN,-,-,Lawton st San nicolas Alcala Pangasinan,NaN
NaN,MSN_Jocelyn_Espiritu,639354903862.000,1760520825 ( 1760520825),261002225.000,Oct 2026,799.000,UNPAID,2026-10-15,2026-10-24,NaN,-,-,Castañeda st San nicolas alcala pangasinan,NaN
NaN,MSN_Joel_Manzano,639198502405.000,1769212221 ( 1769212221),261002226.000,Oct 2026,799.000,UNPAID,2026-10-26,2026-11-04,NaN,-,-,Merit st San nicolas alcala pangasinan,NaN
NaN,MSN_Johnmark_Esguerra,639461333376.000,1755241547 ( 1755241547),261002227.000,Oct 2026,799.000,UNPAID,2026-10-15,2026-10-25,NaN,-,-,Castaneda st san nicolas alcala pangasinan port 7 marben,NaN
NaN,MSN_JohnPaul_Prudenteno,639603978848.000,1737444520 ( 1737444520),261002228.000,Oct 2026,1,000,UNPAID,2026-10-21,2026-10-30,NaN,-,-,Zone 2 Aguinaldo st. San nicolas Alcala pangasinan,NaN
NaN,MSN_Lester_Lomboy,639085456800.000,35000010 ( 1732857544),261002229.000,Oct 2026,1,000,UNPAID,2026-10-27,2026-11-05,NaN,-,-,79 Castaneda St, San nicolas Alacala,NaN
NaN,MSN_Marcdave_DelosReyes,639639981129.000,1790232889 ( 1790232889),261002230.000,Oct 2026,799.000,UNPAID,2026-10-24,2026-10-28,NaN,-,-,30 natl rd San nicolas alcala pangasinan,NaN
NaN,MSN_Marc_Sardinia,639279929984.000,1780980389 ( 1780980389),261002231.000,Oct 2026,1,000,UNPAID,2026-10-10,2026-10-14,NaN,-,-,Aguinaldo st san nicolas alcala pangasinan,NaN
NaN,MSN_Mariano_Cacapit,639509472765.000,1749800008 ( 1749800008),261002232.000,Oct 2026,1,000,UNPAID,2026-10-13,2026-10-22,NaN,-,-,Lawton St San nicolas Alcala pangasinan,NaN
NaN,MSN_Maria_Signey,639519895344.000,1743409310 ( 1743409310),261002233.000,Oct 2026,1,000,UNPAID,2026-10-08,2026-10-12,NaN,-,-,137 Arboleda St San Nicolas Alcala Pangasinan,NaN
NaN,MSN_MarieJoy_Valdez,639367848003.000,1735976918 ( 1735976918),261002234.000,Oct 2026,799.000,UNPAID,2026-10-04,2026-10-13,NaN,-,-,Zone 3 san nicolas alcala pamgasinan,NaN
NaN,MSN_Marites_Lomboy,639690136679.000,1768184412 ( 1768184412),261002235.000,Oct 2026,1,000,UNPAID,2026-10-12,2026-10-21,NaN,-,-,19 aguindo st San Nicolas Alcala Pangasinan,NaN
NaN,MSN_Marsha_Nozawa,639193708155.000,1778195643 ( 1778195643),261002236.000,Oct 2026,1,000,UNPAID,2026-10-08,2026-10-17,NaN,-,-,Castaneda st San Nicolas Alcala Pangasinan,NaN
NaN,MSN_Mimi_Villedo,639392339007.000,1775180353 ( 1775180353),261002237.000,Oct 2026,1,000,UNPAID,2026-10-09,2026-10-18,NaN,-,-,136 arboleda st san nicolas Alcala pangasinan,NaN
NaN,MSN_Nenita_Tolentino,639509412765.000,1770027178 ( 1770027178),261002238.000,Oct 2026,1,000,UNPAID,2026-10-04,2026-10-08,NaN,-,-,lawton st san nicolas alcala pangasinan,NaN
NaN,MSN_Noel_Cabriadas,639612262859.000,1787557452 ( 1787557452),260905177.000,Oct 2026,1,000,UNPAID,2026-10-24,2026-10-28,NaN,-,-,Castaneda st San nicolas Alcala pangasinan,NaN
NaN,MSN_Orlando_Pinto,639165272850.000,1745305097 ( 1745305097),261002239.000,Oct 2026,799.000,UNPAID,2026-10-15,2026-10-24,NaN,-,-,86 castañeda st san nicolas alcala pangasinan,NaN
NaN,MSN_Patrick_Cabrera,639198502405.000,1737946061 ( 1737946061),261002240.000,Oct 2026,1,000,UNPAID,2026-10-27,2026-11-05,NaN,-,-,110 Aguinaldo st zone 2 san nicolas alcala pangasinan OK,NaN
NaN,MSN_PaulJohn_Catalan,639695253072.000,1747722438 ( 1747722438),261002241.000,Oct 2026,800.000,UNPAID,2026-10-22,2026-10-31,NaN,-,-,72 castañeda st San nicolas alcala pang,NaN
NaN,MSN_Paz_Castillo,639504975417.000,35000044 ( 1734316893),261002242.000,Oct 2026,1,000,UNPAID,2026-10-07,2026-10-16,NaN,-,-,lawton St, Brgy San Nicolas Alcala Pangasinan,NaN
NaN,MSN_Pines_DeCastro,639813228354.000,35000088 ( 1736232022),261002243.000,Oct 2026,799.000,UNPAID,2026-10-09,2026-10-18,NaN,-,-,Zone 4 Brgy San Nicolas Alcala Pangasinan,NaN
NaN,MSN_Randy_Cabrera,639467153640.000,1737792487 ( 1737792487),261002244.000,Oct 2026,1,000,UNPAID,2026-10-27,2026-11-05,NaN,-,-,110 Aguinaldo st. San nicolas alcala pangasinan,NaN
NaN,MSN_Rhonalyn_Cuaresma,639928205760.000,35000046 ( 1734317101),261002245.000,Oct 2026,1,000,UNPAID,2026-10-07,2026-10-16,NaN,-,-,Lawton St, San Nicolas Alcala Pangasinan,NaN
NaN,MSN_Richard_Cabico,639107371169.000,1752564731 ( 1752564731),261002246.000,Oct 2026,1,000,UNPAID,2026-10-15,2026-10-24,NaN,-,-,96merit st san nicolas alcala pangasinan PORT 5 JOHAN / MICHAEL,NaN
NaN,MSN_Ritchard_Castres,639924251986.000,1782077290 ( 1782077290),261002247.000,Oct 2026,1,000,UNPAID,2026-10-22,2026-10-31,NaN,-,-,Arboleda st San Nicolas Alcala Pangasinan,NaN
NaN,MSN_Ronald_Querol,639701129579.000,250308164157 ( 1741423323),261002248.000,Oct 2026,799.000,UNPAID,2026-10-08,2026-10-17,NaN,-,-,Smith st san nicolas ALCALA PANGASINAN,NaN
NaN,MSN_Ronnie_Publico,639920269910.000,35000095 ( 1736314090),261002249.000,Oct 2026,1,000,UNPAID,2026-10-10,2026-10-19,NaN,-,-,138 Arboleda St, Brgy San NIcolas Alcala Pangasinan,NaN
NaN,MSN_Rowena_Cabrera,639395181130.000,1785120434 ( 1785120434),261002250.000,Oct 2026,1,000,UNPAID,2026-10-28,2026-11-01,NaN,-,-,121 Castañeda Street San Nicolas Alcala Pangasinan OK,NaN
NaN,MSN_Theresa_Reyno,639474630574.000,1740550092 ( 1740550092),261002251.000,Oct 2026,1,000,UNPAID,2026-10-26,2026-11-04,NaN,-,-,174 lawton st san nicolas alcala pang,NaN
NaN,MSN_Vermely_Cabico,639709370864.000,1744085022 ( 1744085022),261002252.000,Oct 2026,1,000,UNPAID,2026-10-08,2026-10-17,NaN,-,-,Zone 2 Aguinaldo st Alcala Pangasinann,NaN
NaN,MSPA_Aileen_Quinto,639512719328.000,1765353012 ( 1765353012),261002253.000,Oct 2026,1,000,UNPAID,2026-10-10,2026-10-19,NaN,-,-,Purok 5 San pedro apartado alcala pang,NaN
NaN,MSPA_Alfredo_Cacut,639071737093.000,1762419772 ( 1762419772),261002254.000,Oct 2026,1,000,UNPAID,2026-10-06,2026-10-15,NaN,-,-,Purok 4 San pedro apartado alcala pangasinan,NaN
NaN,MSPA_AllanJoy_Suratos,639217299755.000,1764575482 ( 1764575482),261002255.000,Oct 2026,1,000,UNPAID,2026-10-01,2026-10-10,NaN,-,-,purok 2A San Apartado Alcala pangasinan,NaN
NaN,MSPA_Angelica_Achazo,639074402814.000,1744341383 ( 1744341383),261002256.000,Oct 2026,799.000,UNPAID,2026-10-11,2026-10-20,NaN,-,-,Purok 5 sanpedro apartado Alcala Pangasinann,NaN
NaN,MSPA_Arian_Lapitan,639300202708.000,1746262287 ( 1746262287),261002257.000,Oct 2026,799.000,UNPAID,2026-10-03,2026-10-12,NaN,-,-,Purok 2a san pedro apartado alcala pang,NaN
NaN,MSPA_Arra_Baloy,639481787583.000,1766372262 ( 1766372262),261002258.000,Oct 2026,1,000,UNPAID,2026-10-01,2026-10-10,NaN,-,-,Purok 4 San pedro apartado Alcala Pangasinan,NaN
NaN,MSPA_Chir_Cataina,639309124561.000,1759459620 ( 1759459620),261002259.000,Oct 2026,1,000,UNPAID,2026-10-03,2026-10-12,NaN,-,-,Zone San pedro apartado alcala pangasinan,NaN
NaN,MSPA_Ednardo_Olarte,639106228336.000,35000117 ( 1736408918),261002260.000,Oct 2026,799.000,UNPAID,2026-10-03,2026-10-12,NaN,-,-,Zone 4 San Pedro Apartado Alcala Pangasinan OK,NaN
NaN,MSPA_Edward_Lapitan,639518448033.000,35000012 ( 1732857985),261002261.000,Oct 2026,700.000,UNPAID,2026-10-25,2026-11-03,NaN,-,-,Purok 3 Brgy San Pedro Apartado Alcala Pangasinan,NaN
NaN,MSPA_Edwilita_Valdez,6391098407993.000,1749091279 ( 1749091279),261002262.000,Oct 2026,799.000,UNPAID,2026-10-05,2026-10-14,NaN,-,-,Purok 4 san pedro apartado alcala pangasinan OK,NaN
NaN,MSPA_Erica_Bajo,639460684800.000,1739244261 ( 1739244261),261002263.000,Oct 2026,1,000,UNPAID,2026-10-08,2026-10-17,NaN,-,-,Purok 3 espiritu st. San pedro apartardo alcala pangasinan,NaN
NaN,MSPA_Erica_Olarte,639387671690.000,1754220675 ( 1754220675),261002264.000,Oct 2026,799.000,UNPAID,2026-10-03,2026-10-12,NaN,-,-,zone 4 san Pedro apartado Alcala, pangasinan,NaN
NaN,MSPA_Geomel_Alvarez,639473347805.000,1773453240 ( 1773453240),261002265.000,Oct 2026,1,000,UNPAID,2026-10-20,2026-10-24,NaN,-,-,Purok 2A San pedro apartado alcala pangasinan,NaN
NaN,MSPA_Henry_Cabonce,639223836406.000,1750227020 ( 1750227020),261002266.000,Oct 2026,1,000,UNPAID,2026-10-04,2026-10-08,NaN,-,-,R3, san pedro, apartado, alcala pangasinan,NaN
NaN,MSPA_Ilaine_Fronda,639499143030.000,1740707387 ( 1740707387),261002267.000,Oct 2026,1,000,UNPAID,2026-10-28,2026-11-06,NaN,-,-,25 Purok 1 San Pedro Apartado Alcala Pang,NaN
NaN,MSPA_Isagani_Paclibon,639952900632.000,1761110841 ( 1761110841),261002268.000,Oct 2026,800.000,UNPAID,2026-10-25,2026-11-03,NaN,-,-,Purok 4 San Pedro apartado alcala pangasinan,NaN
NaN,MSPA_Jeselyn_Espiritu,639706432338.000,35000013 ( 1732858093),261002269.000,Oct 2026,1,000,UNPAID,2026-10-25,2026-11-03,NaN,-,-,Purok 4 Brgy San Pedro Apartado Alcala Pangasinan OK,NaN
NaN,MSPA_Joan_Sabado,639704929732.000,1766374085 ( 1766374085),261002270.000,Oct 2026,1,000,UNPAID,2026-10-22,2026-10-31,NaN,-,-,Purok 5 san pedro Apartado alcala Pangasinan,NaN
NaN,MSPA_Josephine_Rovillos,639300792679.000,1749091908 ( 1749091908),261002271.000,Oct 2026,1,000,UNPAID,2026-10-05,2026-10-14,NaN,-,-,Purok 4 San Pedro apartado Alcala Pangasinann,NaN
NaN,MSPA_Karen_Baltazar,639276390563.000,1765350404 ( 1765350404),261002272.000,Oct 2026,1,000,UNPAID,2026-10-10,2026-10-19,NaN,-,-,Zone 3 San pedro Apartado Alcala Pang,NaN
NaN,MSPA_Lucrecia_Espiritu,639504650943.000,1747884489 ( 1747884489),261002273.000,Oct 2026,700.000,UNPAID,2026-10-22,2026-10-31,NaN,-,-,Purok 3a San Pedro Apartado Alcala pangasinan,NaN
NaN,MSPA_Maricho_DelosSantos,639306356489.000,1766370152 ( 1766370152),261002274.000,Oct 2026,799.000,UNPAID,2026-10-22,2026-10-31,NaN,-,-,Purok 4 San Pedro Apartado Alcala Pangasinan,NaN
NaN,MSPA_Marjorie_Soriano,639318317087.000,1779701376 ( 1779701376),261002275.000,Oct 2026,799.000,UNPAID,2026-10-11,2026-10-15,NaN,-,-,Zone 1 San pedro apartado alcala pangasinan,NaN
NaN,MSPA_Mark_Guerero,639304392691.000,1762497625 ( 1762497625),261002276.000,Oct 2026,799.000,UNPAID,2026-10-07,2026-10-16,NaN,-,-,Purok 4 San pedro apartado Alcala Pangasinan OK,NaN
NaN,MSPA_Mark_Nazareno,639516675061.000,1765683478 ( 1765683478),261002277.000,Oct 2026,1,000,UNPAID,2026-10-15,2026-10-24,NaN,-,-,Purok 3a San Pedro Apartado Alcala Pangasinan,NaN
NaN,MSPA_Marlita_Cacayorin,639519895371.000,1737426367 ( 1737426367),261002278.000,Oct 2026,1,000,UNPAID,2026-10-01,2026-10-05,NaN,-,-,zone 2-a 37 baguilod st San pedro Apartado Alcala pangasinan,NaN
NaN,MSPA_Michael_Madamca,639318635716.000,1751359337 ( 1751359337),261002279.000,Oct 2026,799.000,UNPAID,2026-10-20,2026-10-24,NaN,-,-,Purok 3 San pedro ili alcala pangasinan Likod ng plaza PORT 3 johan michael,NaN
NaN,MSPA_Ressie_Cachin,639466723631.000,1765936887 ( 1765936887),261002280.000,Oct 2026,799.000,UNPAID,2026-10-17,2026-10-21,NaN,-,-,Zone 3 San Pedro Apartado Alcala Pangasinan,NaN
NaN,MSPA_Reynaldo_Vergara,639467183020.000,1765941320 ( 1765941320),261002281.000,Oct 2026,799.000,UNPAID,2026-10-05,2026-10-09,NaN,-,-,Purok 4 San pedro Apartado alcala pang,NaN
NaN,MSPA_Rogelio_Yabes,639638590103.000,1759458181 ( 1759458181),261002282.000,Oct 2026,799.000,UNPAID,2026-10-03,2026-10-12,NaN,-,-,Zone 5 san pedro apartado alcala pangasinan,NaN
NaN,MSPA_Rolando_Bagasin,639635187840.000,1752287291 ( 1752287291),261002283.000,Oct 2026,1,000,UNPAID,2026-10-12,2026-10-21,NaN,-,-,Purok 4 san pedro apartado PORT 6 johan michael,NaN
NaN,MSPA_Ronnie_Santos,639626570250.000,1758941931 ( 1758941931),261002284.000,Oct 2026,1,000,UNPAID,2026-10-27,2026-11-05,NaN,-,-,Guenawedan san pedro apartado alcala pangasinan,NaN
NaN,MSPA_Sunshine_Dacanay,639919226580.000,1738305273 ( 1738305273),261002285.000,Oct 2026,1,500,UNPAID,2026-10-28,2026-11-06,NaN,-,-,Frankera st purok 2a san pedro apartado,NaN
NaN,MSPI_Adam_Catubay,639303307026.000,1783041828 ( 1783041828),261002286.000,Oct 2026,799.000,UNPAID,2026-10-03,2026-10-12,NaN,-,-,Zone 1 San pedro ili Alcala Pangasinan / landmark server sa Kisikis OK,NaN
NaN,MSPI_Adonis_Adsuara,639215634862.000,1773186835 ( 1773186835),261002287.000,Oct 2026,1,000,UNPAID,2026-10-11,2026-10-20,NaN,-,-,Zone 3 San pedro ili Alcal Pangasinan,NaN
NaN,MSPI_Aiza_Cacayurin,639455172457.000,1736043707 ( 1736043707),261002288.000,Oct 2026,1,000,UNPAID,2026-10-05,2026-10-14,NaN,-,-,Zone 5 San pedro ili alcala pangasinan,NaN
NaN,MSPI_Aiza_Ruiz,639632994172.000,1760407570 ( 1760407570),261002289.000,Oct 2026,1,000,UNPAID,2026-10-14,2026-10-23,NaN,-,-,Borje st San Pedro ili alcala pangasinan,NaN
NaN,MSPI_Alona_Suratos,639553488002.000,1778293300 ( 1778293300),261002290.000,Oct 2026,799.000,UNPAID,2026-10-11,2026-10-20,NaN,-,-,Zone 4 San pedro ili alcala pangasinan,NaN
NaN,MSPI_Amazon_Fuselero,639271567192.000,1747822272 ( 1747822272),261002291.000,Oct 2026,800.000,UNPAID,2026-10-21,2026-10-30,NaN,-,-,BACERRA ST SAN PEDRO ILI ALCALA PANGASINAN,NaN
NaN,MSPI_Amelita_Tomada,639770119130.000,1747194418 ( 1747194418),261002292.000,Oct 2026,800.000,PAID,2026-10-01,2026-10-05,2026-10-01,Paymaya,7196CA4BB835_2.,DMLV SUBDIVISION SAN PEDRO ILI ALCALA PANGASINAN,NaN
NaN,MSPI_Analyn_Cabreros,639282135307.000,1737963377 ( 1737963377),261002293.000,Oct 2026,799.000,UNPAID,2026-10-27,2026-11-05,NaN,-,-,Black 9 lot 16 san pedro ili allcala pangasinan,NaN
NaN,MSPI_Angel_Tabora,639091568704.000,35000015 ( 1732859015),261002294.000,Oct 2026,1,000,UNPAID,2026-10-25,2026-11-03,NaN,-,-,Espiritu St, San Pedro ILi Alcala Pangasinan,NaN
NaN,MSPI_Anghelito_Bautista,639123456789.000,35000093 ( 1736307018),261002295.000,Oct 2026,1,000,UNPAID,2026-10-04,2026-10-13,NaN,-,-,San Pedro ili Purok 5 Alcala Pangasinan,NaN
NaN,MSPI_Annabel_Bete,639507629771.000,35000060 ( 1735809524),261002296.000,Oct 2026,799.000,UNPAID,2026-10-14,2026-10-23,NaN,-,-,Zone 5 Brgy San Pedro ili Alcala Pangasinan,NaN
NaN,MSPI_Anne_Gacutan,639702993923.000,1764922042 ( 1764922042),261002297.000,Oct 2026,799.000,UNPAID,2026-10-05,2026-10-14,NaN,-,-,Mj building subdivision san pedro ili alcala pang,NaN
NaN,MSPI_Arlina_Clarus,639602495545.000,35000105 ( 1736323802),261002298.000,Oct 2026,799.000,UNPAID,2026-10-17,2026-10-26,NaN,-,-,Zone 4 San Pedro ili Alcala Pangasinan,NaN
NaN,MSPI_Arnold_Agulan,639951820399.000,1752130892 ( 1752130892),261002299.000,Oct 2026,1,000,UNPAID,2026-10-10,2026-10-19,NaN,-,-,Cupi rd Sna pedro Ili alcala pangasinan PORT 5 Bartulo/jun,NaN
NaN,MSPI_Arnold_Dacanay,639517547074.000,1788323277 ( 1788323277),261002300.000,Oct 2026,1,000,UNPAID,2026-10-03,2026-10-07,NaN,-,-,Zone 6 San pedro ili Alcala pangasinan,NaN
NaN,MSPI_Benjie_Mata,639322102270.000,35000116 ( 1736326514),261002301.000,Oct 2026,1,000,UNPAID,2026-10-22,2026-10-31,NaN,-,-,Zone 5 Sitio Cupi San Pedro ili Alcala Pangasinan,NaN
NaN,MSPI_Brenda_Delacruz,639915331092.000,1760951733 ( 1760951733),261002302.000,Oct 2026,800.000,UNPAID,2026-10-20,2026-10-29,NaN,-,-,Dmlv San pedro ili subdivision Alcala Pangasinan,NaN
NaN,MSPI_Brenda_Feliciano2,639498892908.000,1739850712 ( 1739850712),261002303.000,Oct 2026,799.000,UNPAID,2026-10-18,2026-10-27,NaN,-,-,DONA MARIA LOURDEZ SUBDIVISION SAN PEDRO ILI ALCALA PANGASINAN,NaN
NaN,MSPI_Bryan_Barri,639169485113.000,1760515048 ( 1760515048),261002304.000,Oct 2026,1,000,UNPAID,2026-10-16,2026-10-25,NaN,-,-,Zone 5 san pedro ili alcala pangasinan OK,NaN
NaN,MSPI_Carlo_Rayo,639277775014.000,1759746348 ( 1759746348),261002305.000,Oct 2026,1,000,UNPAID,2026-10-06,2026-10-15,NaN,-,-,Zone 2 San pedro ili alcala pang,NaN
NaN,MSPI_Carmelita_Miran,639562802212.000,1789105455 ( 1789105455),261002306.000,Oct 2026,1,000,UNPAID,2026-10-11,2026-10-15,NaN,-,-,Zone 2 San pedro ili alcala pangasinan,NaN
NaN,MSPI_Cherilyn_Calvero,639288363666.000,35000070 ( 1735893750),261002307.000,Oct 2026,1,000,UNPAID,2026-10-03,2026-10-12,NaN,-,-,16 Sapphire San Pedro ili Alcala Pangasinan,NaN
NaN,MSPI_Chinster_Figuracion,639953327936.000,1788836700 ( 1788836700),261002308.000,Oct 2026,799.000,UNPAID,2026-10-08,2026-10-12,NaN,-,-,Zone 5 San pedro ili alcala pangasinan,NaN
NaN,MSPI_Christopher_Ellorda,639812675783.000,1740714909 ( 1740714909),261002309.000,Oct 2026,799.000,UNPAID,2026-10-01,2026-10-10,NaN,-,-,Purok 3 asuncion st san pedro ili alcala pangasinan OK,NaN
NaN,MSPI_Clyde_Frankera,639994275980.000,1779454260 ( 1779454260),261002310.000,Oct 2026,1,000,UNPAID,2026-10-25,2026-10-29,NaN,-,-,Zone 3 San pedro ili alcala pangasinan,NaN
NaN,MSPI_Corina_Fidel,639086163317.000,1752136479 ( 1752136479),261002311.000,Oct 2026,1,000,UNPAID,2026-10-10,2026-10-19,NaN,-,-,zone 3 Arboleda st San pedro ili alcala pang PORT 5 johan michael,NaN
NaN,MSPI_CrisXandra_Neri,639762175982.000,1747298033 ( 1747298033),261002312.000,Oct 2026,1,000,UNPAID,2026-10-15,2026-10-24,NaN,-,-,146 natl rd san pedro ili alcala pangasinan,NaN
NaN,MSPI_Daisy_Vergara,639300978619.000,1736046197 ( 1736046197),261002313.000,Oct 2026,1,000,UNPAID,2026-10-05,2026-10-14,NaN,-,-,Zone 3 asuncion st San pedro ili alcala pangasinan,NaN
NaN,MSPI_Danelle_Cabatic,6397744332596.000,1735957664 ( 1735957664),261002314.000,Oct 2026,799.000,UNPAID,2026-10-04,2026-10-13,NaN,-,-,Purok 5 arboleda st san pedro ili alcala,NaN
NaN,MSPI_Daniel_Semana,639318416020.000,1758683293 ( 1758683293),261002315.000,Oct 2026,800.000,UNPAID,2026-10-28,2026-11-06,NaN,-,-,Zone 4 San pedro ili alcala pangasinan,NaN
NaN,MSPI_Derick_Macaraeg,639467186435.000,1770881569 ( 1770881569),261002316.000,Oct 2026,1,000,UNPAID,2026-10-14,2026-10-23,NaN,-,-,Zone 3 San pedro ili alcala pangasinan,NaN
NaN,MSPI_Dominador_Sibayan,639238184104.000,1746000435 ( 1746000435),261002317.000,Oct 2026,1,000,UNPAID,2026-10-28,2026-11-06,NaN,-,-,DIamond san pedro DMLY alcala pangasinan,NaN
NaN,MSPI_Edgar_Melegrito,639093619903.000,35000016 ( 1732859256),261002318.000,Oct 2026,800.000,UNPAID,2026-10-21,2026-10-30,NaN,-,-,Zone 6 Brgy San Pedro Ili Alcala Pangasinan,NaN
NaN,MSPI_Editha_Barri,639542831028.000,1736501464 ( 1736501464),261002319.000,Oct 2026,1,000,UNPAID,2026-10-10,2026-10-19,NaN,-,-,Zone 5 Espiritu St, San pedro ili alcala,NaN
NaN,MSPI_Eleanor_Delosantos,639478602962.000,1770873163 ( 1770873163),261002320.000,Oct 2026,1,000,UNPAID,2026-10-12,2026-10-21,NaN,-,-,Zone 3 San Pedro ili alcala pangasinan,NaN
NaN,MSPI_Eleanor_Resquid,639286726055.000,1761792783 ( 1761792783),261002321.000,Oct 2026,1,000,UNPAID,2026-10-30,2026-11-08,NaN,-,-,Zone 2 borje st san pedro ili alcala pangasinan,NaN
NaN,MSPI_Elizabeth_Pitpitan,639956317328.000,1752459058 ( 1752459058),261002322.000,Oct 2026,1,500,UNPAID,2026-10-14,2026-10-23,NaN,-,-,Zone 5 San pedro ili alcala pangasinan PORT2 Daniel Lee June V,NaN
NaN,MSPI_Elmer_Medrano,639307162203.000,35000092 ( 1736306529),261002323.000,Oct 2026,799.000,UNPAID,2026-10-10,2026-10-19,NaN,-,-,San Pedro ili Alcala Pangasinan,NaN
NaN,MSPI_Elsie_Jimenez,639460799139.000,1751449061 ( 1751449061),261002324.000,Oct 2026,1,000,UNPAID,2026-10-02,2026-10-11,NaN,-,-,Sitio cupi san pedro ili alcala pangasinan PORT 15 JOHAN MIERJOHN,NaN
NaN,MSPI_Emilinda_Aquino,639187697850.000,1779117114 ( 1779117114),261002325.000,Oct 2026,1,000,UNPAID,2026-10-19,2026-10-23,NaN,-,-,DMLV SUBDIVISION San pedro Ili Alcala Pangasinan,NaN
NaN,MSPI_Emma_Danzil,639526400888.000,1772579686 ( 1772579686),261002326.000,Oct 2026,1,000,UNPAID,2026-10-10,2026-10-19,NaN,-,-,Bacerra st San pedro ili alcala pangasinan,NaN
NaN,MSPI_Eric_Cacayorin,639705800583.000,1789453418 ( 1789453418),261002327.000,Oct 2026,1,000,UNPAID,2026-10-15,2026-10-19,NaN,-,-,Espiritu st San pedro ili alcala pangasinan,NaN
NaN,MSPI_Estela_Duque,639507677786.000,1751335805 ( 1751335805),261002328.000,Oct 2026,1,000,UNPAID,2026-10-01,2026-10-10,NaN,-,-,Zone 2 San pedro ili alcala pang OK,NaN
NaN,MSPI_Feliciano_Nelmida,639918003196.000,1780312338 ( 1780312338),261002329.000,Oct 2026,799.000,UNPAID,2026-10-03,2026-10-12,NaN,-,-,Espiritu st San Pedro Ili Alcala Pangasinan,NaN
NaN,MSPI_Ferdinand_Asuncion,639707737118.000,1736406554 ( 1736406554),261002330.000,Oct 2026,799.000,UNPAID,2026-10-04,2026-10-08,NaN,-,-,Zone 6 Esperito St, San pedro ili Alcala Pangasinan,NaN
NaN,MSPI_Francis_Cocos,639608020148.000,1764925084 ( 1764925084),261002331.000,Oct 2026,1,000,UNPAID,2026-10-05,2026-10-14,NaN,-,-,Zone 2 San Pedro Ili alcala pangasinan,NaN
NaN,MSPI_Freddie_Vergara,639452783998.000,17200004 ( 1732797635),261002332.000,Oct 2026,1,000,UNPAID,2026-10-25,2026-10-29,NaN,-,-,Arboleda St, San Pedro Ili Alcala Pangasinan,NaN
NaN,MSPI_Genalyn_Ando,639496249524.000,35000118 ( 1741428653),261002333.000,Oct 2026,799.000,UNPAID,2026-10-08,2026-10-17,NaN,-,-,Zone 6 espiritu st. Sna pedro ili alcala pang,NaN
NaN,MSPI_Genica_Alvaran,639053190689.000,1750486591 ( 1750486591),261002334.000,Oct 2026,1,000,UNPAID,2026-10-21,2026-10-30,NaN,-,-,Funston st canarvacanan alcala pang PORT 7 JOHAN / MICHAEL ASUNCION,NaN
NaN,MSPI_Gerald_Cacapit,639267436541.000,1755916748 ( 1755916748),261002335.000,Oct 2026,1,000,UNPAID,2026-10-28,2026-11-06,NaN,-,-,Arboleda st San pedro ili alcala pangasinan Port 8 Tech: Dong/Piolo,NaN
NaN,MSPI_Gerald_Eugenio,639382278638.000,1762578757 ( 1762578757),261002336.000,Oct 2026,799.000,UNPAID,2026-10-08,2026-10-17,NaN,-,-,Zone 3 San pedro Ili alcala pangasinan,NaN
NaN,MSPI_Gilbert_Duque,639695886097.000,1740975063 ( 1740975063),261002337.000,Oct 2026,1,000,UNPAID,2026-10-03,2026-10-12,NaN,-,-,Zone 2 tabili st. San pedro ili alcala pang,NaN
NaN,MSPI_Ginalyn_Valdez,639619284115.000,1753761864 ( 1753761864),261002338.000,Oct 2026,1,000,UNPAID,2026-10-28,2026-11-06,NaN,-,-,Zone 4 sna pedro ili alcala pangasinan PORT 11 BARTLO / JHUN,NaN
NaN,MSPI_Guendalyn_Sadorra,639498288864.000,35000062 ( 1735886448),261002339.000,Oct 2026,1,000,UNPAID,2026-10-22,2026-10-26,NaN,-,-,343 Espiritu St, San Pedro ili Alcala Pangasinan OK,NaN
NaN,MSPI_Happymae_Catubay,639307243939.000,1783041692 ( 1783041692),261002340.000,Oct 2026,799.000,UNPAID,2026-10-03,2026-10-12,NaN,-,-,Zone 1 San Pedro Ili Alcala Pangasinan / landmark Server sa kisikis OK,NaN
NaN,MSPI_Hazel_Mata,639927503404.000,1782665680 ( 1782665680),261002341.000,Oct 2026,1,000,UNPAID,2026-10-28,2026-11-06,NaN,-,-,Espiritu street San pedro Ili alcala Pangasinan OK,NaN
NaN,MSPI_Helen_Macaraeg,639383265834.000,1738226282 ( 1738226282),261002342.000,Oct 2026,1,000,UNPAID,2026-10-28,2026-11-06,NaN,-,-,Zone 6 bacerra st. San pedro ili alcala pangasinan,NaN
NaN,MSPI_Henie_Quiming,639207427403.000,1769060816 ( 1769060816),261002343.000,Oct 2026,1,000,UNPAID,2026-10-22,2026-10-31,NaN,-,-,Zone 5 san pedro ili pangasinan,NaN
NaN,MSPI_Herasmo_Dagarag,639193730326.000,1787019041 ( 1787019041),261002344.000,Oct 2026,1,000,UNPAID,2026-10-19,2026-10-23,NaN,-,-,Dmlv subdivision san pedro ili alcala pang,NaN
NaN,MSPI_Hershey_Arquero,639707371625.000,1786612934 ( 1786612934),261002345.000,Oct 2026,1,000,UNPAID,2026-10-24,2026-10-28,NaN,-,-,Zone 7, Sitio Patalan, San Pedro Ili Alcala Pangasinan OK,NaN
NaN,MSPI_James_Olidan,639454165650.000,1783561506 ( 1783561506),261002346.000,Oct 2026,1,000,UNPAID,2026-10-09,2026-10-18,NaN,-,-,Zone 1 San Pedro Ili Alcala Pangasinan /landmark INC OK,NaN
NaN,MSPI_Jerney_Aguilar,639810320054.000,1765425219 ( 1765425219),261002347.000,Oct 2026,1,000,UNPAID,2026-10-11,2026-10-20,NaN,-,-,Zone 3 asuncion st san pedro ili alcala pang,NaN
NaN,MSPI_Jessa_Asong,639511847528.000,1735870290 ( 1735870290),261002348.000,Oct 2026,1,000,UNPAID,2026-10-03,2026-10-12,NaN,-,-,Purok 3 San pedro ili OK,NaN
NaN,MSPI_Jessie_Soriano,639318412625.000,1774621521 ( 1774621521),261002349.000,Oct 2026,1,000,UNPAID,2026-10-28,2026-11-06,NaN,-,-,Zone 2 San pedro ili alcala pangasinan OK,NaN
NaN,MSPI_Jesus_Figuracion,639513080183.000,1773103086 ( 1773103086),261002350.000,Oct 2026,799.000,UNPAID,2026-10-10,2026-10-19,NaN,-,-,424 espiritu st san pedro ili alcala pangasinan,NaN
NaN,MSPI_Jezzriel_Neri,639762175981.000,1787019274 ( 1787019274),261002351.000,Oct 2026,1,000,UNPAID,2026-10-18,2026-10-22,NaN,-,-,Doña Maria Lourdez Village San pedro Ili Alcala Pang,NaN
NaN,MSPI_Joanamarie_Sadorra,639949741151.000,1751449185 ( 1751449185),261002352.000,Oct 2026,1,000,UNPAID,2026-10-02,2026-10-11,NaN,-,-,Sitio cupi san pedro ili alcala pang. OK,NaN
NaN,MSPI_Joana_Duque,63951865903.000,1764638686 ( 1764638686),261002353.000,Oct 2026,1,000,UNPAID,2026-10-02,2026-10-11,NaN,-,-,Bacerra st san pedro ili alcala pangasinan,NaN
NaN,MSPI_Jocelyn_Fernandez,639129512607.000,1784430860 ( 1784430860),261002354.000,Oct 2026,1,000,UNPAID,2026-10-21,2026-10-25,NaN,-,-,Zone 1 San pedro ili alcala pangasinan OK,NaN
NaN,MSPI_Joel_Resquid,639518379313.000,1782821890 ( 1782821890),261002355.000,Oct 2026,1,000,UNPAID,2026-10-02,2026-10-11,NaN,-,-,Bacerra st San pedro ili alcala pangasinan OK,NaN
NaN,MSPI_John_Mendoza,639516692821.000,1764659072 ( 1764659072),261002356.000,Oct 2026,1,000,UNPAID,2026-10-02,2026-10-11,NaN,-,-,Zone 3 San pedro ili alcala pang,NaN
NaN,MSPI_Jonalyn_Malibiran,639457410116.000,1745995212 ( 1745995212),261002357.000,Oct 2026,799.000,UNPAID,2026-10-28,2026-11-06,NaN,-,-,Asuncion st san pedro ili alcala pang,NaN
NaN,MSPI_Jorge_Abao,639939239274.000,1736300779 ( 1736300779),261002358.000,Oct 2026,1,000,UNPAID,2026-10-08,2026-10-17,NaN,-,-,Dona Maria Lourdes Village San pedro ili Alcala Pangasinan,NaN
NaN,MSPI_Josephine_Melegrito,639193435684.000,1782218864 ( 1782218864),261002359.000,Oct 2026,1,000,UNPAID,2026-10-24,2026-10-28,NaN,-,-,Bacerra st San pedro ili Alcala Pangasinan OK,NaN
NaN,MSPI_Jouie_Figuracion,639069261696.000,1745462062 ( 1745462062),261002360.000,Oct 2026,1,000,UNPAID,2026-10-10,2026-10-19,NaN,-,-,Arboleda st san pedro ili alcala pang,NaN
NaN,MSPI_Joy_Medrano,639125521277.000,35000099 ( 1736319744),261002361.000,Oct 2026,1,000,UNPAID,2026-10-16,2026-10-25,NaN,-,-,Zone 5 San Pedro ili Alcala PAngasinan,NaN
NaN,MSPI_Juanne_Papasin,639104121842.000,1750232832 ( 1750232832),261002362.000,Oct 2026,799.000,UNPAID,2026-10-18,2026-10-27,NaN,-,-,Zone 5 San pedro ili alcala pangasinana,NaN
NaN,MSPI_Judy_Gacutan,639452256181.000,1756544204 ( 1756544204),261002363.000,Oct 2026,1,000,UNPAID,2026-10-30,2026-11-08,NaN,-,-,Dmlv phase 2 san pedro ili alcala pang,NaN
NaN,MSPI_Julito_Bacerra,639192727534.000,1782088118 ( 1782088118),261002364.000,Oct 2026,1,500,UNPAID,2026-10-22,2026-10-26,NaN,-,-,Baccerra St San pedro ili alcala pangasinan / landmark manok / jojo bacerra,NaN
NaN,MSPI_Jupylyn_Miguel,639203428583.000,1752632811 ( 1752632811),261002365.000,Oct 2026,1,000,UNPAID,2026-10-16,2026-10-25,NaN,-,-,Zone 7 san pedro ili alcala pangasinan JOHAN / MICHAEL PORT 3,NaN
NaN,MSPI_Kathleen_Gamet,639559650803.000,1786417025 ( 1786417025),261002366.000,Oct 2026,1,000,UNPAID,2026-10-11,2026-10-15,NaN,-,-,Zone 1 Shawarma Avenue, San Pedro Ili, Alcala OK,NaN
NaN,MSPI_Kimberly_Sadorra,639306356001.000,35000057 ( 1735807848),261002367.000,Oct 2026,1,000,UNPAID,2026-10-14,2026-10-23,NaN,-,-,Sitio Cupi San Pedro Ili Brgy Alcala Pangasinan,NaN
NaN,MSPI_Kim_Valdez,639986301904.000,1752557347 ( 1752557347),261002368.000,Oct 2026,1,000,UNPAID,2026-10-29,2026-11-07,NaN,-,-,Zone 4 san pedro ili alcala pangasinan,NaN
NaN,MSPI_King_Ramos,639338207053.000,1752053067 ( 1752053067),261002369.000,Oct 2026,1,000,UNPAID,2026-10-09,2026-10-18,NaN,-,-,MJ Building San Pedro Ili alcala Pangasinan PORT 7 Daniel Lee June V,NaN
NaN,MSPI_Kristine_Valdez,639270233407.000,1760411471 ( 1760411471),261002370.000,Oct 2026,1,000,UNPAID,2026-10-06,2026-10-15,NaN,-,-,Zone 4 San pedro ili alcala pangasinan,NaN
NaN,MSPI_Lanie_Tabora,639703714364.000,1742276100 ( 1742276100),261002371.000,Oct 2026,800.000,UNPAID,2026-10-18,2026-10-27,NaN,-,-,337 espiritu st san pedro ili,NaN
NaN,MSPI_Leonora_Zafe,639090297760.000,1755229123 ( 1755229123),261002372.000,Oct 2026,1,000,UNPAID,2026-10-15,2026-10-24,NaN,-,-,Zone 3 San pedro ili alcala pangasinan marben,NaN
NaN,MSPI_Lerma_Agdeppa,639647363288.000,1738120247 ( 1738120247),261002373.000,Oct 2026,1,500,UNPAID,2026-10-28,2026-11-06,NaN,-,-,Purok 5 arboleda st. San pedro ili alcala pangasinan,NaN
NaN,MSPI_Liezl_Estacio,639651369929.000,1788504005 ( 1788504005),261002374.000,Oct 2026,1,000,UNPAID,2026-10-04,2026-10-08,NaN,-,-,Blk 12 lot 1 Jade st DMLV Subdivision San Pedro ili alcala pangasinan,NaN
NaN,MSPI_Lilia_Daluyo,639430612958.000,35000115 ( 1736326414),261002375.000,Oct 2026,1,000,UNPAID,2026-10-22,2026-10-31,NaN,-,-,Zone 5 Sitio Cupi San Pedro ili Alcala Pangasinan,NaN
NaN,MSPI_Limuel_Asuncion,639854837408.000,1752720655 ( 1752720655),261002376.000,Oct 2026,1,000,UNPAID,2026-10-17,2026-10-26,NaN,-,-,Arboleda st san pedro ili alcala pangasinan PORT 4 JOHAN / MIHCAEL,NaN
NaN,MSPI_Lorenz_Ramirez,639187697850.000,1785838808 ( 1785838808),261002377.000,Oct 2026,1,000,UNPAID,2026-10-05,2026-10-14,NaN,-,-,DMLV SUBDIVISION SAN PEDRO ILI OK,NaN
NaN,MSPI_Lovely_Quines,639367857255.000,1768739092 ( 1768739092),261002378.000,Oct 2026,799.000,UNPAID,2026-10-01,2026-10-05,NaN,-,-,dona maria lourdes village,san pedro ili, alcala pangasinan,NaN
NaN,MSPI_Ludivina_Evangelista,639277294018.000,1779248533 ( 1779248533),261002379.000,Oct 2026,1,000,UNPAID,2026-10-20,2026-10-24,NaN,-,-,Zone 3 San Pedro ili Alcala pangasinan,NaN
NaN,MSPI_Lybie_Buen,639518765190.000,1736999898 ( 1736999898),261002380.000,Oct 2026,1,000,UNPAID,2026-10-16,2026-10-25,NaN,-,-,Zone 5 Espiritu St. San Pedro Ili alcala pangasinan,NaN
NaN,MSPI_Lyka_Mortera,639458225043.000,1789440821 ( 1789440821),261002381.000,Oct 2026,1,000,UNPAID,2026-10-15,2026-10-19,NaN,-,-,Espiritu st San pedro ili alcala pangasinan,NaN
NaN,MSPI_Ma.Cecelia_Dauz,639489545180.000,1788250420 ( 1788250420),261002382.000,Oct 2026,1,000,UNPAID,2026-10-01,2026-10-05,NaN,-,-,Dmlv subdivision san pedro ili alcala pangasinan,NaN
NaN,MSPI_Manny_Macaseib,6393264414993.000,1767078990 ( 1767078990),261002383.000,Oct 2026,1,000,UNPAID,2026-10-28,2026-11-06,NaN,-,-,Sitio kupi San pedro ili alcala pangasinan,NaN
NaN,MSPI_Marcela_Balderama,639690677661.000,1740990297 ( 1740990297),261002384.000,Oct 2026,1,500,UNPAID,2026-10-03,2026-10-12,NaN,-,-,232 ARBOLEDA ST SAN PEDRO ALCALA PANGASINAN,NaN
NaN,MSPI_MarieAnn_Briones,639694581932.000,1781000833 ( 1781000833),261002385.000,Oct 2026,1,000,UNPAID,2026-10-10,2026-10-14,NaN,-,-,Diamond st Subdivision San pedro ili alcala pangasinan,NaN
NaN,MSPI_Marife_Garcia,639070274492.000,35000067 ( 1735888282),261002386.000,Oct 2026,1,500,UNPAID,2026-10-05,2026-10-14,NaN,-,-,Sitio San Pedro ili Alcala Pangasinan,NaN
NaN,MSPI_Marinela_Jallorina,639071603682.000,1789973828 ( 1789973828),261002387.000,Oct 2026,1,000,UNPAID,2026-10-21,2026-10-25,NaN,-,-,Sitio patalan san pedro ili alcala pangasinan,NaN
NaN,MSPI_Mario_Tomada,639273581541.000,1747190320 ( 1747190320),261002388.000,Oct 2026,1,000,UNPAID,2026-10-14,2026-10-23,NaN,-,-,DMLV SUBDIVISION SAN PEDRO ILI ALCALA PANGASINAN,NaN
NaN,MSPI_Marites_Dingalan,639182671783.000,1778980913 ( 1778980913),261002389.000,Oct 2026,1,000,UNPAID,2026-10-18,2026-10-22,NaN,-,-,Dmlv subdivision San pedro ili alcala pangasinan,NaN
NaN,MSPI_Marivic_Lopez,639949592319.000,1783117116 ( 1783117116),261002390.000,Oct 2026,1,000,UNPAID,2026-10-07,2026-10-11,NaN,-,-,Zone 2 San Pedro Ili Alcala Pangasinan / landmark malapit sa Manok OK,NaN
NaN,MSPI_MarkAldwin_velasco,63922055639.000,1750408149 ( 1750408149),261002391.000,Oct 2026,799.000,UNPAID,2026-10-20,2026-10-29,NaN,-,-,Zone 3 san pedro ili alcala pang,NaN
NaN,MSPI_Mark_Corpuz,639265437345.000,1736044470 ( 1736044470),261002392.000,Oct 2026,1,000,UNPAID,2026-10-05,2026-10-14,NaN,-,-,Purok 5 San Pedro ili alcala pangasinan,NaN
NaN,MSPI_Marvin_Barte,639267091806.000,1739842898 ( 1739842898),261002393.000,Oct 2026,1,000,UNPAID,2026-10-18,2026-10-27,NaN,-,-,BLK 12 LOT 2 RUBY ST DMLV SAN PEDRO ILI ALCALA PANGASINAN,NaN
NaN,MSPI_MaryAnn_Poserio,639127875157.000,1749612729 ( 1749612729),261002394.000,Oct 2026,1,000,UNPAID,2026-10-11,2026-10-20,NaN,-,-,Zone 7 san pedro ili alcala pang,NaN
NaN,MSPI_MaryJean_Oliveras,639208459047.000,35000083 ( 1736229922),261002395.000,Oct 2026,1,000,UNPAID,2026-10-06,2026-10-15,NaN,-,-,440 Cupi San Pedro ili Alcala PAngasinan,NaN
NaN,MSPI_Maryrose_Deguzman,639384375599.000,1787019136 ( 1787019136),261002396.000,Oct 2026,1,000,UNPAID,2026-10-18,2026-10-22,NaN,-,-,BLK 10 lot17-2 sapphire st doña Lourdes village,NaN
NaN,MSPI_Maue_Acosta,639157179615.000,1736732562 ( 1736732562),261002397.000,Oct 2026,1,000,UNPAID,2026-10-13,2026-10-22,NaN,-,-,Asuncion St, Zone 3 Brgy San pedro ili Alcala Pangasinan,NaN
NaN,MSPI_Maybelle_Evangelista,639858695459.000,35000039 ( 1732974613),261002398.000,Oct 2026,1,000,UNPAID,2026-10-28,2026-11-06,NaN,-,-,Arboleda St, San Pedro Ili Alcala Pangasinan,NaN
NaN,MSPI_MayCruz_Medrano,639469841597.000,1744100844 ( 1744100844),261002399.000,Oct 2026,799.000,UNPAID,2026-10-08,2026-10-17,NaN,-,-,375 espiritu st san pedro alcala pang,NaN
NaN,MSPI_Melanie_Cabreros,639104571813.000,1756205995 ( 1756205995),261002400.000,Oct 2026,1,000,UNPAID,2026-10-26,2026-11-04,NaN,-,-,DMLV SAN pedro ili alcala pangasinan,NaN
NaN,MSPI_Melvin_Reyes,639652464865.000,1788511348 ( 1788511348),261002401.000,Oct 2026,799.000,UNPAID,2026-10-04,2026-10-08,NaN,-,-,Espiritu st San pedro ili alcala pangasinan,NaN
NaN,MSPI_Michael_Dumlao,639157181527.000,35000100 ( 1736321972),261002402.000,Oct 2026,800.000,UNPAID,2026-10-18,2026-10-27,NaN,-,-,ZOne 5 Brgy San Pedro ili Alcala Pangasinan,NaN
NaN,MSPI_Mon_Siapno,639637544665.000,1736051362 ( 1736051362),261002403.000,Oct 2026,799.000,UNPAID,2026-10-05,2026-10-14,NaN,-,-,Zone 7 sitio patalan sabln pedro ili alcala pangasinan,NaN
NaN,MSPI_MunicipalityOfAlcala_Mrf,6359230828661.000,1753174954 ( 1753174954),261002404.000,Oct 2026,1,500,UNPAID,2026-10-28,2026-11-01,NaN,-,-,Sitio cupi san pedro ili alcala pangasinan OK,NaN
NaN,MSPI_Myrna_Peralta,639604731847.000,1779117265 ( 1779117265),261002405.000,Oct 2026,799.000,UNPAID,2026-10-27,2026-11-05,NaN,-,-,DMLV SUDIVISION San pedro ili alcala Pangasinan,NaN
NaN,MSPI_NicahMae_Marinas,639073619874.000,1787100296 ( 1787100296),261002406.000,Oct 2026,799.000,UNPAID,2026-10-19,2026-10-23,NaN,-,-,Sitio Patalan San Pedro Ili Alcala Pangasinan,NaN
NaN,MSPI_Nieves_Cayaban,639982978763.000,35000037 ( 1732974401),261002407.000,Oct 2026,1,000,UNPAID,2026-10-28,2026-11-06,NaN,-,-,161 Zone 3 Brgy San Pedro ili Alcala Pangasinan,NaN
NaN,MSPI_Noel_Pacaldo,639859714243.000,1778818793 ( 1778818793),261002408.000,Oct 2026,799.000,UNPAID,2026-10-15,2026-10-24,NaN,-,-,DMLV Subdivision San Pedro Ili Alcala Pangasinan OK,NaN
NaN,MSPI_Norlyn_Climaco,639675290388.000,1735964939 ( 1735964939),261002409.000,Oct 2026,799.000,UNPAID,2026-10-04,2026-10-13,NaN,-,-,Brgy: San Pedro Ili Zone:Purok - Zone 2,NaN
NaN,MSPI_Norma_Suratos,639107873005.000,1738136391 ( 1738136391),261002410.000,Oct 2026,799.000,UNPAID,2026-10-28,2026-11-06,NaN,-,-,Zone 4 arboleda st san pedro ili alcala pangasinan,NaN
NaN,MSPI_Pauline_Dacanay,639508816491.000,35000061 ( 1735886335),261002411.000,Oct 2026,1,000,UNPAID,2026-10-02,2026-10-11,NaN,-,-,341 Espiritu St, San Pedro ili Alcala Pangasinan,NaN
NaN,MSPI_Randy_Ruiz,639670824749.000,1762590591 ( 1762590591),261002412.000,Oct 2026,1,000,UNPAID,2026-10-01,2026-10-01,NaN,-,-,Borje street San Pedro Ili Alcala Pangasinan OK,NaN
NaN,MSPI_Raymond_Velasco,639760288309.000,1747211829 ( 1747211829),261002413.000,Oct 2026,799.000,UNPAID,2026-10-14,2026-10-23,NaN,-,-,229 arboleda st san pedro ili alcala pangasinane,NaN
NaN,MSPI_Reggie_Lucido,639194165050.000,1768001784 ( 1768001784),261002414.000,Oct 2026,1,000,UNPAID,2026-10-10,2026-10-19,NaN,-,-,Zone 4 san pedro ili alcala pangasinan,NaN
NaN,MSPI_Reigh_Custodio,639100188099.000,35000073 ( 1735979877),261002415.000,Oct 2026,1,500,UNPAID,2026-10-11,2026-10-15,NaN,-,-,Sitio Cupi Rd San Pedro ili Alcala Pangasinan,NaN
NaN,MSPI_Remedios_Ancheta,639481117915.000,1750469510 ( 1750469510),261002416.000,Oct 2026,800.000,UNPAID,2026-10-23,2026-11-01,NaN,-,-,Zone 4 San pedro Ili Alcala pangasinan PORT 1 JOHAN / MICHAEL ASUNCION,NaN
NaN,MSPI_Richard_Macaraeg,639157522983.000,1740977363 ( 1740977363),261002417.000,Oct 2026,799.000,UNPAID,2026-10-03,2026-10-12,NaN,-,-,Zone 2 san pedro ili alcala pang,NaN
NaN,MSPI_Rizza_Ruiz,639468860230.000,1760494358 ( 1760494358),261002418.000,Oct 2026,1,000,UNPAID,2026-10-28,2026-11-04,NaN,-,-,Borje st. san Pedro Ili alcala pangasinan,NaN
NaN,MSPI_Robert_Bacerra,639072888437.000,35000035 ( 1732931688),261002419.000,Oct 2026,799.000,UNPAID,2026-10-28,2026-11-06,NaN,-,-,Zone 6 San Pedro ili, Alcala Pangasinan,NaN
NaN,MSPI_Robert_Corpuz,63977053811.000,35000032 ( 1732931303),261002420.000,Oct 2026,799.000,UNPAID,2026-10-28,2026-11-06,NaN,-,-,345 Baserra St, Zone 6 San Pedro ili Alcala Pangasinan OK,NaN
NaN,MSPI_Rogelyn_Delacruz,63930722956.000,1757057441 ( 1757057441),261002421.000,Oct 2026,1,000,UNPAID,2026-10-17,2026-10-26,NaN,-,-,Sitio patalan san pedro ili alcala pangasinan,NaN
NaN,MSPI_Rogel_Gamurot,639772151780.000,1742204565 ( 1742204565),261002422.000,Oct 2026,799.000,UNPAID,2026-10-20,2026-10-29,NaN,-,-,Zone 7 sitio patalan San pedro ili alcala pang,NaN
NaN,MSPI_Romeo_Acosta,639659428129.000,1754636190 ( 1754636190),261002423.000,Oct 2026,1,000,UNPAID,2026-10-08,2026-10-17,NaN,-,-,BACERRA ST SAN PEDRO ILI ALC PNG,NaN
NaN,MSPI_Rommel_Daligdig,639283930392.000,1735888447 ( 1735888447),261002424.000,Oct 2026,1,000,UNPAID,2026-10-03,2026-10-12,NaN,-,-,167 zone 3 San Pedro Ili Alcala Pangasinan,NaN
NaN,MSPI_Ronald_Sadorra,639286726055.000,1736819969 ( 1736819969),261002425.000,Oct 2026,1,000,UNPAID,2026-10-14,2026-10-23,NaN,-,-,Zone 6 bacerra st san pedro ili,NaN
NaN,MSPI_Ronald_Valencia,63915423881.000,1755052152 ( 1755052152),261002426.000,Oct 2026,1,000,UNPAID,2026-10-13,2026-10-22,NaN,-,-,Zone 6 san pedro ili alcala pangasinan BOSS D/MAKING/MARBEN PORT 10,NaN
NaN,MSPI_Roseanne_Climaco,63938563811.000,1768340963 ( 1768340963),261002427.000,Oct 2026,799.000,UNPAID,2026-10-15,2026-10-19,NaN,-,-,200 Ntl Rd San Pedro Ili alcala pangasinan,NaN
NaN,MSPI_Rose_Carancho1,639618381474.000,35000079 ( 1736226634),261002428.000,Oct 2026,1,000,UNPAID,2026-10-06,2026-10-15,NaN,-,-,Sitio Kupe San Pedro ili Alcala PAngasinan,NaN
NaN,MSPI_Rose_Carancho2,639618381474.000,35000080 ( 1736226743),261002429.000,Oct 2026,1,000,UNPAID,2026-10-06,2026-10-15,NaN,-,-,Sitio Cupe San Pedro ili Alcala PAngasinan,NaN
NaN,MSPI_Rose_Carancho3,639618381474.000,35000081 ( 1736226851),261002430.000,Oct 2026,1,000,UNPAID,2026-10-14,2026-10-23,NaN,-,-,Sitio Cupe San Pedro ili Alcala Pangasinan OK,NaN
NaN,MSPI_Rubylyn_Magat,639671855698.000,1769388875 ( 1769388875),261002431.000,Oct 2026,1,000,UNPAID,2026-10-26,2026-11-04,NaN,-,-,DMLV Subdivision San Pedro ili alcala Pangasinan,NaN
NaN,MSPI_Ruby_Francisco,63996804758.000,1758870262 ( 1758870262),261002432.000,Oct 2026,1,000,UNPAID,2026-10-26,2026-11-04,NaN,-,-,Saphire st dmlv subdivision san pedro ili alcala pangasinan,NaN
NaN,MSPI_Ruby_Monegas,639199336987.000,1743146922 ( 1743146922),261002433.000,Oct 2026,1,000,UNPAID,2026-10-28,2026-11-06,NaN,-,-,Zone 7 Bokje St, San Pedro Ili, Alcala, Pangasinan OK,NaN
NaN,MSPI_Sally_Sarmiento,639106277082.000,1739499223 ( 1739499223),261002434.000,Oct 2026,1,000,UNPAID,2026-10-14,2026-10-23,NaN,-,-,zone 4 arboleda st. SAN PEDRO ILI ALCALA PANGASINAN,NaN
NaN,MSPI_Samson_Escobar,639773742969.000,35000069 ( 1735888798),261002435.000,Oct 2026,800.000,UNPAID,2026-10-17,2026-10-26,NaN,-,-,Zone 7 Dona ma Lourdes San pedro ili Alcala Pangasinan,NaN
NaN,MSPI_ShellaMae_Sermona,639690492745.000,1787211092 ( 1787211092),261002436.000,Oct 2026,1,000,UNPAID,2026-10-01,2026-10-05,NaN,-,-,Zone 1 national Road San pedro ili Alcala pangasinan,NaN
NaN,MSPI_Sheryl_Catubay,639516753371.000,1743828153 ( 1743828153),261002437.000,Oct 2026,799.000,UNPAID,2026-10-05,2026-10-14,NaN,-,-,ZONE 1 SAN PEDRO ILI ALCALA,NaN
NaN,MSPI_Suzzie_DelaCruz,639915331092.000,35000063 ( 1735887353),261002438.000,Oct 2026,1,000,UNPAID,2026-10-04,2026-10-13,NaN,-,-,San Pedro ili Brgy Alcala Pangasinan,NaN
NaN,MSPI_Sydney_Valdez,639705787289.000,1739860563 ( 1739860563),261002439.000,Oct 2026,1,000,UNPAID,2026-10-30,2026-11-08,NaN,-,-,Zone 3 asuncion st. San pedro ili alcala pangasinan,NaN
NaN,MSPI_Teresa_Ramos,6352525034143.000,1759824795 ( 1759824795),261002440.000,Oct 2026,1,000,UNPAID,2026-10-07,2026-10-16,NaN,-,-,Sitio patalan san pedro ili alcala pangasinan,NaN
NaN,MSPI_Theresa_Bacolor,639159681464.000,1737973884 ( 1737973884),261002441.000,Oct 2026,1,000,UNPAID,2026-10-27,2026-11-05,NaN,-,-,Blk 1 unit 22 DMLV SAN PEDRO ILI ALCALA PANGASINAN,NaN
NaN,MSPI_Villiejane_Ilao,639475407261.000,1770426842 ( 1770426842),261002442.000,Oct 2026,799.000,UNPAID,2026-10-13,2026-10-22,NaN,-,-,DMLV SUBDIVISION SAN PEDRO ILI ALCALA PANGASINAN,NaN
NaN,MSPI_Virleh_Pilar,639275006850.000,1773037229 ( 1773037229),261002443.000,Oct 2026,1,000,UNPAID,2026-10-20,2026-10-24,NaN,-,-,Arboleda St San pedro ili Alcala pangasinan,NaN
NaN,MSPI_Yhen_Cabanlong,639608492402.000,1781161301 ( 1781161301),261002444.000,Oct 2026,1,000,UNPAID,2026-10-11,2026-10-20,NaN,-,-,Sudivision phase 2 san pedro ili alcala pangasinan OK,NaN
NaN,MSTN_Michael_Bello,639939426435.000,1743404405 ( 1743404405),261002445.000,Oct 2026,1,000,UNPAID,2026-10-28,2026-11-06,NaN,-,-,136 pon barrog st sto niño sto.tomas pang,NaN
NaN,MSTP_Ailynjan_Delacruz,639530334160.000,1776322625 ( 1776322625),261002446.000,Oct 2026,1,000,UNPAID,2026-10-17,2026-10-26,NaN,-,-,San agustin Sto tomas Pangasinan,NaN
NaN,MSTP_Andrew_Deleon,639489088965.000,1765852448 ( 1765852448),261002447.000,Oct 2026,1,000,UNPAID,2026-10-16,2026-10-25,NaN,-,-,173 san antonio sto tomas pangasinan,NaN
NaN,MSTP_Angelita_DelosReyes,639701351102.000,1786590399 ( 1786590399),261002448.000,Oct 2026,1,000,UNPAID,2026-10-19,2026-10-23,NaN,-,-,Zone 2 Sto Tomas Sto Domingo Pangasinan,NaN
NaN,MSTP_Benjilyne_Senica,639456917269.000,8800002 ( 1743851072),261002449.000,Oct 2026,1,000,UNPAID,2026-10-05,2026-10-14,NaN,-,-,Zone 5 San agustin sto tomas pangasinan,NaN
NaN,MSTP_Brenda_Ubaldo,639157178434.000,1776387809 ( 1776387809),261002450.000,Oct 2026,799.000,UNPAID,2026-10-17,2026-10-26,NaN,-,-,Zone 6 San Marcos Sto tomas pangasinan,NaN
NaN,MSTP_Carizza_Corpuz,639813228476.000,1776753666 ( 1776753666),261002451.000,Oct 2026,1,000,UNPAID,2026-10-21,2026-10-30,NaN,-,-,Santo nino sto tomas pangasinan OK,NaN
NaN,MSTP_Cedric_Sevilla,639287400813.000,1775090725 ( 1775090725),261002452.000,Oct 2026,1,000,UNPAID,2026-10-06,2026-10-15,NaN,-,-,San Antonio sto Tomas Pangasinan,NaN
NaN,MSTP_Christopher_Canosa,63927457459102.000,1754894751 ( 1754894751),261002453.000,Oct 2026,1,000,UNPAID,2026-10-11,2026-10-20,NaN,-,-,ZONE 2 STO DOMINGO STO TOMAS PNG,NaN
NaN,MSTP_Chris_Tamondong,639484695207.000,1776380402 ( 1776380402),261002454.000,Oct 2026,799.000,UNPAID,2026-10-17,2026-10-26,NaN,-,-,Zone 2 San antonio Sto tomas Pangasinan,NaN
NaN,MSTP_Crisjane_Donayre,639609350063.000,1755315362 ( 1755315362),261002455.000,Oct 2026,799.000,UNPAID,2026-10-16,2026-10-25,NaN,-,-,Zone 6 San antonio Sto tomas alcala pangasinan PORT 2 MARBEN,NaN
NaN,MSTP_Edisa_Senica,639779293797.000,1765594222 ( 1765594222),261002456.000,Oct 2026,1,000,UNPAID,2026-10-24,2026-10-28,NaN,-,-,Zone 5 San agustin Sto tomas Pangasinan,NaN
NaN,MSTP_Feliciano_Castillo,639812384112.000,1754444616 ( 1754444616),261002457.000,Oct 2026,1,000,UNPAID,2026-10-06,2026-10-15,NaN,-,-,Don barroga st Sto nino Sto tomas Pangasinan OK,NaN
NaN,MSTP_Gerwin_Taguinod,639105425341.000,1754979278 ( 1754979278),261002458.000,Oct 2026,1,000,UNPAID,2026-10-12,2026-10-21,NaN,-,-,Don barroga st Sto nino Sto tomas pangasinan boss d/making/marben port 4,NaN
NaN,MSTP_Jay_Alcause,639187196929.000,1743671927 ( 1743671927),261002459.000,Oct 2026,1,000,UNPAID,2026-10-03,2026-10-12,NaN,-,-,Zone 7 don pruto st sto nino sto tomas pang,NaN
NaN,MSTP_Jennefer_Valdez,639922538212.000,1768366581 ( 1768366581),261002460.000,Oct 2026,799.000,UNPAID,2026-10-14,2026-10-23,NaN,-,-,Zone 1 pob east Sto tomas Pangasinan,NaN
NaN,MSTP_Jennifer_Pasig,639923560868.000,1771892012 ( 1771892012),261002461.000,Oct 2026,799.000,UNPAID,2026-10-27,2026-10-31,NaN,-,-,San antonio sto tomas pangasinan,NaN
NaN,MSTP_Jesus_Quidon,639659556665.000,1750150920 ( 1750150920),261002462.000,Oct 2026,1,000,UNPAID,2026-10-18,2026-10-27,NaN,-,-,Zone 6 San agustin Sto Tomas Pangasinan,NaN
NaN,MSTP_Jimmy_Valdez,639671090262.000,1769063089 ( 1769063089),261002463.000,Oct 2026,799.000,UNPAID,2026-10-01,2026-10-06,NaN,-,-,Zone 1 Poblacion East Sto Tomas Pangasinan,NaN
NaN,MSTP_Jim_Peru,639858918395.000,1750401852 ( 1750401852),261002464.000,Oct 2026,1,000,UNPAID,2026-10-20,2026-10-29,NaN,-,-,Zone 4 sto nino sto tomas pangasinan,NaN
NaN,MSTP_Joel_Bunggay,639614249714.000,1747464027 ( 1747464027),261002465.000,Oct 2026,800.000,UNPAID,2026-10-17,2026-10-26,NaN,-,-,Zone 5 San Agustin Santo Tomas Pangasinann,NaN
NaN,MSTP_JohnCyryl_Ober,639953954592.000,1782698511 ( 1782698511),261002466.000,Oct 2026,799.000,UNPAID,2026-10-28,2026-11-06,NaN,-,-,Poblacion East Sto tomas Pangasinan / tapat bg raton Store/valdez compound,NaN
NaN,MSTP_Jonabelle_Bete,639702340479.000,1779587689 ( 1779587689),261002467.000,Oct 2026,799.000,UNPAID,2026-10-26,2026-10-30,NaN,-,-,Zone 6 San Antonio Santo tomas Pangasinan,NaN
NaN,MSTP_Joyceann_Brul,639668641743.000,1777345861 ( 1777345861),261002468.000,Oct 2026,1,500,UNPAID,2026-10-22,2026-10-26,NaN,-,-,San Agustin Sto tomas Pangasinan,NaN
NaN,MSTP_Judith_Senica,639389498249.000,8800003 ( 1743851171),261002469.000,Oct 2026,799.000,UNPAID,2026-10-05,2026-10-14,NaN,-,-,Zone 5 san agustin sto tomas pang,NaN
NaN,MSTP_Karen_Pequet,639272376500.000,1760328806 ( 1760328806),261002470.000,Oct 2026,1,000,UNPAID,2026-10-13,2026-10-22,NaN,-,-,169 Sto nino Sto Tomas Pangasinan,NaN
NaN,MSTP_Kristel_Malaque,639503586597.000,1757578457 ( 1757578457),261002471.000,Oct 2026,1,000,UNPAID,2026-10-16,2026-10-25,NaN,-,-,Zone 6 salvacion sto tomas pangasinan,NaN
NaN,MSTP_Leah_Escobar,639454581037.000,1777336982 ( 1777336982),261002472.000,Oct 2026,1,000,UNPAID,2026-10-01,2026-10-05,NaN,-,-,San agustin Sto tomas Pangasinan,NaN
NaN,MSTP_Leshlie_Alonzo,639310290579.000,1768002446 ( 1768002446),261002473.000,Oct 2026,1,000,UNPAID,2026-10-10,2026-10-19,NaN,-,-,Zone 2 sto nino sto tomas pangasinan,NaN
NaN,MSTP_Lesther_Pilla,639062927390.000,1783867618 ( 1783867618),261002474.000,Oct 2026,799.000,UNPAID,2026-10-14,2026-10-18,NaN,-,-,San agustin sto tomas pangasinan OK,NaN
NaN,MSTP_Lilibeth_Palad,639949938504.000,1776050909 ( 1776050909),261002475.000,Oct 2026,799.000,UNPAID,2026-10-15,2026-10-24,NaN,-,-,Zone 1 San Agustin Sto Tomas Pangasinan,NaN
NaN,MSTP_Louie_Marzan,639658190212.000,1776645014 ( 1776645014),261002476.000,Oct 2026,1,000,UNPAID,2026-10-25,2026-11-03,NaN,-,-,Sto nino sto tomas Pangasinan,NaN
NaN,MSTP_Luz_Delacruz,639165378665.000,1754890049 ( 1754890049),261002477.000,Oct 2026,1,000,UNPAID,2026-10-11,2026-10-20,NaN,-,-,ZONE 2 STO DOMINGO STO TOMAS PNG,NaN
NaN,MSTP_Mario_Quicho,639975500429.000,1781089184 ( 1781089184),261002478.000,Oct 2026,799.000,UNPAID,2026-10-16,2026-10-20,NaN,-,-,Zone 7 San agustin Sto tomas pangasinan,NaN
NaN,MSTP_Maryjane_Pastor,639275369092.000,1771198000 ( 1771198000),261002479.000,Oct 2026,1,000,UNPAID,2026-10-16,2026-10-25,NaN,-,-,00261 zone V, poblacion east, sto. Tomas pangasinan,NaN
NaN,MSTP_Mary_Senica,639059070315.000,1772197155 ( 1772197155),261002480.000,Oct 2026,799.000,UNPAID,2026-10-10,2026-10-19,NaN,-,-,San agustin Sto tomas Pangasinan,NaN
NaN,MSTP_May_Gorospe,639451024494.000,1779798065 ( 1779798065),261002481.000,Oct 2026,799.000,UNPAID,2026-10-28,2026-11-06,NaN,-,-,Zone 4 Sna agustin Sto tomas Pangasinan,NaN
NaN,MSTP_Merlita_Ventura,63930059387.000,1754988119 ( 1754988119),261002482.000,Oct 2026,800.000,UNPAID,2026-10-12,2026-10-21,NaN,-,-,Purok 4 sto nino sto tomas BOSS D/MAKING/MARBEN,NaN
NaN,MSTP_Narcisa_Ravarra,639979293797.000,1765594537 ( 1765594537),261002483.000,Oct 2026,799.000,UNPAID,2026-10-13,2026-10-22,NaN,-,-,Zone 5 San agustin Sto tomas Pangasinan,NaN
NaN,MSTP_Pat_Herrera,6395190462557.000,1780826823 ( 1780826823),261002484.000,Oct 2026,1,000,UNPAID,2026-10-09,2026-10-18,NaN,-,-,Sto domingo Sto tomas Pangasinan,NaN
NaN,MSTP_Reallin_Cabural,639070204559.000,1776985150 ( 1776985150),261002485.000,Oct 2026,799.000,UNPAID,2026-10-24,2026-11-02,NaN,-,-,San agustin Sto tomas Pangasinan,NaN
NaN,MSTP_RicaElla_Cacho,639461893656.000,1784590291 ( 1784590291),261002486.000,Oct 2026,1,000,UNPAID,2026-10-22,2026-10-26,NaN,-,-,Zone 2 sto domingo Santo tomas pangasinan OK,NaN
NaN,MSTP_Ricardo_Arciaga,639362309332.000,1761721305 ( 1761721305),261002487.000,Oct 2026,1,000,UNPAID,2026-10-29,2026-11-07,NaN,-,-,Zone 5 San agustin Sto tomas pangasinan,NaN
NaN,MSTP_Richmond_Malaque,639484222092.000,1742354789 ( 1742354789),261002488.000,Oct 2026,800.000,UNPAID,2026-10-21,2026-10-30,NaN,-,-,128 don barroga st Sto nino Sto tomas pangasinan OK,NaN
NaN,MSTP_Roamer_Reboja,639993288937.000,1777336236 ( 1777336236),261002489.000,Oct 2026,799.000,UNPAID,2026-10-28,2026-11-01,NaN,-,-,San jose Sto Tomas Pangasinan,NaN
NaN,MSTP_Rodelio_Motea,639266102138.000,1745284813 ( 1745284813),261002490.000,Oct 2026,1,000,UNPAID,2026-10-11,2026-10-15,NaN,-,-,Zone 2 80 sto domingo santo tomas pangasinan,NaN
NaN,MSTP_Roma_Pastor,639090893435.000,1749636591 ( 1749636591),261002491.000,Oct 2026,1,000,UNPAID,2026-10-11,2026-10-20,NaN,-,-,85 san agustin zone 2 sto tomas pangasinan,NaN
NaN,MSTP_Roxannemae_Tamayo,639386360623.000,1776036409 ( 1776036409),261002492.000,Oct 2026,799.000,UNPAID,2026-10-13,2026-10-22,NaN,-,-,Zone 1 San Agustin Sto Tomas pangasinan,NaN
NaN,MSTP_Sam_Prscador,639859771746.000,1760348767 ( 1760348767),261002493.000,Oct 2026,799.000,UNPAID,2026-10-13,2026-10-22,NaN,-,-,Santo nino Pangasinan,NaN
NaN,MSTP_Thalica_Ognayon,639690788566.000,1787901576 ( 1787901576),261002494.000,Oct 2026,1,000,UNPAID,2026-10-28,2026-11-01,NaN,-,-,Zone: Zone 4 58, Sto. Domingo, Sto. Tomas,NaN
NaN,MSTP_Tony_Semana,639632359332.000,1779199737 ( 1779199737),261002495.000,Oct 2026,1,000,UNPAID,2026-10-20,2026-10-24,NaN,-,-,Zone 6 San agustin Sto Tomas Pangasinan,NaN
NaN,MSTP_Trishia_Labiano,639664381595.000,1751265928 ( 1751265928),261002496.000,Oct 2026,1,000,UNPAID,2026-10-28,2026-11-06,NaN,-,-,Zone 2 Poblacion East Alcala Pangasinan PORT 1 JOHAN / MICHAEL,NaN
NaN,MSTP_Virginia_Granado,639614249714.000,1775090389 ( 1775090389),261002497.000,Oct 2026,1,000,UNPAID,2026-10-09,2026-10-13,NaN,-,-,San Agustin Sto Tomas Pangasinan,NaN
NaN,MSTP_Yvonnie_Dacalanio,639671856733.000,1776872482 ( 1776872482),261002498.000,Oct 2026,799.000,UNPAID,2026-10-24,2026-11-02,NaN,-,-,La Luna Sto. Tomas Pangasinan,NaN
NaN,MSTSA_Editha_Paraiso,639389855355.000,1742444676 ( 1742444676),261002499.000,Oct 2026,700.000,UNPAID,2026-10-20,2026-10-29,NaN,-,-,Zone 4 San Antonio Sto tomas Pangasinan,NaN
NaN,MSV_Abegail_Sampol,639853867113.000,1737513730 ( 1737513730),261002500.000,Oct 2026,800.000,UNPAID,2026-10-25,2026-11-03,NaN,-,-,Zone 5 Jamboree Rd San vicente Alcala pangasinan,NaN
NaN,MSV_Aldrin_David,639677332131.000,1775701424 ( 1775701424),261002501.000,Oct 2026,799.000,UNPAID,2026-10-09,2026-10-18,NaN,-,-,Sinabaan San Vicente alcala pangasinan,NaN
NaN,MSV_Alejandro_Oria,639279497731.000,1752038096 ( 1752038096),261002502.000,Oct 2026,1,000,UNPAID,2026-10-09,2026-10-18,NaN,-,-,Tagama st san vicente alcala pangasinan PORT 13 Daniel Lee June V,NaN
NaN,MSV_Alejo_Laureta,639452106808.000,35000020 ( 1732866861),261002503.000,Oct 2026,1,000,UNPAID,2026-10-09,2026-10-18,NaN,-,-,Zone 5 Brgy San Vicente Alcala Pangasinan,NaN
NaN,MSV_Angelina_Madriaga,639549981580.000,1771370860 ( 1771370860),261002504.000,Oct 2026,1,000,UNPAID,2026-10-18,2026-10-27,NaN,-,-,Zone 5 san vicente Alcala pangasinan,NaN
NaN,MSV_Anthony_Sabat,639182793306.000,1739004963 ( 1739004963),261002505.000,Oct 2026,1,000,UNPAID,2026-10-08,2026-10-17,NaN,-,-,JAMBOREE ST SAN VICENTE ALCALA PANGASINAN,NaN
NaN,MSV_Arceli_Velo,639560945617.000,1749007201 ( 1749007201),261002506.000,Oct 2026,1,000,UNPAID,2026-10-04,2026-10-13,NaN,-,-,Lopez st san vicente Alcala pangasinan,NaN
NaN,MSV_Ariel_Tomabiao,639662396173.000,1768739796 ( 1768739796),261002507.000,Oct 2026,1,000,UNPAID,2026-10-21,2026-10-30,NaN,-,-,Zone 4 San Vicente Alcala Pangasinan,NaN
NaN,MSV_Axl_Valdez,639959080079.000,5700075 ( 1732795372),261002508.000,Oct 2026,1,000,UNPAID,2026-10-27,2026-11-05,NaN,-,-,346 Tagama St, San Vicente Alcala OK,NaN
NaN,MSV_Charles_Larioza,639985325220.000,1775429968 ( 1775429968),261002509.000,Oct 2026,1,000,UNPAID,2026-10-08,2026-10-17,NaN,-,-,Rizal St San Vicente Alcala Pangasinan,NaN
NaN,MSV_Charlito_Mariano,63936747899.000,5700078 ( 1732797080),261002510.000,Oct 2026,1,500,UNPAID,2026-10-01,2026-10-10,NaN,-,-,M. Pinto St, San Vicente Alcala Pangasinan,NaN
NaN,MSV_Christian_Fernandez,639175456767.000,1773904386 ( 1773904386),261002511.000,Oct 2026,1,000,UNPAID,2026-10-19,2026-10-28,NaN,-,-,Lopez st San vicente alcala pangasinan,NaN
NaN,MSV_Christopher_Estrada,639912820498.000,35000022 ( 1732868579),261002512.000,Oct 2026,1,000,UNPAID,2026-10-05,2026-10-09,NaN,-,-,San Vicente Alcala PAngasinan,NaN
NaN,MSV_Cipriano_Fiesta,639176930878.000,1775611077 ( 1775611077),261002513.000,Oct 2026,799.000,UNPAID,2026-10-08,2026-10-17,NaN,-,-,Tagama st San vicente Alcala Pangasinan OK,NaN
NaN,MSV_Daisy_Senica,639544622293.000,1738914127 ( 1738914127),261002514.000,Oct 2026,1,000,UNPAID,2026-10-24,2026-11-02,NaN,-,-,Zone 5 San vicente Alcala pangasinan,NaN
NaN,MSV_Dan_Quadra,639703301569.000,35000003 ( 1732851837),261002515.000,Oct 2026,800.000,UNPAID,2026-10-20,2026-10-29,NaN,-,-,Brgy Yadao St, San Vicente Alcala,NaN
NaN,MSV_Darrel_Deleon,639272216229.000,35000019 ( 1732866753),261002516.000,Oct 2026,1,000,UNPAID,2026-10-09,2026-10-18,NaN,-,-,M Pinto St, San Vicente Alcala Pangasinan OK,NaN
NaN,MSV_Daryll_Sison,639955855103.000,1765339295 ( 1765339295),261002517.000,Oct 2026,1,500,UNPAID,2026-10-10,2026-10-19,NaN,-,-,Zone 4 San vicente Alcala Pangasinan,NaN
NaN,MSV_Daryl_Corpuz,639976596749.000,1760605237 ( 1760605237),261002518.000,Oct 2026,1,000,UNPAID,2026-10-16,2026-10-25,NaN,-,-,Jamboree st san vicente alcala pangasinan OK,NaN
NaN,MSV_Elizabeth_Larioza,639059204437.000,1737529620 ( 1737529620),261002519.000,Oct 2026,799.000,UNPAID,2026-10-03,2026-10-12,NaN,-,-,Zone 5 San vicente Alcala Pangasinan,NaN
NaN,MSV_Emily_Orosa,639274407428.000,1754195716 ( 1754195716),261002520.000,Oct 2026,1,000,UNPAID,2026-10-03,2026-10-12,NaN,-,-,Tagama st san vicente Alcala pangasinan,NaN
NaN,MSV_Emily_Talvo,639308440148.000,1764211032 ( 1764211032),261002521.000,Oct 2026,1,000,UNPAID,2026-10-27,2026-11-05,NaN,-,-,Zone 1 San vicente alcala pangasinan,NaN
NaN,MSV_Emmy_Marcena,639161222713.000,1738743794 ( 1738743794),261002522.000,Oct 2026,1,000,UNPAID,2026-10-23,2026-11-01,NaN,-,-,192 TAGAMA SAN VICENTE ZONE 3 ALCALA PANGASINAN,NaN
NaN,MSV_Eric_Velo,639270059364.000,35000071 ( 1735894718),261002523.000,Oct 2026,1,000,UNPAID,2026-10-03,2026-10-12,NaN,-,-,San Vicente Alcala Pangasinan,NaN
NaN,MSV_Erlinda_Bizarra,639654074529.000,1759394826 ( 1759394826),261002524.000,Oct 2026,799.000,UNPAID,2026-10-02,2026-10-11,NaN,-,-,Zone 4 san vicente alcala pangasinan,NaN
NaN,MSV_Esperanza_Aquino,639307235768.000,1770606631 ( 1770606631),261002525.000,Oct 2026,1,500,UNPAID,2026-10-09,2026-10-18,NaN,-,-,Jamboree st. san vicente Alcala Pangasinan,NaN
NaN,MSV_Evangeline_Libed,639062927390.000,1783738011 ( 1783738011),261002526.000,Oct 2026,799.000,UNPAID,2026-10-15,2026-10-24,NaN,-,-,Zone 5 Sinabaan rd San vicente alcala Pangasinan OK,NaN
NaN,MSV_Flordeliza_Caoile,639228468092.000,1761623260 ( 1761623260),261002527.000,Oct 2026,1,500,UNPAID,2026-10-28,2026-11-06,NaN,-,-,Zone 2 San vicente Alcala Pangasinan,NaN
NaN,MSV_Frelyn_Salayog,639518654817.000,1752198888 ( 1752198888),261002528.000,Oct 2026,1,000,UNPAID,2026-10-11,2026-10-20,NaN,-,-,Zone 5 San vicente alcala pangasinan PORT 10 JOHAN / MICHAEL,NaN
NaN,MSV_Gemma_Magriaga,6394551260137.000,1789606119 ( 1789606119),261002529.000,Oct 2026,1,000,UNPAID,2026-10-17,2026-10-21,NaN,-,-,Zone 5 San Vicente Alcala Pangasinan,NaN
NaN,MSV_Gerome_Ventura,639459981580.000,1740107727 ( 1740107727),261002530.000,Oct 2026,1,000,UNPAID,2026-10-21,2026-10-30,NaN,-,-,Zone 5 M. Pinto St. San vicente Alcala Pangasinan,NaN
NaN,MSV_Gerrycel_Ando,639496249524.000,1787211470 ( 1787211470),261002531.000,Oct 2026,1,000,UNPAID,2026-10-25,2026-10-29,NaN,-,-,376 rizal st San Vicente Alcala Pangasinan Zone 4 OK,NaN
NaN,MSV_Ginaliza_Limos,639501063294.000,1736585830 ( 1736585830),261002532.000,Oct 2026,1,000,UNPAID,2026-10-11,2026-10-20,NaN,-,-,383 Rizal Zone 4 San vicente alcala,NaN
NaN,MSV_Gladys_Jumawan,639555349710.000,35000024 ( 1732871163),261002533.000,Oct 2026,1,000,UNPAID,2026-10-18,2026-10-27,NaN,-,-,#189 Tagama St, San Vicente Alcala Pangasinan,NaN
NaN,MSV_Glenn_Fiesta,639751803153.000,35000018 ( 1732866630),261002534.000,Oct 2026,1,000,UNPAID,2026-10-13,2026-10-22,NaN,-,-,189 Tagama St, San Vicente Alcala Pangasinan,NaN
NaN,MSV_Jacqueline_Fiesta,639651566329.000,1753943206 ( 1753943206),261002535.000,Oct 2026,1,000,UNPAID,2026-10-28,2026-11-06,NaN,-,-,Gabot St San vicente alcala pangasinan,NaN
NaN,MSV_Jansen_Cabael,639534816328.000,1765674160 ( 1765674160),261002536.000,Oct 2026,1,000,UNPAID,2026-10-15,2026-10-24,NaN,-,-,Sinabaan SAn vicente alcala Pangasinan,NaN
NaN,MSV_Jason_Aquino,639457231959.000,5700077 ( 1732796643),261002537.000,Oct 2026,1,000,UNPAID,2026-10-15,2026-10-24,NaN,-,-,Zone 5 Brgy San Vicente Alcala Pangasinan,NaN
NaN,MSV_Jayson_Cabbat,639283856252.000,1747727263 ( 1747727263),261002538.000,Oct 2026,800.000,UNPAID,2026-10-20,2026-10-29,NaN,-,-,Sanvicente alcala pangasinan,NaN
NaN,MSV_Jeffrey_Noces,639073933013.000,1772197034 ( 1772197034),261002539.000,Oct 2026,1,000,UNPAID,2026-10-01,2026-10-10,NaN,-,-,Tagama st San Vicente Alcala Pangasinan,NaN
NaN,MSV_Jennifer_Barnachea,639051133154.000,1767835546 ( 1767835546),261002540.000,Oct 2026,1,500,UNPAID,2026-10-08,2026-10-17,NaN,-,-,Zone 5 san vicente alcala pangasinan,NaN
NaN,MSV_Jeremiah_Pirmejo,639479737552.000,1746165792 ( 1746165792),261002541.000,Oct 2026,1,000,UNPAID,2026-10-02,2026-10-11,NaN,-,-,Zone 3 San vicente Alcala pangasinan,NaN
NaN,MSV_Jerwell_Cerezo,639954031004.000,1783481119 ( 1783481119),261002542.000,Oct 2026,1,000,UNPAID,2026-10-09,2026-10-18,NaN,-,-,Zone 5 San Vicente Alcala Pangasinan,NaN
NaN,MSV_Jeson_Aquingan,639451021199.000,1749011261 ( 1749011261),261002543.000,Oct 2026,1,000,UNPAID,2026-10-04,2026-10-13,NaN,-,-,Zone 4 san vicente alcala pang,NaN
NaN,MSV_Joan_Delosangeles,639673093025.000,1771031427 ( 1771031427),261002544.000,Oct 2026,1,000,UNPAID,2026-10-20,2026-10-29,NaN,-,-,Zone 4 Rizal st san vicente Alcala pangasinan,NaN
NaN,MSV_Joemar_Datu,639458644911.000,1754204873 ( 1754204873),261002545.000,Oct 2026,1,000,UNPAID,2026-10-03,2026-10-12,NaN,-,-,Jamboree st San vicente alcala pangasinan,NaN
NaN,MSV_Johnray_Delacuz,639075135706.000,1775438084 ( 1775438084),261002546.000,Oct 2026,1,000,UNPAID,2026-10-09,2026-10-18,NaN,-,-,Gubut street san juan alcala pangasinan,NaN
NaN,MSV_John_Callanta,639566382286.000,1778633218 ( 1778633218),261002547.000,Oct 2026,1,000,UNPAID,2026-10-13,2026-10-22,NaN,-,-,Zone 2 San Vicente Alcala Pangasinan,NaN
NaN,MSV_Jollibee_Mones,6399941909916.000,1750237720 ( 1750237720),261002548.000,Oct 2026,1,000,UNPAID,2026-10-18,2026-10-27,NaN,-,-,12 gabut st san vicente alcala pangasinan,NaN
NaN,MSV_Jonalyn_Dejesus,639914634074.000,1770681516 ( 1770681516),261002549.000,Oct 2026,1,000,UNPAID,2026-10-10,2026-10-19,NaN,-,-,Rizal st san vicente Alcala Pangasinan,NaN
NaN,MSV_Josefina_Hueffmann,639176659685.000,1771971591 ( 1771971591),261002550.000,Oct 2026,1,000,UNPAID,2026-10-25,2026-11-03,NaN,-,-,M pinto st San Vicente Alcala pangasinan,NaN
NaN,MSV_JoseMari_Larioza,63953251417.000,1745218956 ( 1745218956),261002551.000,Oct 2026,700.000,UNPAID,2026-10-21,2026-10-30,NaN,-,-,373 Rizal St San Vicente Alcala Pangasinann,NaN
NaN,MSV_Joseph_Mendoza,639951820399.000,35000066 ( 1735887844),261002552.000,Oct 2026,1,000,UNPAID,2026-10-05,2026-10-14,NaN,-,-,Rizal St, Zone 2 Brgy San Vicente Alcala Pangasinan OK,NaN
NaN,MSV_Jostle_Mendoza,639318635548.000,1789028668 ( 1789028668),261002553.000,Oct 2026,799.000,UNPAID,2026-10-10,2026-10-14,NaN,-,-,Rizal St. San Vicente, Alcala Pangasinan,NaN
NaN,MSV_Judith_Juan,639773736574.000,1761808969 ( 1761808969),261002554.000,Oct 2026,1,000,UNPAID,2026-10-28,2026-11-06,NaN,-,-,Zone 2 san vicente alcala pangasinan,NaN
NaN,MSV_Jun_Jimenez,639661669874.000,1769830373 ( 1769830373),261002555.000,Oct 2026,1,500,UNPAID,2026-10-03,2026-10-12,NaN,-,-,146 rizal st San Vicente Alcala Pangasinan,NaN
NaN,MSV_Juvelyn_Bautista,639127392469.000,1745376322 ( 1745376322),261002556.000,Oct 2026,800.000,UNPAID,2026-10-25,2026-11-03,NaN,-,-,Zone 3 tagama st san vicente alcala pang,NaN
NaN,MSV_Kharen_Daquioag,639687989304.000,1749804185 ( 1749804185),261002557.000,Oct 2026,799.000,UNPAID,2026-10-13,2026-10-22,NaN,-,-,Zone 3 San vicente Alcala pangasinan,NaN
NaN,MSV_Laurenj_Renopa,639274965640.000,35000078 ( 1736226475),261002558.000,Oct 2026,1,000,UNPAID,2026-10-06,2026-10-15,NaN,-,-,217 Nat'l Road San Vicente Alcala Pangasinan,NaN
NaN,MSV_Lawag_Renopa,639951515879.000,1752137353 ( 1752137353),261002559.000,Oct 2026,1,000,UNPAID,2026-10-10,2026-10-19,NaN,-,-,Zone 3 San vicente Alcala Pangasinan PORT 16 bartulo jun,NaN
NaN,MSV_Lorena_Caloza,639675976904.000,1747726925 ( 1747726925),261002560.000,Oct 2026,1,200,UNPAID,2026-10-20,2026-10-29,NaN,-,-,Zone 4 san vicente alcala pangasinan,NaN
NaN,MSV_Lydia_Cerezo,639155746522.000,35000112 ( 1736326024),261002561.000,Oct 2026,1,000,UNPAID,2026-10-12,2026-10-21,NaN,-,-,Zone 1 Brgy San Vicente Alcala Pangasinan,NaN
NaN,MSV_Lyka_Tablatin,639462786652.000,1779146335 ( 1779146335),261002562.000,Oct 2026,799.000,UNPAID,2026-10-19,2026-10-23,NaN,-,-,Zone 2 San Vicente Alcala Pangasinan,NaN
NaN,MSV_Mack_Mendoza,639318635548.000,1773897983 ( 1773897983),261002563.000,Oct 2026,799.000,UNPAID,2026-10-19,2026-10-28,NaN,-,-,Zone 3 San Vicente Alcala pangasinan,NaN
NaN,MSV_Maeann_Robin,63992426794.000,1765340896 ( 1765340896),261002564.000,Oct 2026,1,000,UNPAID,2026-10-10,2026-10-19,NaN,-,-,Zone 4 San vicente Alcala Pangasinan,NaN
NaN,MSV_Manny_Caburian,63995443971.000,1752038355 ( 1752038355),261002565.000,Oct 2026,1,000,UNPAID,2026-10-09,2026-10-18,NaN,-,-,Zone 3 San Vicente Alcala Pangasinan PORT 12 Daniel Lee June V,NaN
NaN,MSV_Marc_Lucas,639670715995.000,1738918201 ( 1738918201),261002566.000,Oct 2026,1,000,UNPAID,2026-10-07,2026-10-16,NaN,-,-,JAMBOREE ST SAN VICENTE ALCALA PANGASINAN,NaN
NaN,MSV_Marelie_Pinto,639927680622.000,1769986195 ( 1769986195),261002567.000,Oct 2026,1,000,UNPAID,2026-10-05,2026-10-14,NaN,-,-,231 tagama st San vicente Alcala Pangasinan,NaN
NaN,MSV_MariaElena_Ilar,639955334634.000,1774246895 ( 1774246895),261002568.000,Oct 2026,1,000,UNPAID,2026-10-28,2026-11-06,NaN,-,-,Zone 2 Rizal st San Vicente Alcala pangasinan,NaN
NaN,MSV_Marissa_Buaza,639385634059.000,1762581948 ( 1762581948),261002569.000,Oct 2026,799.000,UNPAID,2026-10-20,2026-10-24,NaN,-,-,Zone 3 San Vicente alcala Pangasinan,NaN
NaN,MSV_MarkXander_Manzano,639283310208.000,35000107 ( 1736324206),261002570.000,Oct 2026,1,000,UNPAID,2026-10-26,2026-11-04,NaN,-,-,Zone 5 Brgy San Vicente Alcala Pangasinan,NaN
NaN,MSV_Melben_Santiago,639814516098.000,1759805457 ( 1759805457),261002571.000,Oct 2026,1,000,UNPAID,2026-10-22,2026-10-31,NaN,-,-,Zone 1 Gabut st San vicente Alcala Pangasinan,NaN
NaN,MSV_Melinda_Salayog,639157137852.000,1747900682 ( 1747900682),261002572.000,Oct 2026,800.000,UNPAID,2026-10-22,2026-10-31,NaN,-,-,Jamboree st san vicente alcala pangasinan,NaN
NaN,MSV_Melissa_Andres,639510507091.000,1782903743 ( 1782903743),261002573.000,Oct 2026,1,000,UNPAID,2026-10-04,2026-10-08,NaN,-,-,Zone 3 San Vicente Alcala pangasinan/Cipriano Highschool OK,NaN
NaN,MSV_Mij_Cabael,639278606261.000,1770295994 ( 1770295994),261002574.000,Oct 2026,1,000,UNPAID,2026-10-06,2026-10-10,NaN,-,-,Sinabaan San vicente Alcala Pangasinan,NaN
NaN,MSV_Nelia_Ferrer,639063840587.000,1766987240 ( 1766987240),261002575.000,Oct 2026,1,000,UNPAID,2026-10-28,2026-11-06,NaN,-,-,Zone 5 san vicente alcala pangasinan,NaN
NaN,MSV_Nelson_Ursua,639754017492.000,1781522327 ( 1781522327),261002576.000,Oct 2026,1,000,UNPAID,2026-10-16,2026-10-20,NaN,-,-,Jamboree st San vicente Alcala pangasinan,NaN
NaN,MSV_Nico_Dilan,639266756508.000,35000065 ( 1735887611),261002577.000,Oct 2026,1,000,UNPAID,2026-10-05,2026-10-14,NaN,-,-,Zone 5 Brgy San Vicente Alcala Pangasinan,NaN
NaN,MSV_Ninarose_Laurencio,639565910773.000,1764666970 ( 1764666970),261002578.000,Oct 2026,799.000,UNPAID,2026-10-02,2026-10-11,NaN,-,-,Zone 4, San Vicente, Alcala, Pangasinan,NaN
NaN,MSV_Nono_Riola,639682312650.000,1769986432 ( 1769986432),261002579.000,Oct 2026,1,000,UNPAID,2026-10-05,2026-10-14,NaN,-,-,Zone 4 San vicente Alcala pangasinan,NaN
NaN,MSV_Olivia_Garcia,639218887248.000,1781826497 ( 1781826497),261002580.000,Oct 2026,1,000,UNPAID,2026-10-19,2026-10-23,NaN,-,-,Zone 2 Rizal St. San vicente Alcala Pangasinan OK,NaN
NaN,MSV_Orlando_Dacanay,639955689766.000,1784422830 ( 1784422830),261002581.000,Oct 2026,1,500,UNPAID,2026-10-20,2026-10-29,NaN,-,-,Jamboree st san vicente Alcala Pangasinan OK,NaN
NaN,MSV_Pauljohn_Deangel,639456129864.000,1784159198 ( 1784159198),261002582.000,Oct 2026,799.000,UNPAID,2026-10-20,2026-10-24,NaN,-,-,217 Natl Road San Vicente Alcala Pangasinan OK,NaN
NaN,MSV_Renalyn_Tasani,639950146654.000,1754206414 ( 1754206414),261002583.000,Oct 2026,1,000,UNPAID,2026-10-03,2026-10-12,NaN,-,-,Pinto st san vicente alcala pangasinan,NaN
NaN,MSV_Renz_Reyes,639102101833.000,1738896956 ( 1738896956),261002584.000,Oct 2026,1,000,UNPAID,2026-10-10,2026-10-19,NaN,-,-,Zone 2 rizal st san vicente alcala pangasinan,NaN
NaN,MSV_Reynaldo_cabael,639667350256.000,1757146737 ( 1757146737),261002585.000,Oct 2026,799.000,UNPAID,2026-10-22,2026-10-31,NaN,-,-,Zone 7 Sinabaan San vicente Alcala pangasinan,NaN
NaN,MSV_Reynaldo_Lorenzo,639973350289.000,1787210757 ( 1787210757),261002586.000,Oct 2026,1,000,UNPAID,2026-10-21,2026-10-25,NaN,-,-,373 rizal st. San Vicente Zone 4,NaN
NaN,MSV_Rhoda_Cortez,639628290017.000,1778627546 ( 1778627546),261002587.000,Oct 2026,1,000,UNPAID,2026-10-13,2026-10-22,NaN,-,-,M pinto St san vicente Alcala Pangasinan,NaN
NaN,MSV_Rodel_Velasco,639157474272.000,35000089 ( 1736232116),261002588.000,Oct 2026,799.000,UNPAID,2026-10-11,2026-10-20,NaN,-,-,Zone 5 Brgy San Vicente Alcala Pangasinan OK,NaN
NaN,MSV_Roderick_Verceles,639262412389.000,35000021 ( 1732868407),261002589.000,Oct 2026,1,000,UNPAID,2026-10-08,2026-10-17,NaN,-,-,Zone 5 Brgy San Vicente Alcala PAngasinan,NaN
NaN,MSV_Roel_Glaze,639920265194.000,1767659722 ( 1767659722),261002590.000,Oct 2026,1,000,UNPAID,2026-10-08,2026-10-17,NaN,-,-,Sitio sinabaan San vicente Alcala Pangasinan,NaN
NaN,MSV_Rogelio_Laurencio,639398588613.000,1788258861 ( 1788258861),261002591.000,Oct 2026,799.000,UNPAID,2026-10-01,2026-10-05,NaN,-,-,Zone 5 san vicente alcala pangasinan,NaN
NaN,MSV_Rolan_Marcos,639556058682.000,1765268332 ( 1765268332),261002592.000,Oct 2026,1,500,UNPAID,2026-10-09,2026-10-18,NaN,-,-,Gabut st san vicente alcala pang,NaN
NaN,MSV_Romeo_Bautista,639054407074.000,1783206741 ( 1783206741),261002593.000,Oct 2026,1,000,UNPAID,2026-10-08,2026-10-12,NaN,-,-,Zone 2 San Vicente Alcala Pangasinan,NaN
NaN,MSV_Rowena_Ferrer,639566354482.000,1777091348 ( 1777091348),261002594.000,Oct 2026,1,000,UNPAID,2026-10-26,2026-11-04,NaN,-,-,Rizal st San vicente Alcala Pangasinan,NaN
NaN,MSV_Roxanne_Ramirez,639225151863.000,1784254644 ( 1784254644),261002595.000,Oct 2026,1,000,UNPAID,2026-10-20,2026-10-29,NaN,-,-,Rizal st. san Vicente Alcala Pangasinan OK,NaN
NaN,MSV_Ruthina_Caloza,639761528598.000,1770278180 ( 1770278180),261002596.000,Oct 2026,1,000,UNPAID,2026-10-05,2026-10-14,NaN,-,-,Rizal st San Vicente Alcala Pangasinan,NaN
NaN,MSV_Ryan_Adalem,639971683621.000,1745202728 ( 1745202728),261002597.000,Oct 2026,700.000,UNPAID,2026-10-21,2026-10-30,NaN,-,-,Jamboree st San Vicente Alcala Pangasinann,NaN
NaN,MSV_Ryan_Catedrilla,639162181404.000,1745977000 ( 1745977000),261002598.000,Oct 2026,799.000,UNPAID,2026-10-28,2026-11-06,NaN,-,-,Zone 5 san vicente alcala pang,NaN
NaN,MSV_Shielamae_Gade,639568111055.000,1787618356 ( 1787618356),261002599.000,Oct 2026,1,000,UNPAID,2026-10-25,2026-10-29,NaN,-,-,Zone 4 San Vicente Alcala pangasinan,NaN
NaN,MSV_Shiela_Vizconde,639338202095.000,1767484126 ( 1767484126),261002600.000,Oct 2026,1,000,UNPAID,2026-10-09,2026-10-18,NaN,-,-,gabot st. san vicente alcala pangasinan Ok,NaN
NaN,MSV_Stephanie_Velasco,639978309962.000,1761876884 ( 1761876884),261002601.000,Oct 2026,1,000,UNPAID,2026-10-30,2026-11-08,NaN,-,-,Zone 5 san vicente alcala pangasinan,NaN
NaN,MSV_Teresa_Fiesta,639269214026.000,1738827103 ( 1738827103),261002602.000,Oct 2026,1,000,UNPAID,2026-10-28,2026-11-06,NaN,-,-,Zone 4 rizal st.san vicente alcala pangasinan,NaN
NaN,MSV_Teslin_Isong,639260821517.000,1764836445 ( 1764836445),261002603.000,Oct 2026,1,000,UNPAID,2026-10-04,2026-10-13,NaN,-,-,Zone 4 san vicente alcala pangasinan,NaN
NaN,MSV_Vanessa_Nunes,639760684627.000,1752820738 ( 1752820738),261002604.000,Oct 2026,1,000,UNPAID,2026-10-18,2026-10-27,NaN,-,-,Zone 4 san vicente alcala pangasinan PORT 7 JOHAN / MICHAEL,NaN
NaN,MSV_Whiellice_Baladad,639566645856.000,1771383918 ( 1771383918),261002605.000,Oct 2026,1,000,UNPAID,2026-10-18,2026-10-27,NaN,-,-,Zone 3 San vicente Alcala Pangasinan OK,NaN
NaN,MSV_Wilfredo_Deguzman,639175779429.000,1765333123 ( 1765333123),261002606.000,Oct 2026,799.000,UNPAID,2026-10-10,2026-10-19,NaN,-,-,zone 2 San vicente Alcala pangasinan,NaN
NaN,MSV_Zield_Nueva,639272216812.000,1771972023 ( 1771972023),261002607.000,Oct 2026,1,000,UNPAID,2026-10-25,2026-10-29,NaN,-,-,Zone 1 San Vicente Alcala Pangasinan,NaN
NaN,MTA_Alejandro_Asuncion,639123456789.000,6500006 ( 6500006),261002608.000,Oct 2026,800.000,PAID,2026-10-04,2026-10-04,2026-10-01,Cash,-,Brgy Tatarac Bayambang PAngasinan OK,NaN
NaN,MTA_Arilda_Rolloque,639123456789.000,230214104502 ( 230214104502),261002609.000,Oct 2026,1,000,UNPAID,2026-10-08,2026-10-08,NaN,-,-,BRGY TATARAC BAYAMBANG PANGASINAN,NaN
NaN,MTA_Beverly_Roxas,639682609003.000,230214104505 ( 230214104505),261002610.000,Oct 2026,1,000,UNPAID,2026-10-06,2026-10-13,NaN,-,-,Brgy Tatarac Bayambang Pangasinan,NaN
NaN,MTA_Deokit_Dulay,639454954312.000,230214104511 ( 230214104511),261002611.000,Oct 2026,1,000,UNPAID,2026-10-01,2026-10-08,NaN,-,-,Brgy Tatarac Bayambang Pangasinan,NaN
NaN,MTA_Diana_Joice_Aquino,639918668229.000,230214104518 ( 230214104518),261002612.000,Oct 2026,1,000,UNPAID,2026-10-07,2026-10-07,NaN,-,-,Brgy Tatarac Bayambang Pangasinan,NaN
NaN,MTA_Elmer_Corpuz,639123456789.000,230214104512 ( 230214104512),261002613.000,Oct 2026,1,000,UNPAID,2026-10-08,2026-10-12,NaN,-,-,PUROK 3 TATARAC BYB PNG,NaN
NaN,MTA_Felix_Corpuz,639503344880.000,6500002 ( 6500002),261002614.000,Oct 2026,1,000,UNPAID,2026-10-09,2026-10-09,NaN,-,-,Brgy Tatarac Bayambang Pangasinan OK,NaN
NaN,MTA_Fredie_Romano,639815213494.000,230214104503 ( 230214104503),261002615.000,Oct 2026,1,200,PAID,2026-10-04,2026-10-04,2026-10-01,Cash,-,Brgy Tatarac Bayambang Pangasinan OK,NaN
NaN,MTA_Johnverlix_Abalos,639858433293.000,1764818754 ( 1764818754),261002616.000,Oct 2026,1,000,UNPAID,2026-10-04,2026-10-11,NaN,-,-,Purok 3 tatarac b.bang Pangasinan,NaN
NaN,MTA_Julieta_Asuncion,639123456789.000,230214104507 ( 230214104507),261002617.000,Oct 2026,1,000,UNPAID,2026-10-20,2026-10-24,NaN,-,-,Brgy Tatarac Bayambang Pangasinan,NaN
NaN,MTA_Lorena_Ajal,639123456789.000,230214104501 ( 230214104501),261002618.000,Oct 2026,1,000,UNPAID,2026-10-16,2026-10-20,NaN,-,-,Brgy Tatarac Bayambang Pangasinan,NaN
NaN,MTA_Lourdes_Gloria,639763160638.000,230214104506 ( 230214104506),261002619.000,Oct 2026,1,000,UNPAID,2026-10-27,2026-10-31,NaN,-,-,Brgy Tatarac Bayambang Pangasinan OK,NaN
NaN,MTA_Marlene_Sabado,639123456789.000,230214104513 ( 230214104513),261002620.000,Oct 2026,1,000,UNPAID,2026-10-27,2026-10-31,NaN,-,-,Brgy Tatarac Bayambang Pangasinan OK,NaN
NaN,MTA_Marygrace_Bayno,639633329874.000,1764578343 ( 1764578343),261002621.000,Oct 2026,1,000,UNPAID,2026-10-01,2026-10-08,NaN,-,-,Purok 2, Tatarac B'bang Pangsinan,NaN
NaN,MTA_Ramil_Santos,639123456789.000,230214104508 ( 230214104508),261002622.000,Oct 2026,1,000,UNPAID,2026-10-27,2026-10-31,NaN,-,-,Brgy Tatarac Bayambang Pangasinan,NaN
NaN,MTA_Rj_Chico,639123456789.000,230214104520 ( 230214104520),261002623.000,Oct 2026,1,000,UNPAID,2026-10-25,2026-10-29,NaN,-,-,Brgy Tatarac Bayambang Pangasinan,NaN
NaN,MTA_Rodrigo_Aquino,639123456789.000,230214104504 ( 230214104504),261002624.000,Oct 2026,1,000,UNPAID,2026-10-10,2026-10-18,NaN,-,-,Brgy Tatarac Bayambang Pangasinan,NaN
NaN,MTA_RoseAnn_Asuncion,639123456789.000,230214104517 ( 230214104517),261002625.000,Oct 2026,1,000,UNPAID,2026-10-28,2026-11-04,NaN,-,-,Brgy Tatarac Bayambang Pangasinan OK,NaN
NaN,MTA_Sabina_Asuncion,639386890346.000,230301193433 ( 230301193433),261002626.000,Oct 2026,1,000,UNPAID,2026-10-04,2026-10-13,NaN,-,-,Patri ST Brgy Tatarac Bayambang Pangasinan,NaN
NaN,MTA_Trisha_Calderon,639123456789.000,230214104514 ( 230214104514),261002627.000,Oct 2026,1,000,UNPAID,2026-10-25,2026-10-29,NaN,-,-,Brgy Tatarac Bayambang Pangasinan OK,NaN
NaN,MTA_Wely_Asuncion,639303092700.000,1777162549 ( 1777162549),261002628.000,Oct 2026,1,000,UNPAID,2026-10-28,2026-11-03,NaN,-,-,Purok 3 Tatarac Bayambang Pangasinan,NaN
NaN,Pangasinan_State_University,639397593766.000,7600024 ( 1707523317),261002629.000,Oct 2026,1,000,UNPAID,2026-10-16,2026-10-20,NaN,-,-,Zone 6 PSU Bayambang OK,NaN
NaN,Princess_Fuertes,639939423692.000,1790467981 ( 1790467981),261002630.000,Oct 2026,1,000,UNPAID,2026-10-27,2026-10-31,NaN,-,-,Purok2 Pangdel Bayambang,NaN
NaN,PSU_Cheryl_Mendoza,639688690199.000,7400010 ( 1708568080),261002631.000,Oct 2026,1,000,UNPAID,2026-10-25,2026-10-29,NaN,-,-,PSU Quezon Blvd. Bayambang ========================== JULY 30 2026 - 2 UNPAID BILLS -CLARISSE,NaN
NaN,PSU_Melanie_Junio,639484533925.000,5200020 ( 1724295959),261002632.000,Oct 2026,1,000,UNPAID,2026-10-05,2026-10-12,NaN,-,-,Psu Bayambang Pangasinan,NaN
NaN,Rosalyn Fernandez,639530760580.000,1775003945 ( 1775003945),261002633.000,Oct 2026,1,000,UNPAID,2026-10-01,2026-10-05,NaN,-,-,2 Hilario Apartment Ketegan Bautista,NaN
NaN,TAM1_Genaro_Lamo,639999755503.000,1757581017 ( 1757581017),261002634.000,Oct 2026,1,000,UNPAID,2026-10-11,2026-10-20,NaN,-,-,Purok 2 Amabayat 1st Bayambang Pangasinan,NaN
NaN,TAM1_Jenelyn_Manangan,639123456789.000,500017 ( 1719566764),261002635.000,Oct 2026,1,000,UNPAID,2026-10-28,2026-11-06,NaN,-,-,MANANGAN COMPOUND AMBAYAT 1ST BYB PNG,NaN
NaN,TAM1_Jenie_Manalang,639317410506.000,500014 ( 1716358717),261002636.000,Oct 2026,1,000,UNPAID,2026-10-22,2026-10-31,NaN,-,-,PUROK 1 AMBAYAT 1ST BYB PNG,NaN
NaN,TAM1_Margie_Manalang,639687749776.000,500015 ( 1718093382),261002637.000,Oct 2026,1,000,UNPAID,2026-10-11,2026-10-15,NaN,-,-,PUROK 1 AMBAYAT 1ST BYB PNG,NaN
NaN,TAM1_Pearl_Bugarin,639063769737.000,230217115930 ( 230217115930),261002638.000,Oct 2026,1,000,UNPAID,2026-10-06,2026-10-15,NaN,-,-,BRGY AMABYAT 1ST BYB PNG,NaN
NaN,TAM1_Rhea_Manalang,639924265716.000,1745832804 ( 1745832804),261002639.000,Oct 2026,1,000,UNPAID,2026-10-11,2026-10-15,NaN,-,-,Amabayat 1st, Manalang Compund, Bbang Pangasinan,NaN
NaN,TAM1_Ronald_Manangan,639302188793.000,230217120155 ( 230217120155),261002640.000,Oct 2026,1,000,UNPAID,2026-10-27,2026-11-05,NaN,-,-,Ambayat 1st Bayambang Pangasinan,NaN
NaN,TAM1_Rustom_Manalang,639917119184.000,230217121622 ( 230217121622),261002641.000,Oct 2026,1,000,UNPAID,2026-10-21,2026-10-30,NaN,-,-,AMBAYAT 1ST BYB PNG,NaN
NaN,TAM2_Abegail_Riotoc,639062659289.000,1747380040 ( 1747380040),261002642.000,Oct 2026,1,000,UNPAID,2026-10-16,2026-10-25,NaN,-,-,Purok 3 Ambayat 2nd Bbang Pangasinan,NaN
NaN,TAM2_Dely_Juan,639647363655.000,1767766541 ( 1767766541),261002643.000,Oct 2026,1,000,UNPAID,2026-10-09,2026-10-18,NaN,-,-,Purok 3 Ambayat 2nd Bbang,NaN
NaN,TAM2_Emergin_Agacite,639859786577.000,1789566660 ( 1789566660),261002644.000,Oct 2026,1,000,UNPAID,2026-10-18,2026-10-22,NaN,-,-,Purok 3 Ambayat 2nd Bbang Pangasinan,NaN
NaN,TAM2_Genoveva_Capistrano,639203070689.000,1747881300 ( 1747881300),261002645.000,Oct 2026,1,000,UNPAID,2026-10-22,2026-10-31,NaN,-,-,Purok 3, Ambayat2nd Bbang Pangasinan OK,NaN
NaN,TAM2_Glomar_Abalos,639120033628.000,1777960908 ( 1777960908),261002646.000,Oct 2026,799.000,UNPAID,2026-10-05,2026-10-09,NaN,-,-,Purok 3 ambayat 2nd Bbang Pangasinan,NaN
NaN,TAM2_Jerbelt_Sinfuego,639303747611.000,1747625265 ( 1747625265),261002647.000,Oct 2026,1,000,UNPAID,2026-10-19,2026-10-28,NaN,-,-,Purok 3 Ambayat 2nd Bbang Pangasinan,NaN
NaN,TAM2_Josie_Arellano,639164165836.000,230217120640 ( 230217120640),261002648.000,Oct 2026,1,000,UNPAID,2026-10-04,2026-10-13,NaN,-,-,Amabayat 2nd Bayambang Pangasinan OK,NaN
NaN,TAM2_Leonilla_Guillermo,639107234548.000,230217120409 ( 230217120409),261002649.000,Oct 2026,1,000,UNPAID,2026-10-13,2026-10-22,NaN,-,-,AMBAYAT 2ND BYB PNG,NaN
NaN,TAM2_Mylyn_Gapultos,639123784131.000,1786838614 ( 1786838614),261002650.000,Oct 2026,1,000,UNPAID,2026-10-20,2026-10-29,NaN,-,-,PUROK 3 Ambayat 2nd Bbang Pangasinan,NaN
NaN,TAM2_Shila_Benosa,639300048568.000,1789636695 ( 1789636695),261002651.000,Oct 2026,1,000,UNPAID,2026-10-18,2026-10-22,NaN,-,-,Purok 3 Ambayat 2nd Bayambang Pangasinan,NaN
NaN,TAM2_Valerie_Asuncion,639566752902.000,1775346537 ( 1775346537),261002652.000,Oct 2026,1,000,UNPAID,2026-10-08,2026-10-12,NaN,-,-,Purok 3 Ambayat2nd Bbang Pangasinan,NaN
NaN,TAMN_Sally_Lucas,639078178680.000,1754114181 ( 1754114181),261002653.000,Oct 2026,1,000,UNPAID,2026-10-02,2026-10-11,NaN,-,-,Purok 2, Amancosiling norte Bbang Pangasinan,NaN
NaN,TAMS_Agnes_Erguiza,639924195294.000,230217115110 ( 230217115110),261002654.000,Oct 2026,1,000,UNPAID,2026-10-28,2026-11-06,NaN,-,-,Amancosiling Bayambang Pangasinan,NaN
NaN,TAMS_Cherry_Tabadero,639092332945.000,1769641269 ( 1769641269),261002655.000,Oct 2026,1,000,UNPAID,2026-10-28,2026-11-06,NaN,-,-,Purok 4 Amancosiling sur Bbang Pangasinan,NaN
NaN,TAMS_Evelyn_Fernandez,639858405101.000,400105 ( 1736230163),261002656.000,Oct 2026,1,000,UNPAID,2026-10-27,2026-10-31,NaN,-,-,Purok 3 Brgy Amangcosiling Sur Bayambang Pangasinan,NaN
NaN,TAMS_Johnwen_Torres,639858892739.000,1738301320 ( 1738301320),261002657.000,Oct 2026,1,000,UNPAID,2026-10-28,2026-11-04,NaN,-,-,Purok 5, AmancosilingSur, Bbang Pangasinan OK,NaN
NaN,TAMS_Kristian_devera,639469983703.000,1771993038 ( 1771993038),261002658.000,Oct 2026,1,000,UNPAID,2026-10-01,2026-10-05,NaN,-,-,Purok 6 Amancosiling sur Bbang Pangasinan,NaN
NaN,TAMS_Ronnel_Maniling,639073594359.000,1783647044 ( 1783647044),261002659.000,Oct 2026,1,000,UNPAID,2026-10-10,2026-10-19,NaN,-,-,Purok 6 Amancosiling Sur Bbang Pangasinan OK,NaN
NaN,TBAL_Teresita_Flores,639463091120.000,20000013 ( 1727051536),261002660.000,Oct 2026,1,000,UNPAID,2026-10-18,2026-10-27,NaN,-,-,Zone 5 Brgy Baluyot Bautista Pangasinan OK,NaN
NaN,TBAL_Winnie_Ramos,639391438802.000,20000009 ( 1725083008),261002661.000,Oct 2026,1,000,UNPAID,2026-10-28,2026-11-01,NaN,-,-,Zone 5 Brgy Baluyot Bautista Pangasinan,NaN
NaN,TBA_Cherry_Verceles,639487321964.000,1300021 ( 1727445958),261002662.000,Oct 2026,1,000,UNPAID,2026-10-27,2026-11-05,NaN,-,-,Purok 2 Brgy Bani Bayambang Pangasinan,NaN
NaN,TBA_Christine_Junio,639635197533.000,250108112310 ( 1736306875),261002663.000,Oct 2026,1,000,UNPAID,2026-10-10,2026-10-19,NaN,-,-,Don Pascual 2 Brgy Bani Bayambang Pangasinan,NaN
NaN,TBA_Geraline_Delacruz,639459823129.000,1761285742 ( 1761285742),261002664.000,Oct 2026,1,000,UNPAID,2026-10-24,2026-11-02,NaN,-,-,Don Pascual 1st, Bani Bayambang Pangasinan OK,NaN
NaN,TBA_Juanito_Villanueva,639389854270.000,1735962598 ( 1735962598),261002665.000,Oct 2026,1,000,UNPAID,2026-10-04,2026-10-13,NaN,-,-,Don Pascual 2, Bani,NaN
NaN,TBA_Kimberly_Santiago,639464602751.000,1300024 ( 1730384721),261002666.000,Oct 2026,1,000,UNPAID,2026-10-02,2026-10-11,NaN,-,-,Purok 2 Brgy Bani Don Pascual Bayambang Pangasinan,NaN
NaN,TBA_Melanie_Gumobao,639946840385.000,1750312597 ( 1750312597),261002667.000,Oct 2026,1,000,UNPAID,2026-10-19,2026-10-28,NaN,-,-,Don Pascual 1 Bani Bayambang Pangasinan,NaN
NaN,TBA_Renier_Junio,639100927386.000,1766387597 ( 1766387597),261002668.000,Oct 2026,799.000,UNPAID,2026-10-22,2026-10-31,NaN,-,-,Don Pascual 1st Bani Bayambang Pangasinan,NaN
NaN,TBA_Rose_Villanueva,639123207735.000,1778896853 ( 1778896853),261002669.000,Oct 2026,1,000,UNPAID,2026-10-16,2026-10-20,NaN,-,-,Sitio Leksab Bani Bayambang Pangasinan,NaN
NaN,TBE_Rachelle_Daileg,639097773311.000,1783052236 ( 1783052236),261002670.000,Oct 2026,1,000,UNPAID,2026-10-04,2026-10-08,NaN,-,-,Purok 5 Bongato East Bbang Pangasinan OK,NaN
NaN,TBUA_Francisco_Ordinario,639070579899.000,1750302991 ( 1750302991),261002671.000,Oct 2026,1,000,UNPAID,2026-10-19,2026-10-28,NaN,-,-,Purok 1 Talimpugo st. Buayaen Bbang Pangasinan,NaN
NaN,TBUA_Markanthony_Menor,639383625193.000,1768905257 ( 1768905257),261002672.000,Oct 2026,1,000,UNPAID,2026-10-21,2026-10-30,NaN,-,-,Talimpugo, Buayaen Bbang Pangasinan,NaN
NaN,TBUA_Romel_Gloria,639060350012.000,1783151190 ( 1783151190),261002673.000,Oct 2026,799.000,UNPAID,2026-10-07,2026-10-11,NaN,-,-,Purok 6 Buayaen bbang Pangasinan OK,NaN
NaN,TBUA_Trisha_Gomez,639077380277.000,1740188528 ( 1740188528),261002674.000,Oct 2026,1,000,UNPAID,2026-10-22,2026-10-31,NaN,-,-,Purok 2, Talimpugo Buayaen Bbang Pangasinan,NaN
NaN,TBUA_William_Junio,639951516617.000,1770638655 ( 1770638655),261002675.000,Oct 2026,1,000,UNPAID,2026-10-10,2026-10-19,NaN,-,-,Purok 5 Buayaen, Bayambang Pangasinan , SM apartment unit 2,NaN
NaN,TCAC_Jesryl_Cacalda,639071603838.000,1743039492 ( 1743039492),261002676.000,Oct 2026,1,500,UNPAID,2026-10-27,2026-11-05,NaN,-,-,Cacandungan, Bautista Pangasinan,NaN
NaN,TCA_Emelyn_Duquez,639457797018.000,1764143179 ( 1764143179),261002677.000,Oct 2026,1,000,UNPAID,2026-10-26,2026-11-04,NaN,-,-,Purok 5 Carungay Bayambang Pangasinan,NaN
NaN,TCA_Krishna_Besonia,639557740018.000,1764378953 ( 1764378953),261002678.000,Oct 2026,1,000,UNPAID,2026-10-29,2026-11-07,NaN,-,-,Purok 5 Carungay Bayambang Pangasinan,NaN
NaN,TCS_Allexine_Diala,639457796479.000,1764573931 ( 1764573931),261002679.000,Oct 2026,1,000,UNPAID,2026-10-01,2026-10-10,NaN,-,-,Cadre Site, Bayambang Pangasinan,NaN
NaN,TCS_Emmanuel_Zamora,639308566444.000,1788404096 ( 1788404096),261002680.000,Oct 2026,1,000,UNPAID,2026-10-04,2026-10-08,NaN,-,-,Gomez st. Upper Cadre Site Bbang Pangasinan,NaN
NaN,TCS_Erlinda_Payomo,639121464320.000,1764992538 ( 1764992538),261002681.000,Oct 2026,1,000,UNPAID,2026-10-06,2026-10-15,NaN,-,-,Lopez Jaena St., Cadre Site, Bayambang, Pangasinan,NaN
NaN,TCS_Flordeliza_Lucido,639303415279.000,1747893460 ( 1747893460),261002682.000,Oct 2026,1,000,UNPAID,2026-10-22,2026-10-31,NaN,-,-,Cadre Site , Bayambang pangasinan,NaN
NaN,TCS_Jesus_Buezon,639503212158.000,2300045 ( 1730260650),261002683.000,Oct 2026,1,000,UNPAID,2026-10-28,2026-11-01,NaN,-,-,Lopez Jaina Cadre Site Bayambang Pangasinan OK,NaN
NaN,TDA_Alexis_Dulay,639123184765.000,1747365149 ( 1747365149),261002684.000,Oct 2026,1,000,UNPAID,2026-10-16,2026-10-25,NaN,-,-,Purok 1 Darawey Bbang Pangasinan,NaN
NaN,TDA_Alona_Dulay,639260364270.000,1768450641 ( 1768450641),261002685.000,Oct 2026,1,000,UNPAID,2026-10-15,2026-10-24,NaN,-,-,Purok 1 Darawey Bayambang Pangasinan,NaN
NaN,TDA_Analyn_Bautista,639051726670.000,2600018 ( 1718620335),261002686.000,Oct 2026,1,000,UNPAID,2026-10-17,2026-10-26,NaN,-,-,Purok 1 Darawey Bayambang Pangasinan,NaN
NaN,TDA_Angela_Cayabyab,639814497075.000,1748415606 ( 1748415606),261002687.000,Oct 2026,1,000,UNPAID,2026-10-28,2026-11-06,NaN,-,-,Purok 1 Darawey Tanggal Bbang Pangasinan OK,NaN
NaN,TDA_Annabelle_Ramos,639396186812.000,2600011 ( 2600011),261002688.000,Oct 2026,1,000,UNPAID,2026-10-05,2026-10-14,NaN,-,-,Purok 1 Darawey Tanggal Bayambang Pangasinan,NaN
NaN,TDA_Chique_Robin,639061629573.000,2600023 ( 1722937949),261002689.000,Oct 2026,1,000,UNPAID,2026-10-05,2026-10-09,NaN,-,-,Purok 1 Brgy Darawey Bayambang Pangasinan,NaN
NaN,TDA_Clarisse_Agpoon,639106791991.000,1772198643 ( 1772198643),261002690.000,Oct 2026,1,000,UNPAID,2026-10-06,2026-10-15,NaN,-,-,Purok 1 Darawey Riverside Bbang Pangasinan,NaN
NaN,TDA_Cynthia_Todio,639947159228.000,230217113402 ( 230217113402),261002691.000,Oct 2026,900.000,UNPAID,2026-10-01,2026-10-10,NaN,-,-,Brgy Darawey Bayambang Pangasinan,NaN
NaN,TDA_Egay_Masiglat,639631428330.000,230217090846 ( 230217090846),261002692.000,Oct 2026,900.000,PAID,2026-10-01,2026-10-10,2026-10-01,Cash,-,Brgy. Wawa Bayambang Pangasinan OK,NaN
NaN,TDA_Evangeline_Bautista,639709370305.000,2600015 ( 1715401842),261002693.000,Oct 2026,1,000,UNPAID,2026-10-11,2026-10-20,NaN,-,-,Purok 1 Darawey Bayambang Pangasinan,NaN
NaN,TDA_Hellen_Junio,639930738524.000,1771767249 ( 1771767249),261002694.000,Oct 2026,1,000,UNPAID,2026-10-25,2026-11-03,NaN,-,-,Purok 3 Darawey Dike Bbang Pangasinan,NaN
NaN,TDA_Honeybee_Agpoon,639667310373.000,2600009 ( 2600009),261002695.000,Oct 2026,1,000,UNPAID,2026-10-18,2026-10-27,NaN,-,-,Purok 1 tanggal Brgy Darawey Bayambang Pangasinan,NaN
NaN,TDA_Jennifer_Abalos,639939419926.000,1765259212 ( 1765259212),261002696.000,Oct 2026,1,000,UNPAID,2026-10-09,2026-10-18,NaN,-,-,Purok 2 Darawey Bayambang Pangasinan,NaN
NaN,TDA_Jenny_Agpoon,639456708541.000,2600033 ( 1735885614),261002697.000,Oct 2026,1,000,UNPAID,2026-10-03,2026-10-12,NaN,-,-,Purok 1 Brgy Darawey Bayambang Pangasinan,NaN
NaN,TDA_Jocelyn_Dulay,639514996715.000,1754442671 ( 1754442671),261002698.000,Oct 2026,1,000,UNPAID,2026-10-06,2026-10-15,NaN,-,-,Purok 1, Darawey Bbang Pangasinan OK,NaN
NaN,TDA_Jocelyn_Napuli,639666640009.000,230217112942 ( 230217112942),261002699.000,Oct 2026,1,000,UNPAID,2026-10-28,2026-11-06,NaN,-,-,Brgy Darawey Bayambang Pangasinan,NaN
NaN,TDA_Karla_Anasco,639637235997.000,1784024700 ( 1784024700),261002700.000,Oct 2026,1,000,UNPAID,2026-10-15,2026-10-19,NaN,-,-,Purok 1 Darawey Bayambang Pangasinan OK,NaN
NaN,TDA_Kathrina_Cayabyab,639929124028.000,2600001 ( 2600001),261002701.000,Oct 2026,1,000,UNPAID,2026-10-27,2026-11-05,NaN,-,-,45 Purok 1 Brgy Darawey Bayambang Pangasinan,NaN
NaN,TDA_Kristina_Mangrobang,639563313928.000,1744595605 ( 1744595605),261002702.000,Oct 2026,1,000,UNPAID,2026-10-14,2026-10-23,NaN,-,-,Purok 2 Darawey Bbang Pangasinan,NaN
NaN,TDA_Leo_Junio,639456547617.000,2600017 ( 1717749877),261002703.000,Oct 2026,1,000,UNPAID,2026-10-07,2026-10-16,NaN,-,-,Darawey Bayambang,NaN
NaN,TDA_Lester_Laurel,639667891460.000,2600028 ( 1731221646),261002704.000,Oct 2026,1,000,UNPAID,2026-10-07,2026-10-16,NaN,-,-,17 Purok 1 Brgy Darawey Bayambang Pangasinan,NaN
NaN,TDA_Lourdes_Miguel,639277776735.000,1785068244 ( 1785068244),261002705.000,Oct 2026,1,000,UNPAID,2026-10-27,2026-10-31,NaN,-,-,Purok 1 Darawey Riverside Bbang Pangasinan OK,NaN
NaN,TDA_Maria_Lawig,639668092082.000,1744596010 ( 1744596010),261002706.000,Oct 2026,1,000,UNPAID,2026-10-14,2026-10-23,NaN,-,-,Purok 2 Darawey Bbang Pangasinan,NaN
NaN,TDA_Marilyn_Penuliar,639123456789.000,2600014 ( 1708948457),261002707.000,Oct 2026,1,000,UNPAID,2026-10-20,2026-10-29,NaN,-,-,darawey bayambang pangasinan OK,NaN
NaN,TDA_Myrna_Agpoon,639673226454.000,2600019 ( 1719848111),261002708.000,Oct 2026,1,000,PAID,2026-10-01,2026-10-10,2026-10-01,Cash,-,Purok 1 Darawey Bayambang Pangasinan OK,NaN
NaN,TDA_Nerissa_Laurel,639179690547.000,2600012 ( 1702368738),261002709.000,Oct 2026,1,000,UNPAID,2026-10-28,2026-11-01,NaN,-,-,Purok 1 Darawey Bayambang Pangasinan,NaN
NaN,TDA_Rigor_Dulay,639564915249.000,2600024 ( 1723090420),261002710.000,Oct 2026,1,000,UNPAID,2026-10-07,2026-10-16,NaN,-,-,Purok 1 Brgy Darawey Bayambang Pangasinan OK,NaN
NaN,TDA_Rodrigo_Favi,639065598399.000,1767877408 ( 1767877408),261002711.000,Oct 2026,1,000,UNPAID,2026-10-12,2026-10-21,NaN,-,-,Purok 1 Darawey Bbang Pangasinan,NaN
NaN,TDA_Rosa_Ugaban,639770580328.000,1744334984 ( 1744334984),261002712.000,Oct 2026,1,000,UNPAID,2026-10-11,2026-10-20,NaN,-,-,Purok 2 Darawey Bayambang Pangasinan,NaN
NaN,TDA_Vergel_Dulay,639455844946.000,1768307525 ( 1768307525),261002713.000,Oct 2026,1,000,UNPAID,2026-10-14,2026-10-23,NaN,-,-,Purok 1 Darawey Bayambang Pangasinan,NaN
NaN,TDA_Veronica_Gacusin,63900000000000000.000,2600010 ( 2600010),261002714.000,Oct 2026,1,000,UNPAID,2026-10-25,2026-11-03,NaN,-,-,Ketegan WAWA/ Darawey,NaN
NaN,TDA_Zosima_Menor,639674662066.000,1745832852 ( 1745832852),261002715.000,Oct 2026,1,000,UNPAID,2026-10-28,2026-11-06,NaN,-,-,PUROK 1 , Tanggal Darawey Bayambang Pangasinan,NaN
NaN,TDP_Johnny_Torres,639958263455.000,1743578116 ( 1743578116),261002716.000,Oct 2026,1,000,UNPAID,2026-10-02,2026-10-11,NaN,-,-,MH Del Pilar Bayambang Pangasinan,NaN
NaN,TDP_Julius_Tablizo,639215043054.000,1780301147 ( 1780301147),261002717.000,Oct 2026,1,000,UNPAID,2026-10-02,2026-10-06,NaN,-,-,175 MH Delpilar Kalye 11 Bbang Pangasinan,NaN
NaN,TDP_Prescilla_Fuentes,639850754587.000,1785069873 ( 1785069873),261002718.000,Oct 2026,1,000,UNPAID,2026-10-28,2026-11-01,NaN,-,-,145 MH Del Pilar st. Bbang Pangasinan OK,NaN
NaN,TDP_Rochee_Padua,639957824101.000,1767620865 ( 1767620865),261002719.000,Oct 2026,1,000,UNPAID,2026-10-12,2026-10-21,NaN,-,-,MH Del pilar Bbang (White house Dulay compound),NaN
NaN,TDU_Aida_Aoanan,639605550911.000,241031223910 ( 1730385735),261002720.000,Oct 2026,1,000,UNPAID,2026-10-09,2026-10-18,NaN,-,-,Purok 4 Brgy Dusoc Bayambang Pangasinan,NaN
NaN,TDU_Bahazar_Abalos,639059008074.000,1777892352 ( 1777892352),261002721.000,Oct 2026,799.000,UNPAID,2026-10-06,2026-10-15,NaN,-,-,Purok 3 Brgy Dusoc Bbang Pangasinan,NaN
NaN,TDU_Carlito_Lapurga,639495895703.000,1786587480 ( 1786587480),261002722.000,Oct 2026,799.000,UNPAID,2026-10-13,2026-10-13,NaN,-,-,Purok 4 Dusoc Bbang Pangasinan,NaN
NaN,TDU_Elmer_Abalos,639544637668.000,1777429797 ( 1777429797),261002723.000,Oct 2026,1,000,UNPAID,2026-10-28,2026-11-06,NaN,-,-,Purok 1 Dusoc Bbang Pangasinan OK,NaN
NaN,TDU_Gretchen_Albinio,639931716477.000,1782274945 ( 1782274945),261002724.000,Oct 2026,799.000,UNPAID,2026-10-26,2026-11-04,NaN,-,-,Purok 3 Dusoc Bbang Pangasinan OK,NaN
NaN,TDU_Jackielou_Roy,639164520483.000,1778050164 ( 1778050164),261002725.000,Oct 2026,1,000,UNPAID,2026-10-06,2026-10-15,NaN,-,-,Purok 3 Dusoc Bbang Pangasinan,NaN
NaN,TDU_John_Dagangon,639924107053.000,240520122944 ( 1716179411),261002726.000,Oct 2026,1,000,UNPAID,2026-10-20,2026-10-29,NaN,-,-,Purok 4 Dusoc Bayambang Pangasinan,NaN
NaN,TDU_Ludelyn_Muerong,639951478933.000,2800034 ( 2800034),261002727.000,Oct 2026,1,000,UNPAID,2026-10-21,2026-10-30,NaN,-,-,Purok 7 Dusoc Bayambang Pangasinan,NaN
NaN,TDU_Maryjane_Castillo,639854854073.000,1786587740 ( 1786587740),261002728.000,Oct 2026,1,000,UNPAID,2026-10-18,2026-10-22,NaN,-,-,Purok 5 Dusoc Bbang Pangasinan,NaN
NaN,Teresa_Lopez,639926021177.000,1790565946 ( 1790565946),261002729.000,Oct 2026,1,000,UNPAID,2026-10-28,2026-11-01,NaN,-,-,Zone 2 kisikis alcala pangasinan,NaN
NaN,TEST1,639171586429.000,1773278870 ( 1773278870),261002730.000,Oct 2026,1,000,UNPAID,2026-10-12,2026-10-12,NaN,-,-,sakbit,NaN
NaN,Test1,639171586429.000,1788927314 ( 1788927314),261002731.000,Oct 2026,799.000,UNPAID,2026-10-11,2026-10-12,NaN,-,-,Xsv,NaN
NaN,THE_Jean_Mauricio,639487366273.000,1754291421 ( 1754291421),261002732.000,Oct 2026,1,000,UNPAID,2026-10-04,2026-10-13,NaN,-,-,Purok 1, Hermosa Bbang Pangasinan,NaN
NaN,THE_Rodelio_Mauricio1,639972249933.000,1750926996 ( 1750926996),261002733.000,Oct 2026,1,000,UNPAID,2026-10-26,2026-11-04,NaN,-,-,Purok 2, Hermosa Bbang Pangasinan,NaN
NaN,THE_Rodelio_Mauricio2,639972249933.000,1750927051 ( 1750927051),261002734.000,Oct 2026,1,000,UNPAID,2026-10-26,2026-11-04,NaN,-,-,Purok 2, Hermosa Bbang Pangasinan OK,NaN
NaN,THE_Rodolfo_Frias,639659683892.000,1773012971 ( 1773012971),261002735.000,Oct 2026,1,000,UNPAID,2026-10-09,2026-10-18,NaN,-,-,Purok 1 Hermosa Bayambang Pangasinan,NaN
NaN,TINI_Aileen_Palaming,639241629639.000,1783896227 ( 1783896227),261002736.000,Oct 2026,1,000,UNPAID,2026-10-13,2026-10-22,NaN,-,-,Purok 6 Inirangan Bbang Pangasinan OK,NaN
NaN,TINI_Harlene_Rilveria,639317413159.000,230217134513 ( 230217134513),261002737.000,Oct 2026,1,000,UNPAID,2026-10-26,2026-11-04,NaN,-,-,Inirangan Bayambang Pangasinan,NaN
NaN,TINI_Jhun_Torres,639338235086.000,230217133117 ( 230217133117),261002738.000,Oct 2026,1,000,UNPAID,2026-10-28,2026-11-06,NaN,-,-,Iniringan Bayambang Pangasinan,NaN
NaN,TINI_Jr_Delacruz,639150076266.000,1778371448 ( 1778371448),261002739.000,Oct 2026,1,000,UNPAID,2026-10-12,2026-10-21,NaN,-,-,Purok 7 inirangan Bbang Pangasinan OK,NaN
NaN,TINI_Melvin_Palaming,639916116950.000,1783895914 ( 1783895914),261002740.000,Oct 2026,1,000,UNPAID,2026-10-13,2026-10-22,NaN,-,-,Purok 6 Inirangan Bbang Pangasinan OK,NaN
NaN,TINI_Robert_Espejo,639915198167.000,1774932477 ( 1774932477),261002741.000,Oct 2026,1,000,UNPAID,2026-10-28,2026-11-06,NaN,-,-,Purok 5 Inirangan Bbang Pangasinan near born again chapel,NaN
NaN,TMAG_Christian_Vias,639273766454.000,1761014575 ( 1761014575),261002742.000,Oct 2026,799.000,UNPAID,2026-10-21,2026-10-30,NaN,-,-,Gomes St. Magsaysay Bbang Pangasinan,NaN
NaN,TMAG_Jessie_Gabriel,639153401791.000,3800012 ( 1732873269),261002743.000,Oct 2026,1,000,UNPAID,2026-10-20,2026-10-29,NaN,-,-,Gerilia St, Magsaysay Bayambang Pangasinan,NaN
NaN,TMAG_John_Palaganas,639453200452.000,1779170174 ( 1779170174),261002744.000,Oct 2026,1,000,UNPAID,2026-10-20,2026-10-24,NaN,-,-,Magsaysay Bbang Pangasinan Near half court,NaN
NaN,TMAI_Adonis_Martin,639101304033.000,1775478957 ( 1775478957),261002745.000,Oct 2026,1,000,UNPAID,2026-10-09,2026-10-18,NaN,-,-,Purok 4 Sitio Pinalapa Maigpa Bbang Pangasinan,NaN
NaN,TMAN_Analyn_Vejar,639204588245.000,1754986837 ( 1754986837),261002746.000,Oct 2026,1,000,UNPAID,2026-10-12,2026-10-21,NaN,-,-,Purok 4 Managos Bayambang pangasinan piolo/jerome/jhun LCP 1/NAP6/PORT 12,NaN
NaN,TMAN_Diana_Salcedo,639094763157.000,4200052 ( 1730386855),261002747.000,Oct 2026,1,000,UNPAID,2026-10-05,2026-10-14,NaN,-,-,Purok 2 Brgy Managos Bayambang Pangasinan,NaN
NaN,TMAN_Edna_Bumadilla,639510517992.000,1785197494 ( 1785197494),261002748.000,Oct 2026,1,000,UNPAID,2026-10-28,2026-11-01,NaN,-,-,Purok 1 Managos Bbang Pangasinan OK,NaN
NaN,TMAN_Espinosa_Tolentino,639752040828.000,1773057358 ( 1773057358),261002749.000,Oct 2026,1,000,UNPAID,2026-10-10,2026-10-19,NaN,-,-,Purok 5 Managos Bayambang Pangasina,NaN
NaN,TMAN_Henry_Roly,639081479370.000,1757058038 ( 1757058038),261002750.000,Oct 2026,1,000,UNPAID,2026-10-21,2026-10-25,NaN,-,-,Purok 2 Managos Bbang Pangasinan,NaN
NaN,TMAN_Johnpaul_Artates,639917216932.000,1786962760 ( 1786962760),261002751.000,Oct 2026,1,000,UNPAID,2026-10-18,2026-10-22,NaN,-,-,Purok 4 Managos Bayambang Pangasinan,NaN
NaN,TMAN_Jonjon_Academia,639302126669.000,1771033150 ( 1771033150),261002752.000,Oct 2026,1,000,UNPAID,2026-10-16,2026-10-20,NaN,-,-,Purok 1 Managos Bbang Pangasinan,NaN
NaN,TMAN_Maricris_Bumadila,639923612300.000,1780497659 ( 1780497659),261002753.000,Oct 2026,1,000,UNPAID,2026-10-14,2026-10-18,NaN,-,-,Purok 1 Managos Bbang Pangasinan,NaN
NaN,TMAN_Ronaldo_Galindo,639916839700.000,1751949745 ( 1751949745),261002754.000,Oct 2026,1,000,UNPAID,2026-10-26,2026-10-28,NaN,-,-,Purok 2, Managos Bayambang Pangasinan,NaN
NaN,TMAN_Rowena_Tiongson,639482437363.000,1784010986 ( 1784010986),261002755.000,Oct 2026,1,000,UNPAID,2026-10-15,2026-10-19,NaN,-,-,Purok 4 Managos Bbang Pangasinan OK,NaN
NaN,TMA_Dick_Garcia,639636101042.000,1767877584 ( 1767877584),261002756.000,Oct 2026,1,000,UNPAID,2026-10-10,2026-10-19,NaN,-,-,Purok 3 Malioer Bayambang Pang,NaN
NaN,TMG_Giselle_Mananzan,639073300391.000,4200004 ( 4200004),261002757.000,Oct 2026,1,000,UNPAID,2026-10-16,2026-10-20,NaN,-,-,Purok 3 Managos ,Bayambang,Pangasinan,NaN
NaN,TMG_Noemer_Ocampo,639933753304.000,4200001 ( 4200001),261002758.000,Oct 2026,1,000,UNPAID,2026-10-13,2026-10-22,NaN,-,-,281 Purok 6 Brgy Managos Bayambang Pangasinan,NaN
NaN,TMN_Clea_Biasaga,639125510179.000,1748405006 ( 1748405006),261002759.000,Oct 2026,1,000,UNPAID,2026-10-28,2026-11-06,NaN,-,-,Manambong Norte Bbng Pangasinan OK,NaN
NaN,TMN_Jose_Matabang2,639919115536.000,1737337756 ( 1737337756),261002760.000,Oct 2026,1,000,UNPAID,2026-10-20,2026-10-29,NaN,-,-,Manambong Norte, Bagong Baryo Bbang Pangasinan,NaN
NaN,TMN_Leah_Gagar,639922048258.000,1754981178 ( 1754981178),261002761.000,Oct 2026,1,000,UNPAID,2026-10-12,2026-10-21,NaN,-,-,Manambong Norte Bbang Pangasinan pORT 6 jhun/Jerome/piolo,NaN
NaN,TMS_Trisha_Bognot,639100126931.000,1748423603 ( 1748423603),261002762.000,Oct 2026,1,000,UNPAID,2026-10-28,2026-11-06,NaN,-,-,Purok 1 Manambong Sur Bautista Pangasinan 201-4BYB LCP1NP P3,NaN
NaN,TNN_Jose_Matabang,639100126931.000,20300004 ( 1720586800),261002763.000,Oct 2026,1,000,UNPAID,2026-10-10,2026-10-19,NaN,-,-,Nibaliw Norte Bautista Pangasinan,NaN
NaN,TNN_Joy_Cayabyab,639271239713.000,1776865000 ( 1776865000),261002764.000,Oct 2026,1,000,UNPAID,2026-10-23,2026-11-01,NaN,-,-,NIbaliw Norte zone 5 Bautista Pangasinan,NaN
NaN,TNS_Albert_Ramos,639265133394.000,1744099959 ( 1744099959),261002765.000,Oct 2026,1,000,UNPAID,2026-10-23,2026-10-27,NaN,-,-,Nibaliw Sur, Bautista, Pangasinan,NaN
NaN,TNS_Jay_Cayabyab,639387679212.000,1770778895 ( 1770778895),261002766.000,Oct 2026,1,000,UNPAID,2026-10-15,2026-10-19,NaN,-,-,Zone 2 Nibaliw Sur Bautista Pangasinan,NaN
NaN,TPAL_Katherine_Bato,639338292021.000,1755310389 ( 1755310389),261002767.000,Oct 2026,1,000,UNPAID,2026-10-16,2026-10-25,NaN,-,-,ZONE 2 Palisoc Bautista Pangasinan lcp 1 port 3 jhun,NaN
NaN,TPAL_Maryjoy_Lomibao,639638517266.000,1773316925 ( 1773316925),261002768.000,Oct 2026,1,000,UNPAID,2026-10-13,2026-10-22,NaN,-,-,Zone 3 Palisoc Bautista Pangasinan,NaN
NaN,TPA_Conrado_Limson,639635184914.000,2600002 ( 2600002),261002769.000,Oct 2026,1,000,UNPAID,2026-10-01,2026-10-05,NaN,-,-,Purok 2 Brgy Pangdel Bayambang Pangasinan OK,NaN
NaN,TPA_Edna_Sardido,639559289947.000,4900079 ( 1730383327),261002770.000,Oct 2026,1,000,UNPAID,2026-10-27,2026-10-31,NaN,-,-,PUROK 3 BRGY PANGDEL BYB PNG,NaN
NaN,TPA_Erlinda_Esteban,639155469684.000,1784504980 ( 1784504980),261002771.000,Oct 2026,1,000,UNPAID,2026-10-23,2026-10-27,NaN,-,-,Purok 2 Pangdel Bbang Pangasinan OK,NaN
NaN,TPA_Fatima_Usop,639480439232.000,1748481961 ( 1748481961),261002772.000,Oct 2026,900.000,UNPAID,2026-10-28,2026-11-01,NaN,-,-,Purok 2 Pangdel Bayambang Pangasinan,NaN
NaN,TPA_Merna_Galindo,639939420580.000,1773408544 ( 1773408544),261002773.000,Oct 2026,1,000,UNPAID,2026-10-05,2026-10-09,NaN,-,-,Purok 3 Pangdel Bbang Pangasinan,NaN
NaN,TPA_Minas_Herrera,639155872424.000,4900068 ( 1723865320),261002774.000,Oct 2026,1,000,UNPAID,2026-10-12,2026-10-16,NaN,-,-,PUROK 3 BRGY PANGDEL BYB PNG,NaN
NaN,TPA_Rudolfo_Carino,639617173798.000,1768793775 ( 1768793775),261002775.000,Oct 2026,1,000,UNPAID,2026-10-19,2026-11-07,NaN,-,-,Purok 3 Dike Pangdel BBang Pangasinan,NaN
NaN,TPS_Maricris_Agpawa,639917205088.000,1787875412 ( 1787875412),261002776.000,Oct 2026,1,000,UNPAID,2026-10-28,2026-11-03,NaN,-,-,Poblacion Sur Bayambang Pangasinan,NaN
NaN,TPU_Agnes_Torres,639452301175.000,5300006 ( 5300006),261002777.000,Oct 2026,1,000,UNPAID,2026-10-25,2026-11-03,NaN,-,-,Purok 3 Brgy Pugo Bayambang Pangasinan,NaN
NaN,TPU_Alfred_Soriano,639354437271.000,1749456127 ( 1749456127),261002778.000,Oct 2026,1,000,UNPAID,2026-10-09,2026-10-18,NaN,-,-,Purok 1, Pugo Bayambang Pangasinan,NaN
NaN,TPU_Alma_Devera,639677658195.000,5300051 ( 1736318262),261002779.000,Oct 2026,1,000,UNPAID,2026-10-16,2026-10-20,NaN,-,-,Purok 1 Brgy Pugo Bayambang Pangasinan,NaN
NaN,TPU_Alma_Junio,639957618695.000,5300046 ( 1731220841),261002780.000,Oct 2026,1,000,UNPAID,2026-10-06,2026-10-15,NaN,-,-,Purok 1 Brgy Pugo Bayambang Pangasinan OK,NaN
NaN,TPU_Alma_Torres,639157580362.000,230217092509 ( 230217092509),261002781.000,Oct 2026,1,000,UNPAID,2026-10-28,2026-11-06,NaN,-,-,Brgy Pugo Bayambang Pangasinan,NaN
NaN,TPU_Aurie_Royo,639206752529.000,1759127683 ( 1759127683),261002782.000,Oct 2026,900.000,UNPAID,2026-10-29,2026-11-07,NaN,-,-,Purok 3 pugo Bayambang Pangasinan,NaN
NaN,TPU_Bernard_Tambuyat,639277417633.000,230214104565 ( 230214104565),261002783.000,Oct 2026,1,000,UNPAID,2026-10-12,2026-10-21,NaN,-,-,Brgy Pugo Bayambang Pangasinan,NaN
NaN,TPU_Brando_Nevado,639062286837.000,1758250881 ( 1758250881),261002784.000,Oct 2026,1,000,UNPAID,2026-10-19,2026-10-28,NaN,-,-,Purok 1 Pugo Bbang Pangasinan,NaN
NaN,TPU_Caselyn_Arriesgado,639099547071.000,230217102408 ( 230217102408),261002785.000,Oct 2026,1,000,UNPAID,2026-10-15,2026-10-24,NaN,-,-,Brgy Pugo Bayambang Pangasinan OK,NaN
NaN,TPU_Cecille_Tabangin,639557802894.000,5300034 ( 1709686015),261002786.000,Oct 2026,1,000,UNPAID,2026-10-05,2026-10-14,NaN,-,-,Purok 3 Pugo Bayambang Pangasinan,NaN
NaN,TPU_Cristina_Bato,63926075987.000,7000031 ( 1723090506),261002787.000,Oct 2026,1,000,UNPAID,2026-10-07,2026-10-16,NaN,-,-,Purok 3 Brgy Alfiesta Wawa Bayambang Pangasinan,NaN
NaN,TPU_Danny_Torres,639516893802.000,5300032 ( 1708054864),261002788.000,Oct 2026,1,000,UNPAID,2026-10-20,2026-10-24,NaN,-,-,Pugo Bayambang OK,NaN
NaN,TPU_Dante_Solomon,639152317118.000,230217112034 ( 230217112034),261002789.000,Oct 2026,1,000,UNPAID,2026-10-25,2026-11-03,NaN,-,-,Brgy Pugo Bayambang Pangasinan,NaN
NaN,TPU_Delia_Junio,639082702848.000,230217093410 ( 230217093410),261002790.000,Oct 2026,1,000,UNPAID,2026-10-28,2026-11-06,NaN,-,-,Brgy Pugo Bayambang Pangsinan,NaN
NaN,TPU_Denver_Macalloc,639485301195.000,230217103651 ( 230217103651),261002791.000,Oct 2026,1,000,UNPAID,2026-10-14,2026-10-23,NaN,-,-,Brgy Pugo Bayambang Pangasinan,NaN
NaN,TPU_Dick_Campos,639954453151.000,1764399725 ( 1764399725),261002792.000,Oct 2026,1,000,UNPAID,2026-10-29,2026-11-07,NaN,-,-,Purok 3 Pugo Kitigan Bbang Pangasinan OK,NaN
NaN,TPU_Erwin_DeVera,639123456789.000,5300003 ( 5300003),261002793.000,Oct 2026,1,000,UNPAID,2026-10-07,2026-10-16,NaN,-,-,#102 Brgy Pugo Bayambang Pangasinan,NaN
NaN,TPU_Esther_Arriesgado,639459921161.000,230217094215 ( 230217094215),261002794.000,Oct 2026,1,000,UNPAID,2026-10-04,2026-10-13,NaN,-,-,Brgy Pugo Bayambang Pangasinan,NaN
NaN,TPU_Eugene_Monterico,639123456789.000,230214104566 ( 230214104566),261002795.000,Oct 2026,900.000,UNPAID,2026-10-29,2026-11-07,NaN,-,-,Brgy Pugo Bayambang Pangasinan,NaN
NaN,TPU_Evangeline_Tambuyat,639958604321.000,230217105042 ( 230217105042),261002796.000,Oct 2026,1,000,UNPAID,2026-10-12,2026-10-21,NaN,-,-,Brgy Pugo Bayambang Pangasinan,NaN
NaN,TPU_Farida_Tambuyat,639275079262.000,230217104658 ( 230217104658),261002797.000,Oct 2026,1,000,UNPAID,2026-10-12,2026-10-21,NaN,-,-,Brgy Pugo Bayambang Pangasinan,NaN
NaN,TPU_Fatima_Junio,639567950744.000,5300018 ( 5300018),261002798.000,Oct 2026,1,000,UNPAID,2026-10-17,2026-10-21,NaN,-,-,176 Purok 1 Brgy Pugo Bayambang Pangasinan OK,NaN
NaN,TPU_Freddie_Menor,639933752882.000,1768958414 ( 1768958414),261002799.000,Oct 2026,1,000,UNPAID,2026-10-21,2026-10-25,NaN,-,-,Purok 3 Pugo Bayambang Pangasinan,NaN
NaN,TPU_Generose_Miday,639658766954.000,5300045 ( 1730386750),261002800.000,Oct 2026,1,000,UNPAID,2026-10-05,2026-10-14,NaN,-,-,Purok 1 Brgy Pugo Bayambang Pangasinan,NaN
NaN,TPU_Geraline_Junio,639153514573.000,1776132908 ( 1776132908),261002801.000,Oct 2026,1,000,UNPAID,2026-10-15,2026-10-24,NaN,-,-,Purok 1 Pugo Bayambang Pangasinan,NaN
NaN,TPU_Gilbert_Uy,639464268542.000,230217093617 ( 230217093617),261002802.000,Oct 2026,1,000,UNPAID,2026-10-04,2026-10-13,NaN,-,-,Brgy Pugo Bayambang Pangasinan,NaN
NaN,TPU_Giovani_Barrera,639120774444.000,1775615305 ( 1775615305),261002803.000,Oct 2026,1,000,UNPAID,2026-10-08,2026-10-17,NaN,-,-,Purok 3 Pugo kitigan Bbang Pangasinan,NaN
NaN,TPU_Gladys_Menor,639153725506.000,5300031 ( 1707440067),261002804.000,Oct 2026,1,000,UNPAID,2026-10-20,2026-10-29,NaN,-,-,Purok 3 Pugo,NaN
NaN,TPU_Glydel_Bautista,639368420305.000,230217095146 ( 230217095146),261002805.000,Oct 2026,1,000,UNPAID,2026-10-28,2026-11-06,NaN,-,-,Brgy Pugo Bayambang Pangsinan OK,NaN
NaN,TPU_Harbrink_Carsten,639566759216.000,230217102134 ( 230217102134),261002806.000,Oct 2026,1,000,UNPAID,2026-10-26,2026-11-04,NaN,-,-,Brgy Pugo Bayambang Pangasinan,NaN
NaN,TPU_Hazel_Catabay,639123456789.000,230221183051 ( 230221183051),261002807.000,Oct 2026,1,000,UNPAID,2026-10-30,2026-11-08,NaN,-,-,Brgy Pugo Bayambang Pangasinan,NaN
NaN,TPU_Jackelyn_Deleon,639453395259.000,230217101754 ( 230217101754),261002808.000,Oct 2026,1,000,UNPAID,2026-10-10,2026-10-19,NaN,-,-,Brgy Pugo Bayambang Pangasinan,NaN
NaN,TPU_Jack_Manzano,639235409296.000,230217104016 ( 230217104016),261002809.000,Oct 2026,1,000,UNPAID,2026-10-21,2026-10-30,NaN,-,-,Brgy Pugo Bayambang Pangasinan,NaN
NaN,TPU_Janette_Veloria,639174025652.000,230217111149 ( 230217111149),261002810.000,Oct 2026,1,000,UNPAID,2026-10-26,2026-11-04,NaN,-,-,Brgy Pugo Bayambang Pangasinan,NaN
NaN,TPU_Jasmine_Reyes,639635184923.000,5300015 ( 5300015),261002811.000,Oct 2026,1,000,UNPAID,2026-10-23,2026-11-01,NaN,-,-,Purok II Brgy Wawa Bayambang Pangasinan,NaN
NaN,TPU_Jefferson_Solis,639667993233.000,230217105852 ( 230217105852),261002812.000,Oct 2026,1,000,UNPAID,2026-10-17,2026-10-26,NaN,-,-,Brgy Pugo Bayambang Pangasinan,NaN
NaN,TPU_Jeralin_Mirandilla,639552896314.000,1735970155 ( 1735970155),261002813.000,Oct 2026,1,000,UNPAID,2026-10-04,2026-10-13,NaN,-,-,Purok 2 Pugo, Bayambang, Pangasinan,NaN
NaN,TPU_Jerome_Idos,639498524971.000,5300044 ( 1730386645),261002814.000,Oct 2026,1,000,UNPAID,2026-10-05,2026-10-14,NaN,-,-,Purok 3 Brgy Pugo Bayambang Pangasinan,NaN
NaN,TPU_Jhay_Jadulco,639503193424.000,1781618429 ( 1781618429),261002815.000,Oct 2026,1,000,UNPAID,2026-10-25,2026-10-29,NaN,-,-,Purok 3 Pugo Bayambang Pangasinan,NaN
NaN,TPU_Jiselle_Tabora,639352913154.000,1768527075 ( 1768527075),261002816.000,Oct 2026,1,000,UNPAID,2026-10-16,2026-10-25,NaN,-,-,Purok 2 Pugo Bbang Pangasinan,NaN
NaN,TPU_Joanna_Tambuyat,639275471420.000,1747357551 ( 1747357551),261002817.000,Oct 2026,1,000,UNPAID,2026-10-16,2026-10-25,NaN,-,-,Purok 3, Pugo Bbang Pangasinan,NaN
NaN,TPU_Joel_Bautista,639308254379.000,1755828400 ( 1755828400),261002818.000,Oct 2026,1,000,UNPAID,2026-10-22,2026-10-31,NaN,-,-,Purok 2 Pugo Bbang Pangasinan Tech: Jhun,NaN
NaN,TPU_Juanito_Junio,63.000,5300021 ( 5300021),261002819.000,Oct 2026,1,000,UNPAID,2026-10-09,2026-10-18,NaN,-,-,Brgy Pugo Bayambang Pangasinan,NaN
NaN,TPU_Judyann_Torres,639685898668.000,5300047 ( 1731225054),261002820.000,Oct 2026,1,000,UNPAID,2026-10-09,2026-10-18,NaN,-,-,Purok 2 Brgy Pugo Bayambang Pangasinan,NaN
NaN,TPU_Kaela_Laza,639605604719.000,1773919210 ( 1773919210),261002821.000,Oct 2026,1,000,UNPAID,2026-10-20,2026-10-29,NaN,-,-,Purok 3 Pugo Bayambang Pangasinan,NaN
NaN,TPU_Leopoldo_Tuazon,639037306152.000,1764387917 ( 1764387917),261002822.000,Oct 2026,1,000,UNPAID,2026-10-29,2026-11-07,NaN,-,-,Purok 2 Pugo Bbang Pangasinan,NaN
NaN,TPU_Lilia_Pontawe,639466058842.000,230217104345 ( 230217104345),261002823.000,Oct 2026,1,000,UNPAID,2026-10-12,2026-10-21,NaN,-,-,Brgy Pugo Bayambang Pangasinan,NaN
NaN,TPU_Lilibeth_Menor,639773368935.000,230217100232 ( 230217100232),261002824.000,Oct 2026,1,000,UNPAID,2026-10-28,2026-11-06,NaN,-,-,Brgy Pugo Bayambang Pangasinan,NaN
NaN,TPU_Liza_Estrada,639157458672.000,5300022 ( 5300022),261002825.000,Oct 2026,1,000,UNPAID,2026-10-05,2026-10-14,NaN,-,-,Purok 3 Brgy Pugo Bayambang Pangasinan,NaN
NaN,TPU_Lizel_Junio,639666695759.000,5300035 ( 1710988437),261002826.000,Oct 2026,1,000,UNPAID,2026-10-20,2026-10-29,NaN,-,-,Purok 2 Pogo Bayambang,NaN
NaN,TPU_Loida_Laza,639123456789.000,230221183052 ( 230221183052),261002827.000,Oct 2026,1,000,UNPAID,2026-10-25,2026-11-03,NaN,-,-,Brgy Pugo Bayambang Pangasinan OK,NaN
NaN,TPU_Lourdes_Junio,639354969130.000,1743563559 ( 1743563559),261002828.000,Oct 2026,1,000,UNPAID,2026-10-02,2026-10-11,NaN,-,-,Purok II Pugo Bbang Pangasinan,NaN
NaN,TPU_Lucia_Tamayo,639544407098.000,5300048 ( 1732858310),261002829.000,Oct 2026,1,000,UNPAID,2026-10-20,2026-10-29,NaN,-,-,Purok 2 Brgy Pugo Bayambang Pangasinan,NaN
NaN,TPU_Magna_Menor,639658444102.000,1742452033 ( 1742452033),261002830.000,Oct 2026,1,000,UNPAID,2026-10-20,2026-10-29,NaN,-,-,Purok 2 Pugo Bbang Pangasinan,NaN
NaN,TPU_Malene_Solis,639506082311.000,5300037 ( 1715398602),261002831.000,Oct 2026,1,000,UNPAID,2026-10-09,2026-10-18,NaN,-,-,Purok 1 Pugo Bayambang Pangasinan,NaN
NaN,TPU_Mariechar_Estrada,63.000,5300011 ( 5300011),261002832.000,Oct 2026,1,000,UNPAID,2026-10-04,2026-10-13,NaN,-,-,Brgy Pugo Bayambang Pangasinan,NaN
NaN,TPU_Marjorie_Lopez,639355746741.000,230217111446 ( 230217111446),261002833.000,Oct 2026,1,000,UNPAID,2026-10-24,2026-11-02,NaN,-,-,Brgy Pugo Bayambang Pangasinan,NaN
NaN,TPU_Marvin_Torres,639924951481.000,5300054 ( 1744108175),261002834.000,Oct 2026,1,000,UNPAID,2026-10-08,2026-10-17,NaN,-,-,Purok 2 Pugo Bbang Pangasinan,NaN
NaN,TPU_Marvin_Vargas,639914752043.000,230217101220 ( 230217101220),261002835.000,Oct 2026,1,000,UNPAID,2026-10-05,2026-10-14,NaN,-,-,Brgy Pugo Bayambang Pangasinan,NaN
NaN,TPU_Maryrose_Delosantos,639123456789.000,230211175975 ( 230211175975),261002836.000,Oct 2026,1,000,UNPAID,2026-10-10,2026-10-19,NaN,-,-,PUROK 2 PUGO BAYAMBANG PANGASINAN,NaN
NaN,TPU_Michelle_Sagun,639271189914.000,1772690703 ( 1772690703),261002837.000,Oct 2026,1,000,UNPAID,2026-10-22,2026-10-31,NaN,-,-,Purok 2 Pugo Bayambang Pangasinan,NaN
NaN,TPU_Milania_Piol,639994161059.000,5300005 ( 5300005),261002838.000,Oct 2026,1,000,UNPAID,2026-10-21,2026-10-30,NaN,-,-,105 Purok 3 Brgy Pugo Bayambang Pangasinan,NaN
NaN,TPU_Nida_Villon,639156650899.000,230217095743 ( 230217095743),261002839.000,Oct 2026,1,000,UNPAID,2026-10-21,2026-10-30,NaN,-,-,Brgy Pugo Bayambang Pangasinan,NaN
NaN,TPU_Noel_Abalos,639166439677.000,230217112717 ( 230217112717),261002840.000,Oct 2026,1,000,UNPAID,2026-10-05,2026-10-14,NaN,-,-,Brgy Pugo Bayambang Pangasinan,NaN
NaN,TPU_Regine_Pregosa,639279318995.000,230217093918 ( 230217093918),261002841.000,Oct 2026,1,000,UNPAID,2026-10-04,2026-10-13,NaN,-,-,Brgy Pugo Bayambang Pangasinan,NaN
NaN,TPU_Renato_Bato,63.000,5300012 ( 5300012),261002842.000,Oct 2026,1,000,UNPAID,2026-10-03,2026-10-12,NaN,-,-,Brgy Pugo Bayambang Pangasinan OK,NaN
NaN,TPU_Reuwena_Junio,639568805993.000,230217092740 ( 230217092740),261002843.000,Oct 2026,1,000,UNPAID,2026-10-28,2026-11-06,NaN,-,-,Pugo Bayambang Pangasinan OK,NaN
NaN,TPU_Reymund_Millora,639302094834.000,230217094645 ( 230217094645),261002844.000,Oct 2026,1,000,UNPAID,2026-10-25,2026-11-03,NaN,-,-,Brgy Pugo Bayambang Pangasinan,NaN
NaN,TPU_Rezhiel_Junio,639661508952.000,1759716406 ( 1759716406),261002845.000,Oct 2026,1,000,UNPAID,2026-10-06,2026-10-15,NaN,-,-,Purok 1 Pugo Bbang Pangasinan OK,NaN
NaN,TPU_Rhea_Junio,639468090889.000,1741588879 ( 1741588879),261002846.000,Oct 2026,1,000,UNPAID,2026-10-10,2026-10-19,NaN,-,-,Purok 1 Pugo Bbang Pangasinan,NaN
NaN,TPU_Rhoffer_Arriesgado,639460677209.000,230217102808 ( 230217102808),261002847.000,Oct 2026,1,000,UNPAID,2026-10-14,2026-10-23,NaN,-,-,Brgy Pugo Bayambang Pangasinan,NaN
NaN,TPU_Richard_Domingo,639566759425.000,1749539086 ( 1749539086),261002848.000,Oct 2026,1,000,UNPAID,2026-10-10,2026-10-19,NaN,-,-,Purok 1 Pugo Bbang Pangasinan,NaN
NaN,TPU_Rizel_Tabangin,639669904036.000,1779422353 ( 1779422353),261002849.000,Oct 2026,1,000,UNPAID,2026-10-26,2026-10-30,NaN,-,-,Purok 2 Pugo Bayambang Pangasinan,NaN
NaN,TPU_Ronnie_Tamondong,639127220608.000,5300016 ( 5300016),261002850.000,Oct 2026,1,000,UNPAID,2026-10-17,2026-10-21,NaN,-,-,Purok 1 Brgy Pugo Bayambang Pangasinan,NaN
NaN,TPU_Rose_Solis,639952323916.000,230217110239 ( 230217110239),261002851.000,Oct 2026,1,000,UNPAID,2026-10-11,2026-10-20,NaN,-,-,Brgy Pugo Bayambang Pangasinan,NaN
NaN,TPU_Roshiel_Gloria,639923062120.000,1755843802 ( 1755843802),261002852.000,Oct 2026,1,000,UNPAID,2026-10-22,2026-10-31,NaN,-,-,Purok 2 Pugo Bbang Pangasinan,NaN
NaN,TPU_Roxanne_Junio,639066807840.000,5300025 ( 5300025),261002853.000,Oct 2026,1,000,UNPAID,2026-10-17,2026-10-26,NaN,-,-,Purok 2 Pugo Bayambang Pangasinan,NaN
NaN,TPU_Ruby_Torres,639664022739.000,4100001 ( 4100001),261002854.000,Oct 2026,1,000,UNPAID,2026-10-27,2026-11-05,NaN,-,-,Brgy Pugo Bayambang Pangasinan,NaN
NaN,TPU_Shirly_Manangan,639458392681.000,5300026 ( 5300026),261002855.000,Oct 2026,1,000,UNPAID,2026-10-15,2026-10-24,NaN,-,-,Purok 2 Pugo Bayambang OK,NaN
NaN,TPU_Sk_Pugo,639691959110.000,5300042 ( 1723863358),261002856.000,Oct 2026,1,000,UNPAID,2026-10-11,2026-10-15,NaN,-,-,Purok 2 Brgy Pugo Bayambang Pangasinan,NaN
NaN,TPU_Tito_Tambuyat,639454326249.000,1770026565 ( 1770026565),261002857.000,Oct 2026,1,000,UNPAID,2026-10-04,2026-10-13,NaN,-,-,Purok 3 Pugo Bbang Pangasinan,NaN
NaN,TPU_Via_Caragan,639277149226.000,5300020 ( 5300020),261002858.000,Oct 2026,1,000,UNPAID,2026-10-17,2026-10-26,NaN,-,-,Purok 1 Brgy Pugo Bayambang Pangasinan,NaN
NaN,TPU_Violeta_Banbalan,639123456789.000,5300017 ( 5300017),261002859.000,Oct 2026,1,000,UNPAID,2026-10-09,2026-10-18,NaN,-,-,Brgy Pugo Bayambang Pangasinan,NaN
NaN,TPU_Virgilio_Sabado,639668091675.000,230217100831 ( 230217100831),261002860.000,Oct 2026,1,000,UNPAID,2026-10-05,2026-10-14,NaN,-,-,Brgy Pugo Bayambang Pangasinan,NaN
NaN,TPU_Virgilio_Tamondong,639566755136.000,1775608723 ( 1775608723),261002861.000,Oct 2026,1,000,UNPAID,2026-10-08,2026-10-17,NaN,-,-,Purok 1 Pugo Bayambang Pangasinan,NaN
NaN,TPU_Willy_Solomon,639752032944.000,1777251969 ( 1777251969),261002862.000,Oct 2026,1,000,UNPAID,2026-10-27,2026-11-05,NaN,-,-,Purok 3 Pugo Bbang Pangasinan,NaN
NaN,TPU_Zenaida_Paa,639663742588.000,5300024 ( 5300024),261002863.000,Oct 2026,1,000,UNPAID,2026-10-05,2026-10-14,NaN,-,-,Purok 3 Pugo Bayambang Pangasinan,NaN
NaN,TRE_Eliza_Marcelo,639777858633.000,5400022 ( 1716375227),261002864.000,Oct 2026,1,000,UNPAID,2026-10-22,2026-10-31,NaN,-,-,Purok 5 Reynado Bayambang Pangasinan,NaN
NaN,TRE_Gemma_Ricafort,639751150818.000,1787018599 ( 1787018599),261002865.000,Oct 2026,1,000,UNPAID,2026-10-18,2026-10-22,NaN,-,-,Purok 5 Renado Bbang Pangasinan,NaN
NaN,TRE_Jhun_Torres,639123456789.000,5400001 ( 5400001),261002866.000,Oct 2026,1,000,UNPAID,2026-10-28,2026-11-06,NaN,-,-,reynado bayambang pangasinan,NaN
NaN,TRE_Rolando_Calangian,639637092550.000,1784595631 ( 1784595631),261002867.000,Oct 2026,1,000,UNPAID,2026-10-22,2026-10-31,NaN,-,-,Purok 4 Reynado Bbang Pangasinan OK,NaN
NaN,TRE_Ronald_Rosales,639302842286.000,5400028 ( 1731220710),261002868.000,Oct 2026,1,000,UNPAID,2026-10-06,2026-10-15,NaN,-,-,Purok 5 Brgy Reynado Bayambang Pangasinan,NaN
NaN,TRE_Sheila_Diaz,639850420573.000,1768307837 ( 1768307837),261002869.000,Oct 2026,1,000,UNPAID,2026-10-14,2026-10-23,NaN,-,-,Purok 4 Renado Bbang Pangasinan,NaN
NaN,TRE_William_Salvador,639165124592.000,1784702159 ( 1784702159),261002870.000,Oct 2026,1,000,UNPAID,2026-10-22,2026-10-26,NaN,-,-,Purok 4 Renado Bbang Pangasinan OK,NaN
NaN,TSG1_Ana_Estrada,639674673720.000,1752652267 ( 1752652267),261002871.000,Oct 2026,1,000,UNPAID,2026-10-16,2026-10-25,NaN,-,-,Purok 7 SnGabriel 1st Bayambang Pangasinan,NaN
NaN,TSG1_Criselda_Ragos,639157458744.000,1783663033 ( 1783663033),261002872.000,Oct 2026,1,000,UNPAID,2026-10-10,2026-10-19,NaN,-,-,Purok 7 SnGabriel 1st Bayambang Pangasinan OK,NaN
NaN,TSG1_Eunice_Ramos,639090305602.000,5500047 ( 1715816431),261002873.000,Oct 2026,1,000,UNPAID,2026-10-15,2026-10-24,NaN,-,-,Purok 3 San Gabriel 1st,NaN
NaN,TSG1_Fernando_Veloria,639567211863.000,5500055 ( 1723863234),261002874.000,Oct 2026,1,000,UNPAID,2026-10-14,2026-10-18,NaN,-,-,Purok 4 Brgy San Gabriel 1st Bayambang Pangasinan,NaN
NaN,TSG1_Genie_Cayabyab,639153962346.000,1785809624 ( 1785809624),261002875.000,Oct 2026,1,000,UNPAID,2026-10-04,2026-10-08,NaN,-,-,Purok 5 SnGabriel 1st Bayambang Pangasinan,NaN
NaN,TSG1_Irish_Bernarte,639305484410.000,5500061 ( 1730372827),261002876.000,Oct 2026,1,000,UNPAID,2026-10-22,2026-10-31,NaN,-,-,Purok 7 Brgy San Gabriel 1st Bayambang Pangasinan,NaN
NaN,TSG1_Jackielyn_Ramirez,639516348582.000,5500062 ( 1735979437),261002877.000,Oct 2026,1,000,UNPAID,2026-10-11,2026-10-20,NaN,-,-,Purok 7 San Gabriel 1st Bayambang Pangasinan,NaN
NaN,TSG1_Jimmy_Delosantos,639454900087.000,1783053835 ( 1783053835),261002878.000,Oct 2026,1,000,UNPAID,2026-10-07,2026-10-16,NaN,-,-,Purok 4 Sn. Gabriel 1st Bayambang Pangasinan OK,NaN
NaN,TSG1_Johnmark_Aquino,639858610225.000,1740637796 ( 1740637796),261002879.000,Oct 2026,1,000,UNPAID,2026-10-27,2026-11-05,NaN,-,-,Purok 3 SnGabriel 1st Bbang Pangasinan,NaN
NaN,TSG1_Josefa_Reloza,639667697790.000,5500009 ( 5500009),261002880.000,Oct 2026,1,000,UNPAID,2026-10-25,2026-11-03,NaN,-,-,San Gabriel 1st Bayambang Pangasinan OK,NaN
NaN,TSG1_Josephina_Sanchez,639150755454.000,1736730994 ( 1736730994),261002881.000,Oct 2026,1,000,UNPAID,2026-10-13,2026-10-22,NaN,-,-,Purok 4, SanGabriel 1st, Bbang, Pangasinan,NaN
NaN,TSG1_Judy_Marigmen,63912345678.000,240511112434 ( 1715397902),261002882.000,Oct 2026,1,000,UNPAID,2026-10-10,2026-10-19,NaN,-,-,Purok 6 San Gabriel 1st,NaN
NaN,TSG1_Kenneth_Villoria,639672741152.000,5500064 ( 1736317946),261002883.000,Oct 2026,1,000,UNPAID,2026-10-11,2026-10-15,NaN,-,-,Purok 3 Brgy Sn Gabriel 1st Bayambang Pangasinan,NaN
NaN,TSG1_Kervy_Paa,639635209829.000,5500008 ( 5500008),261002884.000,Oct 2026,1,000,UNPAID,2026-10-29,2026-11-07,NaN,-,-,Purok IV San Gabriel 1st Bayambang Pangasinan,NaN
NaN,TSG1_Leonida_Ramos,639663170097.000,5500045 ( 1715398280),261002885.000,Oct 2026,1,000,UNPAID,2026-10-10,2026-10-19,NaN,-,-,Purok 7 San Gabriel 1st Bayabang Pangasinan,NaN
NaN,TSG1_Letecia_Junio,639706531711.000,5500059 ( 1729214328),261002886.000,Oct 2026,1,000,UNPAID,2026-10-23,2026-10-27,NaN,-,-,Purok 3 Brgy San Gabriel 1st Bayambang Pangasinan,NaN
NaN,TSG1_Marcela_Ferrer,639858610225.000,1776515570 ( 1776515570),261002887.000,Oct 2026,1,000,UNPAID,2026-10-28,2026-11-06,NaN,-,-,Purok 2 SnGabriel 1st Bayambang Pangasinan,NaN
NaN,TSG1_Mikko_Veloria,639600884334.000,1740705128 ( 1740705128),261002888.000,Oct 2026,1,000,UNPAID,2026-10-28,2026-11-06,NaN,-,-,Purok 3 SanGabriel 1st Bbang Pangasinan,NaN
NaN,TSG1_Myr_Medrano,639674673691.000,5500066 ( 1743564845),261002889.000,Oct 2026,1,000,UNPAID,2026-10-02,2026-10-11,NaN,-,-,Purok 4, SnGabriel 1st Bayambang Pangasinan,NaN
NaN,TSG1_Retzhie_Villon,639159037313.000,1736749039 ( 1736749039),261002890.000,Oct 2026,1,000,UNPAID,2026-10-06,2026-10-10,NaN,-,-,Purok 4, SanGabriel 1st, Bbang, Pangasinan,NaN
NaN,TSG1_Riza_Cabansag,639568256749.000,1749452102 ( 1749452102),261002891.000,Oct 2026,1,000,UNPAID,2026-10-09,2026-10-18,NaN,-,-,Purok 4 SanGabriel 1st Bayambang Pangasinan,NaN
NaN,TSG1_Romel_DelaCruz,63927357409.000,230217114329 ( 230217114329),261002892.000,Oct 2026,1,000,UNPAID,2026-10-17,2026-10-26,NaN,-,-,San gabriel 1st Bayambang Pangasinan OK,NaN
NaN,TSG1_Victor_Paningbatan,6397064442438.000,230217115356 ( 230217115356),261002893.000,Oct 2026,1,000,UNPAID,2026-10-21,2026-10-30,NaN,-,-,San Gabriel 1st Bayambang Pnagsinan,NaN
NaN,TSG2_Analiza_Talinio,639956455847.000,1776133300 ( 1776133300),261002894.000,Oct 2026,1,000,UNPAID,2026-10-16,2026-10-25,NaN,-,-,Purok 2 Baltazar SnGabriel 2nd Bbang Pangasinan,NaN
NaN,TSG2_Marichu_Ragos,639512515690.000,1771495673 ( 1771495673),261002895.000,Oct 2026,1,000,UNPAID,2026-10-20,2026-10-24,NaN,-,-,Purok 2 Brgy Iton SnGabriel 2nd Bbang Pangasinan,NaN
NaN,TSG_Sarah_Cayabyab,639273768128.000,230217114628 ( 230217114628),261002896.000,Oct 2026,1,000,UNPAID,2026-10-28,2026-11-06,NaN,-,-,San Gabriel 1st Bayambang pangasinan,NaN
NaN,TSV_Allysa_Carpio,639685982861.000,1765952088 ( 1765952088),261002897.000,Oct 2026,1,000,UNPAID,2026-10-17,2026-10-26,NaN,-,-,Purok 7 Sn.Vicente Bunkulan Bbang,NaN
NaN,TSV_Anielyn_Quiray,639776924517.000,5700070 ( 1727590401),261002898.000,Oct 2026,1,000,UNPAID,2026-10-26,2026-11-04,NaN,-,-,Purok 6 Brgy SanVicente Bayambang Pangasinan,NaN
NaN,TSV_Arnold_Delacruz,639701967789.000,1750728032 ( 1750728032),261002899.000,Oct 2026,1,000,UNPAID,2026-10-24,2026-11-02,NaN,-,-,Purok 1 SanVicente Kapantulan Bayambang Pang OK,NaN
NaN,TSV_Charitty_Bato,639154125498.000,5700057 ( 1717490081),261002900.000,Oct 2026,1,000,UNPAID,2026-10-04,2026-10-13,NaN,-,-,Purok 6 San Vicente Bayambang,NaN
NaN,TSV_Chona_Bumalay,639074232245.000,230217142654 ( 230217142654),261002901.000,Oct 2026,1,000,UNPAID,2026-10-13,2026-10-22,NaN,-,-,San Vicente Bayambang Pangasinan,NaN
NaN,TSV_Delaila_Samson,639488338726.000,1784010637 ( 1784010637),261002902.000,Oct 2026,1,000,UNPAID,2026-10-15,2026-10-19,NaN,-,-,Purok 1 sitio kapantulan Sn.Vicente Bbang Pangasinan OK,NaN
NaN,TSV_Delfin_Erolin,639664855895.000,1785581601 ( 1785581601),261002903.000,Oct 2026,1,000,UNPAID,2026-10-02,2026-10-06,NaN,-,-,Purok 4 Sn.Vicente Bayambang Pangasinan OK,NaN
NaN,TSV_Dennis_Cabral,639270857295.000,230217143414 ( 230217143414),261002904.000,Oct 2026,1,000,UNPAID,2026-10-15,2026-10-24,NaN,-,-,San Vicente Bayambang Pangasinan,NaN
NaN,TSV_Denver_Espirito,639669822889.000,1755661048 ( 1755661048),261002905.000,Oct 2026,1,000,UNPAID,2026-10-20,2026-10-29,NaN,-,-,Purok 4 SanVicente Bbang Pangasinan OK,NaN
NaN,TSV_Desirely_Caranto,639317765784.000,5700073 ( 1730260535),261002906.000,Oct 2026,1,000,UNPAID,2026-10-08,2026-10-17,NaN,-,-,Purok 7 Brgy San Vicente Bayambang Pangasinan,NaN
NaN,TSV_Dick_Makabenta,639308790715.000,1759376419 ( 1759376419),261002907.000,Oct 2026,1,000,UNPAID,2026-10-02,2026-10-11,NaN,-,-,Purok 1 SanVicente Bayambang Pangasinan,NaN
NaN,TSV_Felimon_Prestoza,639150089300.000,1756273593 ( 1756273593),261002908.000,Oct 2026,1,000,UNPAID,2026-10-27,2026-11-05,NaN,-,-,Purok 6 Bunkulan Sn.Vicente Bbang Pangasinan,NaN
NaN,TSV_Gerardo_Cuison,639954369311.000,230217140132 ( 230217140132),261002909.000,Oct 2026,1,000,UNPAID,2026-10-01,2026-10-10,NaN,-,-,San Vicente Bayambang Pangasinan,NaN
NaN,TSV_Imelda_Cuison,639460840416.000,230217135231 ( 230217135231),261002910.000,Oct 2026,1,000,UNPAID,2026-10-04,2026-10-13,NaN,-,-,San Vicente Bayambang Pangasinan,NaN
NaN,TSV_Isabelita_Sison,6395131050955.000,1744614013 ( 1744614013),261002911.000,Oct 2026,1,000,UNPAID,2026-10-14,2026-10-23,NaN,-,-,Purok 1 Kapabtulan SanVicente Bbang Pangasinan,NaN
NaN,TSV_Ivy_Macaryola,639673002770.000,230217144917 ( 230217144917),261002912.000,Oct 2026,1,000,UNPAID,2026-10-26,2026-11-04,NaN,-,-,SAN VICENTE BYB PNG,NaN
NaN,TSV_Jefrey_Pichay,639813081296.000,230217144161 ( 230217144161),261002913.000,Oct 2026,1,000,UNPAID,2026-10-20,2026-10-29,NaN,-,-,Purok 5 Brgy San Vicente BAyambang Pangasinan,NaN
NaN,TSV_Jenny_Jimenez,639504943579.000,1765351059 ( 1765351059),261002914.000,Oct 2026,1,000,UNPAID,2026-10-10,2026-10-19,NaN,-,-,Purok 6 Sn.Vicente Bbang Pangasinan,NaN
NaN,TSV_Jonnalyn_Cabral,639451801651.000,230217135852 ( 230217135852),261002915.000,Oct 2026,1,000,UNPAID,2026-10-01,2026-10-10,NaN,-,-,San Vicente Bayambang Pangasinan,NaN
NaN,TSV_Julie_Junio,639307354876.000,5700063 ( 1720417979),261002916.000,Oct 2026,1,000,UNPAID,2026-10-08,2026-10-12,NaN,-,-,Purok 5 San Vicente Bayambang Pangasinan,NaN
NaN,TSV_Kaycy_Sison,639150985667.000,5700068 ( 1724367750),261002917.000,Oct 2026,1,000,UNPAID,2026-10-22,2026-10-31,NaN,-,-,Purok 6 Brgy San Vicenta Bayambang Pangasinan,NaN
NaN,TSV_Kimberly_Quiray,639663185294.000,5700074 ( 1730386060),261002918.000,Oct 2026,1,000,UNPAID,2026-10-09,2026-10-18,NaN,-,-,Purok 7 Brgy San Vicente Bayambang Pangasinan,NaN
NaN,TSV_Kimberly_Tayo,639267392815.000,1762410897 ( 1762410897),261002919.000,Oct 2026,1,000,UNPAID,2026-10-06,2026-10-15,NaN,-,-,Purok 6, SanVicente Bayambang Pangasinan bunkulan OK,NaN
NaN,TSV_Kristian_Marcos,639707275617.000,1740710343 ( 1740710343),261002920.000,Oct 2026,1,000,UNPAID,2026-10-28,2026-11-06,NaN,-,-,Purok 4 Espiritu Comp SanVicente Bbang Pangasinan,NaN
NaN,TSV_Lheo_Sison,639621833193.000,1751436235 ( 1751436235),261002921.000,Oct 2026,1,000,UNPAID,2026-10-02,2026-10-11,NaN,-,-,Purok 6 SanVicente Bunkulan Bayambang Pangasinan 201-4BYB64LCP1NP6P11 Near Nancy Store Jerome / Piolo,NaN
NaN,TSV_Loreta_Ramirez,639384402987.000,5700082 ( 1732873485),261002922.000,Oct 2026,1,000,UNPAID,2026-10-15,2026-10-24,NaN,-,-,Zone 6 Brgy San Vicente Bayambang Pangasinan,NaN
NaN,TSV_Lorna_Cuison,639260081921.000,1737079328 ( 1737079328),261002923.000,Oct 2026,1,000,UNPAID,2026-10-17,2026-10-26,NaN,-,-,Purok 6 Bunkulan, SanVicente, Bbang Pangasinan,NaN
NaN,TSV_Lyka_Sison,639123456789.000,230221183053 ( 230221183053),261002924.000,Oct 2026,1,000,UNPAID,2026-10-24,2026-11-02,NaN,-,-,Brgy Bungkulan San Vicente BAyambang Pangasinan,NaN
NaN,TSV_Mailene_Arboleda,639163051954.000,1777433125 ( 1777433125),261002925.000,Oct 2026,799.000,UNPAID,2026-10-28,2026-11-06,NaN,-,-,Purok 4 Sn.Vicente Bayambang Pangasinan OK,NaN
NaN,TSV_Marita_Trinos,639457530196.000,1739513084 ( 1739513084),261002926.000,Oct 2026,1,000,UNPAID,2026-10-14,2026-10-23,NaN,-,-,Purok 3 SanVicente Bayambang Pangasinan OK,NaN
NaN,TSV_Marites_Siojo,639956457924.000,1746163890 ( 1746163890),261002927.000,Oct 2026,1,000,UNPAID,2026-10-02,2026-10-11,NaN,-,-,Purok 4, SanVicente Bbang Pangasinan Espiritu Comp.,NaN
NaN,TSV_Marivic_Ramirez,639924106580.000,1781709685 ( 1781709685),261002928.000,Oct 2026,799.000,UNPAID,2026-10-18,2026-10-22,NaN,-,-,Purok 6 Bunkulan Sn.Vicente Bayambang Pangasinan OK,NaN
NaN,TSV_Marvin_Flores,639155065404.000,230217142414 ( 230217142414),261002929.000,Oct 2026,1,000,UNPAID,2026-10-13,2026-10-22,NaN,-,-,San Vicente Bayambang Pangasinan,NaN
NaN,TSV_Maryden_Ramirez,639227670179.000,1781866460 ( 1781866460),261002930.000,Oct 2026,1,000,UNPAID,2026-10-20,2026-10-26,NaN,-,-,Purok 6 Sn.Vicente Bunkulan Bbang Pangasinan,NaN
NaN,TSV_Menchie_Tomas,639399441608.000,5700062 ( 1720016001),261002931.000,Oct 2026,1,000,UNPAID,2026-10-03,2026-10-12,NaN,-,-,Purok 6 San Vicente Bayambang Pangasinan,NaN
NaN,TSV_Mercedes_Espiritu,639300867367.000,1758332800 ( 1758332800),261002932.000,Oct 2026,1,000,UNPAID,2026-10-22,2026-10-26,NaN,-,-,Purok 4 SanVicente Bbang Pangasinan,NaN
NaN,TSV_Mercy_Cuison,639156652629.000,230217141913 ( 230217141913),261002933.000,Oct 2026,1,000,UNPAID,2026-10-13,2026-10-22,NaN,-,-,San Vicente Bayambang Pangasinan,NaN
NaN,TSV_Mida_Calimlim,639977930394.000,1768261413 ( 1768261413),261002934.000,Oct 2026,1,000,UNPAID,2026-10-13,2026-10-22,NaN,-,-,Purok 1 Sn.Vicente Bbang Pangasinan,NaN
NaN,TSV_Perlita_Tomas,639516348790.000,5700055 ( 1716965161),261002935.000,Oct 2026,1,000,UNPAID,2026-10-28,2026-11-06,NaN,-,-,San Vicente Bayambang Pangasinan,NaN
NaN,TSV_Raymart_Sinay,639959104761.000,5700079 ( 1732866063),261002936.000,Oct 2026,1,000,UNPAID,2026-10-13,2026-10-22,NaN,-,-,Purok 1 Sitio Kapantulan San Vicente Bayambang Pangasiinan,NaN
NaN,TSV_Ricamae_Bato,639455005755.000,1767883223 ( 1767883223),261002937.000,Oct 2026,1,000,UNPAID,2026-10-10,2026-10-19,NaN,-,-,Purok 6 Bunkulan Bayambang Pangasinan,NaN
NaN,TSV_Ricamae_Flores,639208610706.000,230217144619 ( 230217144619),261002938.000,Oct 2026,1,000,UNPAID,2026-10-26,2026-11-04,NaN,-,-,San Vicente Bayambang Pangasinan,NaN
NaN,TSV_Rolly_Solomon,639913032672.000,1777374796 ( 1777374796),261002939.000,Oct 2026,1,000,UNPAID,2026-10-28,2026-11-06,NaN,-,-,Purok 4 Sn.Vicente Bayambang Pangasinan,NaN
NaN,TSV_Ronalyn_Espiritu,639388186313.000,1784801914 ( 1784801914),261002940.000,Oct 2026,1,000,UNPAID,2026-10-24,2026-10-28,NaN,-,-,Purok 4 Espiritu Compound Sn.Vicente Bayambang Pangasinan,NaN
NaN,TSV_Ruby_Orena,639274262744.000,230214104543 ( 230214104543),261002941.000,Oct 2026,1,000,UNPAID,2026-10-17,2026-10-26,NaN,-,-,Brgy Bungkulan San Vicente Bayambang Pangasinan,NaN
NaN,TSV_Vilma_Sison,639262759500.000,230217150039 ( 230217150039),261002942.000,Oct 2026,1,000,UNPAID,2026-10-28,2026-11-01,NaN,-,-,San Vicente bayambang Pangasinan,NaN
NaN,TSV_Virgilio_Cabral,639107447484.000,1764125123 ( 1764125123),261002943.000,Oct 2026,1,000,UNPAID,2026-10-26,2026-11-04,NaN,-,-,Purok 6 Sn.Vicente Bbang Pangasinan,NaN
NaN,TSV_Zeny_Sacman,639274273253.000,5700065 ( 1722930897),261002944.000,Oct 2026,1,000,UNPAID,2026-10-28,2026-11-06,NaN,-,-,SanVicente Bayambang Pangasinan,NaN
NaN,TTAM_Charizza_Tamayo,639318397603.000,1776137392 ( 1776137392),261002945.000,Oct 2026,799.000,UNPAID,2026-10-14,2026-10-23,NaN,-,-,Purok 1 Tampog Bayambang Pangasinan,NaN
NaN,TTAM_Cheryl_Mamaril,639163338945.000,1755653420 ( 1755653420),261002946.000,Oct 2026,1,000,UNPAID,2026-10-20,2026-10-29,NaN,-,-,Purok 4, Tampog Bbng Pangasinan Port 5 Tech: Jhun,NaN
NaN,TTAM_Gener_Encinas,639682862679.000,1772690518 ( 1772690518),261002947.000,Oct 2026,1,000,UNPAID,2026-10-09,2026-10-18,NaN,-,-,Purok 3 Tampog Bayambang Pangasinan OK,NaN
NaN,TTAM_Janeth_Sagun,639318640896.000,1787059353 ( 1787059353),261002948.000,Oct 2026,1,000,UNPAID,2026-10-27,2026-10-31,NaN,-,-,Purok 3 Tampog Bayambang Pangasinan,NaN
NaN,TTAM_Jeany_Gamangan,639752424621.000,1771070524 ( 1771070524),261002949.000,Oct 2026,1,000,UNPAID,2026-10-16,2026-10-25,NaN,-,-,Purok 2, Tampog Bbang Pangasinan,NaN
NaN,TTAM_Jhona_Bumatay,639703128355.000,1771141403 ( 1771141403),261002950.000,Oct 2026,1,000,UNPAID,2026-10-16,2026-10-23,NaN,-,-,Purok 4 Tampog Bayambang Pangasinan,NaN
NaN,TTAM_Jolina_Bellen,639101343747.000,1789110106 ( 1789110106),261002951.000,Oct 2026,1,000,UNPAID,2026-10-17,2026-10-21,NaN,-,-,Purok 4 Tampog Bayambang Pangasinan,NaN
NaN,TTAM_Jupiter_Masabio,639932479475.000,1757038326 ( 1757038326),261002952.000,Oct 2026,1,000,UNPAID,2026-10-05,2026-10-14,NaN,-,-,Purok 2 Tampog Bbang Pangasinan,NaN
NaN,TTAM_Lea_Maregmen,639497137017.000,1766451299 ( 1766451299),261002953.000,Oct 2026,1,000,UNPAID,2026-10-23,2026-11-01,NaN,-,-,Purok 4 Tampog Bayambang Pangasinan,NaN
NaN,TTAM_Nathaniel_Suyat,639487852032.000,6300036 ( 1730260754),261002954.000,Oct 2026,1,000,UNPAID,2026-10-09,2026-10-13,NaN,-,-,Purok 5 Brgy Tampog Bayambang Pangasinan,NaN
NaN,TTAM_Rowena_Bumatay,639707232862.000,1766718269 ( 1766718269),261002955.000,Oct 2026,1,000,UNPAID,2026-10-26,2026-11-04,NaN,-,-,Purok 4 Tampog Bayambang Pangasinan,NaN
NaN,TTAN_Aldrin_Martinez,639942471684.000,1789385798 ( 1789385798),261002956.000,Oct 2026,1,000,UNPAID,2026-10-17,2026-10-21,NaN,-,-,Purok 1 Tanoling Bbang Pangasinan- Centro Plaza,NaN
NaN,TTAN_Elma_Macaraeg,639519585381.000,1781307421 ( 1781307421),261002957.000,Oct 2026,1,000,UNPAID,2026-10-14,2026-10-18,NaN,-,-,Hacienda Purok 2 Tanolong Bbang Pangasinan OK,NaN
NaN,TTAN_Erlinda_Junio,639158719354.000,1781308207 ( 1781308207),261002958.000,Oct 2026,799.000,UNPAID,2026-10-14,2026-10-18,NaN,-,-,Purok 3 Tanolong Bbang Pangasinan,NaN
NaN,TTAN_Rebecca_Martinez,639481153322.000,230427090329 ( 230427090329),261002959.000,Oct 2026,1,000,UNPAID,2026-10-26,2026-11-04,NaN,-,-,Purok 1 Tanolong Bayambang Pangasinan,NaN
NaN,TTA_Florencio_Bato,639615848231.000,1767413960 ( 1767413960),261002960.000,Oct 2026,1,000,UNPAID,2026-10-10,2026-10-19,NaN,-,-,Purok 2, Tatarac Bbng Pangasinan OK,NaN
NaN,TTA_Lilia_Asuncion,639919379942.000,230217134803 ( 230217134803),261002961.000,Oct 2026,1,000,UNPAID,2026-10-04,2026-10-08,NaN,-,-,Tatarac Bayambang Pangasinan,NaN
NaN,TTE_Ervin_Gabriel,639454219950.000,6600040 ( 1724122856),261002962.000,Oct 2026,1,000,UNPAID,2026-10-19,2026-10-28,NaN,-,-,BRGY TELBANG HIGHWAY BYB PNG,NaN
NaN,TTE_Ginalyn_Esmoria,639452104854.000,6600050 ( 1726566809),261002963.000,Oct 2026,799.000,UNPAID,2026-10-12,2026-10-16,NaN,-,-,PUROK 6 BRGY TELBANG BYB PNG,NaN
NaN,TTE_Jamaia_Diampuan,639810887978.000,1749458588 ( 1749458588),261002964.000,Oct 2026,1,000,UNPAID,2026-10-09,2026-10-18,NaN,-,-,Purok 7, Telbang Bbang Pangasinan,NaN
NaN,TTE_Joseph_Gomez,639503935435.000,1737767710 ( 1737767710),261002965.000,Oct 2026,1,000,UNPAID,2026-10-26,2026-11-04,NaN,-,-,PUROK 1, TELBANG BYB PNG,NaN
NaN,TTE_Julius_Padua2,639171571379.000,1737783329 ( 1737783329),261002966.000,Oct 2026,1,000,UNPAID,2026-10-25,2026-11-03,NaN,-,-,Purok 1, Telbang Bbang Pangasinan,NaN
NaN,TTE_Mialyn_Gabriel,639291564618.000,6600057 ( 1730390084),261002967.000,Oct 2026,1,000,UNPAID,2026-10-28,2026-11-06,NaN,-,-,BRGY TELBANG BYB PNG,NaN
NaN,TTE_Minso_Amer,639483423928.000,1773581727 ( 1773581727),261002968.000,Oct 2026,1,000,UNPAID,2026-10-17,2026-10-21,NaN,-,-,Muslim compound Telbang Bayambang Pangasinan,NaN
NaN,TTE_Victor_Dulay,639816686008.000,1751441446 ( 1751441446),261002969.000,Oct 2026,1,000,UNPAID,2026-10-02,2026-10-11,NaN,-,-,25 Telbang Bbang Pangasinan Beside Petron Gas station Telbang OK,NaN
NaN,TWAR_Aljon_Aglosolos,639663178701.000,1783180163 ( 1783180163),261002970.000,Oct 2026,1,000,UNPAID,2026-10-06,2026-10-10,NaN,-,-,Purok 4 Warding Bayambang Pangasinan,NaN
NaN,TWAR_Allan_Juaquin,639504470358.000,6900001 ( 6900001),261002971.000,Oct 2026,1,000,UNPAID,2026-10-13,2026-10-22,NaN,-,-,Purok 2 Brgy Warding Bayambang Pangasinan OK,NaN
NaN,TWAR_Almhea_Agustine,639667265002.000,1741576904 ( 1741576904),261002972.000,Oct 2026,1,000,UNPAID,2026-10-10,2026-10-19,NaN,-,-,Purok 4 Warding Bayambang Pangasinan,NaN
NaN,TWAR_Beberly_Delacruz,639388205130.000,1756264938 ( 1756264938),261002973.000,Oct 2026,1,000,UNPAID,2026-10-27,2026-11-05,NaN,-,-,Purok 3 Warding Bayambang Pangasinan,NaN
NaN,TWAR_Clarita_Grospe,639666655999.000,1744075704 ( 1744075704),261002974.000,Oct 2026,1,000,UNPAID,2026-10-08,2026-10-12,NaN,-,-,Purok 2, Warding Bbang Pangasinan,NaN
NaN,TWAR_Cris_Grospe,639153586457.000,6900035 ( 1723284364),261002975.000,Oct 2026,1,000,UNPAID,2026-10-22,2026-10-26,NaN,-,-,Purok 5 Brgy Warding Bayambang Pangasinan,NaN
NaN,TWAR_Eliza_Santos,639279130264.000,1759212162 ( 1759212162),261002976.000,Oct 2026,1,000,UNPAID,2026-10-30,2026-11-08,NaN,-,-,Purok 5 Warding Bayambang Pangasinan,NaN
NaN,TWAR_Evangeline_Romero,639455225356.000,6900034 ( 1723284261),261002977.000,Oct 2026,1,000,UNPAID,2026-10-10,2026-10-19,NaN,-,-,Purok 5 Brgy Warding Bayambang Pangasinan,NaN
NaN,TWAR_Fmark_Santos,639092785755.000,1737355772 ( 1737355772),261002978.000,Oct 2026,1,000,UNPAID,2026-10-20,2026-10-29,NaN,-,-,Purok 5, Warding Bayambang Pangasinan,NaN
NaN,TWAR_Jake_Esteban,639483546179.000,6900006 ( 6900006),261002979.000,Oct 2026,1,000,PAID,2026-10-01,2026-10-10,2026-10-01,Cash,-,Purok 2 Brgy Warding Bayambang Pangasinan,NaN
NaN,TWAR_Jay_Pablo,639153591993.000,1766381389 ( 1766381389),261002980.000,Oct 2026,1,000,UNPAID,2026-10-27,2026-11-05,NaN,-,-,Purok 5 Warding Bayambang Pangasinan,NaN
NaN,TWAR_Jeffrey_Torres,639468564998.000,1735955165 ( 1735955165),261002981.000,Oct 2026,1,000,UNPAID,2026-10-04,2026-10-13,NaN,-,-,Purok 5 Warding Bayambang Pangasinan,NaN
NaN,TWAR_Joanarie_Esteban,6391234567890.000,6900017 ( 6900017),261002982.000,Oct 2026,1,000,UNPAID,2026-10-11,2026-10-20,NaN,-,-,Brgy Warding Bayambang Pangasinan,NaN
NaN,TWAR_Joeseann_Panonce,639810789382.000,6900030 ( 1716804540),261002983.000,Oct 2026,1,000,UNPAID,2026-10-27,2026-11-05,NaN,-,-,Purok 4 Warding Bayambang Pangasinan,NaN
NaN,TWAR_Joselito_Torres,639393507166.000,6900041 ( 1735885465),261002984.000,Oct 2026,1,000,UNPAID,2026-10-03,2026-10-12,NaN,-,-,Purok 5 Brgy Warding Bayambang Pangasinan OK,NaN
NaN,TWAR_Jumar_Palce,639456503502.000,1756258665 ( 1756258665),261002985.000,Oct 2026,1,000,UNPAID,2026-10-02,2026-10-06,NaN,-,-,Purok 3 Warding Bayambang Pangasinan,NaN
NaN,TWAR_Racquel_Igual,639859757843.000,6900040 ( 1732861228),261002986.000,Oct 2026,1,000,UNPAID,2026-10-21,2026-10-30,NaN,-,-,Purok 4 Brgy Wardin Bayambang Pangasinan,NaN