NaN,Name,Phone,Account No,Invoice No,Period,Total,Status,Due Date,Isolir Date,Date Payment,Payment Method,Reference,Address,Action
NaN,TWAR_Rowena_Beltran,639472019028.000,6900032 ( 1719848301),261002987.000,Oct 2026,1,000,UNPAID,2026-10-01,2026-10-10,NaN,-,-,Purok 3 Warding Bayambang Pangasinan,NaN
NaN,TWAR_Sheryl_Castro,639516172837.000,1782128568 ( 1782128568),261002988.000,Oct 2026,1,000,UNPAID,2026-10-23,2026-10-27,NaN,-,-,Purok 5 Warding Bayambang Pangasinan OK,NaN
NaN,TWA_Aira_Bautista,639277805773.000,1789608703 ( 1789608703),261002989.000,Oct 2026,1,000,UNPAID,2026-10-17,2026-10-21,NaN,-,-,Purok 4 wawa tanggal Bbang Pangasinan,NaN
NaN,TWA_Arjay_Junio,639123456789.000,230211175980 ( 230211175980),261002990.000,Oct 2026,1,000,UNPAID,2026-10-12,2026-10-21,NaN,-,-,Brgy Wawa Bayambang Pangasinan,NaN
NaN,TWA_Benigna_Clemente,639494248006.000,230214104557 ( 230214104557),261002991.000,Oct 2026,1,000,UNPAID,2026-10-28,2026-11-06,NaN,-,-,Purok 4 Brgy Wawa Bayambang Pangasinan,NaN
NaN,TWA_Brenda_Junio,639279966122.000,1777168523 ( 1777168523),261002992.000,Oct 2026,1,000,UNPAID,2026-10-27,2026-11-05,NaN,-,-,Purok 4 Wawa Tanggal Bbang Pangasinan,NaN
NaN,TWA_Budong_Mejia,639254827429.000,7000023 ( 1716010435),261002993.000,Oct 2026,799.000,UNPAID,2026-10-18,2026-10-27,NaN,-,-,Purok 4 Wawa Bayambang Pangasinan,NaN
NaN,TWA_Celia_Iling,639279126560.000,5300008 ( 5300008),261002994.000,Oct 2026,1,000,UNPAID,2026-10-13,2026-10-17,NaN,-,-,Purok 4 Brgy Pugo Bayambang Pangasinan OK,NaN
NaN,TWA_Cristal_Dulay,639673215636.000,7000038 ( 1732866245),261002995.000,Oct 2026,1,000,UNPAID,2026-10-13,2026-10-22,NaN,-,-,Purok 4 Brgy Wawa Bayambang Pangasinan,NaN
NaN,TWA_Cristina_Menor,639926016466.000,1767369802 ( 1767369802),261002996.000,Oct 2026,1,000,UNPAID,2026-10-05,2026-10-14,NaN,-,-,Purok 4 Wawa Tanggal Bbang Pangasinan,NaN
NaN,TWA_Dermalin_Salvador,639919370617.000,7000012 ( 7000012),261002997.000,Oct 2026,1,000,UNPAID,2026-10-02,2026-10-11,NaN,-,-,Purok IV Brgy Wawa Bayambang Pangasinan,NaN
NaN,TWA_Emerson_Simpliciano,639174619812.000,230217090109 ( 230217090109),261002998.000,Oct 2026,1,000,UNPAID,2026-10-13,2026-10-22,NaN,-,-,BRGY. WAWA BYB PNG,NaN
NaN,TWA_Emma_Serrano,639567958485.000,7000025 ( 1718073435),261002999.000,Oct 2026,1,000,UNPAID,2026-10-27,2026-11-05,NaN,-,-,Purok 4 Wawa Bayambang Pangasinan,NaN
NaN,TWA_Ernesto_Cancino,639707721366.000,1774228811 ( 1774228811),261003000.000,Oct 2026,1,000,UNPAID,2026-10-24,2026-11-02,NaN,-,-,Purok 4, Wawa Tanggal Bbang Pangasinan,NaN
NaN,TWA_Fatima_Beltran_Manlangit(tintin),639353337039.000,7000028 ( 1719549061),261003001.000,Oct 2026,1,000,UNPAID,2026-10-28,2026-11-06,NaN,-,-,Purok 4 Wawa Bayambang Pangasinan,NaN
NaN,TWA_Gemma_Sultan,639267101203.000,1774401524 ( 1774401524),261003002.000,Oct 2026,1,000,UNPAID,2026-10-26,2026-11-04,NaN,-,-,Purok 4 Wawa Bayambang Pangasinan,NaN
NaN,TWA_Generose_Padilla,639123456789.000,7000017 ( 7000017),261003003.000,Oct 2026,1,000,UNPAID,2026-10-20,2026-10-29,NaN,-,-,Brgy Wawa Bayambang Pangasinan OK,NaN
NaN,TWA_Glydel_Peralta,639482733203.000,1787059209 ( 1787059209),261003004.000,Oct 2026,1,000,UNPAID,2026-10-20,2026-10-24,NaN,-,-,Purok 2, Covid st. WAWA higway Bbang Pangasinan,NaN
NaN,TWA_Grace_Aquino,639062666696.000,1773633724 ( 1773633724),261003005.000,Oct 2026,1,000,UNPAID,2026-10-17,2026-10-26,NaN,-,-,Purok 2 Wawa Bayambang Pangasinan,NaN
NaN,TWA_Guillermo_Junio,639272091605.000,1764809424 ( 1764809424),261003006.000,Oct 2026,1,000,UNPAID,2026-10-04,2026-10-13,NaN,-,-,Purok 3 Wawa Bayambang Pangasinan,NaN
NaN,TWA_Harold_Dumapit,639123456789.000,230211175985 ( 230211175985),261003007.000,Oct 2026,1,000,UNPAID,2026-10-11,2026-10-20,NaN,-,-,BRGY WAWA BYB PNG OK,NaN
NaN,TWA_Jean_Sabado,639669903964.000,7000032 ( 1723090576),261003008.000,Oct 2026,1,000,UNPAID,2026-10-07,2026-10-11,NaN,-,-,Purok 3 Brgy Wawa Bayambang Pangasinan,NaN
NaN,TWA_Jelyn_Villon,639307972656.000,1782451702 ( 1782451702),261003009.000,Oct 2026,1,000,UNPAID,2026-10-26,2026-10-30,NaN,-,-,Purok 4, Wawa, Bayambang, Pangasinan.,NaN
NaN,TWA_Jeson_Velasco,639776935543.000,1759113185 ( 1759113185),261003010.000,Oct 2026,900.000,UNPAID,2026-10-29,2026-11-07,NaN,-,-,Purok 4 Wawa Tanggal Bbang Pangasinan,NaN
NaN,TWA_Jewel_David,639455415699.000,1748241343 ( 1748241343),261003011.000,Oct 2026,1,000,UNPAID,2026-10-26,2026-11-04,NaN,-,-,Purok 3 Wawa Alfiesta Bbang Pangasinan,NaN
NaN,TWA_Jhaps_Junio,639467688999.000,230214104552 ( 230214104552),261003012.000,Oct 2026,1,000,UNPAID,2026-10-13,2026-10-17,NaN,-,-,Purok 4 Brgy Wawa Bayambang Pangasinan,NaN
NaN,TWA_Jhun_Cayabyab,639266429414.000,7000040 ( 1735892744),261003013.000,Oct 2026,1,000,UNPAID,2026-10-03,2026-10-12,NaN,-,-,Purok 4 Brgy Wawa Bayambang Pangasinan,NaN
NaN,TWA_Jonelyn_Salonga,639611136636.000,1742434017 ( 1742434017),261003014.000,Oct 2026,1,000,UNPAID,2026-10-20,2026-10-29,NaN,-,-,Purok 1, Wawa Bbang Pangasinan,NaN
NaN,TWA_Jonelyn_Salonga2,639608171837.000,1752653652 ( 1752653652),261003015.000,Oct 2026,1,500,UNPAID,2026-10-16,2026-10-25,NaN,-,-,PUROK 2 WAWA, BYB PNG / / 201-3BYB7LCP1NP7P11 Johan/ Michael,NaN
NaN,TWA_Joseph_Padilla,639549752579.000,1783595617 ( 1783595617),261003016.000,Oct 2026,1,000,UNPAID,2026-10-10,2026-10-19,NaN,-,-,Purok 4 Tanggal Wawa Bayambang Pangasinan OK,NaN
NaN,TWA_Jovani_Talinio,639267101203.000,1781354593 ( 1781354593),261003017.000,Oct 2026,1,000,UNPAID,2026-10-15,2026-10-19,NaN,-,-,Purok 4 Wawa Tanggal Bbang Pangasinan,NaN
NaN,TWA_Juanita_Bato,639770518861.000,1743573073 ( 1743573073),261003018.000,Oct 2026,1,000,UNPAID,2026-10-02,2026-10-11,NaN,-,-,Purok 3 Wawa Alfiesta Bbang Pangasinan,NaN
NaN,TWA_Judilyn_Beltran,639812675880.000,7000011 ( 7000011),261003019.000,Oct 2026,1,000,UNPAID,2026-10-03,2026-10-12,NaN,-,-,Purok 4 Brgy Wawa Bayambang Pangasinan,NaN
NaN,TWA_Kagawad_Mando,639285399882.000,230214104554 ( 230214104554),261003020.000,Oct 2026,800.000,UNPAID,2026-10-03,2026-10-12,NaN,-,-,Purok 1 Brgy Wawa Bayambang Pangasinan OK,NaN
NaN,TWA_Karla_Fernandez,639157733213.000,1774937910 ( 1774937910),261003021.000,Oct 2026,1,000,UNPAID,2026-10-01,2026-10-10,NaN,-,-,Purok 4 Wawa Tanggal Bbang Pangasinan,NaN
NaN,TWA_Lovely_Bustarde,639511227738.000,1758279545 ( 1758279545),261003022.000,Oct 2026,1,000,UNPAID,2026-10-19,2026-10-28,NaN,-,-,Purok 2, Wawa Bayambang,NaN
NaN,TWA_Lyka_Menor,639673904311.000,1783129893 ( 1783129893),261003023.000,Oct 2026,799.000,UNPAID,2026-10-10,2026-10-14,NaN,-,-,Purok 4 Wawa Tanggal Bbang Pangasinan,NaN
NaN,TWA_Marinelle_Talino,639123456789.000,7000009 ( 7000009),261003024.000,Oct 2026,1,000,UNPAID,2026-10-05,2026-10-14,NaN,-,-,Purok 4 Brgy Tanggal Brgy Wawa Bayambang Pangasinan,NaN
NaN,TWA_Mario_Junio,639163338945.000,1748225696 ( 1748225696),261003025.000,Oct 2026,1,000,UNPAID,2026-10-01,2026-10-05,NaN,-,-,Purok 3 Wawa Alfiesta Bbang Pangasinan,NaN
NaN,TWA_Marivic_Junio,639153021951.000,7000010 ( 7000010),261003026.000,Oct 2026,1,000,UNPAID,2026-10-15,2026-10-24,NaN,-,-,Purok 4 Brgy Tanggal Bayambang Pangasinan,NaN
NaN,TWA_Marlo_Delacruz,639075190982.000,230211175981 ( 230211175981),261003027.000,Oct 2026,1,000,UNPAID,2026-10-19,2026-10-23,NaN,-,-,Brgy Wawa Bayambang Pangasinan OK,NaN
NaN,TWA_Melody_Beltran,639663178639.000,230214104558 ( 230214104558),261003028.000,Oct 2026,1,000,UNPAID,2026-10-28,2026-11-06,NaN,-,-,Purok 4 Brgy Wawa Bayambang Pangasinan,NaN
NaN,TWA_Michael_Cervantes,639690567224.000,230214104556 ( 230214104556),261003029.000,Oct 2026,1,000,UNPAID,2026-10-27,2026-10-31,NaN,-,-,Purok 4 Brgy Wawa Bayambang Pangasinan,NaN
NaN,TWA_Michelle_Sabado,639617547392.000,1775454820 ( 1775454820),261003030.000,Oct 2026,1,000,UNPAID,2026-10-08,2026-10-17,NaN,-,-,Purok 3 Wawa Alfiesta Bbang Pangasinan OK,NaN
NaN,TWA_Michelle_Sarnate,639094956568.000,1741595090 ( 1741595090),261003031.000,Oct 2026,1,000,UNPAID,2026-10-10,2026-10-19,NaN,-,-,Purok 1, Wawa Bbang Pangasinan,NaN
NaN,TWA_Myrna_Menor,639669741234.000,7000029 ( 1722855147),261003032.000,Oct 2026,1,000,UNPAID,2026-10-02,2026-10-11,NaN,-,-,Purok 4 Brgy Wawa Bayambang Pangasinan OK,NaN
NaN,TWA_Rojean_Cayabyab,639351667241.000,1764556864 ( 1764556864),261003033.000,Oct 2026,1,000,UNPAID,2026-10-01,2026-10-10,NaN,-,-,Purok 4 Wawa Bayambang Pangasinan,NaN
NaN,TWA_Ronald_Delacruz,639567949968.000,230214104548 ( 230214104548),261003034.000,Oct 2026,1,000,UNPAID,2026-10-28,2026-11-06,NaN,-,-,PUROK 4 BRGY WAWA BYB PNG,NaN
NaN,TWA_Rosalinda_Delacruz,639705379724.000,1788229967 ( 1788229967),261003035.000,Oct 2026,1,000,UNPAID,2026-10-01,2026-10-05,NaN,-,-,Purok 4 Tanggal Wawa Bayambang Pangasinan,NaN
NaN,TWA_Ruvi_Favi,639994313836.000,7000008 ( 7000008),261003036.000,Oct 2026,1,000,UNPAID,2026-10-26,2026-11-04,NaN,-,-,Purok 4 Tangal Brgy Wawa Bayambang Pangasinan,NaN
NaN,TWA_Sandy_Devera,639123456789.000,7000003 ( 7000003),261003037.000,Oct 2026,800.000,UNPAID,2026-10-21,2026-10-30,NaN,-,-,Brgy Wawa Bayambang Pangasinan,NaN
NaN,TWA_Virgie_Cerezo,639685898674.000,1787219404 ( 1787219404),261003038.000,Oct 2026,1,000,UNPAID,2026-10-22,2026-10-26,NaN,-,-,Purok 2 Covid st. Wawa Bayambang Pangasinan,NaN
NaN,TWA_Wawa_Es,639988651108.000,1764564174 ( 1764564174),261003039.000,Oct 2026,1,500,UNPAID,2026-10-10,2026-10-14,NaN,-,-,Purok 2 Wawa Elemantary School Bbang OK,NaN
NaN,TZ1_Alvin_Lucena,639455824526.000,1774095162 ( 1774095162),261003040.000,Oct 2026,1,000,UNPAID,2026-10-24,2026-10-28,NaN,-,-,Zone 1 Comercial strip stall Quezon Blvd Bayambang Pangasinan,NaN
NaN,TZ1_Ian_Agbuya,639230901895.000,1740620064 ( 1740620064),261003041.000,Oct 2026,1,000,UNPAID,2026-10-27,2026-11-05,NaN,-,-,Zone 1, Public Market Bbang Pangasinan,NaN
NaN,TZ1_Marichu_Cayabyab,639065925157.000,1738285474 ( 1738285474),261003042.000,Oct 2026,1,000,UNPAID,2026-10-28,2026-11-06,NaN,-,-,Zone 1, Public Market, Bbang Pangasinan,NaN
NaN,TZ1_Marlito_Padua,639185499663.000,1746150260 ( 1746150260),261003043.000,Oct 2026,1,000,UNPAID,2026-10-02,2026-10-07,NaN,-,-,Zone 1 Public Market Bbang Pangasinan,NaN
NaN,TZ1_Rasad_Imam,639638506827.000,1746153390 ( 1746153390),261003044.000,Oct 2026,1,000,UNPAID,2026-10-02,2026-10-11,NaN,-,-,Zone 1 Public Market Bbang Pangasinan,NaN
NaN,TZ1_Sohaimen_Andog,639305181040.000,1739257737 ( 1739257737),261003045.000,Oct 2026,1,000,UNPAID,2026-10-11,2026-10-20,NaN,-,-,Zone 1 Public Market Bbang Pangasinan,NaN
NaN,TZ4_Jenalyn_Arevalo,639481520999.000,1769943841 ( 1769943841),261003046.000,Oct 2026,1,000,UNPAID,2026-10-13,2026-10-22,NaN,-,-,Zone 4 Rizal ave. Bbang Pangasinan OK,NaN
NaN,TZ4_Savers_Fuel,639178415027.000,7400020 ( 1738340843),261003047.000,Oct 2026,1,000,UNPAID,2026-10-10,2026-10-19,NaN,-,-,Zone 4 Poblacion, Rizal Ave Bayambang Pangasinan,NaN
NaN,TZ5_Angelina_Caberos,639100374781.000,1773802307 ( 1773802307),261003048.000,Oct 2026,1,000,UNPAID,2026-10-18,2026-10-27,NaN,-,-,Zone 5 Bbang Pangasinan,NaN
NaN,TZ5_Lovely_Galsim,639103191577.000,1773788837 ( 1773788837),261003049.000,Oct 2026,799.000,UNPAID,2026-10-18,2026-10-27,NaN,-,-,Zone 5 Bbang Pangasinan,NaN
NaN,Violeta_Eleccion,639158190624.000,1790756454 ( 1790756454),260905243.000,Oct 2026,700.000,PAID,2026-10-01,2026-10-05,2026-09-30,Cash,-,Zone 6 san antonio Sto tomas pangasinan,NaN
NaN,XAM1_Abel_Lamo,639297202789.000,500009 ( 500009),261003050.000,Oct 2026,1,000,UNPAID,2026-10-21,2026-10-25,NaN,-,-,Ambayat 1st Bayambang Pangasinan,NaN
NaN,XAM1_Alfie_Aquino,639455625300.000,230221182965 ( 230221182965),261003051.000,Oct 2026,1,000,UNPAID,2026-10-28,2026-11-04,NaN,-,-,BRGY AMBAYAT 1ST BYB PNG,NaN
NaN,XAM1_Alien_Romeo,639481941922.000,500007 ( 500007),261003052.000,Oct 2026,800.000,UNPAID,2026-10-10,2026-10-14,NaN,-,-,PUROK 1 AMBAYAT 1ST BYB PNG,NaN
NaN,XAM1_Anabel_Sanguyo,639275053202.000,1776130050 ( 1776130050),261003053.000,Oct 2026,1,000,UNPAID,2026-10-15,2026-10-19,NaN,-,-,Purok 1 Ambayat 1st, Bayambang Pangasinan,NaN
NaN,XAM1_Andrea_Villanueva,639506848954.000,230214104614 ( 230214104614),261003054.000,Oct 2026,1,000,UNPAID,2026-10-27,2026-11-03,NaN,-,-,BRGY AMBAYAT 1ST BYB PNG,NaN
NaN,XAM1_Carmela_Dagami,639932714380.000,240511112113 ( 1715397714),261003055.000,Oct 2026,1,000,UNPAID,2026-10-24,2026-10-28,NaN,-,-,Purok 1 Ambayat 1st,NaN
NaN,XAM1_Cathy_Pablo,639484343292.000,230221182963 ( 230221182963),261003056.000,Oct 2026,1,000,UNPAID,2026-10-19,2026-10-23,NaN,-,-,Brgy Ambayat 1st Bayambang Pangasinan,NaN
NaN,XAM1_Chenita_Pablo,639556617531.000,1764304948 ( 1764304948),261003057.000,Oct 2026,1,000,UNPAID,2026-10-28,2026-11-01,NaN,-,-,purok 3 ambayat 1st,NaN
NaN,XAM1_Dolores_Junio,639912658916.000,500018 ( 1719901032),261003058.000,Oct 2026,800.000,UNPAID,2026-10-08,2026-10-15,NaN,-,-,AMBAYAT 1ST BYB PNG,NaN
NaN,XAM1_Frederick_Delacruz,639082044381.000,230214104618 ( 230214104618),261003059.000,Oct 2026,1,000,UNPAID,2026-10-28,2026-11-01,NaN,-,-,Purok 3 Brgy Ambayat 1st Bayambang Pangasinan OK,NaN
NaN,XAM1_Girlie_Fernandez,639104712536.000,500012 ( 1713423194),261003060.000,Oct 2026,1,000,UNPAID,2026-10-25,2026-10-29,NaN,-,-,Purok 2 Ambayat 1st,NaN
NaN,XAM1_Gizelle_DeGuzman,639069754558.000,1776474182 ( 1776474182),261003061.000,Oct 2026,1,000,UNPAID,2026-10-25,2026-10-29,NaN,-,-,Purok 1, Ambayat 1st Bayambang Pangasinan,NaN
NaN,XAM1_Irvin_Manaug,639159337901.000,230211123955 ( 230211123955),261003062.000,Oct 2026,800.000,UNPAID,2026-10-08,2026-10-12,NaN,-,-,PUROK 1 AMBAYAT 1ST BYB PNG,NaN
NaN,XAM1_Jefferson_Cobangbang,639466985126.000,1736136835 ( 1736136835),261003063.000,Oct 2026,1,000,UNPAID,2026-10-06,2026-10-10,NaN,-,-,0146 Purok 2 Ambayat 1st Bayambang Pangasinan,NaN
NaN,XAM1_Johnpaul_Martinez,63988489741.000,500021 ( 1731206069),261003064.000,Oct 2026,1,000,UNPAID,2026-10-16,2026-10-23,NaN,-,-,Purok 3 Brgy Ambayat 1st Bayambang Pangasinan,NaN
NaN,XAM1_Jonalyn_Dioquino,639922488424.000,230221183056 ( 230221183056),261003065.000,Oct 2026,1,000,UNPAID,2026-10-27,2026-11-03,NaN,-,-,Ambayat 1st Bayambang Pangasinan OK,NaN
NaN,XAM1_Jona_Bon,639563228448.000,500008 ( 500008),261003066.000,Oct 2026,1,000,UNPAID,2026-10-11,2026-10-18,NaN,-,-,Ambayat 1st,NaN
NaN,XAM1_Josie_Lamo,639128764594.000,1772969042 ( 1772969042),261003067.000,Oct 2026,1,000,UNPAID,2026-10-16,2026-10-20,NaN,-,-,Purok 1 Ambayat 1st. Bayambang Pangasinan OK,NaN
NaN,XAM1_Josie_Magpantay,639762514347.000,1785214618 ( 1785214618),261003068.000,Oct 2026,1,000,UNPAID,2026-10-28,2026-11-01,NaN,-,-,Purok 2 Ambayat 1st Bayambang Pangasinan OK,NaN
NaN,XAM1_Juan_Ceralde,639929914106.000,1758266713 ( 1758266713),261003069.000,Oct 2026,1,000,UNPAID,2026-10-19,2026-10-23,NaN,-,-,Purok 2 Ambayat 1st Bayambang Pangasinan,NaN
NaN,XAM1_Kurtjhared_Pablo,639567935545.000,1766376670 ( 1766376670),261003070.000,Oct 2026,1,000,UNPAID,2026-10-28,2026-11-02,NaN,-,-,Purok 3 Ambayat 1st Bayambang Pangasinan,NaN
NaN,XAM1_Ligaya_Gonzales,639666273579.000,230214104621 ( 230214104621),261003071.000,Oct 2026,1,000,UNPAID,2026-10-10,2026-10-17,NaN,-,-,BRGY AMBAYAT 1ST BYB PNG OK,NaN
NaN,XAM1_Lorenzo_Bugarin,639634174279.000,1774944835 ( 1774944835),261003072.000,Oct 2026,1,000,UNPAID,2026-10-07,2026-10-11,NaN,-,-,Purok 3 Ambayat 1st,NaN
NaN,XAM1_Maricel_Manalang,639995804250.000,230301193438 ( 230301193438),261003073.000,Oct 2026,1,000,UNPAID,2026-10-05,2026-10-09,NaN,-,-,Brgy Amabayat 1st Bayambang Pangasinan OK,NaN
NaN,XAM1_Marilyn_Collado,639949886396.000,1760070981 ( 1760070981),261003074.000,Oct 2026,800.000,UNPAID,2026-10-10,2026-10-14,NaN,-,-,Purok 2 Ambayat 1st Bayambang Pangasinan,NaN
NaN,XAM1_Marivic_Collado,639125617653.000,1780965357 ( 1780965357),261003075.000,Oct 2026,1,000,UNPAID,2026-10-10,2026-10-14,NaN,-,-,Purok 2 Ambayat 1st, Bayambang Pangasinan OK,NaN
NaN,XAM1_MaryJane_Nacpil,639123455355.000,1782011742 ( 1782011742),261003076.000,Oct 2026,1,000,UNPAID,2026-10-21,2026-10-25,NaN,-,-,Purok 3 Ambayat 1st, Bayambang, Pangasinan,NaN
NaN,XAM1_Merigean_Rosales,639153686282.000,1753240898 ( 1753240898),261003077.000,Oct 2026,1,000,UNPAID,2026-10-28,2026-11-02,NaN,-,-,Purok 3, Ambayat 1st, Bayambang, Pangasinan PORT 3 PIOLO / JEROME,NaN
NaN,XAM1_Merry_Naron,639123456789.000,230221182987 ( 230221182987),261003078.000,Oct 2026,800.000,UNPAID,2026-10-08,2026-10-12,NaN,-,-,Brgy Ambayat 1st Bayambang Pangasinan,NaN
NaN,XAM1_Nichelle_Delavega,639810144563.000,1745402353 ( 1745402353),261003079.000,Oct 2026,1,000,UNPAID,2026-10-23,2026-10-27,NaN,-,-,Purok 3 Ambayat 1st Bayambang Pangasinan,NaN
NaN,XAM1_Racquel_Eliang,639623827675.000,500023 ( 1736320848),261003080.000,Oct 2026,1,000,UNPAID,2026-10-20,2026-10-24,NaN,-,-,PUROK 1 BRGY AMBAYAT 1ST BYB PNG OK,NaN
NaN,XAM1_Rence_Lucero,639702918386.000,230214104615 ( 230214104615),261003081.000,Oct 2026,1,000,UNPAID,2026-10-06,2026-10-16,NaN,-,-,BRGY AMBAYAT 1ST BYB PNG,NaN
NaN,XAM1_Robert_Mangoba,639060720519.000,1772272823 ( 1772272823),261003082.000,Oct 2026,1,500,UNPAID,2026-10-01,2026-10-05,NaN,-,-,Purok 2 Ambayat 1st Bayambang Pangasinan,NaN
NaN,XAM1_Ronnie_Villar,639518899669.000,1778729621 ( 1778729621),261003083.000,Oct 2026,799.000,UNPAID,2026-10-14,2026-10-18,NaN,-,-,Purok 1 ambayat 1st, Bayambang Pangasinan,NaN
NaN,XAM1_Rosemarie_Bugarin,639915218290.000,1760347192 ( 1760347192),261003084.000,Oct 2026,800.000,UNPAID,2026-10-13,2026-10-20,NaN,-,-,Purok 1, Ambayat 1st,NaN
NaN,XAM1_Rosesalie_Feliciano,639453321046.000,1767670505 ( 1767670505),261003085.000,Oct 2026,799.000,UNPAID,2026-10-06,2026-10-10,NaN,-,-,Purok 3 Ambayat 1st B.Bang PANGASINAN,NaN
NaN,XAM1_Rowena_Bugarin,639511789069.000,1786755996 ( 1786755996),261003086.000,Oct 2026,799.000,UNPAID,2026-10-20,2026-10-24,NaN,-,-,Purok 2 Ambayat 1st Bayambang Pangasinan,NaN
NaN,XAM1_Sally_Bugarin,639123456789.000,1789798391 ( 1789798391),261003087.000,Oct 2026,1,000,UNPAID,2026-10-19,2026-10-23,NaN,-,-,Ambayat 1st Bayambang Pangasinan,NaN
NaN,XAM1_Severino_Bugarin,639635219047.000,1785979284 ( 1785979284),261003088.000,Oct 2026,1,000,UNPAID,2026-10-10,2026-10-14,NaN,-,-,Ambayat 1st Bayambang Pangasinan. OK,NaN
NaN,XAM1_Thelma_Mari,639318400971.000,4900066 ( 1722933918),261003089.000,Oct 2026,1,000,UNPAID,2026-10-24,2026-10-28,NaN,-,-,PUROK 1 BRGY AMBAYAT 1ST BYB PNG,NaN
NaN,XAM1_Veronica_Espejo,639509501893.000,500006 ( 500006),261003090.000,Oct 2026,1,000,UNPAID,2026-10-24,2026-10-28,NaN,-,-,Purok 1 Ambayat 1st Bayambang Pangasinan,NaN
NaN,XAM1_Virginia_Macaraeg,639100117668.000,500004 ( 500004),261003091.000,Oct 2026,1,000,UNPAID,2026-10-22,2026-10-26,NaN,-,-,PUROK 1 BRGY AMBAYAT 1ST BYB PNG,NaN
NaN,XAM1_Yvonne_Sison,639086738854.000,230301193436 ( 230301193436),261003092.000,Oct 2026,800.000,UNPAID,2026-10-01,2026-10-08,NaN,-,-,Purok 1 Brgy Ambayat 1st Bayambang Pangasinan ==================,NaN
NaN,XAM2_Abegail_Maranion,639812748703.000,230211175971 ( 230211175971),261003093.000,Oct 2026,1,000,UNPAID,2026-10-05,2026-10-09,NaN,-,-,Purok 1 Brgy Ambayat 2nd Bayambang Pangasinan,NaN
NaN,XAM2_Adelaida_Basilio,639094736258.000,1769489183 ( 1769489183),261003094.000,Oct 2026,1,000,UNPAID,2026-10-01,2026-10-08,NaN,-,-,Purok 1 ambayat 2nd Bayambang,NaN
NaN,XAM2_Adrian_Ibana,639108091290.000,230221182979 ( 230221182979),261003095.000,Oct 2026,1,000,UNPAID,2026-10-28,2026-11-04,NaN,-,-,Brgy Ambayat 2nd Bayambang Pangasinan OK,NaN
NaN,XAM2_Aiko_Transfiguracion,639674702290.000,600003 ( 600003),261003096.000,Oct 2026,1,000,UNPAID,2026-10-27,2026-10-31,NaN,-,-,Ambayat 2nd Bayambang Pangasinan,NaN
NaN,XAM2_Alex_Villar,639924547345.000,1770619473 ( 1770619473),261003097.000,Oct 2026,1,000,UNPAID,2026-10-05,2026-10-09,NaN,-,-,Purok 2 Ambayat 2nd Bayambang Pangasinan,NaN
NaN,XAM2_Angelica_Abalos,639569426911.000,1786864216 ( 1786864216),261003098.000,Oct 2026,1,000,UNPAID,2026-10-16,2026-10-20,NaN,-,-,Purok 3 Ambayat 2nd,NaN
NaN,XAM2_Araceli_Devera,639467503077.000,600012 ( 600012),261003099.000,Oct 2026,1,000,UNPAID,2026-10-15,2026-10-22,NaN,-,-,Purok 2 Brgy Ambayat 2nd Bayambang Pangasinan,NaN
NaN,XAM2_Benny_Bautista,639999773520.000,600029 ( 600029),261003100.000,Oct 2026,1,000,UNPAID,2026-10-05,2026-10-09,NaN,-,-,Purok 2 Ambayat 2nd Bayambang Pangasinan,NaN
NaN,XAM2_Bonifacio_Redolfa,639943168019.000,1775550546 ( 1775550546),261003101.000,Oct 2026,1,000,UNPAID,2026-10-08,2026-10-12,NaN,-,-,Ambayat II Bayambang Pangasinan,NaN
NaN,XAM2_Camille_Ocsona,639093892934.000,1736323134 ( 1736323134),260905182.000,Oct 2026,769.000,UNPAID,2026-10-17,2026-10-21,NaN,-,-,PUROK 2 AMBAYAT 2ND BYB PNG,NaN
NaN,XAM2_Conchita_Fay,639163274652.000,1754038045 ( 1754038045),261003102.000,Oct 2026,1,000,UNPAID,2026-10-01,2026-10-05,NaN,-,-,Purok 2, Ambayat 2nd Bayambang Pangasinan Philippines,NaN
NaN,XAM2_Danica_Villar,639466290211.000,1784257969 ( 1784257969),261003103.000,Oct 2026,799.000,UNPAID,2026-10-17,2026-10-21,NaN,-,-,Purok 1 Ambayat 2nd Bayambang Pangasinan OK,NaN
NaN,XAM2_Daniel_Basilio,639307207847.000,600001 ( 600001),261003104.000,Oct 2026,1,000,UNPAID,2026-10-11,2026-10-15,NaN,-,-,Ambayat 2nd,NaN
NaN,XAM2_Dean_Ocsona,639707915257.000,1753950541 ( 1753950541),261003105.000,Oct 2026,799.000,UNPAID,2026-10-16,2026-10-20,NaN,-,-,Purok 2, Ambayat 2nd Bayambang Pangasinan OK,NaN
NaN,XAM2_Edralyn_Rosete,639385615664.000,600013 ( 600013),261003106.000,Oct 2026,1,000,UNPAID,2026-10-21,2026-10-25,NaN,-,-,Purok 3 Brgy Ambayat Bayambang Pangasinan,NaN
NaN,XAM2_Emilyjoy_Gabriel,639509935447.000,230203151301 ( 230203151301),261003107.000,Oct 2026,1,000,UNPAID,2026-10-13,2026-10-17,NaN,-,-,Ambayat 2nd Bayambang Pangasinan,NaN
NaN,XAM2_Franco_Basilio,639925149142.000,1767755541 ( 1767755541),261003108.000,Oct 2026,1,000,UNPAID,2026-10-08,2026-10-12,NaN,-,-,Amabayat 2nd purok 2 malapit sa plaza likod nila kapitan,NaN
NaN,XAM2_Gary_Bautista,63910091827.000,230211113627 ( 230211113627),261003109.000,Oct 2026,1,000,UNPAID,2026-10-07,2026-10-11,NaN,-,-,89 Ambayat 2nd bayambang pangasinan,NaN
NaN,XAM2_Gemma_Basilio,639517338027.000,230203105413 ( 230203105413),261003110.000,Oct 2026,1,000,UNPAID,2026-10-04,2026-10-08,NaN,-,-,PUROK 7 AMABAYAT 2ND BYB PNG,NaN
NaN,XAM2_Genelyn_Pelingon,639671306024.000,600045 ( 1731205795),261003111.000,Oct 2026,1,000,UNPAID,2026-10-05,2026-10-09,NaN,-,-,Purok 2 Brgy Ambayat Bayambang Pangasinan,NaN
NaN,XAM2_Geraldine_Asuncion,639661804389.000,600027 ( 600027),261003112.000,Oct 2026,1,000,UNPAID,2026-10-24,2026-10-28,NaN,-,-,AMBAYAT 2ND BYB PNG OK,NaN
NaN,XAM2_Gerald_Santos,639635895269.000,1736311065 ( 1736311065),261003113.000,Oct 2026,1,000,UNPAID,2026-10-08,2026-10-12,NaN,-,-,Purok 1 Ambayat 2nd Bayambang Pangasinan,NaN
NaN,XAM2_Gerlyn_Ocsona,639755510937.000,600043 ( 1717225048),261003114.000,Oct 2026,1,000,UNPAID,2026-10-03,2026-10-07,NaN,-,-,Ambayat 2nd Bayambang Pangasinan,NaN
NaN,XAM2_Gizzelle_Bautista,639338292029.000,230211140304 ( 230211140304),261003115.000,Oct 2026,1,000,UNPAID,2026-10-11,2026-10-15,NaN,-,-,90 Ambayat 2nd Bayambang Pangasinan UNPAID FEB DC March 3,NaN
NaN,XAM2_Glenda_Ocsona,639927362793.000,1776988930 ( 1776988930),260905240.000,Oct 2026,769.000,UNPAID,2026-10-24,2026-10-28,NaN,-,-,Purok 2 Ambayat 2nd Bayambang Pangasinan,NaN
NaN,XAM2_Gloria_Soriano,639064520851.000,1779007909 ( 1779007909),261003116.000,Oct 2026,1,000,UNPAID,2026-10-18,2026-10-22,NaN,-,-,Purok 1 Ambayat 2nd Bayambang Pangasinan,NaN
NaN,XAM2_Helen_Monzales,639812543209.000,600036 ( 1708054770),261003117.000,Oct 2026,1,000,UNPAID,2026-10-04,2026-10-08,NaN,-,-,Purok 1 Ambayat 2nd lagpas ng integrated high school,malapit sa talipapa. Other number: 09459737177 globe,NaN
NaN,XAM2_Imelda_Donato,639317410513.000,230203112611 ( 230203112611),261003118.000,Oct 2026,1,000,UNPAID,2026-10-06,2026-10-10,NaN,-,-,Ambayat 2nd Bayambang Pangasinan,NaN
NaN,XAM2_Irene_Lomibao,639121842065.000,1770293634 ( 1770293634),261003119.000,Oct 2026,1,000,UNPAID,2026-10-14,2026-10-18,NaN,-,-,Purok 1 Ambayat 2nd,NaN
NaN,XAM2_Jacqueline_Basilio,639260122595.000,1767597899 ( 1767597899),261003120.000,Oct 2026,799.000,UNPAID,2026-10-06,2026-10-10,NaN,-,-,Ambayat 2nd purok 1,NaN
NaN,XAM2_Jamelia_Gagan,639279106087.000,1770549748 ( 1770549748),261003121.000,Oct 2026,1,000,UNPAID,2026-10-09,2026-10-13,NaN,-,-,Purok 2 Ambayat 2nd Bayambang, Pangasinan OK,NaN
NaN,XAM2_Jenny_Alonzo,639153547693.000,1775874199 ( 1775874199),261003122.000,Oct 2026,799.000,UNPAID,2026-10-18,2026-10-22,NaN,-,-,purok 2 Ambayat 2nd,Bayambang Pangasinan Nearest Landmark:After High school OK,NaN
NaN,XAM2_Jerry_Amansec,639945659155.000,600040 ( 1709787307),261003123.000,Oct 2026,1,000,UNPAID,2026-10-14,2026-10-21,NaN,-,-,Purok 1 Ambayat 2nd Bayambang,NaN
NaN,XAM2_Jessica_Devera,639327944236.000,600048 ( 1741854694),261003124.000,Oct 2026,1,000,UNPAID,2026-10-13,2026-10-17,NaN,-,-,Purok 3Ambayat 2nd Bayambang Pangasinan,NaN
NaN,XAM2_Jocelyn_Paningbatan,639815917535.000,600015 ( 600015),261003125.000,Oct 2026,1,000,UNPAID,2026-10-14,2026-10-18,NaN,-,-,Purok 3 Ambayat 2nd Bayambang Pangasinan,NaN
NaN,XAM2_Jocelyn_Riotoc,639281750261.000,1753257846 ( 1753257846),261003126.000,Oct 2026,1,000,UNPAID,2026-10-23,2026-10-27,NaN,-,-,Purok 3, Ambayat 2nd, Bayambang, Pangasinan 201-1BYB49LCP1NP7P14 PIOLO / JEROME,NaN
NaN,XAM2_John_Dancel,639487623381.000,230214104568 ( 230214104568),261003127.000,Oct 2026,1,000,UNPAID,2026-10-18,2026-10-25,NaN,-,-,Purok 1 Ambayat 2nd Bayambang Pangasinan OK,NaN
NaN,XAM2_Jomar_Capili,639812543183.000,1771207178 ( 1771207178),261003128.000,Oct 2026,1,500,UNPAID,2026-10-16,2026-10-20,NaN,-,-,Purok 3 Ambayat 2nd Bayambang Pangasinan : After Barangay Hall/Plaza near a Chapel,NaN
NaN,XAM2_Jovelyn_Epistola,639469518609.000,230214104569 ( 230214104569),261003129.000,Oct 2026,1,000,UNPAID,2026-10-18,2026-10-22,NaN,-,-,6 Purok 6 Ambayat 2nd Bayambang Pangasinan,NaN
NaN,XAM2_Kristinemia_Balneg,639810144569.000,600016 ( 600016),261003130.000,Oct 2026,1,000,UNPAID,2026-10-19,2026-10-23,NaN,-,-,Purok 1 Brgy Ambayat Bayambang Pangasinan,NaN
NaN,XAM2_Lanierose_Cayabyab,639517352847.000,230221182980 ( 230221182980),261003131.000,Oct 2026,1,000,UNPAID,2026-10-05,2026-10-09,NaN,-,-,BRGY AMBAYAT 2ND BYB PNG,NaN
NaN,XAM2_Laurita_Madarang,639551940813.000,1768805361 ( 1768805361),261003132.000,Oct 2026,1,000,UNPAID,2026-10-20,2026-10-24,NaN,-,-,purok 3 ambayat 2nd bayambang pangasinan,NaN
NaN,XAM2_Lea_Lavilla,639108219089.000,1781574852 ( 1781574852),261003133.000,Oct 2026,1,000,UNPAID,2026-10-16,2026-10-20,NaN,-,-,Purok 2 Ambayat 2nd Bayambang Pangasinan OK,NaN
NaN,XAM2_Leslie_Tomas,639283210345.000,1782173143 ( 1782173143),261003134.000,Oct 2026,799.000,UNPAID,2026-10-27,2026-10-31,NaN,-,-,Purok 2 Ambayat 2nd Bayambang, Pangasinan OK,NaN
NaN,XAM2_Lylian_Ocsona,639260114761.000,600028 ( 600028),261003135.000,Oct 2026,1,000,UNPAID,2026-10-11,2026-10-15,NaN,-,-,Ambayat 2nd Bayambang Pangasinan OK,NaN
NaN,XAM2_Margarita_Asuncion,639687233390.000,230221182982 ( 230221182982),261003136.000,Oct 2026,1,000,UNPAID,2026-10-17,2026-10-21,NaN,-,-,BRGY AMBAYAT 2ND BYB PNG,NaN
NaN,XAM2_Maricris_Burbos,639301417042.000,230203103054 ( 230203103054),261003137.000,Oct 2026,1,000,UNPAID,2026-10-03,2026-10-07,NaN,-,-,Purok 2nd Ambayat Bayambang Pangasinan OK,NaN
NaN,XAM2_Marife_Esteron,639984381321.000,600037 ( 1708157024),261003138.000,Oct 2026,1,000,UNPAID,2026-10-28,2026-11-02,NaN,-,-,Purok 1 Ambayat 2 Bayambang,NaN
NaN,XAM2_Marissa_Balneg,639127222205.000,230221182981 ( 230221182981),261003139.000,Oct 2026,1,000,UNPAID,2026-10-12,2026-10-16,NaN,-,-,Brgy Ambayat 2nd Bayambang Pangasinan landmark: Malapit sa Amabayat 2nd Chapel di nalalampas ng Elementary School kulay green ang bahay with 2nd floor,NaN
NaN,XAM2_Minchen_Basilio,639281484640.000,1750754061 ( 1750754061),261003140.000,Oct 2026,1,500,UNPAID,2026-10-24,2026-10-28,NaN,-,-,Purok 1 Ambayat 2nd Bayambang Pangasinan 201-4BYB65LCP1NP12P12 Ma king / Mark Freddie,NaN
NaN,XAM2_Narcisa_Pinera,639677922738.000,230214104539 ( 230214104539),261003141.000,Oct 2026,1,000,UNPAID,2026-10-05,2026-10-09,NaN,-,-,Purok 1 Brgy Ambayat 2nd Bayambang Pangasinan,NaN
NaN,XAM2_Nestor_Domingo,639603469048.000,600019 ( 600019),261003142.000,Oct 2026,1,000,UNPAID,2026-10-20,2026-10-24,NaN,-,-,133 Purok 2 Brgy Ambayat 2nd Bayambang Pangasinan,NaN
NaN,XAM2_PettyJay_Ocsona,639771203957.000,1777799792 ( 1777799792),261003143.000,Oct 2026,1,000,UNPAID,2026-10-18,2026-10-22,NaN,-,-,Purok 1 Ambayat 2nd, Bayambang Pangasinan OK,NaN
NaN,XAM2_Renita_Badidles,639928251047.000,1786530230 ( 1786530230),261003144.000,Oct 2026,1,000,UNPAID,2026-10-16,2026-10-20,NaN,-,-,Purok 1, Ambayat 2nd, Bayambang, Pangasinan,NaN
NaN,XAM2_Reymark_Virceles,639064403918.000,1778552352 ( 1778552352),261003145.000,Oct 2026,1,000,UNPAID,2026-10-14,2026-10-18,NaN,-,-,Purok 1 Ambayat 2nd, Bayambang Pangasinan,NaN
NaN,XAM2_Rhea_Pelingon,639369341938.000,1744082757 ( 1744082757),261003146.000,Oct 2026,1,000,UNPAID,2026-10-08,2026-10-12,NaN,-,-,Purok 2 Ambayat 2nd Bayambang Pangasinan,NaN
NaN,XAM2_Ricky_Isip,639859075480.000,600004 ( 600004),261003147.000,Oct 2026,799.000,UNPAID,2026-10-21,2026-10-25,NaN,-,-,PUROK 3 AMBAYAT 2ND BYB PNG,NaN
NaN,XAM2_RizalynMae_Rosete,639100453023.000,1783304438 ( 1783304438),261003148.000,Oct 2026,1,000,UNPAID,2026-10-15,2026-10-19,NaN,-,-,Purok 3 Ambayat 2nd Bayambang Pangasinan OK,NaN
NaN,XAM2_Rodel_Martin,639641541287.000,1770695824 ( 1770695824),261003149.000,Oct 2026,1,000,UNPAID,2026-10-10,2026-10-14,NaN,-,-,Ambayat 2nd Purok 1, Malapit sa Elementary School,NaN
NaN,XAM2_Rodel_Ocsona,639098308132.000,1764305388 ( 1764305388),260905127.000,Oct 2026,0.000,PAID,2026-10-28,2026-11-01,2026-09-14,Reconnection,-,Purok 2 Ambayat 2nd Bayambang Pangasinan,NaN
NaN,XAM2_Roseann_Redolfa,639752427050.000,1764318526 ( 1764318526),261003150.000,Oct 2026,1,000,UNPAID,2026-10-12,2026-10-16,NaN,-,-,Kurok 1 Ambayat 2nd Bayambang Pangasinan,NaN
NaN,XAM2_Roy_Lomibao,639308770594.000,600047 ( 1741073662),261003151.000,Oct 2026,1,000,UNPAID,2026-10-11,2026-10-15,NaN,-,-,Porok1Ambayat 2nd bayambang pangasinan OK,NaN
NaN,XAM2_Ruel_Espiritu,639055048415.000,600009 ( 600009),261003152.000,Oct 2026,1,000,UNPAID,2026-10-14,2026-10-18,NaN,-,-,Purok 2 Brgy Ambayat 2nd Bayambang Pangasinan 2 months,NaN
NaN,XAM2_Ryan_Devera,639152442144.000,230221182978 ( 230221182978),261003153.000,Oct 2026,1,000,UNPAID,2026-10-26,2026-10-30,NaN,-,-,AMBAYAT 2ND BYB PNG / 15.772499 120.403197,NaN
NaN,XAM2_Sharon_Ocsona,639239085511.000,600044 ( 1726370124),260905152.000,Oct 2026,769.000,UNPAID,2026-10-14,2026-10-18,NaN,-,-,Purok 2 Brgy Ambayat 2nd Bayambang Pangasinan,NaN
NaN,XAM2_Venus_Basilio,639708002147.000,600017 ( 600017),261003154.000,Oct 2026,1,000,UNPAID,2026-10-18,2026-10-25,NaN,-,-,PUROK 1 AMBAYAT 2ND BYB PNG,NaN
NaN,XAM2_Warlita_Garcia,639507701622.000,230211140613 ( 230211140613),261003155.000,Oct 2026,1,000,UNPAID,2026-10-10,2026-10-14,NaN,-,-,Purok 3 Ambayat 2nd Bayambang Pangasinan,NaN
NaN,XAM2_Willy_Esteron,639287506590.000,600011 ( 600011),261003156.000,Oct 2026,1,000,UNPAID,2026-10-16,2026-10-20,NaN,-,-,Purok 1 Brgy Ambayat Bayambang Pangasinan,NaN
NaN,XAMN_Ajja_Serafica,639635219408.000,300007 ( 300007),261003157.000,Oct 2026,1,000,UNPAID,2026-10-30,2026-11-03,NaN,-,-,87 Amangcosiling Norte Bayambang Pangasinan,NaN
NaN,XAMN_Almira_Blanza,639090960855.000,300014 ( 300014),261003158.000,Oct 2026,1,000,UNPAID,2026-10-11,2026-10-15,NaN,-,-,PUROK 1 AMANGCOSILING NORTE BYB PNG,NaN
NaN,XAMN_Anecita_Prado,639460226242.000,1744793324 ( 1744793324),261003159.000,Oct 2026,1,000,UNPAID,2026-10-16,2026-10-20,NaN,-,-,125 Purok 4 Amangcosiling Norte Bayambang Pangasinan,NaN
NaN,XAMN_Angie_Baratang_Cayabyab,639469706410.000,300009 ( 300009),261003160.000,Oct 2026,1,000,UNPAID,2026-10-21,2026-10-25,NaN,-,-,2 BRGY AMANGCOSILING NORTE BYB PNG,NaN
NaN,XAMN_Anita_Menor,639695414670.000,1789521965 ( 1789521965),261003161.000,Oct 2026,799.000,UNPAID,2026-10-17,2026-10-21,NaN,-,-,Purok 9 Amangcosiling norte Bayambang Pangasinan,NaN
NaN,XAMN_Arcy_Tambuyat,639478726902.000,230203095435 ( 230203095435),261003162.000,Oct 2026,1,000,UNPAID,2026-10-22,2026-10-29,NaN,-,-,PUROK 3 AMANCOSILING NORTE BYB PNG OK,NaN
NaN,XAMN_Beth_Todio,639850751336.000,230211173336 ( 230211173336),261003163.000,Oct 2026,1,000,UNPAID,2026-10-18,2026-10-22,NaN,-,-,24 AMANGCOSILING NORTE BYB PNG,NaN
NaN,XAMN_Bianca_Todio,639092160797.000,1779791830 ( 1779791830),261003164.000,Oct 2026,1,000,UNPAID,2026-10-28,2026-11-02,NaN,-,-,Purok 1, Amangcosiling, Bayambang, Pangasinan,NaN
NaN,XAMN_Buenafe_Asuncion,639959232039.000,1774260285 ( 1774260285),261003165.000,Oct 2026,1,000,UNPAID,2026-10-24,2026-10-28,NaN,-,-,Purok 3 Amangcosiling Norte Bayambang Pangasinan,NaN
NaN,XAMN_Carlos_Gomez,639281724512.000,230204090104 ( 230204090104),261003166.000,Oct 2026,800.000,UNPAID,2026-10-15,2026-10-22,NaN,-,-,Bayambang Pangasinan,NaN
NaN,XAMN_Carlo_Binalingbing,639949689825.000,1744000279 ( 1744000279),261003167.000,Oct 2026,1,000,UNPAID,2026-10-07,2026-10-11,NaN,-,-,Purok 1 Amancosiling Norte,NaN
NaN,XAMN_Catherine_Cardano,639352919479.000,1752488447 ( 1752488447),261003168.000,Oct 2026,1,000,UNPAID,2026-10-14,2026-10-18,NaN,-,-,PUROK 4 AMANGCOSILING NORTE BYB PNG,NaN
NaN,XAMN_Charine_Paragile,639192867258.000,1759915492 ( 1759915492),261003169.000,Oct 2026,1,000,UNPAID,2026-10-08,2026-10-12,NaN,-,-,centro amangcosiling Norte bayambang pangasinan,NaN
NaN,XAMN_Conchita_Cayabyab,639092015135.000,230204145147 ( 230204145147),261003170.000,Oct 2026,1,000,UNPAID,2026-10-16,2026-10-23,NaN,-,-,PUROK 2 AMANCOSILING NORTE BYB PNG,NaN
NaN,XAMN_Corazon_Palis,639123456789.000,1771891745 ( 1771891745),261003171.000,Oct 2026,1,000,UNPAID,2026-10-05,2026-10-09,NaN,-,-,Purok 2 Amancosiling Norte BYB,NaN
NaN,XAMN_Criselda_Santos,639503888242.000,300037 ( 1731225554),261003172.000,Oct 2026,1,000,UNPAID,2026-10-22,2026-10-26,NaN,-,-,PUROK 1 BGY AMANGCOSILING NORTE BYB PNG,NaN
NaN,XAMN_Dante_Reyes,639517025356.000,300035 ( 1731204381),261003173.000,Oct 2026,1,000,UNPAID,2026-10-14,2026-10-18,NaN,-,-,AMANGCOSILING NORTE BYB PNG,NaN
NaN,XAMN_Fabiana_Bautista,639285974525.000,300021 ( 1715816197),261003174.000,Oct 2026,1,000,UNPAID,2026-10-15,2026-10-19,NaN,-,-,Purok 3 Amangcosiling Norte,NaN
NaN,XAMN_Fernando_Solomon,639811698263.000,1789356032 ( 1789356032),261003175.000,Oct 2026,1,000,UNPAID,2026-10-16,2026-10-20,NaN,-,-,Purok 3 Amancosiling Norte Bayambang, Pangasinan,NaN
NaN,XAMN_Gelaine_Cruz,639305460097.000,300028 ( 1722929591),261003176.000,Oct 2026,1,000,UNPAID,2026-10-15,2026-10-22,NaN,-,-,PUROK 2 BRGY AMANGCOSILING NORTE BYB PNG,NaN
NaN,XAMN_Gemer_Junio,639701130624.000,300005 ( 300005),261003177.000,Oct 2026,1,000,UNPAID,2026-10-04,2026-10-11,NaN,-,-,Brgy Amancosiling Norte, Bayambang Pangasinan,NaN
NaN,XAMN_Ginalyn_DelosSantos,639123456789.000,230211173337 ( 230211173337),261003178.000,Oct 2026,1,000,UNPAID,2026-10-13,2026-10-17,NaN,-,-,Amangcosiling norte,NaN
NaN,XAMN_Grace_Lacambra,639513087227.000,1776082173 ( 1776082173),261003179.000,Oct 2026,799.000,UNPAID,2026-10-14,2026-10-18,NaN,-,-,Purok 1, Amancosiling Norte,NaN
NaN,XAMN_Isidro_Orilla,639516902761.000,230204131526 ( 230204131526),261003180.000,Oct 2026,1,000,UNPAID,2026-10-01,2026-10-08,NaN,-,-,PUROK 2 AMANCOSILING NORTE BYB PNG,NaN
NaN,XAMN_Jamel_Baliling,639468231436.000,1747366333 ( 1747366333),261003181.000,Oct 2026,1,000,UNPAID,2026-10-14,2026-10-18,NaN,-,-,Purok 1, Amancosiling Norte, Bayambang, Pangasinan,NaN
NaN,XAMN_Jelyn_Lajera,639182730401.000,300006 ( 300006),261003182.000,Oct 2026,1,000,UNPAID,2026-10-18,2026-10-22,NaN,-,-,Purok 4 Amangcosiling Norte Bayambang Pangasinan OK,NaN
NaN,XAMN_Jennilyn_Asuncion,639636917875.000,300032 ( 1727595003),261003183.000,Oct 2026,799.000,UNPAID,2026-10-24,2026-10-28,NaN,-,-,Purok 3 Brgy Amangcosiling Bayambang Pangasinan,NaN
NaN,XAMN_Jessica_Perez,639704768834.000,300013 ( 300013),261003184.000,Oct 2026,1,000,UNPAID,2026-10-11,2026-10-15,NaN,-,-,#110 Purok 3 Brgy Amangcosiling Norte Bayambang Pangasinan,NaN
NaN,XAMN_Jose_Pacleb,639495902986.000,230203140226 ( 230203140226),260905202.000,Oct 2026,901.000,UNPAID,2026-10-28,2026-11-05,NaN,-,-,AMANCOSILING NORTE BYB PNG,NaN
NaN,XAMN_Judith_DelaCruz,639208675437.000,230204091249 ( 230204091249),261003185.000,Oct 2026,1,000,UNPAID,2026-10-28,2026-11-01,NaN,-,-,Amancosiling Norte Bayambang Pangasinan,NaN
NaN,XAMN_Julie_Dizon,639484058876.000,300024 ( 1716539506),261003186.000,Oct 2026,1,000,UNPAID,2026-10-19,2026-10-23,NaN,-,-,PUROK 2 AMANGCOSILING NORTE BYB PNG,NaN
NaN,XAMN_Kevin_Junio,639859897227.000,300004 ( 300004),261003187.000,Oct 2026,1,000,UNPAID,2026-10-28,2026-11-08,NaN,-,-,Purok 4 Brgy Amangcosiling Norte Bayambang Pangasinan,NaN
NaN,XAMN_Larry_Ang,639618495173.000,300038 ( 1732503776),261003188.000,Oct 2026,1,000,UNPAID,2026-10-23,2026-10-27,NaN,-,-,18 Brgy Amangcosiling Norte Bayambang Pangasinan,NaN
NaN,XAMN_Lea_Gastardo,639083254005.000,1777513801 ( 1777513801),261003189.000,Oct 2026,1,000,UNPAID,2026-10-28,2026-11-02,NaN,-,-,Purok 2 Amangcosiling Norte Bayambang pangasinan,NaN
NaN,XAMN_Leihan_Manaios,639605298056.000,230203113441 ( 230203113441),261003190.000,Oct 2026,1,000,UNPAID,2026-10-13,2026-10-17,NaN,-,-,Purok 4 Amancosiling Bayambang Pangasinan,NaN
NaN,XAMN_Leonardo_Prado,639217684313.000,300008 ( 300008),261003191.000,Oct 2026,1,000,UNPAID,2026-10-16,2026-10-20,NaN,-,-,Purok 4 Brgy Amangcosiling Norte Bayambang Pangasinan,NaN
NaN,XAMN_Lyka_Ang,639124243541.000,400077 ( 1720153933),261003192.000,Oct 2026,1,000,UNPAID,2026-10-05,2026-10-09,NaN,-,-,Purok 3 Amangcosiling Norte Bayambang Pangasinan,NaN
NaN,XAMN_Marialuz_Inocencio,639813936547.000,300034 ( 1731204150),261003193.000,Oct 2026,1,000,UNPAID,2026-10-07,2026-10-11,NaN,-,-,#79 Purok 3 Brgy Amangcosiling Norte Bayambang Pangasinan OK,NaN
NaN,XAMN_Marilou_Layug,639502546893.000,300040 ( 1741573103),261003194.000,Oct 2026,1,000,UNPAID,2026-10-10,2026-10-14,NaN,-,-,PUROK 4 AMANGCOSILING NORTE BAYAMBANG PANGASINAN OK,NaN
NaN,XAMN_Niza_Julian,639187796296.000,230203115312 ( 230203115312),261003195.000,Oct 2026,1,000,UNPAID,2026-10-28,2026-11-04,NaN,-,-,Amancosiling Norte Bayambang Pangasinan,NaN
NaN,XAMN_Norbert_Pascual,639602889743.000,300039 ( 1736314215),261003196.000,Oct 2026,799.000,UNPAID,2026-10-17,2026-10-21,NaN,-,-,PUROK 1 BRGY AMANGCOSILING NORTE BYB PNG,NaN
NaN,XAMN_Norma_Valendiano,639096409771.000,230203104944 ( 230203104944),261003197.000,Oct 2026,1,000,UNPAID,2026-10-02,2026-10-06,NaN,-,-,AMANCOSILING PUROK 2 NORTE BYB PNG,NaN
NaN,XAMN_Priscilla_Menor,639354734793.000,300029 ( 1724674218),261003198.000,Oct 2026,1,000,UNPAID,2026-10-26,2026-10-30,NaN,-,-,PUROK 1 BRGY AMANGCOSILING NORTE BYB PNG,NaN
NaN,XAMN_Raymond_Erguiza,639858610693.000,1784279496 ( 1784279496),261003199.000,Oct 2026,1,000,UNPAID,2026-10-18,2026-10-22,NaN,-,-,Purok 2 Amangcosiling Norte Bayambang Pangasinan OK,NaN
NaN,XAMN_Remedios_Bato,639325296783.000,1751011276 ( 1751011276),261003200.000,Oct 2026,799.000,UNPAID,2026-10-28,2026-11-03,NaN,-,-,purok 3 Amangcosiling norte BYB PNG PORT 14 mierjohn/boss dong,NaN
NaN,XAMN_Rogelio_Ventura,63949668677.000,1744015391 ( 1744015391),261003201.000,Oct 2026,1,000,UNPAID,2026-10-14,2026-10-18,NaN,-,-,Purok 2, Amancosiling Norte Bayambang Pangasinan,NaN
NaN,XAMN_Ronald_Lajera,639858256525.000,1745996668 ( 1745996668),261003202.000,Oct 2026,1,000,UNPAID,2026-10-04,2026-10-08,NaN,-,-,Purok 2 Amancosiling norte bayambang pangasinan,NaN
NaN,XAMN_Rowena_Devera,639081638052.000,1772785859 ( 1772785859),261003203.000,Oct 2026,1,000,UNPAID,2026-10-24,2026-10-28,NaN,-,-,Purok 4 Amancosiling Norte BYB,NaN
NaN,XAMN_Ruben_Sarmiento,639518896503.000,1757151116 ( 1757151116),261003204.000,Oct 2026,1,500,UNPAID,2026-10-06,2026-10-10,NaN,-,-,Purok 2, Amangcosiling Norte, Bayambang, Pangasinan,NaN
NaN,XAMN_Ruby_Sabangan,639352919475.000,1748834251 ( 1748834251),261003205.000,Oct 2026,799.000,UNPAID,2026-10-02,2026-10-06,NaN,-,-,Purok 4, Amancosiling Norte, Bayambang, Pangasinan,NaN
NaN,XAMN_Sheryll_Deguzman,639077706649.000,1771891306 ( 1771891306),261003206.000,Oct 2026,1,000,UNPAID,2026-10-28,2026-11-01,NaN,-,-,Purok 2 Amancosiling Norte, BYB,NaN
NaN,XAMN_Sonny_Mamaril,639383949535.000,300025 ( 1719566954),261003207.000,Oct 2026,800.000,UNPAID,2026-10-28,2026-11-02,NaN,-,-,PUROK 2 AMANGCOSILING NORTE BYB PNG,NaN
NaN,XAMN_William_Asuncion,639386358963.000,1747361682 ( 1747361682),261003208.000,Oct 2026,1,000,UNPAID,2026-10-16,2026-10-23,NaN,-,-,Purok 1, Amancosiling Norte, Bayambang, Pangasinan,NaN
NaN,XAMS_Abelardo_Gomez,639692925437.000,1757144083 ( 1757144083),261003209.000,Oct 2026,1,000,UNPAID,2026-10-07,2026-10-09,NaN,-,-,Purok 3, Amangcosiling Sur, Bayambang, Pangasinan,NaN
NaN,XAMS_Agnes_Pinto,639563587490.000,230221182999 ( 230221182999),261003210.000,Oct 2026,1,000,UNPAID,2026-10-01,2026-10-08,NaN,-,-,Brgy Amangcosiling Sur Bayambang Pangasinan,NaN
NaN,XAMS_Aila_Favi,639123456789.000,230221182994 ( 230221182994),261003211.000,Oct 2026,1,000,UNPAID,2026-10-15,2026-10-19,NaN,-,-,Brgy Amangcosiling Sur Bayambang Pangasinan OK,NaN
NaN,XAMS_Aileen_Cayabyab,639388060346.000,1778061207 ( 1778061207),261003212.000,Oct 2026,799.000,UNPAID,2026-10-07,2026-10-11,NaN,-,-,Purok 3 Amancosiling Sur b.bang PANGASINAN,NaN
NaN,XAMS_Aizaakira_Cayabyab,639817621593.000,400092 ( 1730260186),261003213.000,Oct 2026,1,000,UNPAID,2026-10-06,2026-10-10,NaN,-,-,PUROK 2 BRGY AMANGCOSILING SUR BYB PNG OK,NaN
NaN,XAMS_Alona_Dejesus,639198406253.000,400106 ( 1736304392),261003214.000,Oct 2026,1,000,UNPAID,2026-10-10,2026-10-14,NaN,-,-,Brgy Amangcosiling Sur Bayambang Pangasinan OK,NaN
NaN,XAMS_Angelica_Mamaril,639455221975.000,1768539196 ( 1768539196),261003215.000,Oct 2026,1,000,UNPAID,2026-10-21,2026-10-25,NaN,-,-,Amancosiling Sur, Bayambang,NaN
NaN,XAMS_Ariel_Cayabyab,639702430778.000,1781484577 ( 1781484577),261003216.000,Oct 2026,799.000,UNPAID,2026-10-15,2026-10-19,NaN,-,-,Purok5 Amancosiling Sur Ok,NaN
NaN,XAMS_arlene_favi,639300204225.000,230221182993 ( 230221182993),261003217.000,Oct 2026,1,000,UNPAID,2026-10-10,2026-10-14,NaN,-,-,Brgy Amangcosiling Sur Bayambang Pangasinan,NaN
NaN,XAMS_Arlene_Pinto,639852373814.000,400088 ( 1727057837),261003218.000,Oct 2026,1,000,UNPAID,2026-10-17,2026-10-24,NaN,-,-,Purok 4 Brgy Amangcosiling Sur Bayambang Pangasinan,NaN
NaN,XAMS_Arniella_Rugas,639453101865.000,1788154343 ( 1788154343),261003219.000,Oct 2026,1,000,UNPAID,2026-10-01,2026-10-05,NaN,-,-,Amancosiling sur purok 6 Bayambang Pangasinan,NaN
NaN,XAMS_Avelina_Alanzalon,639196173949.000,400015 ( 400015),261003220.000,Oct 2026,799.000,UNPAID,2026-10-09,2026-10-16,NaN,-,-,Purok 6 Brgy Amangcosiling Bayambang Pangasinan,NaN
NaN,XAMS_Baby_Erguiza,639099671063.000,230221183006 ( 230221183006),261003221.000,Oct 2026,500.000,UNPAID,2026-10-08,2026-10-12,NaN,-,-,Brgy Amangcosiling Sur Bayambang Pangasinan,NaN
NaN,XAMS_Ben_Erguiza,639386994748.000,1788771503 ( 1788771503),261003222.000,Oct 2026,799.000,UNPAID,2026-10-09,2026-10-13,NaN,-,-,Purok 5 Amangcodiling Sur Bayambang Pangasinan,NaN
NaN,XAMS_Brenda_Paningbatan,639494618386.000,400065 ( 1715213812),261003223.000,Oct 2026,1,000,UNPAID,2026-10-08,2026-10-12,NaN,-,-,Purok 4 Amangcosiling Sur,NaN
NaN,XAMS_Carmelita_Devera,639158394195.000,1751357135 ( 1751357135),261003224.000,Oct 2026,1,000,UNPAID,2026-10-01,2026-10-05,NaN,-,-,Amancosiling sur Bayambang Panggasinan PORT 8 mierjohn/boss dong,NaN
NaN,XAMS_Charismay_Cayabyab,639604780014.000,1767425505 ( 1767425505),261003225.000,Oct 2026,1,000,UNPAID,2026-10-14,2026-10-18,NaN,-,-,Purok 6 Amancosiling Sur Bayambang Pangasinan near boudary of amancosiling and san Gabriel 1st,NaN
NaN,XAMS_ClairePilipinas_Domingo,639508991192.000,1764318374 ( 1764318374),261003226.000,Oct 2026,1,000,UNPAID,2026-10-28,2026-11-01,NaN,-,-,Amancosiling Sur Bayambang Pangasinan,NaN
NaN,XAMS_Conrado_Junio,639924259425.000,230221182998 ( 230221182998),261003227.000,Oct 2026,1,000,UNPAID,2026-10-01,2026-10-05,NaN,-,-,Brgy Amangcosiling Sur Bayambang Pangasinan,NaN
NaN,XAMS_Corazon_Barrameda,639294503795.000,230221183001 ( 230221183001),261003228.000,Oct 2026,1,000,UNPAID,2026-10-28,2026-11-01,NaN,-,-,Brgy Amangcosiling Sur Bayambang Pangasinan OK,NaN
NaN,XAMS_Dante_Bato,639151709715.000,400017 ( 400017),261003229.000,Oct 2026,1,000,UNPAID,2026-10-29,2026-11-02,NaN,-,-,Purok 1 Amangcosiling Sur Bayambang Pangasinan,NaN
NaN,XAMS_Darwin_Benitez,639124675613.000,1747112321 ( 1747112321),261003230.000,Oct 2026,1,000,UNPAID,2026-10-22,2026-10-26,NaN,-,-,Purok 5 Amancosiling sur bahambangbpangasinan OK,NaN
NaN,XAMS_Desiree_Benitez,639306926303.000,230203154707 ( 230203154707),261003231.000,Oct 2026,1,000,UNPAID,2026-10-19,2026-10-26,NaN,-,-,Amancosiling Sur Bayambang Pangasinan,NaN
NaN,XAMS_Ditas_Villamin,639358684382.000,400058 ( 1709787109),261003232.000,Oct 2026,1,000,UNPAID,2026-10-25,2026-10-25,NaN,-,-,Purok 3 Amangcosiling Sur Bayambang,NaN
NaN,XAMS_Dominga_Tayaan,639694463328.000,400090 ( 1727591484),261003233.000,Oct 2026,1,000,UNPAID,2026-10-25,2026-11-01,NaN,-,-,Purok 6 Brgy Amangcosiling Sur Bayambang Pangasinan,NaN
NaN,XAMS_Efren_Benitez,639459744866.000,1776921491 ( 1776921491),261003234.000,Oct 2026,1,000,UNPAID,2026-10-23,2026-10-27,NaN,-,-,Purok 5 Amancosiling Sur Bayambang Pangasinan,NaN
NaN,XAMS_Emily_Erguiza,639914753013.000,1783070642 ( 1783070642),261003235.000,Oct 2026,799.000,UNPAID,2026-10-03,2026-10-07,NaN,-,-,Purok 3, Amancosiling Sur BYB Pang. OK,NaN
NaN,XAMS_Emmanuel_Mejia,639621288203.000,1772152048 ( 1772152048),261003236.000,Oct 2026,1,000,UNPAID,2026-10-28,2026-11-01,NaN,-,-,Purok 4 Amancosiling Sur Bayambang Pangasinan,NaN
NaN,XAMS_Ernesto_Ocampo,639633745499.000,230221183005 ( 230221183005),261003237.000,Oct 2026,1,000,UNPAID,2026-10-08,2026-10-12,NaN,-,-,Brgy Amangcosiling Sur Bayambang Pangasinan,NaN
NaN,XAMS_Ester_Devera,639461965965.000,400073 ( 1719228069),261003238.000,Oct 2026,1,000,UNPAID,2026-10-24,2026-10-28,NaN,-,-,Purok 6 Amangcosiling Bayambang Pangasinan,NaN
NaN,XAMS_Felix_Rafael,639081981981.000,400043 ( 1703893624),261003239.000,Oct 2026,1,000,UNPAID,2026-10-23,2026-10-27,NaN,-,-,Purok 2 Amangcosiling Sur Bayambang,NaN
NaN,XAMS_Flora_Mangande,639694994763.000,1755662115 ( 1755662115),261003240.000,Oct 2026,1,000,UNPAID,2026-10-20,2026-10-24,NaN,-,-,Purok 4 Amancosiling sur Bayambang Pangasinan Port 7 Tech: Making/Papa D,NaN
NaN,XAMS_Francisco_Maniling,639667283634.000,400022 ( 400022),261003241.000,Oct 2026,1,000,UNPAID,2026-10-03,2026-10-07,NaN,-,-,Brgy Amangcosiling Sur Bayambang Pangasinan OK,NaN
NaN,XAMS_Gerald_Cayabyab,639851302546.000,1770175847 ( 1770175847),261003242.000,Oct 2026,799.000,UNPAID,2026-10-04,2026-10-08,NaN,-,-,Amancosiling Sur, Bayambang pangasinan purok 5, Nearest Landmark: mismong bahay ni kagawad laja,NaN
NaN,XAMS_Gerry_Guadalupe,639627424670.000,400098 ( 1731224931),260905179.000,Oct 2026,868.000,UNPAID,2026-10-09,2026-10-13,NaN,-,-,Purok 5 Brgy Amangcosiling Sur Bayambang Pangasinan,NaN
NaN,XAMS_Gina_Ogario,639693032651.000,230214104525 ( 230214104525),261003243.000,Oct 2026,1,000,UNPAID,2026-10-10,2026-10-14,NaN,-,-,Brgy Amangcoisling Sur,NaN
NaN,XAMS_Harvey_Fuellas,639653921199.000,400079 ( 1720418137),261003244.000,Oct 2026,1,000,UNPAID,2026-10-08,2026-10-12,NaN,-,-,Purok 6 Amangcosiling Sur Bayambang Pangasinan,NaN
NaN,XAMS_Helen_Bio,639531150950.000,1754122366 ( 1754122366),261003245.000,Oct 2026,1,000,UNPAID,2026-10-02,2026-10-06,NaN,-,-,PUROK 2 amancosiling sur BYB PNG OK,NaN
NaN,XAMS_Helen_Cayabyab,639488214761.000,400099 ( 1732854862),261003246.000,Oct 2026,1,000,UNPAID,2026-10-08,2026-10-12,NaN,-,-,Purok 2 Brgy Amangcosiling Sur Bayambang Pangasinan,NaN
NaN,XAMS_Henry_Urgelles,639369296466.000,1749115388 ( 1749115388),261003247.000,Oct 2026,1,000,UNPAID,2026-10-05,2026-10-09,NaN,-,-,#13 Purok 1 Amancosiling Sur, Bayambang, Pangasinan,NaN
NaN,XAMS_Irene_Cayabyab,639460320983.000,1743388205 ( 1743388205),261003248.000,Oct 2026,1,000,UNPAID,2026-10-28,2026-11-03,NaN,-,-,Purok 4 brgy. Amancosiling sur B.bang panagsinan,NaN
NaN,XAMS_Isagani_Devera,639922318132.000,400095 ( 1730389870),261003249.000,Oct 2026,1,000,UNPAID,2026-10-04,2026-10-08,NaN,-,-,Brgy Amangcosiling Sur Bayambang Pangasinan,NaN
NaN,XAMS_Ivan_Benitez,639369582759.000,1759288850 ( 1759288850),261003250.000,Oct 2026,1,000,UNPAID,2026-10-13,2026-10-17,NaN,-,-,purok 5 benitez compound amancosiling sur bayambang pangasinan,NaN
NaN,XAMS_Jackie_Erguiza,639702915841.000,1740552588 ( 1740552588),261003251.000,Oct 2026,1,000,UNPAID,2026-10-26,2026-10-30,NaN,-,-,Purok 5 Amancosileng sur bayambang pang.,NaN
NaN,XAMS_Jaime_Maniling,639916983390.000,400031 ( 400031),261003252.000,Oct 2026,1,000,UNPAID,2026-10-04,2026-10-08,NaN,-,-,Purok 6 Brgy Amangcosiling Sur Bayambang Pangasinan,NaN
NaN,XAMS_Jamaica_Erguiza,639123251925.000,1783066731 ( 1783066731),261003253.000,Oct 2026,1,000,UNPAID,2026-10-03,2026-10-07,NaN,-,-,Purok 3, Amancosiling Sur BYB Pang OK,NaN
NaN,XAMS_Jennelyn_Maniling,639089060955.000,1740733937 ( 1740733937),260905203.000,Oct 2026,901.000,UNPAID,2026-10-25,2026-10-29,NaN,-,-,Purok 6 Amancosiling sur Bayambang Pangasinan,NaN
NaN,XAMS_Jenyl_Galsim,639707780464.000,400076 ( 1720071226),261003254.000,Oct 2026,799.000,UNPAID,2026-10-04,2026-10-11,NaN,-,-,Purok 3 Amangcosiling Sur Bayambang Pangasinan,NaN
NaN,XAMS_Jerome_Ocampo,639919157320.000,1741742274 ( 1741742274),261003255.000,Oct 2026,1,000,UNPAID,2026-10-17,2026-10-21,NaN,-,-,Purok 3 Amancosiling Sur Bayambang Pangasinan,NaN
NaN,XAMS_Jesareno_Casingal,639946682341.000,1742025942 ( 1742025942),261003256.000,Oct 2026,1,000,UNPAID,2026-10-15,2026-10-19,NaN,-,-,Purok 3 Amangcosiling sur B.Bang Pangasinan,NaN
NaN,XAMS_Jesson_Maniling,639916136928.000,1747376929 ( 1747376929),261003257.000,Oct 2026,1,000,UNPAID,2026-10-23,2026-10-27,NaN,-,-,Purok 4, Amancosiling Sur, Bayambang, Pangasinan,NaN
NaN,XAMS_Jesusa_Decipulo,639777567348.000,400039 ( 400039),261003258.000,Oct 2026,1,000,UNPAID,2026-10-11,2026-10-18,NaN,-,-,Purok 6 Amangcosiling Sur Bayambang Pangasinan RECON AUG 12 REF # :4019 90226 0228,NaN
NaN,XAMS_Jesusa_Paquibot,639054678781.000,1758350129 ( 1758350129),261003259.000,Oct 2026,1,000,UNPAID,2026-10-20,2026-10-24,NaN,-,-,Puro 6, Amancosiling Sur, Bayambang Pangasinan,NaN
NaN,XAMS_Jhamela_Junio,639859759648.000,1751690652 ( 1751690652),261003260.000,Oct 2026,1,000,UNPAID,2026-10-01,2026-10-05,NaN,-,-,PUROK 3 AMANGCOSILING SUR BYB PNG,NaN
NaN,XAMS_JhezzaLyka_Maniling,639123456789.000,1765525447 ( 1765525447),261003261.000,Oct 2026,1,000,UNPAID,2026-10-12,2026-10-16,NaN,-,-,Amangcosiling Sur, Bbang Pangasinan,NaN
NaN,XAMS_JhonBenhur_Devera,639939423469.000,1778754597 ( 1778754597),261003262.000,Oct 2026,1,000,UNPAID,2026-10-15,2026-10-19,NaN,-,-,Amancosiling sur Bayambang, Pangasinan Purok 6,NaN
NaN,XAMS_Jocelyn_Salomon,639244832612.000,1781919447 ( 1781919447),261003263.000,Oct 2026,1,000,UNPAID,2026-10-21,2026-10-25,NaN,-,-,Amancosiling Sur, Bayambang, Pangasinan,NaN
NaN,XAMS_Jofrey_Briones,639485672655.000,400111 ( 1742538869),261003264.000,Oct 2026,1,000,UNPAID,2026-10-28,2026-11-03,NaN,-,-,AMANGCOSILING SUR PUROK 5 PANGASINAN OK,NaN
NaN,XAMS_John_Patrick_Trinidad,639813641878.000,400029 ( 400029),261003265.000,Oct 2026,1,000,UNPAID,2026-10-28,2026-11-02,NaN,-,-,Brgy Amangcosiling Sur Bayambang Pangasinan,NaN
NaN,XAMS_Jomar_Lorenzana,639050249103.000,400009 ( 400009),261003266.000,Oct 2026,1,000,UNPAID,2026-10-16,2026-10-20,NaN,-,-,Purok 6 Amangcosiling Sur Bayambang Pangasinan Port 2,NaN
NaN,XAMS_Jonald_Devera,639944261656.000,400084 ( 1723109528),261003267.000,Oct 2026,1,000,UNPAID,2026-10-25,2026-10-29,NaN,-,-,Purok 6 Brgy Amangcosiling Sur Bayambang Pangasinan,NaN
NaN,XAMS_Joselino_Cayabyab,639309269144.000,1742956279 ( 1742956279),261003268.000,Oct 2026,1,000,UNPAID,2026-10-26,2026-10-30,NaN,-,-,Purok 3 brgy. Amancosiling sur bayambang pangasinan,NaN
NaN,XAMS_Joselyn_Pascual,639123456789.000,230221183002 ( 230221183002),261003269.000,Oct 2026,1,000,UNPAID,2026-10-03,2026-10-10,NaN,-,-,Brgy Amangcosiling Sur Bayambang Pangasinan,NaN
NaN,XAMS_JoseMiguel_Tablizo,639309825990.000,1771724163 ( 1771724163),261003270.000,Oct 2026,1,000,UNPAID,2026-10-01,2026-10-04,NaN,-,-,Amancosilng Sur, Purok 3 Nearest Landmark: Papasok sa Vulcanizing,NaN
NaN,XAMS_Joseph_Montemayor,639272790006.000,1759305971 ( 1759305971),261003271.000,Oct 2026,1,000,UNPAID,2026-10-01,2026-10-05,NaN,-,-,purok 4 amancosiling sur bayambang pangasinan,NaN
NaN,XAMS_Joshua_Asuncion,639124597518.000,1750216919 ( 1750216919),261003272.000,Oct 2026,1,000,UNPAID,2026-10-25,2026-10-29,NaN,-,-,PUROK 3 AMONGCOSILING SUR BYB PNG,NaN
NaN,XAMS_Joshua_Pinto,639123456789.000,230221183004 ( 230221183004),260905180.000,Oct 2026,901.000,UNPAID,2026-10-09,2026-10-10,NaN,-,-,Brgy Amangcosiling Sur Bayambang Pangasinan,NaN
NaN,XAMS_JoyAnn_Fernandez,639556630509.000,1776046108 ( 1776046108),261003273.000,Oct 2026,1,000,UNPAID,2026-10-14,2026-10-18,NaN,-,-,Purok 4 Amangcosiling Sur Riverside Bayambang Pangasinan,NaN
NaN,XAMS_Joy_Torres,639090952647.000,400100 ( 1732859923),261003274.000,Oct 2026,2,000,UNPAID,2026-10-21,2026-10-25,NaN,-,-,Purok 3 Brgy Amangcosiling Sur Bayambang Pangasinan,NaN
NaN,XAMS_Juanito_Lanorio,639466003183.000,230211175959 ( 230211175959),261003275.000,Oct 2026,1,000,UNPAID,2026-10-13,2026-10-17,NaN,-,-,Amangcosiling Sur Bayambang Pangasinan OK,NaN
NaN,XAMS_Julian_Paningbatan,639952750834.000,400067 ( 1716361076),261003276.000,Oct 2026,1,000,UNPAID,2026-10-22,2026-10-26,NaN,-,-,Purok 4 Amangcosiling Sur,NaN
NaN,XAMS_Julius_Jimenez,639668724196.000,1738377187 ( 1738377187),261003277.000,Oct 2026,1,350,PAID,2026-10-01,2026-10-08,2026-10-01,Cash,-,Purok 6,amangcosiling sur, bayambang pangasinan,NaN
NaN,XAMS_Junalyn_Escarda,639632965594.000,1747299648 ( 1747299648),261003278.000,Oct 2026,1,000,UNPAID,2026-10-15,2026-10-19,NaN,-,-,Purok 2 amancosiling sur bayambang panagsinan,NaN
NaN,XAMS_Juvelyn_Benitez,639636319199.000,400027 ( 400027),261003279.000,Oct 2026,1,000,UNPAID,2026-10-28,2026-11-04,NaN,-,-,Purok 3 Amangcosiling Sur Bayambang Pangasinan,NaN
NaN,XAMS_Juvy_Mariano,639108988766.000,400087 ( 1727053216),261003280.000,Oct 2026,1,000,UNPAID,2026-10-05,2026-10-09,NaN,-,-,Purok 2 Brgy Amangcosiling Sur Bayambang Pangasinan,NaN
NaN,XAMS_Karen_Talleser,639635209750.000,1759128678 ( 1759128678),261003281.000,Oct 2026,1,000,UNPAID,2026-10-28,2026-11-07,NaN,-,-,125 purok 3 amangcosiling sur bayambang paggasinan,NaN
NaN,XAMS_Krizlle_Mariano,639159355861.000,1752552246 ( 1752552246),261003282.000,Oct 2026,1,000,UNPAID,2026-10-15,2026-10-19,NaN,-,-,Purok 5 Amancosiling Sur, BYB PNG / PORT 12 GILBERT / MAKING,NaN
NaN,XAMS_Leah_Pinto,639460798286.000,400021 ( 400021),261003283.000,Oct 2026,1,000,UNPAID,2026-10-28,2026-11-05,NaN,-,-,Purok 5 Brgy Amangcosiling Sur Bayambang Pangasinan OK,NaN
NaN,XAMS_Lolita_Bato,639998433094.000,400096 ( 1730390310),261003284.000,Oct 2026,1,000,UNPAID,2026-10-28,2026-11-03,NaN,-,-,Purok 2 Brgy Amangcosiling Sur Bayambang Pangasinan OK,NaN
NaN,XAMS_Lorenzo_Ventura,639123456789.000,400001 ( 400001),261003285.000,Oct 2026,1,000,UNPAID,2026-10-10,2026-10-10,NaN,-,-,Brgy Amangcosiling Sur Bayambang Pangasinan,NaN
NaN,XAMS_Loreto_Favi,639177211958.000,1749868688 ( 1749868688),261003286.000,Oct 2026,1,000,UNPAID,2026-10-16,2026-10-20,NaN,-,-,#26 Amancosiling Sur, Bayambang, Pangasinan,NaN
NaN,XAMS_Lorna_Maniling,639612629675.000,1739763928 ( 1739763928),260905170.000,Oct 2026,901.000,UNPAID,2026-10-23,2026-10-27,NaN,-,-,PUROK 6 AMANCOSILING SUR BYB PNG,NaN
NaN,XAMS_Lourdes_Masiglat,639777546708.000,1777265974 ( 1777265974),261003287.000,Oct 2026,1,000,UNPAID,2026-10-28,2026-11-01,NaN,-,-,Purok 6, Amancosiling Sur Bayambang Pangasinan,NaN
NaN,XAMS_Lourdes_Rivera,639636318303.000,1784178986 ( 1784178986),261003288.000,Oct 2026,1,000,UNPAID,2026-10-17,2026-10-21,NaN,-,-,Purok 5, Amancosiling Sur, Bayambang Pangasinan,NaN
NaN,XAMS_Lourdes_Soriano,639954369352.000,1742181932 ( 1742181932),261003289.000,Oct 2026,1,000,UNPAID,2026-10-19,2026-10-23,NaN,-,-,Purok 3 Amancosiling sur Bayambang Pangasinan,NaN
NaN,XAMS_Lyka_Pinto,639151709715.000,400014 ( 400014),261003290.000,Oct 2026,1,000,UNPAID,2026-10-07,2026-10-11,NaN,-,-,Brgy Amangcosiling Sur Bayambang Pangasinan,NaN
NaN,XAMS_Madel_Pinto,639209637976.000,400002 ( 400002),261003291.000,Oct 2026,2,000,UNPAID,2026-10-15,2026-10-15,NaN,-,-,Brgy Amangcosiling Sur Bayambang Pangasinan,NaN
NaN,XAMS_Margie_Austria,639915126823.000,400078 ( 1720242303),261003292.000,Oct 2026,1,000,UNPAID,2026-10-03,2026-10-07,NaN,-,-,Amangcosiling Sur Bayambang Pangasinan UNPAID SEPT DC SEPT 30 RECON OCT 28 NEXT PAYMENT NOV 8,NaN
NaN,XAMS_Mariechu_Casingal,639859560309.000,400062 ( 1713517261),261003293.000,Oct 2026,1,000,UNPAID,2026-10-19,2026-10-26,NaN,-,-,Purok 4 Amangcosiling Sur OK,NaN
NaN,XAMS_Marilou_Benitez,639958112210.000,400008 ( 400008),261003294.000,Oct 2026,1,000,UNPAID,2026-10-19,2026-10-26,NaN,-,-,Purok 5 Amangcosiling Sur Bayambang Pangasinan OK,NaN
NaN,XAMS_Marilou_Cadorna,639158830152.000,400074 ( 1719659861),261003295.000,Oct 2026,1,000,UNPAID,2026-10-28,2026-11-02,NaN,-,-,Purok 6 Amangcosiling Sur,NaN
NaN,XAMS_Mario_Junio,639499189309.000,400083 ( 1723092350),261003296.000,Oct 2026,1,000,UNPAID,2026-10-08,2026-10-15,NaN,-,-,PUROK 5 BRGY AMANGCOSILING BYB PNG OK,NaN
NaN,XAMS_Marissa_Devera,639637293251.000,1748511727 ( 1748511727),261003297.000,Oct 2026,1,000,UNPAID,2026-10-28,2026-11-02,NaN,-,-,Purok 6, Amancosiling Sur, Bayambang, Pangasinan,NaN
NaN,XAMS_Marissa_Laza,639707721261.000,400061 ( 1713173725),261003298.000,Oct 2026,1,000,UNPAID,2026-10-17,2026-10-21,NaN,-,-,Amancosiling Sur Bayambang,NaN
NaN,XAMS_Marites_Ferrer,639975279557.000,400011 ( 400011),261003299.000,Oct 2026,1,000,UNPAID,2026-10-13,2026-10-17,NaN,-,-,AMANGCOSILING SUR PUROK 6 BAYAMBANG PANGASINAN,NaN
NaN,XAMS_Markjohn_Devera,639707721255.000,400063 ( 1713517530),261003300.000,Oct 2026,1,000,UNPAID,2026-10-19,2026-10-23,NaN,-,-,Purok 5 Amangcosiling Sur OK,NaN
NaN,XAMS_Marnel_Portacio,639633327905.000,1745394770 ( 1745394770),261003301.000,Oct 2026,1,000,UNPAID,2026-10-28,2026-11-01,NaN,-,-,Purok 2, Amancosiling Sur Bayambang Pangasinan,NaN
NaN,XAMS_MaryAnn_Fernandez,639638114472.000,1754639328 ( 1754639328),261003302.000,Oct 2026,1,000,UNPAID,2026-10-08,2026-10-12,NaN,-,-,PUROK 2 AMANCOSILING SUR BYB PNG,NaN
NaN,XAMS_Marydiane_Zarate,639393604478.000,400102 ( 1735652635),261003303.000,Oct 2026,1,000,UNPAID,2026-10-28,2026-11-01,NaN,-,-,Purok 1 Brgy Amangcosiling Sur Bayambang Pangasinan,NaN
NaN,XAMS_Maryjane_Benitez,639101870128.000,1754104581 ( 1754104581),261003304.000,Oct 2026,1,000,UNPAID,2026-10-02,2026-10-06,NaN,-,-,Purok 5 Benitez Compound Amangcosiling Sur BYB PNG,NaN
NaN,XAMS_Melissa_Mangande,639466766926.000,400052 ( 1709216714),261003305.000,Oct 2026,1,000,UNPAID,2026-10-04,2026-10-08,NaN,-,-,Purok 4 Amangcosiling Sur Bayambang,NaN
NaN,XAMS_Meriam_Erguiza,639706450482.000,400003 ( 400003),261003306.000,Oct 2026,1,000,UNPAID,2026-10-20,2026-10-24,NaN,-,-,Brgy Amangcosiling Sur Bayambang Pangasinan,NaN
NaN,XAMS_Michelle_Devera,639260082482.000,400030 ( 400030),261003307.000,Oct 2026,1,000,UNPAID,2026-10-14,2026-10-18,NaN,-,-,Purok 6 Brgy Amangcosiling Sur Bayambang Pangasinan,NaN
NaN,XAMS_Mischil_Romero,639929067510.000,1750402880 ( 1750402880),261003308.000,Oct 2026,1,000,UNPAID,2026-10-20,2026-10-24,NaN,-,-,Purok 2 amangcosiling sur bayambang Pangasinan,NaN
NaN,XAMS_Mitzi_Erguiza,639300048505.000,1764664049 ( 1764664049),261003309.000,Oct 2026,799.000,UNPAID,2026-10-01,2026-10-05,NaN,-,-,Purok 3 Amancosiling Sur Bayambang Pangasinan,NaN
NaN,XAMS_Mylene_Rafael,639457717514.000,400085 ( 1725083857),261003310.000,Oct 2026,1,000,UNPAID,2026-10-28,2026-11-01,NaN,-,-,21 Purok 1 Brgy Amangcosiling Sur Bayambang Pangasinan,NaN
NaN,XAMS_Natali_Lopez,639276568343.000,1778388149 ( 1778388149),261003311.000,Oct 2026,1,000,UNPAID,2026-10-14,2026-10-18,NaN,-,-,Purok 4 Amancosiling Sur,NaN
NaN,XAMS_Nelda_Ferrer,639152817532.000,1746177234 ( 1746177234),261003312.000,Oct 2026,1,000,UNPAID,2026-10-02,2026-10-06,NaN,-,-,Gomez street Amangcosiling Sur,NaN
NaN,XAMS_Noemi_Macandong,639453777616.000,1769741754 ( 1769741754),261003313.000,Oct 2026,1,000,UNPAID,2026-10-07,2026-10-11,NaN,-,-,Purok 5 Amancosiling sur Bayambang Pangasinan OK,NaN
NaN,XAMS_Noly_Mangrobang,639125518619.000,1751357079 ( 1751357079),261003314.000,Oct 2026,1,000,UNPAID,2026-10-01,2026-10-05,NaN,-,-,PUROK 1 AMANGCOSILING SUR BYB PNG 15.776893 / 120.455405 201-1BYB49LCP1NP6P1 mierjohn/boss dong,NaN
NaN,XAMS_Norly_Pangasian,639509491300.000,400060 ( 1712283611),261003315.000,Oct 2026,1,000,UNPAID,2026-10-05,2026-10-09,NaN,-,-,Purok 6 Amangcosiling Sur,NaN
NaN,XAMS_Ofelia_Devera,639265233123.000,1744615841 ( 1744615841),261003316.000,Oct 2026,1,000,UNPAID,2026-10-28,2026-11-05,NaN,-,-,Purok V Amancosiling Sur Bayambang Pangasinan Alternative Contact number: 09278432200 Husband of the Client (Sir Roberto),NaN
NaN,XAMS_Ofelia_Gomez,639217071728.000,230221183003 ( 230221183003),261003317.000,Oct 2026,1,000,UNPAID,2026-10-26,2026-10-30,NaN,-,-,Brgy Amangcosiling Sur Bayambang Pangasinan,NaN
NaN,XAMS_Ofelia_Maniling,639484299083.000,400048 ( 1708320050),261003318.000,Oct 2026,1,000,UNPAID,2026-10-10,2026-10-17,NaN,-,-,Purok 6 Amangcosiling sUR,NaN
NaN,XAMS_Pedro_Fabia,639307806994.000,400068 ( 1718258875),261003319.000,Oct 2026,1,000,UNPAID,2026-10-28,2026-11-02,NaN,-,-,Purok 4 Amangcosiling Sur,NaN
NaN,XAMS_Pedro_Panis,639544635746.000,1785325742 ( 1785325742),261003320.000,Oct 2026,1,000,PAID,2026-10-01,2026-10-05,2026-10-01,Cash,-,Purok 6 Amancosiling Sur, Bayambang Pangasinan OK,NaN
NaN,XAMS_Pepito_Mangande,639051070655.000,400037 ( 400037),261003321.000,Oct 2026,1,000,UNPAID,2026-10-20,2026-10-24,NaN,-,-,Purok 4 Amangcosiling Sur,NaN
NaN,XAMS_Princess_Coma,639663126383.000,400109 ( 1740046359),261003322.000,Oct 2026,1,000,UNPAID,2026-10-27,2026-10-31,NaN,-,-,PUROK6 AMANCASILING SUR BAYAMBANG PANGASINAN OK,NaN
NaN,XAMS_Raul_Soriano,639091216657.000,1783050712 ( 1783050712),261003323.000,Oct 2026,1,000,UNPAID,2026-10-03,2026-10-07,NaN,-,-,Putok 3, Amancosiling Sur BYB Pang OK,NaN
NaN,XAMS_Raymond_Erguiza_Gallardo,639157839499.000,400066 ( 1716198246),261003324.000,Oct 2026,1,000,UNPAID,2026-10-20,2026-10-24,NaN,-,-,Purok 4 Brgy. Amangcosiling Sur,NaN
NaN,XAMS_Rechelle_Cayabyab,639938825009.000,1758247801 ( 1758247801),261003325.000,Oct 2026,1,000,UNPAID,2026-10-19,2026-10-23,NaN,-,-,Purok 2 amangcosiling sur B.Bang Pangasinan,NaN
NaN,XAMS_Reynaldo_Favi,639934018274.000,1769761074 ( 1769761074),261003326.000,Oct 2026,799.000,UNPAID,2026-10-08,2026-10-12,NaN,-,-,Purok 4 Amancosiling Sur Bayambang Pangasinan,NaN
NaN,XAMS_Reynando_Tugade,639817303018.000,1757564886 ( 1757564886),261003327.000,Oct 2026,1,000,UNPAID,2026-10-16,2026-10-20,NaN,-,-,Puro 2, Amangcosiling, Bayambang, Pangasinan,NaN
NaN,XAMS_Ricardo_Mangande,639360564634.000,1760935910 ( 1760935910),261003328.000,Oct 2026,1,000,UNPAID,2026-10-20,2026-10-24,NaN,-,-,Purok 6, Amancosiling Sur, Bayambang, Pangasinan,NaN
NaN,XAMS_Richard_Erguiza,639507702062.000,400004 ( 400004),261003329.000,Oct 2026,1,000,UNPAID,2026-10-16,2026-10-20,NaN,-,-,Purok 3 Brgy Amangcosiling Bayambang Pangasinan OK,NaN
NaN,XAMS_Ricky_Erguiza,639504942041.000,230214104524 ( 230214104524),261003330.000,Oct 2026,1,000,UNPAID,2026-10-06,2026-10-10,NaN,-,-,Brgy Amangcoisling Sur Bayambang Pangasinan,NaN
NaN,XAMS_Ricky_Mangande,639123456789.000,400018 ( 400018),261003331.000,Oct 2026,1,000,UNPAID,2026-10-12,2026-10-16,NaN,-,-,Amangcosiling Sur Bayambang Pangasinan OK,NaN
NaN,XAMS_Rio_Maniling,639925380289.000,1779167920 ( 1779167920),261003332.000,Oct 2026,1,000,UNPAID,2026-10-20,2026-10-24,NaN,-,-,Purok 6 Amangcosiling Sur Bayambang Pangasinan kapitbahay ni Kagawad Julius Cayabyab,NaN
NaN,XAMS_Roger_Bato,639693729832.000,400081 ( 1722935404),261003333.000,Oct 2026,1,000,UNPAID,2026-10-20,2026-10-24,NaN,-,-,Amangcosiling Sur Bayambang Pangasinan,NaN
NaN,XAMS_Roger_CayabyanJr,639458018304.000,1760949427 ( 1760949427),261003334.000,Oct 2026,1,000,UNPAID,2026-10-28,2026-11-02,NaN,-,-,Purok 6 Amancosiling Sur,NaN
NaN,XAMS_Rolando_Agliron,639858716408.000,1751010963 ( 1751010963),261003335.000,Oct 2026,1,000,UNPAID,2026-10-27,2026-10-31,NaN,-,-,Purok 2 Amancosiling Sur Bayambang Pangasinan OK,NaN
NaN,XAMS_Roland_Junio,639773446909.000,400103 ( 1735892309),261003336.000,Oct 2026,1,000,UNPAID,2026-10-03,2026-10-07,NaN,-,-,Purok 6 Brgy Amangcosiling Sur Bayambang Pangasinan,NaN
NaN,XAMS_Romel_Mangande,639466766926.000,400020 ( 400020),261003337.000,Oct 2026,1,000,UNPAID,2026-10-13,2026-10-17,NaN,-,-,Purok 4 Brgy Amangcosiling Sur Bayambang Pangasinan,NaN
NaN,XAMS_Ronaldo_Gomez,639308788883.000,400049 ( 1708418482),261003338.000,Oct 2026,1,000,UNPAID,2026-10-10,2026-10-14,NaN,-,-,Purok 3 Amangcosiling Sur OK,NaN
NaN,XAMS_Ronald_Junio,639937360791.000,230221183000 ( 230221183000),261003339.000,Oct 2026,1,000,UNPAID,2026-10-28,2026-11-04,NaN,-,-,Brgy Amangcosiling Sur Bayambang Pangasinan,NaN
NaN,XAMS_Rosalie_Favi,639303751380.000,400051 ( 1709181119),261003340.000,Oct 2026,1,000,UNPAID,2026-10-15,2026-10-19,NaN,-,-,Purok 2 Amangcosiling Sur,NaN
NaN,XAMS_Rose_Cayabyab,639266876944.000,1787316679 ( 1787316679),261003341.000,Oct 2026,799.000,UNPAID,2026-10-23,2026-10-27,NaN,-,-,Purok 5 Amancosiling Sur, Bayambang Pangasinan OK,NaN
NaN,XAMS_Rowena_Cayabyab,639922390739.000,400023 ( 400023),261003342.000,Oct 2026,1,000,UNPAID,2026-10-20,2026-10-24,NaN,-,-,Purok 4 Amangcosiling Sur Bayambang Pangasinan,NaN
NaN,XAMS_Rubelyn_Maniling,639959330171.000,1740733580 ( 1740733580),261003343.000,Oct 2026,1,000,UNPAID,2026-10-28,2026-11-04,NaN,-,-,Purok 6 Amancosiling sur Bayambang pangasinan OK,NaN
NaN,XAMS_Rufina_Rafael,639273575520.000,230211176004 ( 230211176004),261003344.000,Oct 2026,2,000,UNPAID,2026-10-03,2026-10-07,NaN,-,-,Brgy Amangcosiling Sur OK,NaN
NaN,XAMS_Ryan_Dejesus,639198406253.000,400097 ( 1731204263),261003345.000,Oct 2026,1,000,UNPAID,2026-10-10,2026-10-14,NaN,-,-,Purok 2 Brgy Amangcosiling Sur Bayambang Pangasinan,NaN
NaN,XAMS_Sergio_Cayabyab,639104093157.000,400032 ( 400032),261003346.000,Oct 2026,1,000,UNPAID,2026-10-15,2026-10-22,NaN,-,-,Purok 4 Amancosiling Sur Bayambang Pangasinan,NaN
NaN,XAMS_Sharmay_Malazo,639123456789.000,230214104522 ( 230214104522),261003347.000,Oct 2026,1,000,UNPAID,2026-10-05,2026-10-09,NaN,-,-,Bgyr Amangcosiling Sur Bayambang Pangasinan,NaN
NaN,XAMS_Shiryl_Pinto,639123456789.000,230221182991 ( 230221182991),261003348.000,Oct 2026,1,000,UNPAID,2026-10-15,2026-10-19,NaN,-,-,Brgy Amangcosiling Sur Bayambang Pangasinan,NaN
NaN,XAMS_Stela_Soriano,639854849019.000,1781493792 ( 1781493792),261003349.000,Oct 2026,1,000,UNPAID,2026-10-22,2026-10-26,NaN,-,-,Purok 5, Amancosiling Sur Bayambang Pangasinan,NaN
NaN,XAMS_Teresa_Maniling,639309803180.000,400046 ( 1707199429),261003350.000,Oct 2026,1,000,UNPAID,2026-10-06,2026-10-10,NaN,-,-,Purok 4 Amangcosiling Sur,NaN
NaN,XAMS_Thelma_Cayabyab,639693032671.000,1761207967 ( 1761207967),261003351.000,Oct 2026,1,000,UNPAID,2026-10-23,2026-10-27,NaN,-,-,Purok 6 AMANCOSILING sur b.bang Pangasinan,NaN
NaN,XAMS_Thelma_Torres,639469596683.000,230214104542 ( 230214104542),261003352.000,Oct 2026,1,000,UNPAID,2026-10-09,2026-10-13,NaN,-,-,Purok 3 Amangcosiling Sur Bayambang Pangasinan,NaN
NaN,XAMS_Vangeline_Fernandez,639556845636.000,1787882643 ( 1787882643),261003353.000,Oct 2026,1,000,UNPAID,2026-10-02,2026-10-06,NaN,-,-,Purok 5 Amancosiling Sur,NaN
NaN,XAMS_Vangeline_Vinluan,639929496218.000,400080 ( 1721054570),261003354.000,Oct 2026,1,000,UNPAID,2026-10-15,2026-10-19,NaN,-,-,Purok 6 Amangcosiling sur,NaN
NaN,XAMS_Vina_Sales,639468451987.000,1779498061 ( 1779498061),261003355.000,Oct 2026,1,000,UNPAID,2026-10-08,2026-10-09,NaN,-,-,Purok 4 Amancosiling Sur Bayambang, Pangasinan OK,NaN
NaN,XAMS_Weng_Cayabyab,639123456789.000,230221182992 ( 230221182992),261003356.000,Oct 2026,2,000,UNPAID,2026-10-15,2026-10-19,NaN,-,-,Brgy Amangcosiling Sur Bayambang Pangasinan,NaN
NaN,XAMS_Zenaida_Alejo,639959858627.000,400104 ( 1736226203),261003357.000,Oct 2026,1,000,UNPAID,2026-10-11,2026-10-15,NaN,-,-,Purok 6 Brgy Amangcosiling Sur Bayambang Pangasinan,NaN
NaN,XANU_Charlie_DeGuzman,639955494595.000,1778200772 ( 1778200772),261003358.000,Oct 2026,1,000,UNPAID,2026-10-09,2026-10-13,NaN,-,-,#35 Zone V A Barangay Anulid Alcala Pangasinan.,NaN
NaN,XANU_Edwin_Dauz,639202575993.000,1783469323 ( 1783469323),261003359.000,Oct 2026,1,000,UNPAID,2026-10-09,2026-10-13,NaN,-,-,Zone 4 117 Bacolor Street, Anulid Alcala Pangasinan OK,NaN
NaN,XANU_Jacqueline_Presas,639175077510.000,1756374701 ( 1756374701),261003360.000,Oct 2026,1,000,UNPAID,2026-10-27,2026-10-31,NaN,-,-,88 Castro st zone 6 anulid alcala Pangasinan Ok,NaN
NaN,XANU_Kristel_Sison,639850740949.000,1765869001 ( 1765869001),261003361.000,Oct 2026,799.000,UNPAID,2026-10-16,2026-10-20,NaN,-,-,Anulid, Alcala Pangasinan,NaN
NaN,XANU_KristineAnn_Cabuquid,639924262736.000,1752134115 ( 1752134115),261003362.000,Oct 2026,1,000,UNPAID,2026-10-10,2026-10-14,NaN,-,-,Purok 2 anulid alcala pangasinan ALC LCP2NP5P3 PIOLO/ CHARLIE,NaN
NaN,XANU_Mariel_Belarmino,639482900808.000,1783728116 ( 1783728116),261003363.000,Oct 2026,799.000,UNPAID,2026-10-13,2026-10-17,NaN,-,-,ZONE 4 ANULID ALCALA PANGASINAN OK,NaN
NaN,XANU_Siony_Alfon,639636201321.000,1786937043 ( 1786937043),261003364.000,Oct 2026,1,000,UNPAID,2026-10-20,2026-10-24,NaN,-,-,Anulid zone 6 alcala pangasinan,NaN
NaN,XAP_Airajane_Ventura,639932517413.000,1780489701 ( 1780489701),261003365.000,Oct 2026,799.000,UNPAID,2026-10-08,2026-10-12,NaN,-,-,apalen bayambang pangasinan purok 3 ventura residence,NaN
NaN,XAP_Bryan_Agustin,639124242753.000,700007 ( 1703809026),261003366.000,Oct 2026,1,000,UNPAID,2026-10-12,2026-10-16,NaN,-,-,PUROK 3 APALEN BYB PNG,NaN
NaN,XAP_Christina_Bugarin,639384297025.000,700004 ( 700004),261003367.000,Oct 2026,1,000,UNPAID,2026-10-16,2026-10-20,NaN,-,-,Purok 1 Apalen Bayambang Pangasinan,NaN
NaN,XAP_Cristy_Agustin,639708686099.000,1769097618 ( 1769097618),261003368.000,Oct 2026,1,000,UNPAID,2026-10-27,2026-10-31,NaN,-,-,Purok 3 Brgy Apalen Bayambang Pangasinan,NaN
NaN,XAP_Dominic_Agustin,639467405871.000,700006 ( 1703808873),261003369.000,Oct 2026,1,000,UNPAID,2026-10-28,2026-11-01,NaN,-,-,Purok 3 Apalen Bayambang OK,NaN
NaN,XAP_Irene_Guarin,639123456789.000,700008 ( 1709212717),261003370.000,Oct 2026,1,000,UNPAID,2026-10-24,2026-10-28,NaN,-,-,Brgy Apalen Bayambang Pangasinan,NaN
NaN,XAP_Jake_Evangelista,639487869961.000,700018 ( 1722854593),261003371.000,Oct 2026,1,000,PAID,2026-10-03,2026-10-07,2026-10-01,GCASH,7045625569579.000,Purok I Brgy Apalen Bayambang Pangasinan,NaN
NaN,XAP_Jared_Oxino,639157457579.000,700022 ( 1724367085),261003372.000,Oct 2026,1,000,UNPAID,2026-10-28,2026-10-31,NaN,-,-,Purok 3 Brgy Apalen Bayambang Pangaasinan,NaN
NaN,XAP_Jasmien_Francisco,639752295767.000,700015 ( 1711448265),261003373.000,Oct 2026,1,000,PAID,2026-10-01,2026-10-05,2026-10-01,Payment Gateway,paid on the new website,Purok 2 Apalen Bayambang,NaN
NaN,XAP_Jinelyn_Magalong,639949692016.000,700003 ( 700003),261003374.000,Oct 2026,1,000,UNPAID,2026-10-28,2026-11-01,NaN,-,-,Brgy Apalen Bayambang Pangasinan,NaN
NaN,XAP_Judelyn_Caniezo,639317411670.000,230203154246 ( 230203154246),261003375.000,Oct 2026,1,000,UNPAID,2026-10-06,2026-10-10,NaN,-,-,Purok 3 Apalen Bayambang Pangasinan,NaN
NaN,XAP_Lojie_Magalong,639277119660.000,700025 ( 1732854955),261003376.000,Oct 2026,1,000,UNPAID,2026-10-27,2026-11-03,NaN,-,-,Purok 1 Brgy Apalen Bayambang Pangasinan,NaN
NaN,XAP_Nena_Valdez,639092015357.000,230211152841 ( 230211152841),261003377.000,Oct 2026,1,000,UNPAID,2026-10-05,2026-10-12,NaN,-,-,Purok 1 Apalen Bayambang Pangasinan,NaN
NaN,XAP_Richel_Agustin,639124243240.000,700001 ( 700001),261003378.000,Oct 2026,1,000,UNPAID,2026-10-19,2026-10-23,NaN,-,-,Purok 3 Brgy Apalen Bayambang Pangasinan,NaN
NaN,XAP_Rodelyn_Castillo,639387792298.000,1770795887 ( 1770795887),261003379.000,Oct 2026,1,000,UNPAID,2026-10-12,2026-10-16,NaN,-,-,Purok 1, Apalen, Bayambang, Pangasinan,NaN
NaN,XAP_Roma_Castillo,639388589594.000,230204115933 ( 230204115933),261003380.000,Oct 2026,1,000,UNPAID,2026-10-25,2026-10-29,NaN,-,-,Apalen Bayambang Pangasinan,NaN
NaN,XAP_Rosemarie_Gruta,639514438564.000,700005 ( 700005),261003381.000,Oct 2026,1,000,UNPAID,2026-10-01,2026-10-05,NaN,-,-,Purok 3 Apalen Bayambang Pangasinan,NaN
NaN,XBAL_Baluyot_NationalHighSchool,639274256390.000,1769842448 ( 1769842448),260905193.000,Oct 2026,1,000,PAID,2026-10-02,2026-10-06,2026-09-25,Cash,427383.000,Manambong Brgy Road, Baluyot, Bautista, Pangasinan Senior High School BLDG 2,NaN
NaN,XBAL_Baluyot_NationalHighSchool2,639274256390.000,1770024484 ( 1770024484),260905194.000,Oct 2026,1,000,PAID,2026-10-02,2026-10-06,2026-09-25,Cash,0000427383_2,Zone 5, Baluyot, Bautista, Pangasinan Junior High School,NaN
NaN,XBAL_Baluyot_NationalHighSchool3,639916734524.000,1770106971 ( 1770106971),260905195.000,Oct 2026,1,000,PAID,2026-10-03,2026-10-07,2026-09-25,Cash,0000427383_3,Zone 5, Baluyot, Bautista, Pangasinan Senior High School BLDG 1,NaN
NaN,XBAL_Baluyot_NationalHighSchool4,639916734524.000,1770171917 ( 1770171917),260905196.000,Oct 2026,1,000,PAID,2026-10-05,2026-10-09,2026-09-25,Cash,0000427383_4,Zone 5, Baluyot, Bautista, Pangasinan Senior High School BLDG 1 2nd Floor,NaN
NaN,XBAL_Baluyot_NationalHighSchool5,639916734524.000,1781568940 ( 1781568940),260905197.000,Oct 2026,1,000,PAID,2026-10-16,2026-10-20,2026-09-25,Cash,0000427383_5,Zone 5, Baluyot, Bautista, Pangasinan Faculty building,NaN
NaN,XBAL_Daryl_Macasieb,639533846831.000,20000003 ( 1719900514),261003382.000,Oct 2026,1,000,UNPAID,2026-10-09,2026-10-13,NaN,-,-,Zone 1 Baluyot Bautista OK,NaN
NaN,XBAL_Domingo_Aquino,639973887028.000,20000015 ( 1730263172),261003383.000,Oct 2026,1,000,UNPAID,2026-10-19,2026-10-26,NaN,-,-,Zone 1 Brgy Baluyot Bautista Pangasinan,NaN
NaN,XBAL_Elsa_Soriano,639982961451.000,1752742305 ( 1752742305),261003384.000,Oct 2026,1,000,UNPAID,2026-10-21,2026-10-24,NaN,-,-,Zone 1, Baluyot, Bautista, Pangasinan PORT 10 Piolo/Jerome,NaN
NaN,XBAL_Ernesto_Junio,639667655624.000,1736303288 ( 1736303288),261003385.000,Oct 2026,1,000,UNPAID,2026-10-08,2026-10-12,NaN,-,-,Baluyot Bautista Pangasinan,NaN
NaN,XBAL_Fredden_Flores,639366709689.000,20000001 ( 1719847492),261003386.000,Oct 2026,1,000,UNPAID,2026-10-04,2026-10-07,NaN,-,-,Zone 1 Baluyot Bautista Bayambang Pangasinan,NaN
NaN,XBAL_Jasper_Leonardo,639386891077.000,20000002 ( 1719883857),261003387.000,Oct 2026,799.000,UNPAID,2026-10-06,2026-10-10,NaN,-,-,Zone 1 Baluyot Bautista Pangasinan,NaN
NaN,XBAL_Jefferson_Tipontipon,639814571803.000,1749197739 ( 1749197739),261003388.000,Oct 2026,799.000,UNPAID,2026-10-11,2026-10-15,NaN,-,-,Zone 4 baluyot bayambang Pangasinann,NaN
NaN,XBAL_Jocelyn_Delossantos,639914727262.000,20000018 ( 1731220261),261003389.000,Oct 2026,1,000,UNPAID,2026-10-06,2026-10-10,NaN,-,-,387 Baluyot Bautista Pangasinan,NaN
NaN,XBAL_Judelyn_Ruetas,639308052480.000,20000008 ( 1723865499),261003390.000,Oct 2026,1,000,UNPAID,2026-10-05,2026-10-12,NaN,-,-,Zone 3 Baluyot Bautista Pangasinan,NaN
NaN,XBAL_KurtIvanne_Lapada,639279116189.000,1770272697 ( 1770272697),261003391.000,Oct 2026,1,000,UNPAID,2026-10-11,2026-10-14,NaN,-,-,Baluyot Bautista Pangasinan Maligaya Z4,NaN
NaN,XBAL_Lloyd_Lucero,639694266684.000,20000011 ( 1726542456),261003392.000,Oct 2026,799.000,UNPAID,2026-10-28,2026-11-02,NaN,-,-,Baluyot Bautista,NaN
NaN,XBAL_Lourdes_Junio,639518896751.000,20000022 ( 1732873997),261003393.000,Oct 2026,1,000,UNPAID,2026-10-14,2026-10-18,NaN,-,-,120 Zone 2 Brgy Baluyot Bautista Pangasinan,NaN
NaN,XBAL_Nicole_Viray,639925058401.000,20000006 ( 1721054265),261003394.000,Oct 2026,1,000,UNPAID,2026-10-13,2026-10-17,NaN,-,-,Zone 5 Baluyot Bautista Pangasinan,NaN
NaN,XBAL_Reinnamay_Capitle,639942201198.000,20000004 ( 1720015619),261003395.000,Oct 2026,1,000,UNPAID,2026-10-28,2026-11-03,NaN,-,-,Zone 6 Baluyot Bautista Pangasinan,NaN
NaN,XBAL_Reynan_Labor,639092702779.000,1753694597 ( 1753694597),261003396.000,Oct 2026,1,000,UNPAID,2026-10-05,2026-10-06,NaN,-,-,zone 6 Baluyot Bautista, Pangasinan PORT 2 BOUNDARY OF MANAMBONG NORTE DARWIN / FREE DIE,NaN
NaN,XBAL_Rey_Montibon,639276944383.000,20000020 ( 1732863867),261003397.000,Oct 2026,1,000,UNPAID,2026-10-24,2026-10-28,NaN,-,-,120 Zone 2 Baluyot Bautista Pangasinan OK,NaN
NaN,XBAL_Rodrigo_Gellido,639772615084.000,1781826388 ( 1781826388),261003398.000,Oct 2026,1,000,UNPAID,2026-10-19,2026-10-23,NaN,-,-,#464 zone 6 baLuyot Bautista Pangasinan OK,NaN
NaN,XBAL_Rufino_Jimenez,639672673631.000,1749119274 ( 1749119274),261003399.000,Oct 2026,1,000,UNPAID,2026-10-05,2026-10-09,NaN,-,-,Zone 5 Baluyot Bautista pangasinan,NaN
NaN,XBAL_Virgilio_Diaz,639092714771.000,1754645006 ( 1754645006),261003400.000,Oct 2026,800.000,UNPAID,2026-10-08,2026-10-12,NaN,-,-,ZONE 6 BALUYOT BAU PNG,NaN
NaN,XBAL_Zenaida_Albalos,639154125350.000,20000023 ( 1735892903),261003401.000,Oct 2026,1,000,UNPAID,2026-10-03,2026-10-07,NaN,-,-,Zone 2 Brgy Baluyot Bautista Pangasinan,NaN
NaN,XBA_Alejandro_Rabanal,639190722940.000,1773020463 ( 1773020463),261003402.000,Oct 2026,1,000,UNPAID,2026-10-14,2026-10-18,NaN,-,-,124 Hillside Bani Bayambang,NaN
NaN,XBA_Apple_Manansala,639096453128.000,1786763094 ( 1786763094),261003403.000,Oct 2026,799.000,UNPAID,2026-10-20,2026-10-24,NaN,-,-,Brgy Sitio 7 Guts Bani, Bayambang Pangasinan,NaN
NaN,XBA_Carlo_Devera,639059565638.000,1300020 ( 1727057942),261003404.000,Oct 2026,1,000,UNPAID,2026-10-10,2026-10-17,NaN,-,-,Don Pascual II Brgy Bani Bayambang Pangasinan,NaN
NaN,XBA_Clarissa_Ding,639073233411.000,1300019 ( 1724459405),261003405.000,Oct 2026,1,000,UNPAID,2026-10-23,2026-10-27,NaN,-,-,Don Pascual II Brgy Bani Bayambang Pangasinan,NaN
NaN,XBA_Emmanuel_Terrado,639946940977.000,1757671042 ( 1757671042),261003406.000,Oct 2026,1,000,UNPAID,2026-10-12,2026-10-16,NaN,-,-,Sitio Leksan, Bani, Bayambang, Pangasinan,NaN
NaN,XBA_Erlinda_Santiago,639855611752.000,1300013 ( 1720826408),261003407.000,Oct 2026,1,000,UNPAID,2026-10-06,2026-10-10,NaN,-,-,Don Pascual Bani Bayambang Pangasinan UNPAID AUG DC AUG 22,NaN
NaN,XBA_Harveyjustine_Angeles,639911432044.000,1735877695 ( 1735877695),261003408.000,Oct 2026,1,000,UNPAID,2026-10-16,2026-10-20,NaN,-,-,Don Pascual 2 Bani Bayambang Pangasinan OK,NaN
NaN,XBA_Jerry_Catchillar2,639364454873.000,1773206347 ( 1773206347),261003409.000,Oct 2026,1,000,UNPAID,2026-10-25,2026-10-29,NaN,-,-,7 Gots Bani Bayambang Pangasinan,NaN
NaN,XBA_Levinson_Uy,639688512637.000,1300012 ( 1718361196),261003410.000,Oct 2026,1,000,UNPAID,2026-10-14,2026-10-18,NaN,-,-,Bani Bayambang Pangasinan,NaN
NaN,XBA_Lucky_Comendador,639487446649.000,1741768628 ( 1741768628),261003411.000,Oct 2026,1,000,UNPAID,2026-10-25,2026-10-29,NaN,-,-,Purok 1, Bani Bayambang Pangasinan OK,NaN
NaN,XBA_MALOURDES_MATABANG,639216602851.000,1770807898 ( 1770807898),261003412.000,Oct 2026,1,000,UNPAID,2026-10-13,2026-10-17,NaN,-,-,san carlos-basista-bayambang road. harap ng bani elementary school,NaN
NaN,XBA_Marianne_Dalope,639915171141.000,1740124324 ( 1740124324),261003413.000,Oct 2026,1,000,UNPAID,2026-10-03,2026-10-07,NaN,-,-,Centro 1 Bani Bayambang Pangasinan,NaN
NaN,XBA_Melany_Torres,639481573889.000,1737966905 ( 1737966905),261003414.000,Oct 2026,1,500,UNPAID,2026-10-27,2026-10-31,NaN,-,-,Brgy. Bani Hilltop, Bani Bayambang Pangasinan, North Luzon, 2423,NaN
NaN,XBA_Melody_Santiago,639318640695.000,1300006 ( 1300006),261003415.000,Oct 2026,1,000,UNPAID,2026-10-30,2026-11-03,NaN,-,-,Don Pascual Bani Bayambang Pangasinan,NaN
NaN,XBA_Mercy_Agustin,639305063942.000,1740726501 ( 1740726501),261003416.000,Oct 2026,1,000,UNPAID,2026-10-28,2026-11-06,NaN,-,-,Don Pascual Bani Bayambang Pangasinan,NaN
NaN,XBA_Nicole_Manikan,639919583574.000,1300005 ( 1300005),261003417.000,Oct 2026,1,000,UNPAID,2026-10-28,2026-11-01,NaN,-,-,Don Pascual Brgy Bani Bayambang Pangasinan,NaN
NaN,XBA_Vilma_Sanchez,639458126838.000,1300002 ( 1300002),261003418.000,Oct 2026,1,000,UNPAID,2026-10-03,2026-10-07,NaN,-,-,Centro 1 Bani Bayambang Pangasinan,NaN
NaN,XBED_Althea_Tumbagahan,639915113569.000,1759571862 ( 1759571862),261003419.000,Oct 2026,1,000,UNPAID,2026-10-16,2026-10-20,NaN,-,-,Purok 4 Bedania Mangatarem Pangasinan,NaN
NaN,XBED_Angelica_Cabrera,639453841474.000,1777517079 ( 1777517079),261003420.000,Oct 2026,799.000,UNPAID,2026-10-28,2026-11-08,NaN,-,-,Purok 2 Bedania, Mangatarem Pangasinan OK,NaN
NaN,XBED_Arlene_Cayabyab,639537065212.000,1778899522 ( 1778899522),261003421.000,Oct 2026,1,000,UNPAID,2026-10-09,2026-10-13,NaN,-,-,PUROK 3, BEDANIA MANGATAREM, PANGASINAN,NaN
NaN,XBED_Charisse_Diaz,639365081638.000,1788912893 ( 1788912893),261003422.000,Oct 2026,1,000,UNPAID,2026-10-10,2026-10-14,NaN,-,-,Purok 4 Bedania Mangatarem, Pangasinan,NaN
NaN,XBED_Charlito_Bugagon,639455280897.000,1759739772 ( 1759739772),261003423.000,Oct 2026,1,000,UNPAID,2026-10-06,2026-10-10,NaN,-,-,Purok 5 BEDANIA MANGATAREM PANGASINAN,NaN
NaN,XBED_Dyanross_Cabigas,639566273754.000,1752646952 ( 1752646952),261003424.000,Oct 2026,1,000,UNPAID,2026-10-28,2026-11-03,NaN,-,-,PUROK 7 BEDANIA MANGATAREN PNG,NaN
NaN,XBED_Eddie_Perez,639487950513.000,1759307826 ( 1759307826),261003425.000,Oct 2026,1,000,UNPAID,2026-10-01,2026-10-05,NaN,-,-,Purok 5, Bedania Mangatarem Pang.,NaN
NaN,XBED_Edna_Perez,639756182799.000,1772682337 ( 1772682337),261003426.000,Oct 2026,1,500,UNPAID,2026-10-06,2026-10-10,NaN,-,-,Purok 2 Brgy Bedana Mangatarem Pangasinan beside Elementary School. referred by: Sir Mario Escadillo,NaN
NaN,XBED_Eric_Pascual,639150076048.000,1764217964 ( 1764217964),261003427.000,Oct 2026,1,000,UNPAID,2026-10-28,2026-11-07,NaN,-,-,Bedania purok 6 mangatarem pangasinan OK,NaN
NaN,XBED_Estrelita_DelaCruz,639544591709.000,1784950398 ( 1784950398),261003428.000,Oct 2026,1,000,UNPAID,2026-10-27,2026-10-31,NaN,-,-,Purok 5 Bedania Mangatarem Pangasinan OK,NaN
NaN,XBED_Felix_Carbonel,639776285840.000,1768624621 ( 1768624621),261003429.000,Oct 2026,1,000,UNPAID,2026-10-04,2026-10-08,NaN,-,-,Purok 1, Bedania Mangatarem Pangasinan OK,NaN
NaN,XBED_Florante_Ducusin,639453740133.000,1770266579 ( 1770266579),261003430.000,Oct 2026,1,000,UNPAID,2026-10-13,2026-10-17,NaN,-,-,purok 2 bedania mangaterm pangasinan after ng covered court at brgy hall ng bedania left side along the way.,NaN
NaN,XBED_Flora_Natoc,63924492111.000,1767833110 ( 1767833110),261003431.000,Oct 2026,1,000,UNPAID,2026-10-08,2026-10-12,NaN,-,-,Purok 1 Bedania, boundary po ng bedanya at pampano,NaN
NaN,XBED_Fredie_Calugay,639368479748.000,1770345209 ( 1770345209),261003432.000,Oct 2026,1,000,UNPAID,2026-10-06,2026-10-10,NaN,-,-,Purok 3, Bedania, Mangatarem, Pangasinan 15.762902, 120.375428,NaN
NaN,XBED_Gervacio_Agacite,639677164610.000,1773728492 ( 1773728492),261003433.000,Oct 2026,1,000,UNPAID,2026-10-24,2026-10-28,NaN,-,-,Purok 2 barangay Bedania referred by Sir Mario Near Barngay Hall,NaN
NaN,XBED_Graceann_Geronimo,639913242028.000,1770382569 ( 1770382569),261003434.000,Oct 2026,1,000,UNPAID,2026-10-08,2026-10-12,NaN,-,-,Purok 4, Bedania, Mangatarem, Pangasinan OK,NaN
NaN,XBED_Guy_Lopez,63993322766.000,1779934189 ( 1779934189),261003435.000,Oct 2026,1,000,UNPAID,2026-10-28,2026-11-01,NaN,-,-,Purok 5 Bedania Mangatarem,NaN
NaN,XBED_Jericho_Lopez,639460021423.000,1776316270 ( 1776316270),261003436.000,Oct 2026,799.000,UNPAID,2026-10-28,2026-11-01,NaN,-,-,Brgy. Penia Pedania Bedania Mangatarem,NaN
NaN,XBED_Jessa_Dancel,639268419300.000,1778990036 ( 1778990036),261003437.000,Oct 2026,1,000,UNPAID,2026-10-18,2026-10-22,NaN,-,-,Purok 7 Barangay Bedania Mangatarem Pangasinan,NaN
NaN,XBED_JohnMark_Blancaflor,639157580384.000,1781419630 ( 1781419630),261003438.000,Oct 2026,1,000,UNPAID,2026-10-19,2026-10-23,NaN,-,-,BRGY BEDANIA PUROK 2 MANGATAREM PANGASINAN,NaN
NaN,XBED_Juliana_Catubig,639062448621.000,1778412905 ( 1778412905),261003439.000,Oct 2026,1,000,UNPAID,2026-10-12,2026-10-16,NaN,-,-,150 Bedania Purok7 Mangatarem Pangasinan,NaN
NaN,XBED_Karren_Bactat,639772901521.000,1780726725 ( 1780726725),261003440.000,Oct 2026,1,000,UNPAID,2026-10-07,2026-10-11,NaN,-,-,Purok 5 Bedania,NaN
NaN,XBED_Kristine_Pascual,639277781720.000,1771066280 ( 1771066280),261003441.000,Oct 2026,1,000,UNPAID,2026-10-19,2026-10-23,NaN,-,-,Brgy bedana purok 2 beside brngy hall Pangasinan,NaN
NaN,XBED_Ladylyn_Delacruz,639123518991.000,1768704353 ( 1768704353),261003442.000,Oct 2026,1,000,UNPAID,2026-10-25,2026-11-01,NaN,-,-,Purok 6 Bedania Mangatarem, Pangasinan,NaN
NaN,XBED_Leo_Catubig,639270492363.000,1782697167 ( 1782697167),261003443.000,Oct 2026,1,000,UNPAID,2026-10-28,2026-11-02,NaN,-,-,Purok 6, Brgy. Bedania, Mangatarem, Pangasinan OK,NaN
NaN,XBED_Lilia_Bugagon,639934570076.000,1759894724 ( 1759894724),261003444.000,Oct 2026,1,000,UNPAID,2026-10-08,2026-10-12,NaN,-,-,Purok 4 BEDANIA MANGATAREM PANGASINAN,NaN
NaN,XBED_Lingling_Bagat,639555973877.000,1788834701 ( 1788834701),261003445.000,Oct 2026,799.000,UNPAID,2026-10-10,2026-10-14,NaN,-,-,Brgy Bedania Mangatarem Pangasinan,NaN
NaN,XBED_Maricel_Cardinez,639457930546.000,1771491189 ( 1771491189),261003446.000,Oct 2026,799.000,UNPAID,2026-10-19,2026-10-23,NaN,-,-,Purok 2 Bedania Mangatarem Pangasinan,NaN
NaN,XBED_Maricris_Cayabyab,639319335471.000,1765347519 ( 1765347519),261003447.000,Oct 2026,799.000,UNPAID,2026-10-12,2026-10-16,NaN,-,-,purok 3 bedania mangatarem pangasinan OK,NaN
NaN,XBED_Marites_Aquino,639667263832.000,1764230965 ( 1764230965),261003448.000,Oct 2026,1,000,UNPAID,2026-10-27,2026-11-02,NaN,-,-,bedania purok 6mangatarem pangasinan,NaN
NaN,XBED_Mylene_Medina,639460164361.000,1772252535 ( 1772252535),261003449.000,Oct 2026,799.000,UNPAID,2026-10-02,2026-10-06,NaN,-,-,Purok 5 Bedania Mangatarem Panagsinan,NaN
NaN,XBED_Phauleen_Payoran,639173908768.000,1782443243 ( 1782443243),261003450.000,Oct 2026,1,000,UNPAID,2026-10-26,2026-10-30,NaN,-,-,Purok 1 Bedania Mangatarem Pangasinan,NaN
NaN,XBED_Rosalie_Delacruz,639306157613.000,1770382460 ( 1770382460),261003451.000,Oct 2026,1,000,UNPAID,2026-10-08,2026-10-12,NaN,-,-,Purok 4, Bedania, Mangatarem, Pangasinan,NaN
NaN,XBED_Rosalinda_Mina,639918737959.000,1779344199 ( 1779344199),261003452.000,Oct 2026,1,000,UNPAID,2026-10-25,2026-10-29,NaN,-,-,Purok 3 Bedania ,Mangatarem, Pangasinan,NaN
NaN,XBED_RoseAnn_Catubig,639387994389.000,1790241332 ( 1790241332),261003453.000,Oct 2026,1,000,UNPAID,2026-10-25,2026-10-29,NaN,-,-,BARANGGAY BEDANIA MANGATAREM PANGASINAN PUROK6,NaN
NaN,XBED_Rowena_Cayabyab,639754207672.000,1765336894 ( 1765336894),261003454.000,Oct 2026,1,000,UNPAID,2026-10-17,2026-10-21,NaN,-,-,Purok 3 bedania mangatarem pangasinan,NaN
NaN,XBED_Salvador_Pascual,639096266155.000,1764224018 ( 1764224018),261003455.000,Oct 2026,1,000,UNPAID,2026-10-27,2026-10-31,NaN,-,-,purok 6 bedania mangatarem pangasinan,NaN
NaN,XBED_Sarahjane_Cayago,639270655845.000,1771415792 ( 1771415792),261003456.000,Oct 2026,1,000,UNPAID,2026-10-19,2026-10-23,NaN,-,-,Purok 2 beside ng barangay hall ng bedana beside kristine pascual referred by Sir Mario,NaN
NaN,XBED_Virgillio_Lopez,639630547917.000,1779862536 ( 1779862536),261003457.000,Oct 2026,1,000,UNPAID,2026-10-28,2026-11-01,NaN,-,-,Purok 7 Bedania Mangatarem Pangasinan,NaN
NaN,XBED_William_Bugagon,639954000959.000,1759740244 ( 1759740244),261003458.000,Oct 2026,1,000,UNPAID,2026-10-09,2026-10-13,NaN,-,-,Purok 5 BEDANIA MANGATAREM PANGASINAN,NaN
NaN,XBER_Carmenelia_Aquino,639382484462.000,1780132049 ( 1780132049),261003459.000,Oct 2026,1,000,UNPAID,2026-10-02,2026-10-06,NaN,-,-,Sitio Cabalitian Bersamin Alcala Pangasinan OK,NaN
NaN,XBER_Eva_Cerezo,639093476286.000,1756363428 ( 1756363428),261003460.000,Oct 2026,1,000,UNPAID,2026-10-28,2026-11-01,NaN,-,-,Cabalitian bersamin Alcala,NaN
NaN,XBER_Jedidiah_DelosSantos,639687535905.000,1772885493 ( 1772885493),261003461.000,Oct 2026,1,000,UNPAID,2026-10-09,2026-10-13,NaN,-,-,173 Cacasiaan (Manuel/kentong Palay,Mais, Tobacco buying station),NaN
NaN,XBER_Jessie_Cortel,639951644743.000,1786528298 ( 1786528298),261003462.000,Oct 2026,1,000,UNPAID,2026-10-17,2026-10-21,NaN,-,-,58 Belidan, Bersamin Alcala Pangasinan,NaN
NaN,XBER_Jonalyn_Fernandez,639153505499.000,1775802364 ( 1775802364),261003463.000,Oct 2026,1,000,UNPAID,2026-10-10,2026-10-14,NaN,-,-,Sitio camanggahan bersamin ALCALA pangasinan,NaN
NaN,XBER_Jonalyn_Ganzagan,639091652199.000,1789792165 ( 1789792165),261003464.000,Oct 2026,1,000,UNPAID,2026-10-19,2026-10-23,NaN,-,-,Purok Kamangaan Bersamin Alcala Pangasinan.,NaN
NaN,XBER_Princess_Miro,639158682363.000,1789444622 ( 1789444622),261003465.000,Oct 2026,1,000,UNPAID,2026-10-16,2026-10-20,NaN,-,-,Sitio Gulao Bersamin Alcala Pangasinan,NaN
NaN,XBER_Reynald_Calpito,639932839138.000,1764999141 ( 1764999141),261003466.000,Oct 2026,1,000,UNPAID,2026-10-06,2026-10-10,NaN,-,-,Sitio Cabalitan, Bersamin, Alcala, Pangsinan Barangay Hall ng Bersamin, sya yung secretary. dun nalang sya daanan,NaN
NaN,XBER_Romeo_Biala,639667146019.000,1765013193 ( 1765013193),261003467.000,Oct 2026,1,000,UNPAID,2026-10-06,2026-10-10,NaN,-,-,Sitio Cabalitian, Bersamin, Alcala, Pangasinan,NaN
NaN,XBE_AlyssaDiane_Manlongat,639854864219.000,1772427577 ( 1772427577),261003468.000,Oct 2026,1,000,UNPAID,2026-10-04,2026-10-08,NaN,-,-,Bongato East Bayambang Pangasinan,NaN
NaN,XBE_Andres_Magtaan,639166434844.000,1746255401 ( 1746255401),261003469.000,Oct 2026,1,000,UNPAID,2026-10-03,2026-10-07,NaN,-,-,162 bongato east,bayambang pangasinan,NaN
NaN,XBE_Arlene_Boquiren,639108950353.000,1782185997 ( 1782185997),261003470.000,Oct 2026,1,000,UNPAID,2026-10-24,2026-10-28,NaN,-,-,Bongato East Bayambang Pangasinan Purok 3 OK,NaN
NaN,XBE_Bernardino_Ramos,639850512268.000,1771312913 ( 1771312913),261003471.000,Oct 2026,799.000,UNPAID,2026-10-17,2026-10-21,NaN,-,-,Purok 5 Bongato East bayambang Pangasinan,NaN
NaN,XBE_Cecelia_Ofiana,639661604957.000,242300018 ( 1717124825),261003472.000,Oct 2026,1,000,UNPAID,2026-10-28,2026-11-01,NaN,-,-,Purok 7 Bongato East,NaN
NaN,XBE_Christina_Camacho,639304387291.000,242300016 ( 1714627111),261003473.000,Oct 2026,1,000,UNPAID,2026-10-09,2026-10-13,NaN,-,-,Purok 4 Bongato East,NaN
NaN,XBE_Dante_Guno,639159567927.000,1752113990 ( 1752113990),261003474.000,Oct 2026,1,000,UNPAID,2026-10-10,2026-10-14,NaN,-,-,Bongato east bayambang pangasinan 201-3BYB7LCP1NP6P10 JOHAN / MICHAEL,NaN
NaN,XBE_Eduardo_PalatinoJr,639270246586.000,1774222671 ( 1774222671),261003475.000,Oct 2026,799.000,UNPAID,2026-10-26,2026-10-30,NaN,-,-,Tapat ng bongato east evangelicals church,NaN
NaN,XBE_Egie_Mejia,639760831994.000,1753756728 ( 1753756728),261003476.000,Oct 2026,1,000,UNPAID,2026-10-28,2026-11-02,NaN,-,-,163 Bongato East, Bayambang, Pangasinan,NaN
NaN,XBE_Elisa_Manlongat,639933404762.000,1780301342 ( 1780301342),261003477.000,Oct 2026,1,000,UNPAID,2026-10-02,2026-10-06,NaN,-,-,ddress (with Purok): Purok 1, 299 Bongato East Bayambang Pangasinan,NaN
NaN,XBE_Elvira_Casingal,639636716393.000,1758942521 ( 1758942521),261003478.000,Oct 2026,1,000,UNPAID,2026-10-27,2026-10-31,NaN,-,-,Purok 2 BONGATO East B.Bang Pangasinan,NaN
NaN,XBE_Emily_Morilia,639208967544.000,242300015 ( 1714053328),261003479.000,Oct 2026,1,000,UNPAID,2026-10-25,2026-10-29,NaN,-,-,Purok 1 Bongato East Bayambang Pangasinan OK,NaN
NaN,XBE_Evelyn_Magsino,639678827535.000,1759984463 ( 1759984463),261003480.000,Oct 2026,1,000,UNPAID,2026-10-11,2026-10-15,NaN,-,-,Zone 4 Anulid Alcala Pangasinan,NaN
NaN,XBE_Felix_Ventanilla,639122161178.000,242300013 ( 1710199955),261003481.000,Oct 2026,1,000,UNPAID,2026-10-01,2026-10-05,NaN,-,-,Purok 2 Bongato East OK,NaN
NaN,XBE_Freddie_Datangel,639511285353.000,1763806632 ( 1763806632),261003482.000,Oct 2026,1,000,UNPAID,2026-10-06,2026-10-10,NaN,-,-,Purok 4 Bongato East Bayambang Pangasinan,NaN
NaN,XBE_Gilbert_Manlongat,639701654103.000,242300012 ( 1710199770),261003483.000,Oct 2026,1,000,UNPAID,2026-10-11,2026-10-15,NaN,-,-,Purok 1 Bongato East,NaN
NaN,XBE_James_Bancruz,639073923038.000,1744264923 ( 1744264923),261003484.000,Oct 2026,1,000,UNPAID,2026-10-10,2026-10-14,NaN,-,-,Purok 2 Bongato East Bayambang Pangasinan OK,NaN
NaN,XBE_Jayson_Gonzales,639812237207.000,242300023 ( 1722912281),261003485.000,Oct 2026,1,000,UNPAID,2026-10-05,2026-10-09,NaN,-,-,Purok 2 Brgy Bonggato East Bayambang Pangasinan,NaN
NaN,XBE_Jijilyn_Macaraeg,639558992509.000,242300034 ( 1735663822),261003486.000,Oct 2026,1,000,UNPAID,2026-10-02,2026-10-06,NaN,-,-,Purok 4 Bongato East Bayambang Pangasinan,NaN
NaN,XBE_Leoderick_Ramos,639673207431.000,1783309593 ( 1783309593),261003487.000,Oct 2026,799.000,UNPAID,2026-10-06,2026-10-10,NaN,-,-,Purok 6 Bonggato East Bayambang Pangasinan OK,NaN
NaN,XBE_Linaflor_Aban,639293871088.000,1772110768 ( 1772110768),261003488.000,Oct 2026,1,000,UNPAID,2026-10-27,2026-10-31,NaN,-,-,Purok 7 Bongato East Bayambang Pangasinan,NaN
NaN,XBE_Lorena_Chan,639193720020.000,1735874277 ( 1735874277),261003489.000,Oct 2026,1,000,UNPAID,2026-10-03,2026-10-07,NaN,-,-,Purok 4 bongato east bayambang pangasinan OK,NaN
NaN,XBE_Loreto_Ramos,639485325508.000,1782268037 ( 1782268037),261003490.000,Oct 2026,799.000,UNPAID,2026-10-01,2026-10-05,NaN,-,-,Purok 3, Bongato East Bayambang Pangasinan OK,NaN
NaN,XBE_Maria_Sison,639706486074.000,242300020 ( 1718080313),261003491.000,Oct 2026,1,000,UNPAID,2026-10-11,2026-10-15,NaN,-,-,Purok 3 Bongato East Bayambang,NaN
NaN,XBE_Marylyca_Galsim,639511228363.000,1750757374 ( 1750757374),261003492.000,Oct 2026,1,000,UNPAID,2026-10-24,2026-10-28,NaN,-,-,Purok 5, Bongato East Bayambang Pangasinan Philippines 201-4BYB65LCP1NP1P9 Boss D. / Jffrsn,NaN
NaN,XBE_MaureenGay_Rosalada,639100279546.000,1751273429 ( 1751273429),261003493.000,Oct 2026,1,000,UNPAID,2026-10-28,2026-11-08,NaN,-,-,Purok 3 bongato east bayambang pangasinan,NaN
NaN,XBE_Mylene_Lloren,639602492277.000,242300036 ( 1740382958),261003494.000,Oct 2026,1,000,UNPAID,2026-10-28,2026-11-04,NaN,-,-,Purok 7 Bongato East Bayambang Pangasinan,NaN
NaN,XBE_Nico_Cabralis,639124560688.000,242300001 ( 1707786522),261003495.000,Oct 2026,1,000,UNPAID,2026-10-28,2026-11-05,NaN,-,-,Purok 2 Bongato East Bayambang OK,NaN
NaN,XBE_Rochelle_Galsim,639975278770.000,242500011 ( 1709249013),261003496.000,Oct 2026,1,000,UNPAID,2026-10-14,2026-10-18,NaN,-,-,Bongato West Bayambang,NaN
NaN,XBE_Roseann_Sarmiento,639100089180.000,242300009 ( 1709249639),261003497.000,Oct 2026,1,000,UNPAID,2026-10-26,2026-10-30,NaN,-,-,Bongato East Bayambang,NaN
NaN,XBE_Roselyn_Bautista,639922464837.000,242300029 ( 1726567255),261003498.000,Oct 2026,1,000,UNPAID,2026-10-13,2026-10-17,NaN,-,-,Purok 1 Bongato East Bayambang Pangasinan OK,NaN
NaN,XBE_Shirley_Manlongat,639700510252.000,1772611874 ( 1772611874),261003499.000,Oct 2026,1,000,UNPAID,2026-10-04,2026-10-08,NaN,-,-,Purok 1, Bongato East, Bayambang, Pangasinan,NaN
NaN,XBE_Teofilo_Iglesias,639123456789.000,242300003 ( 1709219098),261003500.000,Oct 2026,1,000,UNPAID,2026-10-09,2026-10-13,NaN,-,-,Bongato East Bayambang,NaN
NaN,XBE_Zehara_Vallo,639693076157.000,242300026 ( 1722998543),261003501.000,Oct 2026,1,000,UNPAID,2026-10-01,2026-10-05,NaN,-,-,PUROK 6 BONGATO EAST BYB PNG,NaN
NaN,XBN_Ariz_Agbuya,639634798763.000,1748317139 ( 1748317139),261003502.000,Oct 2026,1,000,UNPAID,2026-10-27,2026-10-31,NaN,-,-,299 Atis St., Bical Norte, Bayambang, Pangasinan,NaN
NaN,XBN_Babelyn_DelaCruz,639107195483.000,1600034 ( 1717133745),261003503.000,Oct 2026,1,000,UNPAID,2026-10-30,2026-11-12,NaN,-,-,Papaya Street Bical Norte UNPAID AUG DC SEP 4,NaN
NaN,XBN_Buddy_Payumo,639626452383.000,1749886485 ( 1749886485),261003504.000,Oct 2026,1,000,UNPAID,2026-10-05,2026-10-09,NaN,-,-,Melon Street Bical Norte Bayambang Pangasinan OK,NaN
NaN,XBN_Clarita_Cayabyab,639513093651.000,1600003 ( 1600003),261003505.000,Oct 2026,1,000,UNPAID,2026-10-28,2026-11-09,NaN,-,-,Mangga St Brgy Bical Norte Bayambang Pangasinan,NaN
NaN,XBN_Criselda_Dinong,639503344842.000,1600008 ( 1600008),261003506.000,Oct 2026,1,000,UNPAID,2026-10-16,2026-10-20,NaN,-,-,Manga St, Brgy Bical Norte Bayambang Pangasinan,NaN
NaN,XBN_DinoJames_Cayabyab,639683831710.000,1781590434 ( 1781590434),261003507.000,Oct 2026,1,000,UNPAID,2026-10-17,2026-10-21,NaN,-,-,Bical Norte (Melon Street) Bayambang, Pangasinan OK,NaN
NaN,XBN_Edilberta_Ganancial,639074728705.000,1751942671 ( 1751942671),261003508.000,Oct 2026,1,000,UNPAID,2026-10-08,2026-10-12,NaN,-,-,Mangga st bical norte bbang pang Infront of mayor quiambao 201-4BYB65LCP1NP1P8 Johansen/michael,NaN
NaN,XBN_Emmanuel_Cayabyab,639104489219.000,1785662006 ( 1785662006),261003509.000,Oct 2026,799.000,UNPAID,2026-10-12,2026-10-16,NaN,-,-,Purok 4 Bical Norte OK,NaN
NaN,XBN_Feby_Mejia,639106012908.000,1600009 ( 1600009),261003510.000,Oct 2026,1,000,UNPAID,2026-10-02,2026-10-06,NaN,-,-,Manga ST, Bical Norte Bayambang Pangasinan,NaN
NaN,XBN_Frederick_Ancheta,639511788388.000,1600037 ( 1718248516),261003511.000,Oct 2026,1,000,UNPAID,2026-10-13,2026-10-17,NaN,-,-,Melon Street Bical Norte Bayambang OK,NaN
NaN,XBN_Geneses_Abarcar,639267087708.000,1765963717 ( 1765963717),261003512.000,Oct 2026,1,000,UNPAID,2026-10-17,2026-10-21,NaN,-,-,Bical Norte,NaN
NaN,XBN_Hilda_Tagulao,639273565788.000,250319112705 ( 1742354826),261003513.000,Oct 2026,1,000,UNPAID,2026-10-19,2026-10-23,NaN,-,-,Atis st.brgy bical.norte bayambang pangasinan,NaN
NaN,XBN_Jennilyn_Miranda,639158344910.000,1779842493 ( 1779842493),261003514.000,Oct 2026,799.000,UNPAID,2026-10-27,2026-10-31,NaN,-,-,Melon Street, Bical Norte, Bayambang,NaN
NaN,XBN_Joanamarie_Bacani,639707932090.000,1600017 ( 1600017),261003515.000,Oct 2026,1,000,UNPAID,2026-10-14,2026-10-18,NaN,-,-,Atis St, Bical Norte Bayambang Pangasinan,NaN
NaN,XBN_Joselle_Bancolita,639750157467.000,1770959501 ( 1770959501),261003516.000,Oct 2026,1,000,UNPAID,2026-10-13,2026-10-17,NaN,-,-,Dalandan St. Brgy. Bical Norte, Bayambang, Pang.,NaN
NaN,XBN_Jovita_Albarida,639854826328.000,1764236766 ( 1764236766),261003517.000,Oct 2026,1,000,UNPAID,2026-10-28,2026-11-02,NaN,-,-,Avocado St., Bical Norte, Bayambang, Pangasinan,NaN
NaN,XBN_Jula_Payomo,639083083594.000,1741573559 ( 1741573559),261003518.000,Oct 2026,1,000,UNPAID,2026-10-12,2026-10-16,NaN,-,-,Mangga street.Bical Norte Bayambang Pangasinan,NaN
NaN,XBN_Lenny_Custodio,639951317201.000,1735960513 ( 1735960513),261003519.000,Oct 2026,1,000,UNPAID,2026-10-04,2026-10-08,NaN,-,-,Dalandan St. Bical Norte Bayambang Pangasinan,NaN
NaN,XBN_Lourdes_Aquino,639472518705.000,1781484054 ( 1781484054),261003520.000,Oct 2026,1,000,UNPAID,2026-10-15,2026-10-19,NaN,-,-,61 manga street bical Norte Infront of Ninas cafe n Saint Vincent village,NaN
NaN,XBN_LovelleGrace_Tesoro,639305735323.000,1764838039 ( 1764838039),261003521.000,Oct 2026,1,000,UNPAID,2026-10-06,2026-10-10,NaN,-,-,Melon St. Bical Norte Bayambang Pangasinan OK,NaN
NaN,XBN_Magie_Agbuya,639558530485.000,250108160016 ( 1736323497),261003522.000,Oct 2026,1,000,UNPAID,2026-10-28,2026-11-05,NaN,-,-,Dalandan ST, Bical Norte Bayambang Pangasinan,NaN
NaN,XBN_Maila_Perez,639054406431.000,1600015 ( 1600015),261003523.000,Oct 2026,1,000,UNPAID,2026-10-27,2026-10-31,NaN,-,-,Dalandan st. Bical Norte,Baymabang,Pangasinan,NaN
NaN,XBN_Manilyn_Tagulao,639318461708.000,1780297021 ( 1780297021),261003524.000,Oct 2026,1,000,UNPAID,2026-10-01,2026-10-05,NaN,-,-,Avocado st bical norte bayambang pangasinan,NaN
NaN,XBN_Marieta_Agbuya,639304400193.000,1600031 ( 1715575002),261003525.000,Oct 2026,1,000,UNPAID,2026-10-13,2026-10-17,NaN,-,-,purok 7 Atis Street Bical Norte,NaN
NaN,XBN_Marnie_Deguzman,639501150769.000,1600021 ( 1703051861),261003526.000,Oct 2026,1,000,UNPAID,2026-10-12,2026-10-16,NaN,-,-,Bical Norte Bayambang Pangasinan,NaN
NaN,XBN_Maynard_Deguzman,639380081078.000,1786499945 ( 1786499945),261003527.000,Oct 2026,1,000,UNPAID,2026-10-12,2026-10-16,NaN,-,-,Manga St., Bical Norte, Bayambang, Pangasinan OK,NaN
NaN,XBN_Melvin_Ferrer,639772795938.000,1788051103 ( 1788051103),261003528.000,Oct 2026,1,000,UNPAID,2026-10-01,2026-10-05,NaN,-,-,Bical Norte Bayambang Pangasinan,NaN
NaN,XBN_Michael_Aquino,639192058863.000,1788832559 ( 1788832559),261003529.000,Oct 2026,1,000,UNPAID,2026-10-15,2026-10-15,NaN,-,-,Aanorms pharmacy bical Norte bayambang pangasinan,NaN
NaN,XBN_Michelle_Ocfemia,639082506690.000,1756528879 ( 1756528879),261003530.000,Oct 2026,1,000,UNPAID,2026-10-02,2026-10-05,NaN,-,-,Dalandan, Bical Norte, Bayambang, Pangsinan,NaN
NaN,XBN_Neren_Dinong,639706450923.000,1600011 ( 1600011),261003531.000,Oct 2026,1,000,UNPAID,2026-10-02,2026-10-06,NaN,-,-,Bical Norte Bayambang Pangasinan,NaN
NaN,XBN_Oscar_Antonio,639694332837.000,1600023 ( 1709188281),261003532.000,Oct 2026,1,000,UNPAID,2026-10-06,2026-10-10,NaN,-,-,Atis Bical Norte Bayambang Pangasinan,NaN
NaN,XBN_Princess_Janjawi,639511295077.000,1789610621 ( 1789610621),261003533.000,Oct 2026,1,000,UNPAID,2026-10-17,2026-10-21,NaN,-,-,Mangga Street Purok 5 Bical Norte Bayambang Pangasinan,NaN
NaN,XBN_Rebecca_Tagulao,639353781058.000,1754386734 ( 1754386734),261003534.000,Oct 2026,1,000,UNPAID,2026-10-03,2026-10-07,NaN,-,-,atis street bical norte bayambang pangasinan OK,NaN
NaN,XBS_Amy_Deleon,639936202772.000,240503125103 ( 1714711899),261003535.000,Oct 2026,1,000,UNPAID,2026-10-15,2026-10-19,NaN,-,-,Bical Sur Bayambang,NaN
NaN,XBS_Bernard_Pasiliao,639772380304.000,1760418729 ( 1760418729),261003536.000,Oct 2026,1,000,UNPAID,2026-10-14,2026-10-18,NaN,-,-,Purok 3, Bical Sur, Bayambang, Pangasinan,NaN
NaN,XBS_Berna_Cayabyab,639107449625.000,1700026 ( 1707284487),261003537.000,Oct 2026,1,000,UNPAID,2026-10-15,2026-10-19,NaN,-,-,Purok 1 Bical Sur,NaN
NaN,XBS_Cindy_Laza,639608560120.000,1746252035 ( 1746252035),261003538.000,Oct 2026,1,000,UNPAID,2026-10-05,2026-10-09,NaN,-,-,Purok 2 bical sur bayambang pangasinan OK,NaN
NaN,XBS_Crismel_Gutierrez,639507201152.000,1700033 ( 1709249442),261003539.000,Oct 2026,1,000,UNPAID,2026-10-07,2026-10-11,NaN,-,-,Purok 3 Bical Sur,NaN
NaN,XBS_Daisy_Matabang,639511285231.000,1700015 ( 1700015),261003540.000,Oct 2026,1,000,UNPAID,2026-10-14,2026-10-18,NaN,-,-,Purok 3 Bical Sur Bayambang Pangasinan,NaN
NaN,XBS_Dick_Solomon,639502910092.000,1700009 ( 1700009),261003541.000,Oct 2026,1,000,UNPAID,2026-10-06,2026-10-10,NaN,-,-,Port 5 Nap 5 UNPAID OCT DC OCT 21,NaN
NaN,XBS_Edna_Justo,639958622754.000,240608223411 ( 1717857267),261003542.000,Oct 2026,1,000,UNPAID,2026-10-08,2026-10-12,NaN,-,-,Purok 3 Brgy Bical Sur Bayambang Pangasinan,NaN
NaN,XBS_Erly_DelaCruz,639516962963.000,1700019 ( 1700019),261003543.000,Oct 2026,1,000,UNPAID,2026-10-22,2026-10-26,NaN,-,-,Purok 3 Bical Sur Bayambang Pangasinan oK,NaN
NaN,XBS_Fervilyn_Doctor,639927849737.000,240617175847 ( 1718618359),261003544.000,Oct 2026,1,000,UNPAID,2026-10-19,2026-10-23,NaN,-,-,Purok 3 Bical Sur Bayambang Pangasinan OK,NaN
NaN,XBS_Gerald_Villedar,639928407494.000,1788604986 ( 1788604986),261003545.000,Oct 2026,799.000,UNPAID,2026-10-08,2026-10-12,NaN,-,-,Bical Sur ,Bayambang, Pangasinan,NaN
NaN,XBS_Gilbert_Escano,639486415740.000,240829182243 ( 1724927158),261003546.000,Oct 2026,1,000,UNPAID,2026-10-28,2026-11-01,NaN,-,-,Purok 2 Brgy Bical Sur Bayambang Pangasinan,NaN
NaN,XBS_Honielyn_Baniqued,639777695782.000,1736240263 ( 1736240263),261003547.000,Oct 2026,1,000,UNPAID,2026-10-07,2026-10-14,NaN,-,-,Purok 2 bical sur bayambang pangasinan,NaN
NaN,XBS_Jasmine_Torres,639942360149.000,240810102623 ( 1723256861),261003548.000,Oct 2026,1,000,UNPAID,2026-10-09,2026-10-13,NaN,-,-,Purok 2 Brgy Bical Sur Bayambang Pangasinan,NaN
NaN,XBS_Jayson_Villedar,639913525552.000,240709185838 ( 1720522724),261003549.000,Oct 2026,1,000,UNPAID,2026-10-09,2026-10-13,NaN,-,-,Purok 2 Bical Sur Bayambang Pangasinan,NaN
NaN,XBS_Jimma_Ramos,639957834761.000,1747888683 ( 1747888683),261003550.000,Oct 2026,1,000,UNPAID,2026-10-22,2026-10-26,NaN,-,-,Purok 3 bical sur bayambang pangasinan,NaN
NaN,XBS_Johndarell_Justo,639318281528.000,240820111128 ( 1724123585),261003551.000,Oct 2026,1,000,UNPAID,2026-10-17,2026-10-24,NaN,-,-,Purok 3 Brgy Bical Sur Bayambang Pangasinan,NaN
NaN,XBS_Kathrina_Daaca,639952882385.000,1737950943 ( 1737950943),261003552.000,Oct 2026,1,000,UNPAID,2026-10-27,2026-10-31,NaN,-,-,Purok 2 Bical Sur Bayambang Pangasinan,NaN
NaN,XBS_Leo_DelosSantos,63912493238.000,1743411457 ( 1743411457),261003553.000,Oct 2026,1,000,UNPAID,2026-10-07,2026-10-14,NaN,-,-,Purok 3 brgy.bicalsur bayambang pangasinan OK,NaN
NaN,XBS_Liza_Gloria,639811590789.000,241015221832 ( 1729002080),261003554.000,Oct 2026,1,000,UNPAID,2026-10-11,2026-10-15,NaN,-,-,Purok 3 Brgy Bical Sur Bayambang Pangasinan,NaN
NaN,XBS_Lolita_Cayabyab,639066160197.000,1776591281 ( 1776591281),261003555.000,Oct 2026,1,000,UNPAID,2026-10-20,2026-10-24,NaN,-,-,Bical Sur, Bayambang,Pangasinan 09555786144,NaN
NaN,XBS_Lolita_Picar,639999773211.000,240316082452 ( 1710548705),261003556.000,Oct 2026,1,000,UNPAID,2026-10-15,2026-10-19,NaN,-,-,Purok 1 Bical Sur,NaN
NaN,XBS_Ma.Teresa_Sebastian,639464095809.000,240326133132 ( 1711431110),261003557.000,Oct 2026,1,000,UNPAID,2026-10-14,2026-10-18,NaN,-,-,Purok 1 Bical Sur,NaN
NaN,XBS_Markdanilo_Payomo,639052934460.000,240522152610 ( 1716362784),260905210.000,Oct 2026,1,000,UNPAID,2026-10-28,2026-11-07,NaN,-,-,Bical Sur Bayambang Pangasinan,NaN
NaN,XBS_Nelie_Payomo,639465722460.000,1700011 ( 1700011),261003558.000,Oct 2026,1,000,UNPAID,2026-10-11,2026-10-15,NaN,-,-,Purok 3 Brgy Bical Sur Bayambang Pangasinan,NaN
NaN,XBS_Nerissa_Parairo,639470981872.000,1700006 ( 1700006),261003559.000,Oct 2026,1,000,UNPAID,2026-10-27,2026-10-31,NaN,-,-,Purok 1 Bical Sur Bayambang Pangasinan OK,NaN
NaN,XBS_Norberto_Asuncion,639154221179.000,240307130829 ( 1709788139),261003560.000,Oct 2026,1,000,UNPAID,2026-10-17,2026-10-21,NaN,-,-,Purok 2 Bical Sur Bayambang,NaN
NaN,XBS_Pelita_Cayabyab,63109687418.000,241030122500 ( 1730262489),261003561.000,Oct 2026,1,000,UNPAID,2026-10-21,2026-10-25,NaN,-,-,Purok 2 Brgy Bical Sur Bayambang Pangasinan,NaN
NaN,XBS_Rizalinda_Aquino,639941013932.000,1760432592 ( 1760432592),260905238.000,Oct 2026,1,000,PAID,2026-10-01,2026-10-05,2026-09-30,Cash,-,Purok 3, Bical Sur, Bayambang, Pangasinan,NaN
NaN,XBS_Rosemarie_Justo,639054446442.000,240915111137 ( 1726370024),261003562.000,Oct 2026,1,000,UNPAID,2026-10-14,2026-10-18,NaN,-,-,153 Purok 3 Brgy Bical Sur Bayambang Pangasinan,NaN
NaN,XBS_Rowena_Deguzman,639638871850.000,241128204748 ( 1732798296),261003563.000,Oct 2026,1,000,UNPAID,2026-10-21,2026-10-25,NaN,-,-,Purok 3 Bical Sur Bayambang Pangasinan,NaN
NaN,XBS_Villa_Canonizado,639082530285.000,1700012 ( 1700012),261003564.000,Oct 2026,1,000,UNPAID,2026-10-16,2026-10-20,NaN,-,-,Purok 4 Brgy Bical Sur Bayambang Pangasinan OK,NaN
NaN,XBS_Virgie_Amancio,639430604772.000,1700014 ( 1700014),261003565.000,Oct 2026,1,000,UNPAID,2026-10-03,2026-10-06,NaN,-,-,Purok 2 Brgy Bical Sur Bayambang Pangasinan,NaN
NaN,XBUA_Abegail_Herrera,639124555110.000,1747905165 ( 1747905165),261003566.000,Oct 2026,1,000,UNPAID,2026-10-22,2026-10-26,NaN,-,-,Purok 5 Buayaen Bayambang Pangasinan,NaN
NaN,XBUA_Agnes_Devera,639057430059.000,1767600203 ( 1767600203),261003567.000,Oct 2026,799.000,UNPAID,2026-10-27,2026-10-31,NaN,-,-,Purok 7 BUAYAEN b.bang pang,NaN
NaN,XBUA_Ailene_Ventura,639634388521.000,1746244543 ( 1746244543),261003568.000,Oct 2026,1,000,UNPAID,2026-10-03,2026-10-07,NaN,-,-,Purok 3 sakbit street Buayaen Bayambang Pangasinan,NaN
NaN,XBUA_Aiza_Dizon,639639976634.000,240622143258 ( 1719038000),261003569.000,Oct 2026,1,000,UNPAID,2026-10-28,2026-11-01,NaN,-,-,Purok 6 Buayaen Bayambang,NaN
NaN,XBUA_Alfredo_Mangrobang,639295659654.000,2000001 ( 2000001),261003570.000,Oct 2026,600.000,UNPAID,2026-10-15,2026-10-19,NaN,-,-,BRGY BUAYAEN BYB PNG,NaN
NaN,XBUA_AlgienGwyneth_Valdez,639489376625.000,1783244278 ( 1783244278),261003571.000,Oct 2026,799.000,UNPAID,2026-10-06,2026-10-10,NaN,-,-,Purok 5 Requilman St. Buayaen, Bayambang, Pangasinan OK,NaN
NaN,XBUA_Allan_Castillo,639706442337.000,250406010015 ( 1743872818),261003572.000,Oct 2026,1,000,UNPAID,2026-10-14,2026-10-18,NaN,-,-,Purok 7 Brgy Buayaen Bayambang Pangasinan,NaN
NaN,XBUA_Alma_Palacpac,639127400274.000,240504170135 ( 1714813309),261003573.000,Oct 2026,1,000,UNPAID,2026-10-04,2026-10-08,NaN,-,-,PUROK 7 PALACPAC BUAYAEN BYB PNG,NaN
NaN,XBUA_Alona_Carino,639811600268.000,240806152957 ( 1722929479),261003574.000,Oct 2026,799.000,UNPAID,2026-10-28,2026-11-07,NaN,-,-,221 BRGY BUAYAEN BYB PNG,NaN
NaN,XBUA_Anecita_Diaz,639682070333.000,240917175315 ( 1726566949),261003575.000,Oct 2026,1,000,UNPAID,2026-10-23,2026-10-27,NaN,-,-,SAKBIT ST, BRGY BUAYAEN BYB PNG,NaN
NaN,XBUA_Angelyn_Sagun,639518933136.000,240522164610 ( 1716367617),261003576.000,Oct 2026,1,000,UNPAID,2026-10-28,2026-11-02,NaN,-,-,PUROK 3 BUAYAEN BYB PNG,NaN
NaN,XBUA_Annalhea_Carino,639388904304.000,240423165337 ( 1713862437),261003577.000,Oct 2026,1,000,UNPAID,2026-10-23,2026-10-27,NaN,-,-,PUROK 7 PALACPAC ST. BUAYAEN BYB PNG,NaN
NaN,XBUA_Antonio_Ventura,639761346360.000,250103172652 ( 1735896688),261003578.000,Oct 2026,799.000,UNPAID,2026-10-03,2026-10-07,NaN,-,-,PUROK 3 BRGY BUAYAEN BYB PNG,NaN
NaN,XBUA_Arnold_Asuncion,639123456789.000,1765776118 ( 1765776118),261003579.000,Oct 2026,1,000,UNPAID,2026-10-15,2026-10-19,NaN,-,-,Buayaen Bayambang Pangasinan,NaN
NaN,XBUA_Benjamin_Limson,639093095830.000,1746000911 ( 1746000911),261003580.000,Oct 2026,1,000,UNPAID,2026-10-28,2026-11-03,NaN,-,-,Purok 7 buayaen bayambang pang.,NaN
NaN,XBUA_Benjamin_Ventura,639177418256.000,240807150853 ( 1723014595),261003581.000,Oct 2026,800.000,UNPAID,2026-10-09,2026-10-13,NaN,-,-,187 SAKBIT ST, BRGY BUAYAEN BYB PNG OK,NaN
NaN,XBUA_Brian_Cayabyab,639077711005.000,1766028956 ( 1766028956),261003582.000,Oct 2026,1,000,UNPAID,2026-10-18,2026-10-22,NaN,-,-,Requilman St, Bauyaen, Bayambang, Pangasinan,NaN
NaN,XBUA_Buayaen_Skcouncil,639683162367.000,1752565457 ( 1752565457),261003583.000,Oct 2026,1,000,UNPAID,2026-10-23,2026-10-27,NaN,-,-,Purok 4, Buayaen Bayambang Pangasinan Philippines PORT 11 Joemari / Jffrsn,NaN
NaN,XBUA_Carlos_Tuppal,639302269146.000,1784174253 ( 1784174253),261003584.000,Oct 2026,1,000,UNPAID,2026-10-16,2026-10-20,NaN,-,-,Palacpac st. Buayaen Bayambang Pang OK,NaN
NaN,XBUA_CarrelMae_DelaCruz,639919257155.000,1783235627 ( 1783235627),261003585.000,Oct 2026,1,000,UNPAID,2026-10-06,2026-10-10,NaN,-,-,Bravo compound Talimpugo Buayaen Bayambang Pangasinan OK,NaN
NaN,XBUA_Catherine_Piscal,639212142568.000,1747364895 ( 1747364895),261003586.000,Oct 2026,1,000,UNPAID,2026-10-16,2026-10-20,NaN,-,-,Palacpac Buayaen bayambang pangasinan,NaN
NaN,XBUA_Cherilyn_Junio,639509273915.000,1783389359 ( 1783389359),261003587.000,Oct 2026,1,000,UNPAID,2026-10-07,2026-10-11,NaN,-,-,Purok 5, Requilman St. Buayaen BYB Pang. OK,NaN
NaN,XBUA_Christopher_Palacpac,639626197547.000,230211175989 ( 230211175989),261003588.000,Oct 2026,1,000,UNPAID,2026-10-03,2026-10-07,NaN,-,-,PALACPAC BRGY BUAYAEN BYB PNG,NaN
NaN,XBUA_Criselda_Ventura,639102210934.000,1748331765 ( 1748331765),261003589.000,Oct 2026,799.000,UNPAID,2026-10-28,2026-11-02,NaN,-,-,Purok 6 Buayaen Bayambang Pangasinan Long: 120.446559 Lat: 15.784204 Tapat ni Kagawad Pock Caragan,NaN
NaN,XBUA_Daisyreen_DeGuzman,639916474203.000,1778236162 ( 1778236162),261003590.000,Oct 2026,799.000,UNPAID,2026-10-09,2026-10-13,NaN,-,-,281 Buayaen, Purok V, Bayambang, Pangasinan, Nearest Landmark: Alejandro's Place Event & Resort,NaN
NaN,XBUA_Danilo_Asuncion,639070717626.000,240424210902 ( 1714023500),261003591.000,Oct 2026,1,000,UNPAID,2026-10-28,2026-11-03,NaN,-,-,SAKBIT STREET BUAYAEN BYB PNG,NaN
NaN,XBUA_Danny_Cayabyab,639627348581.000,1784525513 ( 1784525513),261003592.000,Oct 2026,1,000,UNPAID,2026-10-21,2026-10-25,NaN,-,-,Purok 6 Buayaen Bayambang Pangasinan OK,NaN
NaN,XBUA_Darlene_Mangandi,639218140524.000,1744106112 ( 1744106112),261003593.000,Oct 2026,1,000,UNPAID,2026-10-27,2026-10-31,NaN,-,-,Purok 1 Buayaen Bayambang Pangasinan,NaN
NaN,XBUA_Dennis_Asuncion,639083174869.000,1777857800 ( 1777857800),261003594.000,Oct 2026,1,000,UNPAID,2026-10-05,2026-10-09,NaN,-,-,Purok 1 Buayaen, Bayambang, Pangasinan,NaN
NaN,XBUA_Diana_Sabolboro,639305510470.000,1739244235 ( 1739244235),261003595.000,Oct 2026,1,000,UNPAID,2026-10-16,2026-10-20,NaN,-,-,Purok 5 Buayaen Bayambang Pangasinan,NaN
NaN,XBUA_Eden_Cayabyab,639916885743.000,250108154711 ( 1736322709),261003596.000,Oct 2026,1,000,UNPAID,2026-10-28,2026-11-01,NaN,-,-,218 SACBIT ST, BUAYAEN BYB PNG,NaN
NaN,XBUA_Edna_Vallo,639384362414.000,240703153356 ( 1719992058),261003597.000,Oct 2026,1,000,UNPAID,2026-10-08,2026-10-12,NaN,-,-,PUROK 4 BUAYAEN BYB PNG,NaN
NaN,XBUA_Edwin_Baratang,639674655930.000,1769399803 ( 1769399803),261003598.000,Oct 2026,1,000,UNPAID,2026-10-20,2026-10-24,NaN,-,-,Purok 2, Buayaen, Bayambang, Pangasinan,NaN
NaN,XBUA_Elmer_Estioko,639359475064.000,1751522738 ( 1751522738),260805432.000,Oct 2026,1,000,PAID,2026-10-03,2026-10-07,2026-08-28,Payment Gateway,-,Requilman st buayaen bayambang Pangasinann 201-3BYB24LCP1NP2P3 gilbert / Ma king,NaN
NaN,XBUA_Elsie_Regala,639816686032.000,1779336318 ( 1779336318),261003599.000,Oct 2026,799.000,UNPAID,2026-10-13,2026-10-17,NaN,-,-,Purok 6 Brgy Buayaen Kalye Onse Bayambang Pangasinan,NaN
NaN,XBUA_Erica_Rivera,639939423972.000,1737683580 ( 1737683580),261003600.000,Oct 2026,1,000,UNPAID,2026-10-08,2026-10-12,NaN,-,-,Purok 2 Talimpugo Buayaen Bayambang Pangasinan OK,NaN
NaN,XBUA_Erlinda_Daniels,639516893750.000,1747383825 ( 1747383825),261003601.000,Oct 2026,1,000,UNPAID,2026-10-27,2026-10-31,NaN,-,-,Purok 3 sakbit street Buayaen Bayambang Pangasinan OK,NaN
NaN,XBUA_ExequielGeoff_Ramirez,639161494156.000,1780471131 ( 1780471131),261003602.000,Oct 2026,1,000,UNPAID,2026-10-03,2026-10-07,NaN,-,-,Purok7 Buayaen, Bayambang,NaN
NaN,XBUA_Fred_Consul,639638592555.000,1777076489 ( 1777076489),261003603.000,Oct 2026,1,000,UNPAID,2026-10-27,2026-10-31,NaN,-,-,Purok 1 Barangay Buayaen Bayambang Pangasinan,NaN
NaN,XBUA_Garry_Arenas,639196375096.000,1760757549 ( 1760757549),261003604.000,Oct 2026,1,500,UNPAID,2026-10-18,2026-10-22,NaN,-,-,Talimpogo st buayaen b.bang Pangasinan,NaN
NaN,XBUA_Geeanne_Jacob,639272514111.000,1747906175 ( 1747906175),261003605.000,Oct 2026,1,000,UNPAID,2026-10-22,2026-10-26,NaN,-,-,Paplacpac st. Buayaen bayambang pagasinan,NaN
NaN,XBUA_Genelyn_Balidbid,639095063950.000,240706165447 ( 1720256093),261003606.000,Oct 2026,1,000,UNPAID,2026-10-06,2026-10-10,NaN,-,-,PUROK 7 PALACPAC ST BUAYAEN BYB PNG,NaN
NaN,XBUA_Geraldo_Quejadas,639204447403.000,240430130401 ( 1714453455),261003607.000,Oct 2026,799.000,UNPAID,2026-10-28,2026-11-02,NaN,-,-,SAKBIT STREET BUAYAEN BYB PNG,NaN
NaN,XBUA_Gerilyn_Rafa,639215043610.000,1759290853 ( 1759290853),261003608.000,Oct 2026,1,000,PAID,2026-10-01,2026-10-05,2026-10-01,Cash,-,Purok 5, Buayaen, Bayambang, Pangasinan,NaN
NaN,XBUA_Giancarl_Perez,639858702675.000,240521175307 ( 1716285204),261003609.000,Oct 2026,1,000,UNPAID,2026-10-21,2026-10-25,NaN,-,-,PUROK 6 BUAYAEN BYB PNG,NaN
NaN,XBUA_Glecy_Junio,639955890849.000,1739175371 ( 1739175371),261003610.000,Oct 2026,1,000,UNPAID,2026-10-14,2026-10-18,NaN,-,-,Purok 5, Requilaman St. Buayaen BYB Pangasinan,NaN
NaN,XBUA_Hazelanne_Asuncion,639638518530.000,1758356778 ( 1758356778),261003611.000,Oct 2026,1,000,UNPAID,2026-10-20,2026-10-24,NaN,-,-,Purok 1, Buayaen, Bayambang, Pangasinan,NaN
NaN,XBUA_Irene_Eduria,639203689892.000,1748933392 ( 1748933392),261003612.000,Oct 2026,1,000,UNPAID,2026-10-03,2026-10-13,NaN,-,-,Purok 2 Buyaen, Bayambang, Pangasinan,NaN
NaN,XBUA_Iris_Estrada,639617492468.000,1762249411 ( 1762249411),261003613.000,Oct 2026,1,000,UNPAID,2026-10-04,2026-10-08,NaN,-,-,Purok 4 Buayaen Bayambang Pangasinan,NaN
NaN,XBUA_IzzyKate_Baratang,639915272831.000,1753161408 ( 1753161408),261003614.000,Oct 2026,1,500,UNPAID,2026-10-22,2026-10-26,NaN,-,-,SITIO TALIMPOGO BUAYAEN BYB PNG PORT 6 DARWIN,NaN
NaN,XBUA_Jaime_Ferrer,639192785925.000,1788143879 ( 1788143879),261003615.000,Oct 2026,1,000,UNPAID,2026-10-02,2026-10-06,NaN,-,-,palacpac st, buayaen bayambang pangasinan,NaN
NaN,XBUA_Jake_Bautista,639124553542.000,1754624361 ( 1754624361),261003616.000,Oct 2026,1,000,UNPAID,2026-10-08,2026-10-12,NaN,-,-,621 PUROK 5 BUAYAEN BYB PNG,NaN
NaN,XBUA_Janet_Macam,639399391057.000,6900037 ( 1724459770),260905244.000,Oct 2026,901.000,UNPAID,2026-10-25,2026-11-01,NaN,-,-,507 PALACPAC ST BUAYAEN BYB PNG,NaN
NaN,XBUA_Jannina_Bonzon,639618794382.000,240423135611 ( 1713851807),261003617.000,Oct 2026,1,000,UNPAID,2026-10-23,2026-10-27,NaN,-,-,SAKBIT STREET BUAYAEN BYB PNG,NaN
NaN,XBUA_Jasmine_Manzano,639707780820.000,241110095500 ( 1731203902),261003618.000,Oct 2026,1,000,UNPAID,2026-10-22,2026-10-26,NaN,-,-,PUROK 6 BRGY BUAYAEN BYB PNG,NaN
NaN,XBUA_Jeanmichelle_Gomez,639183216786.000,1759311267 ( 1759311267),261003619.000,Oct 2026,1,000,UNPAID,2026-10-01,2026-10-05,NaN,-,-,Purok 5, Buayaen, Bayambang, Pangasinan OK,NaN
NaN,XBUA_Jefferson_Diaz,639513087227.000,240917170356 ( 1726563960),261003620.000,Oct 2026,1,000,UNPAID,2026-10-15,2026-10-19,NaN,-,-,Purok 4 Brgy Buayaen Bayambang Pangasinan,NaN
NaN,XBUA_Jeffrey_Jumawid,639074029673.000,240929152553 ( 1727594906),261003621.000,Oct 2026,1,000,UNPAID,2026-10-05,2026-10-11,NaN,-,-,PUROK 7 PALACPAC ST, BRGY BUAYAEN BYB PNG,NaN
NaN,XBUA_JeleineRuth_Bugarin,639300980305.000,1771659726 ( 1771659726),261003622.000,Oct 2026,1,500,UNPAID,2026-10-22,2026-10-26,NaN,-,-,Bugarin Compound Purok 4 Buayaen, BYB,NaN
NaN,XBUA_Jenifer_Azucena,639854841937.000,1767749718 ( 1767749718),261003623.000,Oct 2026,799.000,UNPAID,2026-10-07,2026-10-11,NaN,-,-,Purok 6 kalye onse buayaen bayambang pangasinan,NaN
NaN,XBUA_Jennifer_Antonio,639760866642.000,1785119474 ( 1785119474),261003624.000,Oct 2026,1,000,UNPAID,2026-10-27,2026-10-31,NaN,-,-,Purok4 Buayaen,Bayambang,Pang. OK,NaN
NaN,XBUA_Jennilyn_Dador,639464261936.000,1757672254 ( 1757672254),261003625.000,Oct 2026,1,000,UNPAID,2026-10-12,2026-10-16,NaN,-,-,Purok 5, Buayaen, Bayambang, Pangasinan,NaN
NaN,XBUA_Jeremie_Ventura,639456380639.000,1748489111 ( 1748489111),261003626.000,Oct 2026,1,000,UNPAID,2026-10-03,2026-10-07,NaN,-,-,255 Purok 4, Buayaen Bayambang Pangasinan,NaN
NaN,XBUA_Jessica_Lorenzana,639516767945.000,1764146432 ( 1764146432),261003627.000,Oct 2026,1,000,UNPAID,2026-10-26,2026-10-30,NaN,-,-,Purok 6, Buayaen Bayambang Pangasinan,NaN
NaN,XBUA_Jimaelyn_Herrera,639092863830.000,240515104055 ( 1715740899),261003628.000,Oct 2026,1,000,UNPAID,2026-10-20,2026-10-24,NaN,-,-,Purok 5 Buayaen Bayambang Pangasinan,NaN
NaN,XBUA_Jimmy_Domingo,639919737536.000,1737692399 ( 1737692399),261003629.000,Oct 2026,1,000,UNPAID,2026-10-24,2026-10-28,NaN,-,-,Purok 2 Talimpugo Buayaen Bayambang Pangasinan OK,NaN
NaN,XBUA_Joanne_Delacruz,639919370455.000,1770515759 ( 1770515759),261003630.000,Oct 2026,1,000,UNPAID,2026-10-09,2026-10-13,NaN,-,-,Talimpugo buayaen bayambang pangasinan,NaN
NaN,XBUA_Joan_Junio,639462051985.000,250108134705 ( 1736315523),261003631.000,Oct 2026,1,000,UNPAID,2026-10-04,2026-10-08,NaN,-,-,PUROK 5 BRGY BUAYAEN BYB PNG,NaN
NaN,XBUA_Jocelyn_Asuncion,639516985937.000,1783148782 ( 1783148782),261003632.000,Oct 2026,799.000,UNPAID,2026-10-04,2026-10-08,NaN,-,-,Purok 6, Buayaen, Bayambang, Pangasinan OK,NaN
NaN,XBUA_JohnFroilan_Codillo,639157159974.000,1780631520 ( 1780631520),261003633.000,Oct 2026,1,000,UNPAID,2026-10-17,2026-10-21,NaN,-,-,Purok 2, Buayaen, Bayambang Pangasinan,NaN
NaN,XBUA_Johnhelor_Eva,639812654605.000,1758965055 ( 1758965055),261003634.000,Oct 2026,1,000,UNPAID,2026-10-28,2026-11-02,NaN,-,-,Purok 4 buayaen B.Bang Pangasinan,NaN
NaN,XBUA_Jolina_Gubatan,639705822718.000,1758348645 ( 1758348645),261003635.000,Oct 2026,1,000,UNPAID,2026-10-22,2026-10-26,NaN,-,-,Talimpugo St., Buayaen, Bayambang, Pangasinan,NaN
NaN,XBUA_Jonalin_Vinluan,639467331117.000,240617174800 ( 1718617713),261003636.000,Oct 2026,1,000,UNPAID,2026-10-19,2026-10-23,NaN,-,-,LAZA ST. BUAYAEN BYB PNG,NaN
NaN,XBUA_Jonalyn_Erguiza,639392575702.000,1784886517 ( 1784886517),261003637.000,Oct 2026,1,000,UNPAID,2026-10-24,2026-10-28,NaN,-,-,Purok 7, Palacpac, Buayaen, Bayambang, Pangasinan OK,NaN
NaN,XBUA_JudelynCaragan_Canteen,639638512150.000,1779243737 ( 1779243737),261003638.000,Oct 2026,799.000,UNPAID,2026-10-25,2026-10-29,NaN,-,-,Purok 3 Buayaen Bayambang Pangasinan Client's 2nd Account (Canteen),NaN
NaN,XBUA_Judelyn_Caragan,639638512150.000,240424112735 ( 1713929274),261003639.000,Oct 2026,1,000,UNPAID,2026-10-28,2026-11-03,NaN,-,-,PUROK 6 BUAYAEN BYB PNG OK,NaN
NaN,XBUA_Judy_Tolentino,639857535504.000,1780732837 ( 1780732837),261003640.000,Oct 2026,799.000,UNPAID,2026-10-09,2026-10-13,NaN,-,-,437 Purok 7, Palacpac Buayaen Bayambang Pangasinan,NaN
NaN,XBUA_Juna_Renia,639184783895.000,1747364792 ( 1747364792),261003641.000,Oct 2026,1,000,UNPAID,2026-10-16,2026-10-20,NaN,-,-,Purok6 buayarn bayambang panggasinan,NaN
NaN,XBUA_Kim_Dizon,639914634927.000,240917225106 ( 1726584797),261003642.000,Oct 2026,1,000,UNPAID,2026-10-20,2026-10-24,NaN,-,-,Purok 7 Brgy Buayaen Bayambang Pangasinan,NaN
NaN,XBUA_Laarni_Delacruz,639664594812.000,1749788958 ( 1749788958),261003643.000,Oct 2026,1,000,UNPAID,2026-10-13,2026-10-17,NaN,-,-,Purok 5 buayaen b.bang pangsinan,NaN
NaN,XBUA_Leonida_Tagaribay,639102211012.000,240529171637 ( 1716974222),261003644.000,Oct 2026,1,000,UNPAID,2026-10-28,2026-11-07,NaN,-,-,PUROK 6 BRGY BUAYAEN BYB PNG,NaN
NaN,XBUA_Liberata_Luces,639465717499.000,240929142446 ( 1727591256),261003645.000,Oct 2026,1,000,UNPAID,2026-10-11,2026-10-18,NaN,-,-,PUROK 1 BRGY BUAYAEN BYB PNG,NaN
NaN,XBUA_Lina_Ruatores,639071065595.000,1745564745 ( 1745564745),261003646.000,Oct 2026,1,000,UNPAID,2026-10-28,2026-11-01,NaN,-,-,Purok 5 Buayaen B.Bang Pangasinan,NaN
NaN,XBUA_Lisa_Sarmiento,639123456789.000,2000003 ( 2000003),261003647.000,Oct 2026,799.000,UNPAID,2026-10-21,2026-10-25,NaN,-,-,BRGY BUAYAEN BYB PNG,NaN
NaN,XBUA_Lizel_Devera,639998373204.000,240614182914 ( 1718360992),261003648.000,Oct 2026,1,000,UNPAID,2026-10-14,2026-10-18,NaN,-,-,PUROK 7 BUAYAEN BYB PNG,NaN
NaN,XBUA_Lolita_Bacarisas,639947456940.000,1752481564 ( 1752481564),261003649.000,Oct 2026,1,000,UNPAID,2026-10-14,2026-10-18,NaN,-,-,PUROK 2 TALIMPOGO STREET BUAYAEN BYB PNG PORT 7 johan michael,NaN
NaN,XBUA_Lorenzo_Ventura,639850495487.000,241031184758 ( 1730371868),261003650.000,Oct 2026,1,000,UNPAID,2026-10-11,2026-10-15,NaN,-,-,254 PUROK 5 BRGY BUAYAEN BYB PNG,NaN
NaN,XBUA_Louie_Dizon,639128268114.000,240917224924 ( 1726584693),261003651.000,Oct 2026,1,000,UNPAID,2026-10-11,2026-10-18,NaN,-,-,Purook 7 Brgy Buayaen Bayambang Pangasinan,NaN
NaN,XBUA_LyraPamela_Lea,639513101605.000,1770186210 ( 1770186210),261003652.000,Oct 2026,1,000,UNPAID,2026-10-06,2026-10-10,NaN,-,-,Sakbit Purok 4, Buayaen, Bayambang Pangasinan,NaN
NaN,XBUA_Ma.Gemma_Simeon,639454936067.000,1773656016 ( 1773656016),261003653.000,Oct 2026,1,000,UNPAID,2026-10-17,2026-10-21,NaN,-,-,Purok 5 Buayaen Bayambang, Pangasinan landmark: Jams store along d hiway B4 Emmanuel's way school,NaN
NaN,XBUA_Mae_Nav,639662681868.000,1768703855 ( 1768703855),261003654.000,Oct 2026,1,000,UNPAID,2026-10-28,2026-11-03,NaN,-,-,Buayaen Bayambang after citi Hardware,NaN
NaN,XBUA_Making_Diaz,639513081629.000,240917170512 ( 1726564031),261003655.000,Oct 2026,799.000,UNPAID,2026-10-28,2026-11-02,NaN,-,-,PUROK 4 BRGY BUAYAEN BYB PNG,NaN
NaN,XBUA_Manuel_Quejadas,639941013910.000,1790061612 ( 1790061612),261003656.000,Oct 2026,799.000,UNPAID,2026-10-24,2026-10-28,NaN,-,-,5 Buayaen Bayambang Pangasinan,NaN
NaN,XBUA_Mariel_Enardicido,639514438982.000,240429140002 ( 1714370413),261003657.000,Oct 2026,799.000,UNPAID,2026-10-05,2026-10-09,NaN,-,-,PUROK 3 BUAYAEN BYB PNG,NaN
NaN,XBUA_Marietta_Cayabyab,639171387848.000,250407150249 ( 1744009386),261003658.000,Oct 2026,1,000,UNPAID,2026-10-07,2026-10-11,NaN,-,-,palacpac st, purok 7,buayaen,bayambang,Pangasinan,NaN
NaN,XBUA_Mario_Payomo,639504940540.000,240424112321 ( 1713929046),261003659.000,Oct 2026,1,000,UNPAID,2026-10-28,2026-11-03,NaN,-,-,PUROK 5 REQUILMAN ST.BUAYAEN BYB PNG,NaN
NaN,XBUA_Marissa_Lorenzana,639062827894.000,1758768496 ( 1758768496),261003660.000,Oct 2026,1,000,UNPAID,2026-10-25,2026-10-29,NaN,-,-,Purok 6 buayaen b.bang Pangasinan,NaN
NaN,XBUA_Marissa_Requilman,639693040138.000,1756975900 ( 1756975900),261003661.000,Oct 2026,1,000,UNPAID,2026-10-18,2026-10-22,NaN,-,-,Requilman St., Purok 5, Buayaen, Bayambang, Pangasinan,NaN
NaN,XBUA_Mark_Garcia,639306462799.000,1770629524 ( 1770629524),261003662.000,Oct 2026,1,000,UNPAID,2026-10-10,2026-10-14,NaN,-,-,Buayaen Bayambang Pangasinan,NaN
NaN,XBUA_Marlyn_Delacruz,639953591329.000,1774934502 ( 1774934502),261003663.000,Oct 2026,1,000,UNPAID,2026-10-28,2026-11-03,NaN,-,-,Purok 5, Buayaen Bayambang Pangasinan,NaN
NaN,XBUA_MaryGrace_Lasquite,639507634934.000,240423162010 ( 1713860420),261003664.000,Oct 2026,1,000,UNPAID,2026-10-28,2026-11-03,NaN,-,-,PUROK 7 BUAYAEN BYB PNG OK,NaN
NaN,XBUA_MaryJoy_Olano,639388199550.000,1769426323 ( 1769426323),261003665.000,Oct 2026,799.000,UNPAID,2026-10-27,2026-11-03,NaN,-,-,Purok 2 talimpogo st buayaen bayambang pangasinan near brgy buayaen secretary house or prs place,NaN
NaN,XBUA_Mealane_Giron,639851316357.000,1788227392 ( 1788227392),261003666.000,Oct 2026,799.000,UNPAID,2026-10-02,2026-10-06,NaN,-,-,Purok 7 Buayaen Bayambang pangasinan,NaN
NaN,XBUA_Menche_Orduna,639184992931.000,1781068796 ( 1781068796),261003667.000,Oct 2026,799.000,UNPAID,2026-10-10,2026-10-14,NaN,-,-,Purok 6 Buayaen Bayambang Pangasinan,NaN
NaN,XBUA_Mercedes_Dilao,639385757704.000,240927215824 ( 1727445665),261003668.000,Oct 2026,1,000,UNPAID,2026-10-19,2026-10-23,NaN,-,-,Buayaen Bayambang Pangasinan OK,NaN
NaN,XBUA_Michael_Malicdem,639100829720.000,2000002 ( 2000002),261003669.000,Oct 2026,799.000,UNPAID,2026-10-28,2026-10-28,NaN,-,-,BRGY BUAYAEN BYB PNG,NaN
NaN,XBUA_Mirajoy_Rebamontan,639302010199.000,1747361852 ( 1747361852),261003670.000,Oct 2026,1,000,UNPAID,2026-10-18,2026-10-22,NaN,-,-,469 purok 7 Buayaen Bayambang Pangasinan,NaN
NaN,XBUA_Myrna_Justo,639107448570.000,1746265878 ( 1746265878),261003671.000,Oct 2026,1,000,UNPAID,2026-10-03,2026-10-07,NaN,-,-,Purok 6 Buayaen Bayambang Pangasinan,NaN
NaN,XBUA_Nathy_Garcia,639852390831.000,1770726913 ( 1770726913),261003672.000,Oct 2026,1,000,UNPAID,2026-10-16,2026-10-20,NaN,-,-,Purok 2 Buayaen, Bayambang, Pangasinan,NaN
NaN,XBUA_Nicole_Ventura,639469619804.000,241226145538 ( 1735196411),261003673.000,Oct 2026,1,000,UNPAID,2026-10-19,2026-10-23,NaN,-,-,PUROK 5 BRGY BUAYAEN BYB PNG,NaN
NaN,XBUA_Nilo_Cayabyab,639468184796.000,1769384672 ( 1769384672),261003674.000,Oct 2026,1,000,UNPAID,2026-10-26,2026-10-30,NaN,-,-,Purok5 Buayaen BYB,NaN
NaN,XBUA_Norma_Velasco,639195180420.000,1763631844 ( 1763631844),261003675.000,Oct 2026,1,000,UNPAID,2026-10-20,2026-10-24,NaN,-,-,Palacpac b.bang Pangasinan,NaN
NaN,XBUA_Ofelia_Catabona,639859522641.000,1745997180 ( 1745997180),261003676.000,Oct 2026,1,000,UNPAID,2026-10-28,2026-11-03,NaN,-,-,391,palacpac st, buyaen, bayambang Pangasinan,NaN
NaN,XBUA_Omar_Barrogo,639810732881.000,1767093889 ( 1767093889),261003677.000,Oct 2026,1,000,UNPAID,2026-10-09,2026-10-13,NaN,-,-,Purok 7, Buayaen, Bayambang, Pangasinan,NaN
NaN,XBUA_Patrick_Junio,639629344038.000,240824082211 ( 1724459022),261003678.000,Oct 2026,1,000,UNPAID,2026-10-23,2026-10-27,NaN,-,-,452 PALACPAC ST BUAYAEN BYB PNG,NaN
NaN,XBUA_Perla_Bernales,639105435531.000,1788744280 ( 1788744280),261003679.000,Oct 2026,1,000,UNPAID,2026-10-08,2026-10-12,NaN,-,-,Purok 5, Buayaen Bayambang,NaN
NaN,XBUA_Piolo_Cabig,639102160789.000,1765530524 ( 1765530524),261003680.000,Oct 2026,799.000,UNPAID,2026-10-15,2026-10-19,NaN,-,-,Purok 6 buayaen b.bang Pangasinan,NaN
NaN,XBUA_Poldo_Bacani,639932463433.000,1752481623 ( 1752481623),261003681.000,Oct 2026,1,000,UNPAID,2026-10-14,2026-10-18,NaN,-,-,PUROK 2 TALIMPOGO STREET BUAYAEN BYB PNG PORT 8 johan michael,NaN
NaN,XBUA_Prince_Tamin,639706483033.000,240509184856 ( 1715251805),261003682.000,Oct 2026,1,500,UNPAID,2026-10-17,2026-10-21,NaN,-,-,PUROK 5 BUAYAEN BYB PNG,NaN
NaN,XBUA_Quennie_Perez,639504156987.000,2800030 ( 2800030),261003683.000,Oct 2026,1,000,UNPAID,2026-10-28,2026-11-01,NaN,-,-,Purok 6, Brgy Buayaen/buayaen Bayambang Pangasinan OK,NaN
NaN,XBUA_Ramilito_Estapia,639951104311.000,1768696144 ( 1768696144),261003684.000,Oct 2026,1,000,UNPAID,2026-10-19,2026-10-23,NaN,-,-,Purok 7, Buayaen, Bayambang, Pangasinan,NaN
NaN,XBUA_Rhealyn_Balansay,639764275203.000,1786862126 ( 1786862126),261003685.000,Oct 2026,1,000,UNPAID,2026-10-25,2026-10-29,NaN,-,-,Bargy Buayaen Bayambang Pangasinan,NaN
NaN,XBUA_Ricardo_Sarmiento,639187681197.000,250213135828 ( 1739426622),261003686.000,Oct 2026,1,000,UNPAID,2026-10-10,2026-10-14,NaN,-,-,PUROK 6 BRGY BUAYAEN BYB PNG,NaN
NaN,XBUA_Roberto_Villanueva,639100086630.000,250225154243 ( 1740469381),260905192.000,Oct 2026,901.000,UNPAID,2026-10-25,2026-10-29,NaN,-,-,PUROK 7 BUAYAEN PALACPAC STREET BAYAMBANG PANGASINAN,NaN
NaN,XBUA_Robert_Vinluan,639635177731.000,240806143214 ( 1722926004),261003687.000,Oct 2026,1,000,UNPAID,2026-10-28,2026-11-04,NaN,-,-,289 LAZA ST, BUAYAEN BYB PNG OK,NaN
NaN,XBUA_Rob_Rosales,639101359982.000,1775435835 ( 1775435835),261003688.000,Oct 2026,1,000,UNPAID,2026-10-08,2026-10-12,NaN,-,-,Purok 5 Requilman st. Buayaen,NaN
NaN,XBUA_Rodrigo_Tucay,6396398058856.000,1765940421 ( 1765940421),261003689.000,Oct 2026,1,000,UNPAID,2026-10-03,2026-10-07,NaN,-,-,PUROK 5 BUAYAEN Ok,NaN
NaN,XBUA_Rogelio_Justo,639959079972.000,240521183131 ( 1716287509),261003690.000,Oct 2026,1,000,UNPAID,2026-10-01,2026-10-08,NaN,-,-,PUROK 5 BUAYAEN BYB PNG,NaN
NaN,XBUA_Rolando_Ventura,639515412773.000,240523102038 ( 1716430854),261003691.000,Oct 2026,1,000,UNPAID,2026-10-28,2026-11-03,NaN,-,-,NUEVA ESPARANZA SUBDIVISION BUAYAEN BYB PNG,NaN
NaN,XBUA_Roman_Carino,639631260762.000,260429131058 ( 1756455892),261003692.000,Oct 2026,1,000,UNPAID,2026-10-29,2026-11-05,NaN,-,-,Purok 4, Buayaen B'bang Pang.,NaN
NaN,XBUA_Romarce_DelaCruz,639219485331.000,1773114514 ( 1773114514),261003693.000,Oct 2026,1,000,UNPAID,2026-10-10,2026-10-14,NaN,-,-,Purok 5 Buayaen, Bayambang Pangasinan,NaN
NaN,XBUA_Romar_Sabado,639296054188.000,240927215443 ( 1727445431),261003694.000,Oct 2026,1,000,UNPAID,2026-10-05,2026-10-09,NaN,-,-,PUROK 5 BRGY BUAYAEN BYB PNG,NaN
NaN,XBUA_Romeo_Asuncion,639184992931.000,1781141493 ( 1781141493),261003695.000,Oct 2026,799.000,UNPAID,2026-10-11,2026-10-15,NaN,-,-,Purok 6, Kalye Onse Buayaen BYB Pang.,NaN
NaN,XBUA_Roselyn_Romero,639532570379.000,1756542072 ( 1756542072),261003696.000,Oct 2026,1,000,UNPAID,2026-10-30,2026-11-03,NaN,-,-,Purok 7, Buayaen B'bang Pangasinan,NaN
NaN,XBUA_Rowell_Palacpac,639635219037.000,1766848592 ( 1766848592),261003697.000,Oct 2026,799.000,UNPAID,2026-10-28,2026-11-03,NaN,-,-,Purok 7, Buayaen BYB Pang.,NaN
NaN,XBUA_Rudy_Velasco,639216347822.000,1777639450 ( 1777639450),261003698.000,Oct 2026,1,000,UNPAID,2026-10-02,2026-10-06,NaN,-,-,Purok 2 Talimpugo St. Buayaen Bayambang Pangasinan OK,NaN
NaN,XBUA_Rufino_Sagun,639639931189.000,1764319331 ( 1764319331),261003699.000,Oct 2026,1,000,UNPAID,2026-10-28,2026-11-01,NaN,-,-,278 Purok 5, Buayaen Byb Pang.,NaN
NaN,XBUA_Ryan_Cayabyab,639295659654.000,1768209221 ( 1768209221),261003700.000,Oct 2026,1,000,UNPAID,2026-10-13,2026-10-17,NaN,-,-,Purok 3 Buayaen bayambang,NaN
NaN,XBUA_Senaida_Junio,639703936008.000,240817092201 ( 1723857814),261003701.000,Oct 2026,1,000,UNPAID,2026-10-15,2026-10-19,NaN,-,-,2045 KALYE ONSE BRGY BUAYAEN BYB PNG,NaN
NaN,XBUA_Sharon_Ferrer,639853871268.000,1740364792 ( 1740364792),261003702.000,Oct 2026,1,000,UNPAID,2026-10-01,2026-10-05,NaN,-,-,#28 Purok 1 Buayaen Bayambang Pangasinan,NaN
NaN,XBUA_Shirely_Extra,639859559377.000,1751255118 ( 1751255118),261003703.000,Oct 2026,1,000,UNPAID,2026-10-11,2026-10-18,NaN,-,-,Sacbit st buayaen bayambang Pangasinann LCP1NP3P2 Gilbert / making,NaN
NaN,XBUA_Soledad_Quintans,639152590447.000,240817091909 ( 1723857671),261003704.000,Oct 2026,799.000,UNPAID,2026-10-08,2026-10-12,NaN,-,-,Sakbit St, Brgy Buayaen Bayambang Pangasinan,NaN
NaN,XBUA_Sunny_Justo,639634796896.000,1777288210 ( 1777288210),261003705.000,Oct 2026,799.000,UNPAID,2026-10-28,2026-11-01,NaN,-,-,Purok 6 Kalye Onse Buayaen Bayambang Pangasinan,NaN
NaN,XBUA_Susan_Zamora,639516893711.000,240810104018 ( 1723257694),261003706.000,Oct 2026,1,000,UNPAID,2026-10-17,2026-10-20,NaN,-,-,158 PUROK 3 BRGY BUAYAEN BYB PNG,NaN
NaN,XBUA_Teresa_Elbambo,63906902134.000,1785114898 ( 1785114898),261003707.000,Oct 2026,1,000,UNPAID,2026-10-27,2026-10-31,NaN,-,-,Purok 7, Palacpac ST Buayaen, Bayambang, Pangasinan OK,NaN
NaN,XBUA_Teresita_DeGuzman,639101307852.000,240617111534 ( 1718594162),261003708.000,Oct 2026,1,000,UNPAID,2026-10-10,2026-10-14,NaN,-,-,PUROK 5 REQUILMAN STREET BUAYAEN BYB PNG,NaN
NaN,XBUA_Vicent_Toreja,639702632716.000,1774772645 ( 1774772645),260905208.000,Oct 2026,901.000,UNPAID,2026-10-22,2026-10-26,NaN,-,-,lot 01 Nueva Esperanza Sub. Buayaen Bayambang Pangasinan landmark: Toreja Car care Center,NaN
NaN,XBUA_Virgie_Barrogo,639655508990.000,1759982001 ( 1759982001),261003709.000,Oct 2026,1,000,UNPAID,2026-10-09,2026-10-13,NaN,-,-,Talimpogo Buayaen Bayambang Pangasinan,NaN
NaN,XBUA_Virgilio_Justo,639516383779.000,241031220253 ( 1730383564),261003710.000,Oct 2026,799.000,UNPAID,2026-10-18,2026-10-22,NaN,-,-,373 PUROK 6 BRGY BUAYAEN BYB PNG,NaN
NaN,XBUA_Wilfredo_Gabriel,639354734793.000,1737622930 ( 1737622930),261003711.000,Oct 2026,1,000,UNPAID,2026-10-25,2026-10-29,NaN,-,-,Purok 2 Buayaen Bayambang Pangasinan,NaN
NaN,XBUA_Wilfredo_Requilman,639075437948.000,240430073858 ( 1714433959),261003712.000,Oct 2026,1,000,UNPAID,2026-10-28,2026-11-02,NaN,-,-,REQUILMAN ST. BUAYAEN BYB PNG,NaN
NaN,XBUA_Wilson_Inocencio,639467002115.000,240509132708 ( 1715232437),261003713.000,Oct 2026,1,000,UNPAID,2026-10-07,2026-10-12,NaN,-,-,Purok 5 Buayaen BAYAMBANG PANGASINAN,NaN
NaN,XBUA_Zaldy_Bugarin,639123456789.000,1768955344 ( 1768955344),261003714.000,Oct 2026,1,000,UNPAID,2026-10-21,2026-10-25,NaN,-,-,Purok 4 Buayaen Bayambang Pangasinan,NaN
NaN,XBU_Ampi_Pinto,639602608653.000,1760760327 ( 1760760327),261003715.000,Oct 2026,1,000,UNPAID,2026-10-06,2026-10-13,NaN,-,-,buayaen Pangasinan,NaN
NaN,XBU_Randy_Cayabyab,639395459423.000,2000006 ( 2000006),261003716.000,Oct 2026,1,000,UNPAID,2026-10-16,2026-10-23,NaN,-,-,155 BUAYAEN BAYAMBANG PANGASINAN,NaN
NaN,XBW_Almira_Montilla,639092324712.000,1760758182 ( 1760758182),261003717.000,Oct 2026,1,000,UNPAID,2026-10-18,2026-10-22,NaN,-,-,Purok 4, Bongato West, Bayambang, Pangasinan,NaN
NaN,XBW_AshleyMae_Ramos,639152696171.000,1777700695 ( 1777700695),261003718.000,Oct 2026,1,000,UNPAID,2026-10-04,2026-10-08,NaN,-,-,7 Bongato West, Bayambang Pangasinan,NaN
NaN,XBW_Baltazar_Galsim,639949594250.000,1769750113 ( 1769750113),261003719.000,Oct 2026,1,000,UNPAID,2026-10-01,2026-10-04,NaN,-,-,purok 5 131 Bongato west lagpas ng Bongas west elementary school malapit kay kagawad warren,NaN
NaN,XBW_Carlota_Iglesias,639674357449.000,242500005 ( 1708409855),261003720.000,Oct 2026,1,000,UNPAID,2026-10-19,2026-10-23,NaN,-,-,Purok 7 Bongato West BYB PNG,NaN
NaN,XBW_Eloise_Bulseco,639912866059.000,1751685201 ( 1751685201),261003721.000,Oct 2026,799.000,UNPAID,2026-10-08,2026-10-12,NaN,-,-,82 Purok 3, Bongato West Bayambang Pangasinan Philippines,NaN
NaN,XBW_Gilbert_Galela,639077707295.000,1785409187 ( 1785409187),261003722.000,Oct 2026,799.000,UNPAID,2026-10-01,2026-10-05,NaN,-,-,Purok 7 196 Bongato West Bayambang, Pangasinan OK,NaN
NaN,XBW_Janette_Gonzales,639354736053.000,1762415169 ( 1762415169),261003723.000,Oct 2026,1,000,UNPAID,2026-10-06,2026-10-10,NaN,-,-,102 purok 4 Bongato West Bayambang Pangasinan,NaN
NaN,XBW_Jazel_Galsim,639161978041.000,1745909760 ( 1745909760),261003724.000,Oct 2026,1,000,UNPAID,2026-10-08,2026-10-12,NaN,-,-,Purok 2 bongato west B.Bang Pangasinan,NaN
NaN,XBW_Jeanette_Buising,639569829092.000,242500020 ( 1712035651),261003725.000,Oct 2026,1,000,UNPAID,2026-10-02,2026-10-06,NaN,-,-,Purok 5 Bongato West bayambang,NaN
NaN,XBW_Jesica_Santos,639274463639.000,242500004 ( 1707886659),261003726.000,Oct 2026,1,000,UNPAID,2026-10-01,2026-10-05,NaN,-,-,Purok 6 Bongato West,NaN
NaN,XBW_Jhazmin_Dizon,639338103478.000,1781156536 ( 1781156536),261003727.000,Oct 2026,1,000,UNPAID,2026-10-11,2026-10-15,NaN,-,-,Bongato west,NaN
NaN,XBW_Jiene_Galsim,639666227855.000,1764388502 ( 1764388502),261003728.000,Oct 2026,1,000,UNPAID,2026-10-29,2026-11-02,NaN,-,-,Purok 3 Bongato West bayambang pangasinan,NaN
NaN,XBW_Jinkylane_Galsim,639101433518.000,1759999483 ( 1759999483),261003729.000,Oct 2026,799.000,UNPAID,2026-10-09,2026-10-13,NaN,-,-,Purok 4 BONGATO west b.bang Pangasinan,NaN
NaN,XBW_Jonathan_Malicdem,6395163415126.000,1781821061 ( 1781821061),261003730.000,Oct 2026,799.000,UNPAID,2026-10-19,2026-10-23,NaN,-,-,Purok : 6 Bongato west Bayambang Pangasinan OK,NaN
NaN,XBW_Jonathan_Tirao,6396747653639.000,242500029 ( 1724927255),261003731.000,Oct 2026,1,000,UNPAID,2026-10-28,2026-11-08,NaN,-,-,#4 Bongato West Bayambang Pangasinan OK,NaN
NaN,XBW_Marina_Baniqued,639060649553.000,1761725872 ( 1761725872),261003732.000,Oct 2026,1,000,UNPAID,2026-10-29,2026-11-02,NaN,-,-,Purok 5, Bongato west, Bayambang, Pangasinan,NaN
NaN,XBW_Mario_Romero,639127224899.000,1743142358 ( 1743142358),261003733.000,Oct 2026,1,000,UNPAID,2026-10-25,2026-10-29,NaN,-,-,Purok 7 bongato west B.Bang Pangasinan,NaN
NaN,XBW_Marites_Pacleb,639634807275.000,1777681636 ( 1777681636),261003734.000,Oct 2026,1,000,UNPAID,2026-10-02,2026-10-11,NaN,-,-,Purok 7 Bongato West, Bayambang Pangasinan,NaN
NaN,XBW_Mila_Romero,639469928573.000,242500013 ( 1709249178),261003735.000,Oct 2026,1,000,UNPAID,2026-10-14,2026-10-18,NaN,-,-,Purok 6 Bongato West,NaN
NaN,XBW_Nelson_Ocampo,639287373720.000,242500012 ( 1709249101),261003736.000,Oct 2026,1,000,UNPAID,2026-10-25,2026-10-29,NaN,-,-,Purok 7 Bongato West Bayambang OK,NaN
NaN,XBW_Nerissa_Tiopo,639948714252.000,1785500581 ( 1785500581),261003737.000,Oct 2026,1,000,UNPAID,2026-10-01,2026-10-05,NaN,-,-,#50 Purok 2 Bongato west Bayambang Pangasinan beside barangay Hall OK,NaN
NaN,XBW_Nora_Gonzales,639811581198.000,1762313973 ( 1762313973),261003738.000,Oct 2026,1,000,UNPAID,2026-10-20,2026-10-23,NaN,-,-,Purok 7, Bongato West, Bayambang, Pangasinan,NaN
NaN,XBW_Remedios_Gonzales,639192781797.000,1767599570 ( 1767599570),261003739.000,Oct 2026,1,000,UNPAID,2026-10-06,2026-10-09,NaN,-,-,200 Bongato west Bayambang Pangasinan dike area,NaN
NaN,XBW_Renato_Tamayo,639060852605.000,242500015 ( 1709784288),261003740.000,Oct 2026,1,000,UNPAID,2026-10-28,2026-11-03,NaN,-,-,Bongato West Bayambang PANGASINAN,NaN
NaN,XBW_Renie_Tamondong,639453589654.000,1761811182 ( 1761811182),261003741.000,Oct 2026,1,500,UNPAID,2026-10-07,2026-10-11,NaN,-,-,Riverside, Bongato West, Bayambang, Pangasinan,NaN
NaN,XBW_Reynaldojr_Galsim,639666225976.000,242500014 ( 1709544107),261003742.000,Oct 2026,1,000,UNPAID,2026-10-09,2026-10-13,NaN,-,-,Purok 2 Bongato West Bayambang Pangasinan,NaN
NaN,XBW_Roger_Fernandez,639565394038.000,242500030 ( 1732858217),261003743.000,Oct 2026,799.000,UNPAID,2026-10-13,2026-10-17,NaN,-,-,149 Purok 5 Bongato West Bayambang Pangasinan,NaN
NaN,XBW_Ronnie_Galsim,639100546632.000,1778148394 ( 1778148394),261003744.000,Oct 2026,1,000,UNPAID,2026-10-08,2026-10-12,NaN,-,-,PUROK 4 BONGATO WEST BAYAMBANG PANGASINAN Galsim Compound/Tindahan ni Enteng malapit,NaN
NaN,XBW_Roxanne_Iglesias,639184303126.000,1741853216 ( 1741853216),261003745.000,Oct 2026,1,000,UNPAID,2026-10-13,2026-10-17,NaN,-,-,Purok 1 Bongato West Bayambang Pangasinan,NaN
NaN,XBW_Ryan_Galsim,639517939569.000,242500010 ( 1709246959),261003746.000,Oct 2026,1,000,UNPAID,2026-10-28,2026-11-01,NaN,-,-,Purok 7 Bongato West,NaN
NaN,XBW_Warren_Bartolome,639770863219.000,242500003 ( 1707877265),261003747.000,Oct 2026,500.000,UNPAID,2026-10-10,2026-10-14,NaN,-,-,Purok 5 Bongato West,NaN
NaN,XCAB_Evelyn_Ramirez,639058033549.000,20400001 ( 1719920691),261003748.000,Oct 2026,1,000,UNPAID,2026-10-02,2026-10-06,NaN,-,-,87 Cabuaan Bautista Pangasinan,NaN
NaN,XCAB_Maryrose_Fernandez,639099982991.000,1748941066 ( 1748941066),261003749.000,Oct 2026,799.000,UNPAID,2026-10-18,2026-10-22,NaN,-,-,ZONE 5 Puig cabuaan Bautista pangasinan,NaN
NaN,XCAB_Teresa_Fernandez,639217075174.000,20400002 ( 1720149061),261003750.000,Oct 2026,1,000,UNPAID,2026-10-04,2026-10-08,NaN,-,-,Cabuaan Bautista Pangasinan,NaN
NaN,XCAC_Angelo_Ricare,639054565084.000,1750389337 ( 1750389337),261003751.000,Oct 2026,1,000,UNPAID,2026-10-19,2026-10-23,NaN,-,-,BRGY. CACANDONGAN BAUTISTA PANGASINAN PORT 5,NaN
NaN,XCAC_Caroline_Moreno,639814527011.000,20900006 ( 1726369645),261003752.000,Oct 2026,1,000,UNPAID,2026-10-28,2026-11-04,NaN,-,-,Zone 7 Brgy Cacandungan Bautista Pangasinan,NaN
NaN,XCAC_Concepcion_Consuelo,639369029901.000,1782810769 ( 1782810769),261003753.000,Oct 2026,1,000,UNPAID,2026-10-01,2026-10-05,NaN,-,-,Cacandongan Bautista, Pangasinan Zone 4 OK,NaN
NaN,XCAC_Erika_Silvino,639297946405.000,1788505251 ( 1788505251),261003754.000,Oct 2026,1,000,UNPAID,2026-10-04,2026-10-08,NaN,-,-,44 Cacandongan Bautista Pangasinan,NaN
NaN,XCAC_Ferdinand_Mejia,639164215320.000,1748940879 ( 1748940879),261003755.000,Oct 2026,1,000,UNPAID,2026-10-07,2026-10-11,NaN,-,-,Cacandongan Bautista pangasinan Lat:15.817734 Long:120.481755,NaN
NaN,XCAC_Fe_Serafin,639674654844.000,1751858253 ( 1751858253),261003756.000,Oct 2026,1,000,UNPAID,2026-10-07,2026-10-11,NaN,-,-,Zone 7 Dike Side, Cacandongan Bautista Pangasinan Philippines OK,NaN
NaN,XCAC_Francisco_Rentutar,639273758801.000,20900007 ( 1726369750),261003757.000,Oct 2026,1,000,UNPAID,2026-10-25,2026-10-29,NaN,-,-,Zone 7 Brgy Cacandungan Bautista Pangasinan OK,NaN
NaN,XCAC_Genesis_Morano,639632261991.000,1741838086 ( 1741838086),261003758.000,Oct 2026,1,000,UNPAID,2026-10-07,2026-10-14,NaN,-,-,Purok 2 Cacandongan Bautista Pangasinan,NaN
NaN,XCAC_Giovanni_Supnet,639272389798.000,20900001 ( 1724133674),261003759.000,Oct 2026,1,000,UNPAID,2026-10-19,2026-10-23,NaN,-,-,32 National Road, Brgy Cacandongan Bautista Pangasinan,NaN
NaN,XCAC_Hilario_Gabatino,639690387942.000,1747643075 ( 1747643075),261003760.000,Oct 2026,1,000,UNPAID,2026-10-21,2026-10-25,NaN,-,-,Zone7 Cacandongan Bautista Panggasinan,NaN
NaN,XCAC_Jefferson_DelaCruz,639915364348.000,1788502658 ( 1788502658),261003761.000,Oct 2026,1,000,UNPAID,2026-10-05,2026-10-09,NaN,-,-,Zone 5, 46 Cacandongan Bautista Pangasinan,NaN
NaN,XCAC_Johndenver_Billones,639387293414.000,20900010 ( 1743304588),261003762.000,Oct 2026,1,000,UNPAID,2026-10-28,2026-11-02,NaN,-,-,ZONE 4 CACANDONGAN LOOBAN BAYAMBANG PNG,NaN
NaN,XCAC_Leikaanne_Cabanilla,639957823581.000,1752031580 ( 1752031580),261003763.000,Oct 2026,1,000,UNPAID,2026-10-24,2026-10-28,NaN,-,-,Cacandongan Bautista OK,NaN
NaN,XCAC_Louie_Ricare,639456830430.000,1745308117 ( 1745308117),261003764.000,Oct 2026,1,000,UNPAID,2026-10-22,2026-10-26,NaN,-,-,Purok 4, Cacandongan, Bautista, Pangasinan,NaN
NaN,XCAC_Manilyn_Cortel,639060221474.000,1766837355 ( 1766837355),261003765.000,Oct 2026,1,000,UNPAID,2026-10-28,2026-11-02,NaN,-,-,Zone 3 Cacandongan Bautista Pangasinan nearby maekrisanne resort,NaN
NaN,XCAC_Margie_Gaspar,639068576304.000,1787565859 ( 1787565859),261003766.000,Oct 2026,799.000,UNPAID,2026-10-27,2026-10-31,NaN,-,-,Cacandongan, Bautista Pangasinan,NaN
NaN,XCAC_Oliver_Mejia,639672677890.000,20900002 ( 1724367454),261003767.000,Oct 2026,1,000,UNPAID,2026-10-02,2026-10-06,NaN,-,-,#26 Zone II Brgy Cacandungan Bautista Pangasinan,NaN
NaN,XCAC_RaquelCayabyab_Canteen,639108384459.000,1782377447 ( 1782377447),261003768.000,Oct 2026,799.000,UNPAID,2026-10-25,2026-10-29,NaN,-,-,purok 2 cacandongan bautista OK,NaN
NaN,XCAC_Raquel_Cayabyab,639106943999.000,1747452286 ( 1747452286),261003769.000,Oct 2026,1,000,UNPAID,2026-10-17,2026-10-21,NaN,-,-,Purok 5, Cacandongan, Baustita, Pangasinan,NaN
NaN,XCAC_Rolando_Deguzman,639814026676.000,20900004 ( 1724897440),261003770.000,Oct 2026,1,000,UNPAID,2026-10-28,2026-11-05,NaN,-,-,Cacandungan Bautista Pangasinan,NaN
NaN,XCAC_Ronnie_Moreno,639364966523.000,20900008 ( 1730262912),261003771.000,Oct 2026,1,000,UNPAID,2026-10-28,2026-11-04,NaN,-,-,118 Cacandongan Bautista Pangasinan OK,NaN
NaN,XCAN_Elizabeth_Castillo,639230866669.000,1761705743 ( 1761705743),261003772.000,Oct 2026,1,000,UNPAID,2026-10-29,2026-11-02,NaN,-,-,Canarvacanan, Alcala, Pangasinan,NaN
NaN,XCAN_IsaiahJhon_Aban,639489807479.000,1789699327 ( 1789699327),261003773.000,Oct 2026,799.000,UNPAID,2026-10-18,2026-10-22,NaN,-,-,Canarvacanan Alcala Pangasinan,NaN
NaN,XCA_Arlyn_Navarrete,639082702957.000,2400025 ( 1712549862),261003774.000,Oct 2026,1,000,UNPAID,2026-10-06,2026-10-10,NaN,-,-,Purok 5 Carungay,NaN
NaN,XCA_Daisie_Barrameda,639124749926.000,2400004 ( 2400004),261003775.000,Oct 2026,1,000,UNPAID,2026-10-19,2026-10-23,NaN,-,-,Purok 1 Brgy Carungay Bayambang Pangasinan,NaN
NaN,XCA_Elna_Romeo,639761537071.000,2400011 ( 2400011),261003776.000,Oct 2026,1,000,UNPAID,2026-10-02,2026-10-06,NaN,-,-,Purok 1 Brgy Carungay Bayambang Pangasinan,NaN
NaN,XCA_Emerenciana_Lopez,639184390016.000,2400012 ( 2400012),261003777.000,Oct 2026,1,000,UNPAID,2026-10-06,2026-10-10,NaN,-,-,Purok 6 Brgy Carungay Bayambang Pangasinan,NaN
NaN,XCA_Gino_Roxas,639673216380.000,2400020 ( 1709216954),261003778.000,Oct 2026,1,000,UNPAID,2026-10-02,2026-10-05,NaN,-,-,Purok 6 Carungay Bayambang,NaN
NaN,XCA_Glandie_Ragasa,639301198404.000,2400023 ( 1711432238),261003779.000,Oct 2026,1,000,UNPAID,2026-10-26,2026-10-30,NaN,-,-,Purok 6 Carungay,NaN
NaN,XCA_Jason_Parana,639957294351.000,2400026 ( 1712725241),261003780.000,Oct 2026,1,000,UNPAID,2026-10-27,2026-10-31,NaN,-,-,Carungay Bayambang,NaN
NaN,XCA_Joel_Lauson,639561003640.000,2400022 ( 1710388955),261003781.000,Oct 2026,1,000,UNPAID,2026-10-14,2026-10-18,NaN,-,-,Carungay Bayambang,NaN
NaN,XCA_Jonathan_Mina,639277792379.000,2400009 ( 2400009),261003782.000,Oct 2026,1,000,UNPAID,2026-10-04,2026-10-08,NaN,-,-,Purok 6 Carungay Bayambang Pangasinan OK,NaN
NaN,XCA_Letecia_Romeo,639481667790.000,2400005 ( 2400005),261003783.000,Oct 2026,1,000,UNPAID,2026-10-19,2026-10-23,NaN,-,-,Purok 1Brgy Carungay Bayambang Pangasinan,NaN
NaN,XCA_Marlon_Dagulo,639708049891.000,2400010 ( 2400010),261003784.000,Oct 2026,799.000,UNPAID,2026-10-07,2026-10-11,NaN,-,-,Purok 5 Brgy Carungay Bayambang Pangasinan,NaN
NaN,XCA_Raymart_Lustre,639184119046.000,1781335274 ( 1781335274),261003785.000,Oct 2026,1,000,UNPAID,2026-10-14,2026-10-18,NaN,-,-,Bilyaran Dike, Purok 5 Carungay Bayambang Pangasinan OK,NaN
NaN,XCA_Ricky_Abalos,639667205100.000,2400013 ( 2400013),261003786.000,Oct 2026,1,000,UNPAID,2026-10-11,2026-10-15,NaN,-,-,Purok 4 Carungay Bayambang Pangasinan,NaN
NaN,XCA_RizzaMae_Diaz,639091830316.000,1780973835 ( 1780973835),261003787.000,Oct 2026,1,000,UNPAID,2026-10-09,2026-10-13,NaN,-,-,Purok 6, Carungay, Bayambang, Pangasinan,NaN
NaN,XCA_Sheryl_Echaure,639777148026.000,2400028 ( 1713320060),261003788.000,Oct 2026,1,000,UNPAID,2026-10-15,2026-10-19,NaN,-,-,Purok 5 Carungay,NaN
NaN,XCA_Teofila_Oxley,639077931993.000,2400018 ( 2400018),261003789.000,Oct 2026,1,000,UNPAID,2026-10-23,2026-10-27,NaN,-,-,Purok 5 Carungay Bayambang Pangasinan,NaN
NaN,XCB_Alberto_Espiritu,639302147325.000,1738813160 ( 1738813160),261003790.000,Oct 2026,1,000,UNPAID,2026-10-08,2026-10-12,NaN,-,-,Purok 5 Cabayaoasan Mangaterem Pangasinan,NaN
NaN,XCB_Aljon_Domingo,639915319630.000,230203135438 ( 230203135438),261003791.000,Oct 2026,1,000,UNPAID,2026-10-06,2026-10-10,NaN,-,-,Purok 1 Cabayaosan Mangatarem Pangasinan,NaN
NaN,XCB_Annie_Santos,639122334653.000,1776136766 ( 1776136766),261003792.000,Oct 2026,1,000,UNPAID,2026-10-14,2026-10-18,NaN,-,-,Purok 7, Cabayaoasan, Mangatarem, Pangasinan,NaN
NaN,XCB_Brenda_Devera,639222582369.000,250109134555 ( 1736401826),261003793.000,Oct 2026,1,000,UNPAID,2026-10-04,2026-10-08,NaN,-,-,Cabayaosan Mangatarem PAngasinan,NaN
NaN,XCB_Brynard_Muana,639057803429.000,1761537313 ( 1761537313),261003794.000,Oct 2026,1,000,UNPAID,2026-10-27,2026-10-31,NaN,-,-,Purok 6, Cabayaoasan, Mangatarem, Pangasinan,NaN
NaN,XCB_Cazandra_Bugarin,639509514402.000,240706165719 ( 1720256240),261003795.000,Oct 2026,1,000,UNPAID,2026-10-13,2026-10-17,NaN,-,-,Purok 3 Cabayaoasan Mangatarem Pangasinan,NaN
NaN,XCB_Christian_Agacite,6391385608498.000,1765523583 ( 1765523583),261003796.000,Oct 2026,1,000,UNPAID,2026-10-12,2026-10-16,NaN,-,-,Purok 2 cabayaoasan mangatarem,NaN
NaN,XCB_Dennis_Linchoco,639271918215.000,1787700378 ( 1787700378),261003797.000,Oct 2026,1,000,UNPAID,2026-10-28,2026-11-01,NaN,-,-,Purok 1, Cabayaoasan, Mangatarem, Pangasinan,NaN
NaN,XCB_Dexter_Agacite,639239649536.000,1747813031 ( 1747813031),261003798.000,Oct 2026,1,000,UNPAID,2026-10-21,2026-10-25,NaN,-,-,Purok 4, Cabayaoasan, Mangatarem, Pangasinan,NaN
NaN,XCB_Domingo_Agacite,639813976558.000,1735974704 ( 1735974704),261003799.000,Oct 2026,1,000,UNPAID,2026-10-28,2026-11-02,NaN,-,-,215 Cabayaoasan Mangatarem Pangasinan,NaN
NaN,XCB_Efrelyn_German,639187651062.000,10100002 ( 1713344067),261003800.000,Oct 2026,1,000,UNPAID,2026-10-24,2026-10-28,NaN,-,-,Purok 7 Cabayaoasan Mangatarem,NaN
NaN,XCB_Elena_Madarang,639673224242.000,1756610948 ( 1756610948),261003801.000,Oct 2026,799.000,UNPAID,2026-10-05,2026-10-09,NaN,-,-,Purok 7 cabayaosan B Bang Pangasinan,NaN
NaN,XCB_Gomer_Garcia,639914730662.000,600008 ( 600008),261003802.000,Oct 2026,799.000,UNPAID,2026-10-05,2026-10-09,NaN,-,-,Purok 4 Brgy Cabayaosan Mangatarem Pangasinan,NaN
NaN,XCB_Henry_Eugene,639481361246.000,600031 ( 600031),261003803.000,Oct 2026,1,000,UNPAID,2026-10-15,2026-10-19,NaN,-,-,Purok 7 Cabayaoasan Mangatarem Pangasinan,NaN
NaN,XCB_Herlene_Domingo,639092385930.000,240822112209 ( 1724297018),261003804.000,Oct 2026,1,000,UNPAID,2026-10-20,2026-10-24,NaN,-,-,Purok 1 Brgy Cabayaosan Mangatarem Pangasinan,NaN
NaN,XCB_Herma_Lidron,639327683534.000,240822111652 ( 1724296688),261003805.000,Oct 2026,1,000,UNPAID,2026-10-20,2026-10-24,NaN,-,-,Purok 1 Brgy Cabayaosan Mangatarem Pangasinan,NaN
NaN,XCB_Jamela_Bulatao,639954283937.000,230211150735 ( 230211150735),261003806.000,Oct 2026,1,000,UNPAID,2026-10-15,2026-10-19,NaN,-,-,Cabayaosan Mangatarem Pangasinan,NaN
NaN,XCB_Jaquiline_Laoag,639915114026.000,600025 ( 600025),261003807.000,Oct 2026,1,000,UNPAID,2026-10-28,2026-11-04,NaN,-,-,Purok 3 Brgy Cabayaosan Mangatarem Pangasinan,NaN
NaN,XCB_Jhunmichael_Garcia,639108705112.000,240806163718 ( 1722933518),261003808.000,Oct 2026,1,000,UNPAID,2026-10-17,2026-10-21,NaN,-,-,Purok 1 Brgy Cabayaosan Mangatarem Pangasinan,NaN
NaN,XCB_Jonie_Espiritu,639281784130.000,1777524475 ( 1777524475),261003809.000,Oct 2026,799.000,UNPAID,2026-10-01,2026-10-05,NaN,-,-,Purok 4 142 Cabayaosan Mangatarem Pangasinan,NaN
NaN,XCB_Joy_German,639300005644.000,600002 ( 600002),261003810.000,Oct 2026,1,000,UNPAID,2026-10-10,2026-10-14,NaN,-,-,Purok 1 Brgy Cabayaosan Mangatarem Pangasinan UNPAID SEPT DC OCT 10 Recon OCT 10,NaN
NaN,XCB_Laurence_Jalandoni,639760612422.000,230211140940 ( 230211140940),261003811.000,Oct 2026,1,000,UNPAID,2026-10-14,2026-10-18,NaN,-,-,120 Cabayaosan Mangatarem Pangasinan,NaN
NaN,XCB_Letecia_Romeo,639464757209.000,240806114756 ( 1722916174),261003812.000,Oct 2026,1,000,UNPAID,2026-10-14,2026-10-18,NaN,-,-,Purok 1 Brgy Cabayaosan Mangatarem Pangasinan,NaN
NaN,XCB_Maribel_Agacite,639301760678.000,600032 ( 600032),261003813.000,Oct 2026,1,000,UNPAID,2026-10-09,2026-10-13,NaN,-,-,Purok 4 Cabayaoasan Mangatarem Pangasinan,NaN
NaN,XCB_MaryJean_Aranjuez,639389717506.000,1761289224 ( 1761289224),261003814.000,Oct 2026,1,000,UNPAID,2026-10-28,2026-11-01,NaN,-,-,Cabayaoasan, Mangatarem, Pangasinan,NaN
NaN,XCB_Marzon_Garcia,639214751108.000,600033 ( 600033),261003815.000,Oct 2026,1,000,UNPAID,2026-10-26,2026-10-30,NaN,-,-,Purok 4 Cabayaoasan Mangatarem Pangasinan,NaN
NaN,XCB_Maxima_Toledo,639656752102.000,1786842717 ( 1786842717),261003816.000,Oct 2026,1,000,UNPAID,2026-10-21,2026-10-25,NaN,-,-,Purok 1 Cabayaoasan Mangatarem Pangasinan OK,NaN
NaN,XCB_Melba_Javate,639519924640.000,1764735740 ( 1764735740),261003817.000,Oct 2026,1,000,UNPAID,2026-10-21,2026-10-25,NaN,-,-,Purok 3 Cabayaosan mangatarem pangasinan,NaN
NaN,XCB_Minerva_Laoag,639182181599.000,230203135726 ( 230203135726),261003818.000,Oct 2026,1,000,UNPAID,2026-10-26,2026-11-02,NaN,-,-,Purok 2 Cabayaosan Mangatarem Pangasinan,NaN
NaN,XCB_Norman_Agacite,639468827814.000,1748423683 ( 1748423683),261003819.000,Oct 2026,1,000,UNPAID,2026-10-28,2026-11-01,NaN,-,-,Purok 4 Cabayaoasan Mangatarem pangasinan 201-1BYB49LCP1NP5P9,NaN
NaN,XCB_Ramil_Caoagdan,639494752895.000,250103161836 ( 1735892586),261003820.000,Oct 2026,1,000,UNPAID,2026-10-12,2026-10-16,NaN,-,-,225 Cabayaosan Mangatarem Pangasinan,NaN
NaN,XCB_Rassel_Miergas,639919224930.000,1782622026 ( 1782622026),261003821.000,Oct 2026,1,000,UNPAID,2026-10-28,2026-11-02,NaN,-,-,Purok 6 Cabayaoasan, Mangatarem, Pangasinan,NaN
NaN,XCB_RaulVille_Distor,639668034928.000,1789000511 ( 1789000511),261003822.000,Oct 2026,799.000,UNPAID,2026-10-15,2026-10-19,NaN,-,-,Purok 6 Cabayaoasan Mangatarem Pangasinan,NaN
NaN,XCB_Rechele_Espiritu,639186062950.000,600030 ( 600030),261003823.000,Oct 2026,1,000,UNPAID,2026-10-07,2026-10-11,NaN,-,-,Cabayaoasan Mangatarem Pangasinan,NaN
NaN,XCB_Rhaiza_Abalos,639510598438.000,1755146757 ( 1755146757),261003824.000,Oct 2026,1,000,UNPAID,2026-10-14,2026-10-18,NaN,-,-,Purok 7, Cabayaoasan, Mangatarem, Pangasinan,NaN
NaN,XCB_Ricamay_Espiritu,639096003485.000,240806163537 ( 1722933414),260905176.000,Oct 2026,769.000,UNPAID,2026-10-21,2026-10-25,NaN,-,-,Purok 1 Brgy Cabayaosan Bayambang Pangasinan,NaN
NaN,XCB_Roly_tomas,639207766720.000,600006 ( 600006),261003825.000,Oct 2026,1,000,UNPAID,2026-10-28,2026-11-03,NaN,-,-,Purok 1 Brgy Cabayaosan Mangatarem Pangasinan,NaN
NaN,XCB_Ruth_Ann_Laoag,639194651656.000,1773553841 ( 1773553841),261003826.000,Oct 2026,1,000,UNPAID,2026-10-17,2026-10-21,NaN,-,-,PUROK 3, CABAYAOASAN, MANGATAREM, PANGASINAN landmark : Cabayaoasan Water Refilling Station,NaN
NaN,XCB_Trishamae_Espiritu,639915600933.000,240806163929 ( 1722933633),261003827.000,Oct 2026,1,000,UNPAID,2026-10-17,2026-10-21,NaN,-,-,Purok 4 Brgy Cabayaosan Mangatarem Pangasinan,NaN
NaN,XCB_Yoshabelle_Airas,639635151532.000,1748850421 ( 1748850421),261003828.000,Oct 2026,1,000,UNPAID,2026-10-09,2026-10-13,NaN,-,-,Cabayaoasan, Mangatarem Pangasinan kanto plaza papasok Lat:15.7689187 Long:120.3870514 201-1BYB49LCP1NP5P10,NaN
NaN,XCB_Zaldy_Espiritu,639425695863.000,230211122911 ( 230211122911),261003829.000,Oct 2026,1,000,UNPAID,2026-10-20,2026-10-24,NaN,-,-,124 Purok 4 Cabayaosan Mangatarem Pangasinan,NaN
NaN,XCS_Arlene_Gargoles,63961798196.000,1748674981 ( 1748674981),261003830.000,Oct 2026,1,000,UNPAID,2026-10-08,2026-10-12,NaN,-,-,Speranza st cadre site bayambang Pangasinann,NaN
NaN,XCS_Avelina_Valendiano,639812819492.000,1786612154 ( 1786612154),261003831.000,Oct 2026,799.000,UNPAID,2026-10-21,2026-10-25,NaN,-,-,Sto. Tomas St. Upper Cadre Site Bayambang Pangasinan,NaN
NaN,XCS_Bella_Cuero,639703269835.000,1745658652 ( 1745658652),261003832.000,Oct 2026,1,000,UNPAID,2026-10-16,2026-10-17,NaN,-,-,Kamanggahan, Cadre Site, Bayambang, Pangasinan,NaN
NaN,XCS_Carlito_Macayana,639129073175.000,2300003 ( 2300003),261003833.000,Oct 2026,1,000,UNPAID,2026-10-08,2026-10-12,NaN,-,-,Cadre Site Bayambang Pangasinan,NaN
NaN,XCS_Emerald_Lucido,639356823140.000,1788744959 ( 1788744959),261003834.000,Oct 2026,1,000,UNPAID,2026-10-01,2026-10-01,NaN,-,-,Upper cadresite district 7 Bayambang Pangasinan,NaN
NaN,XCS_Estelita_Daileg,639707721268.000,2300029 ( 2300029),261003835.000,Oct 2026,1,000,UNPAID,2026-10-04,2026-10-08,NaN,-,-,322 Cadre Site Bayambang Pangasinan,NaN
NaN,XCS_Gloria_Rosario,639499444153.000,2300042 ( 1722937785),261003836.000,Oct 2026,1,000,UNPAID,2026-10-15,2026-10-19,NaN,-,-,Upper Cadre Site Bayambang Pangasinan,NaN
NaN,XCS_Gwen_Abagat,639218690364.000,230221183008 ( 230221183008),260905181.000,Oct 2026,868.000,UNPAID,2026-10-28,2026-11-03,NaN,-,-,Brgy Cadre Bayambang Pangasinan,NaN
NaN,XCS_Janice_Terrado,639927568039.000,1756179634 ( 1756179634),261003837.000,Oct 2026,1,000,UNPAID,2026-10-26,2026-10-30,NaN,-,-,186 cadre site bayambang pangasinan,NaN
NaN,XCS_Joey_Nabua,639171222899.000,1773712141 ( 1773712141),261003838.000,Oct 2026,1,000,UNPAID,2026-10-28,2026-11-02,NaN,-,-,303 St. Alfred street, Cadre Site, Bayambang Pangasinan,NaN
NaN,XCS_JohnMark_Baustista,639456136105.000,1787528365 ( 1787528365),261003839.000,Oct 2026,1,000,UNPAID,2026-10-26,2026-10-30,NaN,-,-,Cadre Site Purok 6 Diaz Compound,NaN
NaN,XCS_Josephine_Montada,639506381796.000,1741679188 ( 1741679188),261003840.000,Oct 2026,1,000,UNPAID,2026-10-13,2026-10-17,NaN,-,-,68 primicias st. Cadre site Bayambang Pangasinan,NaN
NaN,XCS_Khornjun_Doloque,639151175162.000,1789006048 ( 1789006048),261003841.000,Oct 2026,1,000,UNPAID,2026-10-10,2026-10-14,NaN,-,-,Upper Cadre Site, Bayambang Pang,NaN
NaN,XCS_KimOliver_Laforteza,639471641762.000,1768960317 ( 1768960317),261003842.000,Oct 2026,1,000,UNPAID,2026-10-21,2026-10-25,NaN,-,-,Purok 5 Cadre Site Near Bayambang Baptist Church, Bayambang Pangasinan,NaN
NaN,XCS_Lilibeth_Datuin,639104021314.000,2300022 ( 2300022),261003843.000,Oct 2026,1,000,UNPAID,2026-10-01,2026-10-05,NaN,-,-,Cadre site Bayambang Pangasinan,NaN
NaN,XCS_Mariarose_Macanas,639483238729.000,1756799951 ( 1756799951),261003844.000,Oct 2026,1,000,UNPAID,2026-10-09,2026-10-13,NaN,-,-,Old cemetery Cadre Site Bayambang Pangasinan,NaN
NaN,XCS_Merlita_Arcinas,639385009054.000,2300044 ( 1726584445),261003845.000,Oct 2026,1,000,UNPAID,2026-10-11,2026-10-15,NaN,-,-,Kamanggahan St, Brgy Cadre Site, Bayambang Pangasinan OK,NaN
NaN,XCS_Onofre_Basan,639685898814.000,1761360687 ( 1761360687),261003846.000,Oct 2026,1,000,UNPAID,2026-10-25,2026-10-29,NaN,-,-,Cipriano road cadre site b.bang Pangasinan,NaN
NaN,XCS_Paulgerald_Tamin,639707401404.000,1774257260 ( 1774257260),261003847.000,Oct 2026,1,000,UNPAID,2026-10-24,2026-10-28,NaN,-,-,305 Cadre site Bayambang Pangasinan,NaN
NaN,XCS_Rachel_Beltran,639120169680.000,2300011 ( 2300011),261003848.000,Oct 2026,1,000,UNPAID,2026-10-22,2026-10-26,NaN,-,-,195 Lower Cadre Site Bayambang Pangasinan,NaN
NaN,XCS_Reginald_Austria,639817615075.000,2300009 ( 2300009),261003849.000,Oct 2026,1,000,UNPAID,2026-10-11,2026-10-15,NaN,-,-,Old Cemetery Brgy Cadre Site Bayambang Pangasinan,NaN
NaN,XCS_Roberto_Cayabyab,639052084946.000,1742957593 ( 1742957593),261003850.000,Oct 2026,1,000,UNPAID,2026-10-26,2026-10-30,NaN,-,-,Saint Francis street Upper Cadre Site Bayambang Pangasinan,NaN
NaN,XCS_Romeo_De_Guzman,639087035238.000,1773289826 ( 1773289826),261003851.000,Oct 2026,799.000,UNPAID,2026-10-13,2026-10-17,NaN,-,-,Cadresite Bayambang Pangasinan tabi ng barangay hall pangatlong bahay sa right side with green gate referred by: XCS Josephine Montada,NaN
NaN,XCS_Ronald_Natividad,639359089528.000,2300027 ( 2300027),261003852.000,Oct 2026,1,000,UNPAID,2026-10-17,2026-10-21,NaN,-,-,420 UPPER CADRE SITE BYB PNG,NaN
NaN,XCS_Theodulo_Casingal,639467002232.000,1784165605 ( 1784165605),261003853.000,Oct 2026,799.000,UNPAID,2026-10-16,2026-10-20,NaN,-,-,Kamangahan st., Cadre Site, Bayambang, Pangasinan,NaN
NaN,XCS_Venus_Gonzalez,639511789061.000,2300023 ( 2300023),260905175.000,Oct 2026,868.000,UNPAID,2026-10-05,2026-10-09,NaN,-,-,Lower Cadre Site Bayambang Pangasinan,NaN
NaN,XCS_Zalde_Sabangan,639506542026.000,1747387874 ( 1747387874),261003854.000,Oct 2026,1,000,UNPAID,2026-10-08,2026-10-12,NaN,-,-,sitio manggahan cadre site bayambang,NaN
NaN,XDA_Anabel_Abalos,639776747576.000,1779930690 ( 1779930690),261003855.000,Oct 2026,799.000,UNPAID,2026-10-01,2026-10-05,NaN,-,-,Purok 3 Darawey, Bayambang, Pangasinan,NaN
NaN,XDA_arlene_estrada,639123456789.000,230211175998 ( 230211175998),261003856.000,Oct 2026,1,000,UNPAID,2026-10-08,2026-10-12,NaN,-,-,Brgy Darawey Bayammbang Pangasinan,NaN
NaN,XDA_Edrick_Palaming,639303751321.000,230204090928 ( 230204090928),261003857.000,Oct 2026,1,000,UNPAID,2026-10-13,2026-10-20,NaN,-,-,Purok 3 Darawey Bayambang Pangasinan,NaN
NaN,XDA_Eduardo_Penullar,639701078453.000,1741231390 ( 1741231390),261003858.000,Oct 2026,1,000,UNPAID,2026-10-06,2026-10-13,NaN,-,-,Purok 6 Darawey Dike B.Bang Pangasinan OK,NaN
NaN,XDA_IvyRose_Jarillo,639481038075.000,2600013 ( 1706924821),261003859.000,Oct 2026,1,000,UNPAID,2026-10-10,2026-10-14,NaN,-,-,Purok 1 Darawey,NaN
NaN,XDA_Jeffrey_Quiambao,639928679703.000,2600025 ( 1727591361),261003860.000,Oct 2026,1,000,PAID,2026-10-01,2026-10-05,2026-10-01,Reconnection,767719.000,Purok 3 Brgy Darawey Bayambang Pangasinan,NaN
NaN,XDA_Jessica_Mapacpac,639066305312.000,1744271907 ( 1744271907),261003861.000,Oct 2026,1,000,UNPAID,2026-10-17,2026-10-21,NaN,-,-,Tanggal purok2 Darawey bayambang panggasinan OK,NaN
NaN,XDA_Julius_Beltran,639157733351.000,2600004 ( 2600004),261003862.000,Oct 2026,799.000,UNPAID,2026-10-21,2026-10-25,NaN,-,-,84, Purok 2 Brgy Darawey Bayambang Pangasinan,NaN
NaN,XDA_Leah_Dulay,639065925147.000,1785469756 ( 1785469756),261003863.000,Oct 2026,1,000,PAID,2026-10-02,2026-10-06,2026-10-01,Cash,-,Purok 1 Darawey Bayambang Pangasinan OK,NaN
NaN,XDA_Leny_Abalos,639123467890.000,1774232928 ( 1774232928),261003864.000,Oct 2026,1,000,UNPAID,2026-10-28,2026-11-05,NaN,-,-,Purok 3 Brgy. Darawey,NaN
NaN,XDA_Luisito_Rio,639124927271.000,2600006 ( 2600006),261003865.000,Oct 2026,1,000,UNPAID,2026-10-25,2026-10-29,NaN,-,-,Brgy Darawey Bayambang Pangasinan OK,NaN
NaN,XDA_RizzaJane_Gloria,639365059629.000,1777689316 ( 1777689316),261003866.000,Oct 2026,1,000,UNPAID,2026-10-03,2026-10-09,NaN,-,-,Darawey Bayambang Pangasinan,NaN
NaN,XDI_Ailene_Sarmiento,639707724375.000,21100022 ( 1726131971),261003867.000,Oct 2026,799.000,UNPAID,2026-10-12,2026-10-16,NaN,-,-,Brgy Diaz Dike Bautista Pangasinan,NaN
NaN,XDI_Althea_Taminez,639935310475.000,21100014 ( 1725082583),261003868.000,Oct 2026,799.000,UNPAID,2026-10-25,2026-10-29,NaN,-,-,Dike Side Brgy Diaz Bautista Pangasinan,NaN
NaN,XDI_Ashel_Anasco,639461164843.000,21100006 ( 1724368866),261003869.000,Oct 2026,799.000,UNPAID,2026-10-28,2026-11-01,NaN,-,-,Dike Side, Brgy Diaz Bautista Pangasinan OK,NaN
NaN,XDI_Babyrose_Pascua,639294734910.000,21100001 ( 1723858414),261003870.000,Oct 2026,799.000,UNPAID,2026-10-15,2026-10-19,NaN,-,-,Dike Side, Brgy Diaz Bautista Pangasinan,NaN
NaN,XDI_Brian_Corpuz,639123399041.000,21100003 ( 1723858603),261003871.000,Oct 2026,799.000,UNPAID,2026-10-17,2026-10-21,NaN,-,-,Dike Side Brgy Diaz Bayambang Pangasinan,NaN
NaN,XDI_Christian_Avan,639123015769.000,1778555602 ( 1778555602),261003872.000,Oct 2026,799.000,UNPAID,2026-10-12,2026-10-16,NaN,-,-,Sitio Capaoay Diaz Bautista Pangasinan,NaN
NaN,XDI_Christian_Junio,639914580466.000,1789127347 ( 1789127347),261003873.000,Oct 2026,1,000,UNPAID,2026-10-14,2026-10-18,NaN,-,-,Diaz Plaza bautista Pangasinan,NaN
NaN,XDI_Cristina_Pagsolingan,639173949210.000,21100023 ( 1726132045),261003874.000,Oct 2026,799.000,UNPAID,2026-10-12,2026-10-16,NaN,-,-,240 Riverside Brgy Diaz Bautista Pangasinan,NaN
NaN,XDI_Hazel_Dalanda,639081180791.000,21100012 ( 1724907864),261003875.000,Oct 2026,799.000,UNPAID,2026-10-24,2026-10-28,NaN,-,-,Dike Side Brgy Diaz Bautista Pangasinan,NaN
NaN,XDI_Helen_Sison,639279126757.000,21100018 ( 1725082910),261003876.000,Oct 2026,799.000,UNPAID,2026-10-26,2026-10-30,NaN,-,-,Sitio Dike Side Brgy Diaz Bautista Pangasinan,NaN
NaN,XDI_Ianclark_DeAsis,639940409234.000,1770988738 ( 1770988738),261003877.000,Oct 2026,799.000,UNPAID,2026-10-14,2026-10-18,NaN,-,-,Dike side palaganas compoud Diaz Bautista Pangasinan,NaN
NaN,XDI_Imelda_Sabatin,639460812033.000,21100007 ( 1724368970),261003878.000,Oct 2026,799.000,UNPAID,2026-10-28,2026-11-05,NaN,-,-,Sitio Manambong Norte Brgy Diaz Bautista Pangasinan UNPAID OCT DC OCT 21 PAID OCT 26,NaN
NaN,XDI_Jamaica_Agualin,639667264565.000,1768180372 ( 1768180372),261003879.000,Oct 2026,1,000,UNPAID,2026-10-13,2026-10-17,NaN,-,-,Diaz Dike Side, Bautista, Pangasinan Near Plaza Old Brgy.Hall,NaN
NaN,XDI_Janice_Corpuz,639308011665.000,21100011 ( 1724907739),261003880.000,Oct 2026,799.000,UNPAID,2026-10-20,2026-10-24,NaN,-,-,Dike Side Brgy Diaz Bautista Pangasinan,NaN
NaN,XDI_Jilly_Calimlim,639275024545.000,1770986555 ( 1770986555),261003881.000,Oct 2026,1,000,UNPAID,2026-10-14,2026-10-18,NaN,-,-,Diaz Bauttista Dike Side,NaN
NaN,XDI_Julius_Bactad,639062440116.000,1789363447 ( 1789363447),261003882.000,Oct 2026,1,000,UNPAID,2026-10-15,2026-10-15,NaN,-,-,Namualan sur Bautista Pangasinan Near evacuation center,NaN
NaN,XDI_Marcelina_Anasco,639858447255.000,21100029 ( 1736316308),261003883.000,Oct 2026,799.000,UNPAID,2026-10-17,2026-10-21,NaN,-,-,380 DIKE SIDE, DIAZ BAU PNG OK,NaN
NaN,XDI_Marivic_Agualin,639667723628.000,21100004 ( 1723865134),261003884.000,Oct 2026,1,000,UNPAID,2026-10-28,2026-11-04,NaN,-,-,Dike Side Brgy Diaz Bautista Pangasinan Lagpas ng old barangayhall diaz,NaN
NaN,XDI_Marygrace_Cayabyab,639385636413.000,21100025 ( 1730262813),261003885.000,Oct 2026,799.000,UNPAID,2026-10-21,2026-10-25,NaN,-,-,Sitio Looban Brgy Diaz Bautista Pangasinan,NaN
NaN,XDI_Melissa_Cortes,639924251763.000,21100008 ( 1724896968),261003886.000,Oct 2026,799.000,UNPAID,2026-10-28,2026-11-02,NaN,-,-,Dike Side Brgy Diaz Bautista Pangasinan,NaN
NaN,XDI_Myrna_Naoe,639121675588.000,21100010 ( 1724907610),261003887.000,Oct 2026,799.000,UNPAID,2026-10-09,2026-10-12,NaN,-,-,357 Dike Brgy Diaz Bautista Pangasinan,NaN
NaN,XDI_Nora_Laguardia,639629287808.000,21100016 ( 1725082766),261003888.000,Oct 2026,799.000,UNPAID,2026-10-18,2026-10-22,NaN,-,-,DIKE SIDE BRGY DIAZ BAU PNG,NaN
NaN,XDI_Rene_Natividad,639544157173.000,1773201507 ( 1773201507),261003889.000,Oct 2026,799.000,UNPAID,2026-10-15,2026-10-19,NaN,-,-,Dike side Espiritu compound, Diaz Bautista, Pangasinan,NaN
NaN,XDI_Ricky_Velasquez,639072337266.000,21100009 ( 1724902327),261003890.000,Oct 2026,799.000,UNPAID,2026-10-24,2026-10-28,NaN,-,-,Dike Side, Diaz Bautista Pangasinan,NaN
NaN,XDI_Rimelyn_Fernandez,639514512928.000,1780579234 ( 1780579234),261003891.000,Oct 2026,799.000,UNPAID,2026-10-08,2026-10-12,NaN,-,-,Full address: Sitio Namualan Norte, Diaz, Bautista, Pangasinan Landmark: Namualan Norte Green Gate with sari-sari store look for Linda Mata,NaN
NaN,XDI_Romeo_Sison,639452106823.000,1776669118 ( 1776669118),261003892.000,Oct 2026,799.000,UNPAID,2026-10-21,2026-10-25,NaN,-,-,Sitio. Namualan Norte, Brgy. Diaz, Bautista, Pangasinan,NaN
NaN,XDI_Rovelyn_Marzan,639859094245.000,1737079311 ( 1737079311),261003893.000,Oct 2026,799.000,UNPAID,2026-10-16,2026-10-20,NaN,-,-,Dike side,Diaz bautista pangasinan,NaN
NaN,XDI_Ryan_Malibong,639063840612.000,21100026 ( 1730370858),261003894.000,Oct 2026,1,000,UNPAID,2026-10-08,2026-10-12,NaN,-,-,Brgy Diaz Bautista Pangasinan,NaN
NaN,XDI_Sally_Anasco,639127413544.000,21100027 ( 1732923584),261003895.000,Oct 2026,1,000,UNPAID,2026-10-04,2026-10-08,NaN,-,-,Diaz Dike Bautista Pangasinan,NaN
NaN,XDI_Samuel_Reyes,639756188352.000,21100024 ( 1727052243),261003896.000,Oct 2026,799.000,UNPAID,2026-10-03,2026-10-07,NaN,-,-,Sitio Dike Side Bgry Diaz Bautista Pangasinan ------------------------------------ OLD: 11 DC:4 RC: AUGU 3 2026=CLARISSE,NaN
NaN,XDI_Teody_Cabayaga,639276950023.000,21100015 ( 1725082687),261003897.000,Oct 2026,799.000,UNPAID,2026-10-22,2026-10-26,NaN,-,-,Dike Side Brgy Diaz Bautista Pangasinan,NaN
NaN,XDP_Antonio_Mabelin,639273268129.000,1744775012 ( 1744775012),261003898.000,Oct 2026,1,000,UNPAID,2026-10-21,2026-10-25,NaN,-,-,(Near Barangay hall )Uptown Motorshop M.H Del Pilar Bayambang Pangasinan,NaN
NaN,XDP_Carmela_Chambers,639090399107.000,1764754194 ( 1764754194),261003899.000,Oct 2026,1,000,UNPAID,2026-10-27,2026-10-31,NaN,-,-,M.H Del Pilar, Bayambang, Pangasinan,NaN
NaN,XDP_Carren_Aquino,639194358441.000,1749180280 ( 1749180280),261003900.000,Oct 2026,1,000,UNPAID,2026-10-06,2026-10-10,NaN,-,-,M.H Del Pilar St., Bayambang, Pangasinan,NaN
NaN,XDP_Catherine_Ellarma,639509273513.000,1775799088 ( 1775799088),261003901.000,Oct 2026,1,000,UNPAID,2026-10-10,2026-10-14,NaN,-,-,MH Del Pilar Bayambang Pangasinan near Jose Taming apartment,NaN
NaN,XDP_Elyza_Datuin,639549754346.000,1768893323 ( 1768893323),261003902.000,Oct 2026,1,000,UNPAID,2026-10-21,2026-10-25,NaN,-,-,189 M.H Del Pilar,NaN
NaN,XDP_Gurjeet_Kaur,639949609514.000,1751531493 ( 1751531493),261003903.000,Oct 2026,1,000,UNPAID,2026-10-03,2026-10-07,NaN,-,-,Purok 4 m. H del pilar bayambang pangasinan 201-1BYB26LCP1NP5P6 JOHAN / MICHAEL,NaN
NaN,XDP_Jessica_Apalis,639285658954.000,1749791580 ( 1749791580),261003904.000,Oct 2026,799.000,UNPAID,2026-10-13,2026-10-20,NaN,-,-,MH DELPILAR BAYAMBANG PANGASINAN OK,NaN
NaN,XDP_Jhonalyn_Gastardo,639062491068.000,1737003847 ( 1737003847),261003905.000,Oct 2026,1,000,UNPAID,2026-10-16,2026-10-23,NaN,-,-,85 M.H. Del Pilar Bayambang Pangasinan,NaN
NaN,XDP_Joseph_Cancino,639705801689.000,1740625427 ( 1740625427),261003906.000,Oct 2026,1,000,UNPAID,2026-10-28,2026-11-03,NaN,-,-,Purok 4 Eduria Compound MH del Pilar bayambang pang,NaN
NaN,XDP_Judyann_Ocampo,639124591203.000,3600014 ( 1724900982),261003907.000,Oct 2026,1,000,UNPAID,2026-10-10,2026-10-14,NaN,-,-,Mh Del Pilar Bayambang Pangasinan,NaN
NaN,XDP_Marielhetz_Romero,639123195920.000,4900076 ( 1727594786),261003908.000,Oct 2026,1,000,UNPAID,2026-10-26,2026-10-30,NaN,-,-,160 MH. Del Pilar Bayambang Pangasinan,NaN
NaN,XDP_Maryclaire_Custodio,639604780298.000,3600004 ( 1707894494),261003909.000,Oct 2026,1,000,UNPAID,2026-10-14,2026-10-18,NaN,-,-,M.H. DEL pilar Bayambang OK,NaN
NaN,XDP_MicaElla_Cruz,639461122239.000,1760934252 ( 1760934252),261003910.000,Oct 2026,1,000,UNPAID,2026-10-20,2026-10-24,NaN,-,-,104 purok 4 M.H. Del Pilar Bayambang Pangasinan,NaN
NaN,XDP_Nelson_Junio,639472617924.000,3600008 ( 1712642804),261003911.000,Oct 2026,1,000,UNPAID,2026-10-14,2026-10-21,NaN,-,-,M.H Delpilar Bayambang,NaN
NaN,XDP_Oscar_Malicdem,639639263231.000,1773046055 ( 1773046055),261003912.000,Oct 2026,1,000,UNPAID,2026-10-11,2026-10-15,NaN,-,-,M. H delpilar(Purok 7) Bayabang Pangasinan,NaN
NaN,XDP_Shirley_Gulapa,639397970724.000,3600015 ( 1725083296),261003913.000,Oct 2026,1,000,UNPAID,2026-10-28,2026-11-01,NaN,-,-,119 M.H Delpilar ST, Bayambang Pangasinan,NaN
NaN,XDP_Wilma_Javier,639622114949.000,3600010 ( 1719553194),261003914.000,Oct 2026,1,000,UNPAID,2026-10-28,2026-11-01,NaN,-,-,Del Pilar Bayambang Pangasinan,NaN
NaN,XDP_Yrene_Ballesteros,639631041552.000,1762507215 ( 1762507215),261003915.000,Oct 2026,1,000,UNPAID,2026-10-07,2026-10-11,NaN,-,-,M.H.DEL PELAR B.BANG PANGASINAN,NaN
NaN,XDP_Zenaida_Tagulao,639516348910.000,1782458845 ( 1782458845),261003916.000,Oct 2026,1,000,UNPAID,2026-10-27,2026-10-31,NaN,-,-,Brgy. M.H. Del Pilar, Bayambang ,Pangasinan,NaN
NaN,XDU_Analiza_Castillo,639630088484.000,1770111681 ( 1770111681),261003917.000,Oct 2026,1,000,UNPAID,2026-10-11,2026-10-15,NaN,-,-,Purok 5, Dusoc Bayambang Pangasinan, Tabi ng Barangay Hall,NaN
NaN,XDU_Angelo_Paz,639811583382.000,2800053 ( 2800053),261003918.000,Oct 2026,1,000,UNPAID,2026-10-05,2026-10-12,NaN,-,-,Purok 7 Dusoc Bayambang Pangasinan,NaN
NaN,XDU_Arjay_Gabito,639706486408.000,241226152109 ( 1735197937),261003919.000,Oct 2026,1,000,UNPAID,2026-10-21,2026-10-25,NaN,-,-,Purok 6 Brgy Dusoc Bayambang Pangasinan,NaN
NaN,XDU_Chona_Davis,639951876750.000,1787297011 ( 1787297011),261003920.000,Oct 2026,1,000,UNPAID,2026-10-21,2026-10-25,NaN,-,-,Purok 3, Dusoc, Bayambang, Pangasinan,NaN
NaN,XDU_Christina_Agliron,639772015168.000,1739171406 ( 1739171406),261003921.000,Oct 2026,1,000,UNPAID,2026-10-11,2026-10-15,NaN,-,-,183 Dusoc Bayambang Pangasinan,NaN
NaN,XDU_Danilo_Canelas,639617909672.000,1785811319 ( 1785811319),261003922.000,Oct 2026,1,000,UNPAID,2026-10-21,2026-10-25,NaN,-,-,Purok 3, Dusoc Bayambang Pangasinan,NaN
NaN,XDU_Dyan_Asuncion,639383031208.000,1766219573 ( 1766219573),261003923.000,Oct 2026,1,000,UNPAID,2026-10-01,2026-10-05,NaN,-,-,Dusoc purok 7 bayambang pangasinan OK,NaN
NaN,XDU_Edmer_Gloria,639954048917.000,230204102533 ( 230204102533),261003924.000,Oct 2026,1,000,UNPAID,2026-10-25,2026-11-01,NaN,-,-,Dusoc Bayambang Pangasinan,NaN
NaN,XDU_Efren_Herrera,639938747809.000,2800048 ( 2800048),261003925.000,Oct 2026,1,000,UNPAID,2026-10-25,2026-10-29,NaN,-,-,Purok 4 Dusoc Bayambang Pangasinan,NaN
NaN,XDU_Elsie_Paca,639612101347.000,240312153226 ( 1710228757),261003926.000,Oct 2026,1,000,UNPAID,2026-10-12,2026-10-19,NaN,-,-,Purok 2 Dusoc Bayambang,NaN
NaN,XDU_Emerita_Perez,639922514308.000,1767350050 ( 1767350050),261003927.000,Oct 2026,1,000,UNPAID,2026-10-26,2026-10-30,NaN,-,-,Purok 7, Buayaen BYB Pang OK,NaN
NaN,XDU_Encarnacion_Devera,639508144212.000,2800045 ( 2800045),261003928.000,Oct 2026,1,000,UNPAID,2026-10-20,2026-10-24,NaN,-,-,Purok 7 Dusoc Bayambang Pangasinan,NaN
NaN,XDU_Ernesto_Ventura,639507707813.000,1780707272 ( 1780707272),261003929.000,Oct 2026,1,000,UNPAID,2026-10-10,2026-10-14,NaN,-,-,Dusoc Bayambang Pangasinan,NaN
NaN,XDU_Eufemia_Sone,639163359821.000,2800033 ( 2800033),261003930.000,Oct 2026,1,000,UNPAID,2026-10-27,2026-10-31,NaN,-,-,218 Purok 2 Brgy Dusoc Bayambang Pangasinan,NaN
NaN,XDU_Franco_Legaspi,639308014343.000,1779417189 ( 1779417189),261003931.000,Oct 2026,1,000,UNPAID,2026-10-26,2026-11-02,NaN,-,-,Brgy. Dusoc purok 1 Bayambang Pangsinan Landmark:way pa darawey dike along da highway left side may vulcanizing& welding shop / Contact #1:09308014343 #2:0967120065,NaN
NaN,XDU_Gemma_Argel,639948951647.000,2800039 ( 2800039),261003932.000,Oct 2026,1,000,UNPAID,2026-10-23,2026-10-30,NaN,-,-,Purok 6 Dusoc Bayambang Pangasinan,NaN
NaN,XDU_Gerry_Devera,639982919574.000,1765442081 ( 1765442081),261003933.000,Oct 2026,1,500,UNPAID,2026-10-11,2026-10-15,NaN,-,-,Purok 7 dusoc b.bang Pangasinan,NaN
NaN,XDU_Jacquelyn_Jose,639453173316.000,2800029 ( 2800029),261003934.000,Oct 2026,1,000,UNPAID,2026-10-18,2026-10-25,NaN,-,-,Purok 6 Brgy Dusoc Bayambang Pangasinan,NaN
NaN,XDU_Jeannerose_Soriano,639155814873.000,2800028 ( 2800028),261003935.000,Oct 2026,1,000,UNPAID,2026-10-11,2026-10-15,NaN,-,-,Purok 5 Brgy Dusoc Bayambang Pangasinan,NaN
NaN,XDU_Jennifer_Serrano,639500898361.000,240927220122 ( 1727445839),261003936.000,Oct 2026,1,000,UNPAID,2026-10-27,2026-11-03,NaN,-,-,#172 Purok 5 Brgy Dusoc Bayambang Pangasinan OK,NaN
NaN,XDU_Jeramie_Agustin,639707737971.000,6300008 ( 6300008),261003937.000,Oct 2026,1,000,UNPAID,2026-10-28,2026-11-01,NaN,-,-,128 Brgy Dusoc Bayambang Pangasinan,NaN
NaN,XDU_JuanMaria_Penuliar_Buenaobra,639453082600.000,2800046 ( 2800046),261003938.000,Oct 2026,1,000,UNPAID,2026-10-17,2026-10-21,NaN,-,-,Dusoc Bayambang Pangasinan,NaN
NaN,XDU_Laila_Bautista,639922000061.000,2800043 ( 2800043),261003939.000,Oct 2026,1,000,UNPAID,2026-10-22,2026-10-29,NaN,-,-,Diking Putot Dusoc Bayambang Pangasinan,NaN
NaN,XDU_Laurence_Datuin,639456513072.000,250313154915 ( 1741852143),261003940.000,Oct 2026,1,000,UNPAID,2026-10-14,2026-10-18,NaN,-,-,PUROK 3 DUSOK BAYAMBANG PANGASINAN,NaN
NaN,XDU_Leiming_Agustin,639931239114.000,1764321889 ( 1764321889),261003941.000,Oct 2026,1,000,UNPAID,2026-10-01,2026-10-05,NaN,-,-,purok 6 dusoc bayambang pangasinan OK,NaN
NaN,XDU_Marcelino_Paca,639770719544.000,1765339662 ( 1765339662),261003942.000,Oct 2026,1,000,UNPAID,2026-10-10,2026-10-14,NaN,-,-,Purok 5 Dusoc Bayambang Pangasinan,NaN
NaN,XDU_Marilou_Abalos,639150061385.000,250220134220 ( 1740030160),261003943.000,Oct 2026,1,000,UNPAID,2026-10-15,2026-10-19,NaN,-,-,86 DASOC BAYAMBANG PANGASINAN,NaN
NaN,XDU_Marilou_Mendoza,639702830984.000,2800022 ( 2800022),261003944.000,Oct 2026,1,000,UNPAID,2026-10-16,2026-10-20,NaN,-,-,Brgy Dusoc Bayambang Pangasinan,NaN
NaN,XDU_Marites_Castillo,639854854073.000,1777509412 ( 1777509412),261003945.000,Oct 2026,1,000,UNPAID,2026-10-28,2026-11-02,NaN,-,-,Brgy.Dusoc,NaN
NaN,XDU_MarkLester_DeVera,639218779634.000,1778323103 ( 1778323103),260605377.000,Oct 2026,2,500,UNPAID,2026-10-13,2026-10-17,NaN,-,-,Brgy. Dusoc, Bayambang,NaN
NaN,XDU_MaryAnn_Tabora,639667012680.000,2800032 ( 2800032),261003946.000,Oct 2026,1,000,UNPAID,2026-10-28,2026-11-04,NaN,-,-,127 Dusoc Bayambang Pangasinan,NaN
NaN,XDU_Monica_Dinong,639090078182.000,2800024 ( 2800024),261003947.000,Oct 2026,799.000,UNPAID,2026-10-09,2026-10-13,NaN,-,-,Purok 7, Brgy Dusoc Bayambang Pangasinan,NaN
NaN,XDU_Myra_Asuncion,639305484225.000,1746261464 ( 1746261464),261003948.000,Oct 2026,799.000,UNPAID,2026-10-10,2026-10-14,NaN,-,-,Purok 7 Dusoc Bayambang Pangasinan OK,NaN
NaN,XDU_Myrna_Abalos,639452797093.000,2800037 ( 2800037),261003949.000,Oct 2026,1,000,UNPAID,2026-10-18,2026-10-22,NaN,-,-,Dumlao Dusoc Bayambang Pangasinan,NaN
NaN,XDU_Nida_Lagasca,639481258942.000,2800041 ( 2800041),261003950.000,Oct 2026,1,000,UNPAID,2026-10-08,2026-10-15,NaN,-,-,Brgy. Dusoc Bayambang Pangasinan,NaN
NaN,XDU_Priscilla_Hermena,639317411866.000,2800052 ( 2800052),261003951.000,Oct 2026,1,000,UNPAID,2026-10-01,2026-10-05,NaN,-,-,Purok 6 Dusoc Bayambang Pangasinan OK,NaN
NaN,XDU_Raquel_Cutamora,639150465611.000,2800020 ( 2800020),261003952.000,Oct 2026,1,000,UNPAID,2026-10-05,2026-10-09,NaN,-,-,Purok 6 Brgy Dusoc Bayambang Pangasinan,NaN
NaN,XDU_Rhoel_Buslon,639121003680.000,1745565553 ( 1745565553),261003953.000,Oct 2026,1,000,UNPAID,2026-10-28,2026-11-01,NaN,-,-,Purok 5 Dusoc Bayambang Pangasinan,NaN
NaN,XDU_Riamae_Magalong,639070534113.000,1742608137 ( 1742608137),261003954.000,Oct 2026,1,000,UNPAID,2026-10-22,2026-10-29,NaN,-,-,Purok7 Dusoc b.bang Pangasinan,NaN
NaN,XDU_Rogelio_Gloria,639937836118.000,1771030703 ( 1771030703),261003955.000,Oct 2026,1,000,UNPAID,2026-10-16,2026-10-20,NaN,-,-,Purok 3 Dusoc BYB.,NaN
NaN,XDU_Romeo_Romero,639671082400.000,1785221924 ( 1785221924),261003956.000,Oct 2026,799.000,UNPAID,2026-10-28,2026-11-02,NaN,-,-,Purok 3, Dusoc Bayambang Pangasinan OK,NaN
NaN,XDU_RoseAnn_Obana,639307331212.000,1771992290 ( 1771992290),261003957.000,Oct 2026,799.000,UNPAID,2026-10-28,2026-11-05,NaN,-,-,Dusoc, Bayambang, Pangasinan,NaN
NaN,XDU_Saturnina_Todio,639173151277.000,250108161958 ( 1736324684),261003958.000,Oct 2026,1,000,UNPAID,2026-10-26,2026-10-30,NaN,-,-,55 Purok 3 Brgy Dusoc Bayambang Pangasinan,NaN
NaN,XDU_Sheila_Eduque,639173959456.000,230211152339 ( 230211152339),261003959.000,Oct 2026,1,000,UNPAID,2026-10-04,2026-10-08,NaN,-,-,117 Purok 5 Dusoc Bayambang Pangasinan,NaN
NaN,XDU_Stellamarie_Paca,639165555287.000,1748660956 ( 1748660956),261003960.000,Oct 2026,799.000,UNPAID,2026-10-28,2026-11-04,NaN,-,-,Purok 5, Dusoc, Bayambang, Pangasinan,NaN
NaN,XDU_Wilson_Herrera,639663504277.000,2800021 ( 2800021),261003961.000,Oct 2026,1,000,UNPAID,2026-10-09,2026-10-13,NaN,-,-,Purok 6 Brgy Dusoc Bayambang Pangasinan,NaN